solid OpenSCAD_Model
  facet normal -1 0 0
    outer loop
      vertex -50 56 0.299999
      vertex -50 45 6.3
      vertex -50 56 6.3
    endloop
  endfacet
  facet normal -1 0 0
    outer loop
      vertex -50 56 0.299999
      vertex -50 43.7678 6.3
      vertex -50 45 6.3
    endloop
  endfacet
  facet normal -1 0 0
    outer loop
      vertex -50 43.7678 6.3
      vertex -50 35.7678 6.3
      vertex -50 43.7678 43.15
    endloop
  endfacet
  facet normal -1 0 0
    outer loop
      vertex -50 56 0.299999
      vertex -50 35.7678 6.3
      vertex -50 43.7678 6.3
    endloop
  endfacet
  facet normal -1 0 0
    outer loop
      vertex -50 56 0.299999
      vertex -50 32.981 6.3
      vertex -50 35.7678 6.3
    endloop
  endfacet
  facet normal -1 0 0
    outer loop
      vertex -50 32.981 6.3
      vertex -50 22.981 6.3
      vertex -50 32.981 61
    endloop
  endfacet
  facet normal -1 0 0
    outer loop
      vertex -50 56 0.299999
      vertex -50 22.981 6.3
      vertex -50 32.981 6.3
    endloop
  endfacet
  facet normal -1 0 0
    outer loop
      vertex -50 -56 0.299999
      vertex -50 22.981 6.3
      vertex -50 56 0.299999
    endloop
  endfacet
  facet normal -1 -0 0
    outer loop
      vertex -50 22.981 6.3
      vertex -50 -56 0.299999
      vertex -50 -56 6.3
    endloop
  endfacet
  facet normal -1 -0 0
    outer loop
      vertex -50 43.7678 43.15
      vertex -50 35.7678 6.3
      vertex -50 35.7678 43.15
    endloop
  endfacet
  facet normal -1 -0 0
    outer loop
      vertex -50 32.981 61
      vertex -50 22.981 6.3
      vertex -50 22.981 61
    endloop
  endfacet
  facet normal 0 0 1
    outer loop
      vertex -38 23 6.3
      vertex -42.3 17 6.3
      vertex -38 11 6.3
    endloop
  endfacet
  facet normal 0 0 1
    outer loop
      vertex -38 23 6.3
      vertex -42.3327 17.3317 6.3
      vertex -42.3 17 6.3
    endloop
  endfacet
  facet normal 0 0 1
    outer loop
      vertex -38 23 6.3
      vertex -42.4294 17.6506 6.3
      vertex -42.3327 17.3317 6.3
    endloop
  endfacet
  facet normal 0 0 1
    outer loop
      vertex -38 23 6.3
      vertex -42.5865 17.9445 6.3
      vertex -42.4294 17.6506 6.3
    endloop
  endfacet
  facet normal 0 0 1
    outer loop
      vertex -38 23 6.3
      vertex -42.7979 18.2021 6.3
      vertex -42.5865 17.9445 6.3
    endloop
  endfacet
  facet normal 0 0 1
    outer loop
      vertex -38 23 6.3
      vertex -43.0555 18.4135 6.3
      vertex -42.7979 18.2021 6.3
    endloop
  endfacet
  facet normal -0 0 1
    outer loop
      vertex -44 22.981 6.3
      vertex -43.0555 18.4135 6.3
      vertex -38 23 6.3
    endloop
  endfacet
  facet normal 0 0 1
    outer loop
      vertex -43.0555 18.4135 6.3
      vertex -44 22.981 6.3
      vertex -43.3494 18.5706 6.3
    endloop
  endfacet
  facet normal 0 0 1
    outer loop
      vertex -44 22.981 6.3
      vertex -38 23 6.3
      vertex -44 23 6.3
    endloop
  endfacet
  facet normal 0 0 1
    outer loop
      vertex -43.3494 18.5706 6.3
      vertex -44 22.981 6.3
      vertex -43.6683 18.6673 6.3
    endloop
  endfacet
  facet normal 0 0 1
    outer loop
      vertex -44 22.981 6.3
      vertex -44 18.7 6.3
      vertex -43.6683 18.6673 6.3
    endloop
  endfacet
  facet normal 0 0 1
    outer loop
      vertex -44 22.981 6.3
      vertex -44.3317 18.6673 6.3
      vertex -44 18.7 6.3
    endloop
  endfacet
  facet normal 0 0 1
    outer loop
      vertex -44 22.981 6.3
      vertex -44.6506 18.5706 6.3
      vertex -44.3317 18.6673 6.3
    endloop
  endfacet
  facet normal 0 0 1
    outer loop
      vertex -44 22.981 6.3
      vertex -44.9445 18.4135 6.3
      vertex -44.6506 18.5706 6.3
    endloop
  endfacet
  facet normal -0 0 1
    outer loop
      vertex -50 22.981 6.3
      vertex -44.9445 18.4135 6.3
      vertex -44 22.981 6.3
    endloop
  endfacet
  facet normal 0 0 1
    outer loop
      vertex -44.9445 18.4135 6.3
      vertex -50 22.981 6.3
      vertex -45.2021 18.2021 6.3
    endloop
  endfacet
  facet normal 0 0 1
    outer loop
      vertex -45.2021 18.2021 6.3
      vertex -50 22.981 6.3
      vertex -45.4135 17.9445 6.3
    endloop
  endfacet
  facet normal 0 0 1
    outer loop
      vertex -45.4135 17.9445 6.3
      vertex -50 22.981 6.3
      vertex -45.5706 17.6506 6.3
    endloop
  endfacet
  facet normal 0 0 1
    outer loop
      vertex -46 11 6.3
      vertex -48 6.5 6.3
      vertex -46 6.5 6.3
    endloop
  endfacet
  facet normal 0 0 1
    outer loop
      vertex -45.6673 16.6683 6.3
      vertex -48 6.5 6.3
      vertex -46 11 6.3
    endloop
  endfacet
  facet normal 0 0 1
    outer loop
      vertex -50 22.981 6.3
      vertex -45.7 17 6.3
      vertex -45.6673 17.3317 6.3
    endloop
  endfacet
  facet normal 0 0 1
    outer loop
      vertex -45.6673 16.6683 6.3
      vertex -48.1307 6.49429 6.3
      vertex -48 6.5 6.3
    endloop
  endfacet
  facet normal 0 0 1
    outer loop
      vertex -45.6673 16.6683 6.3
      vertex -48.2605 6.47721 6.3
      vertex -48.1307 6.49429 6.3
    endloop
  endfacet
  facet normal 0 0 1
    outer loop
      vertex -45.6673 16.6683 6.3
      vertex -48.3882 6.44889 6.3
      vertex -48.2605 6.47721 6.3
    endloop
  endfacet
  facet normal 0 0 1
    outer loop
      vertex -45.6673 16.6683 6.3
      vertex -48.513 6.40954 6.3
      vertex -48.3882 6.44889 6.3
    endloop
  endfacet
  facet normal 0 0 1
    outer loop
      vertex -45.6673 16.6683 6.3
      vertex -48.6339 6.35946 6.3
      vertex -48.513 6.40954 6.3
    endloop
  endfacet
  facet normal 0 0 1
    outer loop
      vertex -45.6673 16.6683 6.3
      vertex -48.75 6.29904 6.3
      vertex -48.6339 6.35946 6.3
    endloop
  endfacet
  facet normal 0 0 1
    outer loop
      vertex -45.6673 16.6683 6.3
      vertex -48.8604 6.22873 6.3
      vertex -48.75 6.29904 6.3
    endloop
  endfacet
  facet normal 0 0 1
    outer loop
      vertex -45.6673 16.6683 6.3
      vertex -48.9642 6.14907 6.3
      vertex -48.8604 6.22873 6.3
    endloop
  endfacet
  facet normal 0 0 1
    outer loop
      vertex -45.6673 16.6683 6.3
      vertex -50 22.981 6.3
      vertex -48.9642 6.14907 6.3
    endloop
  endfacet
  facet normal 0 0 1
    outer loop
      vertex -45.5706 17.6506 6.3
      vertex -50 22.981 6.3
      vertex -45.6673 17.3317 6.3
    endloop
  endfacet
  facet normal 0 0 1
    outer loop
      vertex -48.9642 6.14907 6.3
      vertex -50 22.981 6.3
      vertex -49.0607 6.06066 6.3
    endloop
  endfacet
  facet normal 0 0 1
    outer loop
      vertex -49.0607 6.06066 6.3
      vertex -50 22.981 6.3
      vertex -49.1491 5.96418 6.3
    endloop
  endfacet
  facet normal 0 0 1
    outer loop
      vertex -49.1491 5.96418 6.3
      vertex -50 22.981 6.3
      vertex -49.2287 5.86036 6.3
    endloop
  endfacet
  facet normal 0 0 1
    outer loop
      vertex -49.2287 5.86036 6.3
      vertex -50 22.981 6.3
      vertex -49.299 5.75 6.3
    endloop
  endfacet
  facet normal 0 0 1
    outer loop
      vertex -49.299 5.75 6.3
      vertex -50 22.981 6.3
      vertex -49.3595 5.63393 6.3
    endloop
  endfacet
  facet normal 0 0 1
    outer loop
      vertex -49.3595 5.63393 6.3
      vertex -50 22.981 6.3
      vertex -49.4095 5.51303 6.3
    endloop
  endfacet
  facet normal 0 0 1
    outer loop
      vertex -49.4943 5.13073 6.3
      vertex -50 22.981 6.3
      vertex -49.5 5 6.3
    endloop
  endfacet
  facet normal 0 0 1
    outer loop
      vertex -49.4772 5.26047 6.3
      vertex -50 22.981 6.3
      vertex -49.4943 5.13073 6.3
    endloop
  endfacet
  facet normal 0 0 1
    outer loop
      vertex -49.4489 5.38823 6.3
      vertex -50 22.981 6.3
      vertex -49.4772 5.26047 6.3
    endloop
  endfacet
  facet normal 0 0 1
    outer loop
      vertex -49.4095 5.51303 6.3
      vertex -50 22.981 6.3
      vertex -49.4489 5.38823 6.3
    endloop
  endfacet
  facet normal -0 0 1
    outer loop
      vertex -42.3327 16.6683 6.3
      vertex -38 11 6.3
      vertex -42.3 17 6.3
    endloop
  endfacet
  facet normal -0 0 1
    outer loop
      vertex -42.4294 16.3494 6.3
      vertex -38 11 6.3
      vertex -42.3327 16.6683 6.3
    endloop
  endfacet
  facet normal -0 0 1
    outer loop
      vertex -42.5865 16.0555 6.3
      vertex -38 11 6.3
      vertex -42.4294 16.3494 6.3
    endloop
  endfacet
  facet normal -0 0 1
    outer loop
      vertex -42.7979 15.7979 6.3
      vertex -38 11 6.3
      vertex -42.5865 16.0555 6.3
    endloop
  endfacet
  facet normal -0 0 1
    outer loop
      vertex -43.0555 15.5865 6.3
      vertex -38 11 6.3
      vertex -42.7979 15.7979 6.3
    endloop
  endfacet
  facet normal -0 0 1
    outer loop
      vertex -43.3494 15.4294 6.3
      vertex -38 11 6.3
      vertex -43.0555 15.5865 6.3
    endloop
  endfacet
  facet normal 0 0 1
    outer loop
      vertex -46 11 6.3
      vertex -43.3494 15.4294 6.3
      vertex -43.6683 15.3327 6.3
    endloop
  endfacet
  facet normal 0 0 1
    outer loop
      vertex -46 11 6.3
      vertex -43.6683 15.3327 6.3
      vertex -44 15.3 6.3
    endloop
  endfacet
  facet normal 0 0 1
    outer loop
      vertex -46 11 6.3
      vertex -44 15.3 6.3
      vertex -44.3317 15.3327 6.3
    endloop
  endfacet
  facet normal 0 0 1
    outer loop
      vertex -46 11 6.3
      vertex -44.3317 15.3327 6.3
      vertex -44.6506 15.4294 6.3
    endloop
  endfacet
  facet normal 0 0 1
    outer loop
      vertex -46 11 6.3
      vertex -44.6506 15.4294 6.3
      vertex -44.9445 15.5865 6.3
    endloop
  endfacet
  facet normal 0 0 1
    outer loop
      vertex -43.3494 15.4294 6.3
      vertex -46 11 6.3
      vertex -38 11 6.3
    endloop
  endfacet
  facet normal 0 0 1
    outer loop
      vertex -45.2021 15.7979 6.3
      vertex -46 11 6.3
      vertex -44.9445 15.5865 6.3
    endloop
  endfacet
  facet normal 0 0 1
    outer loop
      vertex -45.4135 16.0555 6.3
      vertex -46 11 6.3
      vertex -45.2021 15.7979 6.3
    endloop
  endfacet
  facet normal 0 0 1
    outer loop
      vertex -45.5706 16.3494 6.3
      vertex -46 11 6.3
      vertex -45.4135 16.0555 6.3
    endloop
  endfacet
  facet normal 0 0 1
    outer loop
      vertex -45.6673 16.6683 6.3
      vertex -46 11 6.3
      vertex -45.5706 16.3494 6.3
    endloop
  endfacet
  facet normal 0 0 1
    outer loop
      vertex -50 22.981 6.3
      vertex -45.6673 16.6683 6.3
      vertex -45.7 17 6.3
    endloop
  endfacet
  facet normal -0 0 1
    outer loop
      vertex -48 3.5 6.3
      vertex -46 -32 6.3
      vertex -46 3.5 6.3
    endloop
  endfacet
  facet normal 0 0 1
    outer loop
      vertex -48.1307 3.50571 6.3
      vertex -46 -32 6.3
      vertex -48 3.5 6.3
    endloop
  endfacet
  facet normal 0 0 1
    outer loop
      vertex -48.2605 3.52279 6.3
      vertex -46 -32 6.3
      vertex -48.1307 3.50571 6.3
    endloop
  endfacet
  facet normal 0 0 1
    outer loop
      vertex -48.3882 3.55111 6.3
      vertex -46 -32 6.3
      vertex -48.2605 3.52279 6.3
    endloop
  endfacet
  facet normal 0 0 1
    outer loop
      vertex -48.513 3.59046 6.3
      vertex -46 -32 6.3
      vertex -48.3882 3.55111 6.3
    endloop
  endfacet
  facet normal 0 0 1
    outer loop
      vertex -48.6339 3.64054 6.3
      vertex -46 -32 6.3
      vertex -48.513 3.59046 6.3
    endloop
  endfacet
  facet normal 0 0 1
    outer loop
      vertex -48.75 3.70096 6.3
      vertex -46 -32 6.3
      vertex -48.6339 3.64054 6.3
    endloop
  endfacet
  facet normal 0 0 1
    outer loop
      vertex -48.8604 3.77127 6.3
      vertex -46 -32 6.3
      vertex -48.75 3.70096 6.3
    endloop
  endfacet
  facet normal 0 0 1
    outer loop
      vertex -48.9642 3.85093 6.3
      vertex -46 -32 6.3
      vertex -48.8604 3.77127 6.3
    endloop
  endfacet
  facet normal 0 0 1
    outer loop
      vertex -49.0607 3.93934 6.3
      vertex -46 -32 6.3
      vertex -48.9642 3.85093 6.3
    endloop
  endfacet
  facet normal 0 0 1
    outer loop
      vertex -49.1491 4.03582 6.3
      vertex -46 -32 6.3
      vertex -49.0607 3.93934 6.3
    endloop
  endfacet
  facet normal 0 0 1
    outer loop
      vertex -49.2287 4.13964 6.3
      vertex -46 -32 6.3
      vertex -49.1491 4.03582 6.3
    endloop
  endfacet
  facet normal 0 0 1
    outer loop
      vertex -49.299 4.25 6.3
      vertex -46 -32 6.3
      vertex -49.2287 4.13964 6.3
    endloop
  endfacet
  facet normal 0 0 1
    outer loop
      vertex -49.3595 4.36607 6.3
      vertex -46 -32 6.3
      vertex -49.299 4.25 6.3
    endloop
  endfacet
  facet normal 0 0 1
    outer loop
      vertex -49.4095 4.48697 6.3
      vertex -46 -32 6.3
      vertex -49.3595 4.36607 6.3
    endloop
  endfacet
  facet normal 0 0 1
    outer loop
      vertex -49.4489 4.61177 6.3
      vertex -46 -32 6.3
      vertex -49.4095 4.48697 6.3
    endloop
  endfacet
  facet normal 0 0 1
    outer loop
      vertex -46 -32 6.3
      vertex -50 -56 6.3
      vertex -46 -44 6.3
    endloop
  endfacet
  facet normal 0 0 1
    outer loop
      vertex -46 -32 6.3
      vertex -49.4489 4.61177 6.3
      vertex -50 -56 6.3
    endloop
  endfacet
  facet normal 0 0 1
    outer loop
      vertex -50 -56 6.3
      vertex -49.4489 4.61177 6.3
      vertex -49.4772 4.73953 6.3
    endloop
  endfacet
  facet normal 0 0 1
    outer loop
      vertex -50 -56 6.3
      vertex -49.4772 4.73953 6.3
      vertex -49.4943 4.86927 6.3
    endloop
  endfacet
  facet normal 0 0 1
    outer loop
      vertex -46 -44 6.3
      vertex -50 -56 6.3
      vertex -46 -56 6.3
    endloop
  endfacet
  facet normal 0 0 1
    outer loop
      vertex -49.5 5 6.3
      vertex -50 -56 6.3
      vertex -49.4943 4.86927 6.3
    endloop
  endfacet
  facet normal 0 0 1
    outer loop
      vertex -50 -56 6.3
      vertex -49.5 5 6.3
      vertex -50 22.981 6.3
    endloop
  endfacet
  facet normal 0 0 1
    outer loop
      vertex -38 -32 6.3
      vertex -42.3 -38 6.3
      vertex -38 -44 6.3
    endloop
  endfacet
  facet normal 0 0 1
    outer loop
      vertex -38 -32 6.3
      vertex -42.3327 -37.6683 6.3
      vertex -42.3 -38 6.3
    endloop
  endfacet
  facet normal 0 0 1
    outer loop
      vertex -38 -32 6.3
      vertex -42.4294 -37.3494 6.3
      vertex -42.3327 -37.6683 6.3
    endloop
  endfacet
  facet normal 0 0 1
    outer loop
      vertex -38 -32 6.3
      vertex -42.5865 -37.0555 6.3
      vertex -42.4294 -37.3494 6.3
    endloop
  endfacet
  facet normal 0 0 1
    outer loop
      vertex -38 -32 6.3
      vertex -42.7979 -36.7979 6.3
      vertex -42.5865 -37.0555 6.3
    endloop
  endfacet
  facet normal 0 0 1
    outer loop
      vertex -38 -32 6.3
      vertex -43.0555 -36.5865 6.3
      vertex -42.7979 -36.7979 6.3
    endloop
  endfacet
  facet normal 0 0 1
    outer loop
      vertex -38 -32 6.3
      vertex -43.3494 -36.4294 6.3
      vertex -43.0555 -36.5865 6.3
    endloop
  endfacet
  facet normal -0 0 1
    outer loop
      vertex -46 -32 6.3
      vertex -43.3494 -36.4294 6.3
      vertex -38 -32 6.3
    endloop
  endfacet
  facet normal 0 0 1
    outer loop
      vertex -43.3494 -36.4294 6.3
      vertex -46 -32 6.3
      vertex -43.6683 -36.3327 6.3
    endloop
  endfacet
  facet normal 0 0 1
    outer loop
      vertex -43.6683 -36.3327 6.3
      vertex -46 -32 6.3
      vertex -44 -36.3 6.3
    endloop
  endfacet
  facet normal 0 0 1
    outer loop
      vertex -44 -36.3 6.3
      vertex -46 -32 6.3
      vertex -44.3317 -36.3327 6.3
    endloop
  endfacet
  facet normal 0 0 1
    outer loop
      vertex -44.3317 -36.3327 6.3
      vertex -46 -32 6.3
      vertex -44.6506 -36.4294 6.3
    endloop
  endfacet
  facet normal 0 0 1
    outer loop
      vertex -45.6673 -37.6683 6.3
      vertex -46 -32 6.3
      vertex -45.7 -38 6.3
    endloop
  endfacet
  facet normal 0 0 1
    outer loop
      vertex -45.5706 -37.3494 6.3
      vertex -46 -32 6.3
      vertex -45.6673 -37.6683 6.3
    endloop
  endfacet
  facet normal 0 0 1
    outer loop
      vertex -45.4135 -37.0555 6.3
      vertex -46 -32 6.3
      vertex -45.5706 -37.3494 6.3
    endloop
  endfacet
  facet normal 0 0 1
    outer loop
      vertex -45.2021 -36.7979 6.3
      vertex -46 -32 6.3
      vertex -45.4135 -37.0555 6.3
    endloop
  endfacet
  facet normal 0 0 1
    outer loop
      vertex -44.9445 -36.5865 6.3
      vertex -46 -32 6.3
      vertex -45.2021 -36.7979 6.3
    endloop
  endfacet
  facet normal 0 0 1
    outer loop
      vertex -44.6506 -36.4294 6.3
      vertex -46 -32 6.3
      vertex -44.9445 -36.5865 6.3
    endloop
  endfacet
  facet normal -0 0 1
    outer loop
      vertex -42.3327 -38.3317 6.3
      vertex -38 -44 6.3
      vertex -42.3 -38 6.3
    endloop
  endfacet
  facet normal -0 0 1
    outer loop
      vertex -42.4294 -38.6506 6.3
      vertex -38 -44 6.3
      vertex -42.3327 -38.3317 6.3
    endloop
  endfacet
  facet normal -0 0 1
    outer loop
      vertex -42.5865 -38.9445 6.3
      vertex -38 -44 6.3
      vertex -42.4294 -38.6506 6.3
    endloop
  endfacet
  facet normal -0 0 1
    outer loop
      vertex -42.7979 -39.2021 6.3
      vertex -38 -44 6.3
      vertex -42.5865 -38.9445 6.3
    endloop
  endfacet
  facet normal -0 0 1
    outer loop
      vertex -43.0555 -39.4135 6.3
      vertex -38 -44 6.3
      vertex -42.7979 -39.2021 6.3
    endloop
  endfacet
  facet normal -0 0 1
    outer loop
      vertex -43.3494 -39.5706 6.3
      vertex -38 -44 6.3
      vertex -43.0555 -39.4135 6.3
    endloop
  endfacet
  facet normal 0 0 1
    outer loop
      vertex -46 -44 6.3
      vertex -43.3494 -39.5706 6.3
      vertex -43.6683 -39.6673 6.3
    endloop
  endfacet
  facet normal 0 0 1
    outer loop
      vertex -46 -44 6.3
      vertex -43.6683 -39.6673 6.3
      vertex -44 -39.7 6.3
    endloop
  endfacet
  facet normal 0 0 1
    outer loop
      vertex -46 -44 6.3
      vertex -44 -39.7 6.3
      vertex -44.3317 -39.6673 6.3
    endloop
  endfacet
  facet normal 0 0 1
    outer loop
      vertex -46 -44 6.3
      vertex -44.3317 -39.6673 6.3
      vertex -44.6506 -39.5706 6.3
    endloop
  endfacet
  facet normal 0 0 1
    outer loop
      vertex -46 -44 6.3
      vertex -44.6506 -39.5706 6.3
      vertex -44.9445 -39.4135 6.3
    endloop
  endfacet
  facet normal 0 0 1
    outer loop
      vertex -43.3494 -39.5706 6.3
      vertex -46 -44 6.3
      vertex -38 -44 6.3
    endloop
  endfacet
  facet normal 0 0 1
    outer loop
      vertex -45.2021 -39.2021 6.3
      vertex -46 -44 6.3
      vertex -44.9445 -39.4135 6.3
    endloop
  endfacet
  facet normal 0 0 1
    outer loop
      vertex -45.4135 -38.9445 6.3
      vertex -46 -44 6.3
      vertex -45.2021 -39.2021 6.3
    endloop
  endfacet
  facet normal 0 0 1
    outer loop
      vertex -45.5706 -38.6506 6.3
      vertex -46 -44 6.3
      vertex -45.4135 -38.9445 6.3
    endloop
  endfacet
  facet normal 0 0 1
    outer loop
      vertex -45.6673 -38.3317 6.3
      vertex -46 -44 6.3
      vertex -45.5706 -38.6506 6.3
    endloop
  endfacet
  facet normal 0 0 1
    outer loop
      vertex -45.7 -38 6.3
      vertex -46 -44 6.3
      vertex -45.6673 -38.3317 6.3
    endloop
  endfacet
  facet normal 0 0 1
    outer loop
      vertex -46 -44 6.3
      vertex -45.7 -38 6.3
      vertex -46 -32 6.3
    endloop
  endfacet
  facet normal 0 0 1
    outer loop
      vertex -46 56 6.3
      vertex -46.0729 47.8532 6.3
      vertex -46 47.823 6.3
    endloop
  endfacet
  facet normal 0 0 1
    outer loop
      vertex -46 56 6.3
      vertex -46.5307 47.9631 6.3
      vertex -46.0729 47.8532 6.3
    endloop
  endfacet
  facet normal 0 0 1
    outer loop
      vertex -46 56 6.3
      vertex -47 48 6.3
      vertex -46.5307 47.9631 6.3
    endloop
  endfacet
  facet normal 0 0 1
    outer loop
      vertex -46 56 6.3
      vertex -47.4693 47.9631 6.3
      vertex -47 48 6.3
    endloop
  endfacet
  facet normal -0 0 1
    outer loop
      vertex -50 56 6.3
      vertex -47.4693 47.9631 6.3
      vertex -46 56 6.3
    endloop
  endfacet
  facet normal 0 0 1
    outer loop
      vertex -47.4693 47.9631 6.3
      vertex -50 56 6.3
      vertex -47.927 47.8532 6.3
    endloop
  endfacet
  facet normal 0 0 1
    outer loop
      vertex -47.927 47.8532 6.3
      vertex -50 56 6.3
      vertex -48.362 47.673 6.3
    endloop
  endfacet
  facet normal 0 0 1
    outer loop
      vertex -48.362 47.673 6.3
      vertex -50 56 6.3
      vertex -48.7634 47.427 6.3
    endloop
  endfacet
  facet normal 0 0 1
    outer loop
      vertex -48.7634 47.427 6.3
      vertex -50 56 6.3
      vertex -49.1213 47.1213 6.3
    endloop
  endfacet
  facet normal 0 0 1
    outer loop
      vertex -49.1213 47.1213 6.3
      vertex -50 56 6.3
      vertex -49.427 46.7634 6.3
    endloop
  endfacet
  facet normal 0 0 1
    outer loop
      vertex -49.427 46.7634 6.3
      vertex -50 56 6.3
      vertex -49.673 46.362 6.3
    endloop
  endfacet
  facet normal 0 0 1
    outer loop
      vertex -49.673 46.362 6.3
      vertex -50 56 6.3
      vertex -49.8532 45.927 6.3
    endloop
  endfacet
  facet normal 0 0 1
    outer loop
      vertex -50 56 6.3
      vertex -49.9631 45.4693 6.3
      vertex -49.8532 45.927 6.3
    endloop
  endfacet
  facet normal 0 0 1
    outer loop
      vertex -49.9631 45.4693 6.3
      vertex -50 56 6.3
      vertex -50 45 6.3
    endloop
  endfacet
  facet normal -0 0 1
    outer loop
      vertex -50 35.7678 6.3
      vertex -46 32.981 6.3
      vertex -46 35.7678 6.3
    endloop
  endfacet
  facet normal 0 0 1
    outer loop
      vertex -46 32.981 6.3
      vertex -50 35.7678 6.3
      vertex -50 32.981 6.3
    endloop
  endfacet
  facet normal 0 0 1
    outer loop
      vertex -49.8532 44.0729 6.3
      vertex -50 43.7678 6.3
      vertex -49.7268 43.7678 6.3
    endloop
  endfacet
  facet normal 0 0 1
    outer loop
      vertex -49.9631 44.5307 6.3
      vertex -50 43.7678 6.3
      vertex -49.8532 44.0729 6.3
    endloop
  endfacet
  facet normal 0 0 1
    outer loop
      vertex -50 43.7678 6.3
      vertex -49.9631 44.5307 6.3
      vertex -50 45 6.3
    endloop
  endfacet
  facet normal 1 -0 0
    outer loop
      vertex -46 -56 6.3
      vertex -46 -44 0.299999
      vertex -46 -44 6.3
    endloop
  endfacet
  facet normal 1 0 0
    outer loop
      vertex -46 -44 0.299999
      vertex -46 -56 6.3
      vertex -46 -56 0.299999
    endloop
  endfacet
  facet normal 1 -0 0
    outer loop
      vertex -46 47.823 6.3
      vertex -46 56 0.299999
      vertex -46 56 6.3
    endloop
  endfacet
  facet normal 1 0 0
    outer loop
      vertex -46 56 0.299999
      vertex -46 47.823 6.3
      vertex -46 47.823 0.299999
    endloop
  endfacet
  facet normal 1 -0 0
    outer loop
      vertex -46 32.981 6.3
      vertex -46 35.7678 1.5
      vertex -46 35.7678 6.3
    endloop
  endfacet
  facet normal 1 0 0
    outer loop
      vertex -46 35.7678 1.5
      vertex -46 32.981 6.3
      vertex -46 32.981 1.5
    endloop
  endfacet
  facet normal 1 -0 0
    outer loop
      vertex -46 -32 6.3
      vertex -46 3.5 0.299999
      vertex -46 3.5 6.3
    endloop
  endfacet
  facet normal 1 0 0
    outer loop
      vertex -46 3.5 0.299999
      vertex -46 -32 6.3
      vertex -46 -32 0.299999
    endloop
  endfacet
  facet normal 1 -0 0
    outer loop
      vertex -46 6.5 6.3
      vertex -46 11 0.299999
      vertex -46 11 6.3
    endloop
  endfacet
  facet normal 1 0 0
    outer loop
      vertex -46 11 0.299999
      vertex -46 6.5 6.3
      vertex -46 6.5 0.299999
    endloop
  endfacet
  facet normal 0 1 -0
    outer loop
      vertex -46 56 0.299999
      vertex -50 56 6.3
      vertex -46 56 6.3
    endloop
  endfacet
  facet normal 0 1 0
    outer loop
      vertex -50 56 6.3
      vertex -46 56 0.299999
      vertex -50 56 0.299999
    endloop
  endfacet
  facet normal 0 0 -1
    outer loop
      vertex -50 -56 0.299999
      vertex -46 -44 0.299999
      vertex -46 -56 0.299999
    endloop
  endfacet
  facet normal 0 -0 -1
    outer loop
      vertex -47.0396 -39.2591 0.299999
      vertex -46 -44 0.299999
      vertex -50 -56 0.299999
    endloop
  endfacet
  facet normal 0 0 -1
    outer loop
      vertex -46 -44 0.299999
      vertex -46.3264 -40.3264 0.299999
      vertex -46.3248 -40.3277 0.299999
    endloop
  endfacet
  facet normal 0 0 -1
    outer loop
      vertex -46 -44 0.299999
      vertex -46.3277 -40.3248 0.299999
      vertex -46.3264 -40.3264 0.299999
    endloop
  endfacet
  facet normal 0 0 -1
    outer loop
      vertex -46 -44 0.299999
      vertex -46.7356 -39.8279 0.299999
      vertex -46.3277 -40.3248 0.299999
    endloop
  endfacet
  facet normal 0 0 -1
    outer loop
      vertex -46 -44 0.299999
      vertex -47.0386 -39.2609 0.299999
      vertex -46.7356 -39.8279 0.299999
    endloop
  endfacet
  facet normal 0 0 -1
    outer loop
      vertex -46 -44 0.299999
      vertex -47.0396 -39.2591 0.299999
      vertex -47.0386 -39.2609 0.299999
    endloop
  endfacet
  facet normal -0 0 -1
    outer loop
      vertex -47.0396 -39.2591 0.299999
      vertex -50 -56 0.299999
      vertex -47.2262 -38.6438 0.299999
    endloop
  endfacet
  facet normal -0 0 -1
    outer loop
      vertex -47.2262 -38.6438 0.299999
      vertex -50 -56 0.299999
      vertex -47.2268 -38.6419 0.299999
    endloop
  endfacet
  facet normal -0 0 -1
    outer loop
      vertex -47.2268 -38.6419 0.299999
      vertex -50 -56 0.299999
      vertex -47.227 -38.6398 0.299999
    endloop
  endfacet
  facet normal 0 0 -1
    outer loop
      vertex -47.2268 16.3581 0.299999
      vertex -49.6648 30.853 0.299999
      vertex -47.227 16.3602 0.299999
    endloop
  endfacet
  facet normal 0 0 -1
    outer loop
      vertex -47.2901 17 0.299999
      vertex -47.6841 29.038 0.299999
      vertex -47.4679 29.0095 0.299999
    endloop
  endfacet
  facet normal 0 0 -1
    outer loop
      vertex -47.2901 17 0.299999
      vertex -47.897 29.0852 0.299999
      vertex -47.6841 29.038 0.299999
    endloop
  endfacet
  facet normal 0 0 -1
    outer loop
      vertex -47.2901 17 0.299999
      vertex -48.105 29.1508 0.299999
      vertex -47.897 29.0852 0.299999
    endloop
  endfacet
  facet normal 0 0 -1
    outer loop
      vertex -47.2901 17 0.299999
      vertex -48.3065 29.2342 0.299999
      vertex -48.105 29.1508 0.299999
    endloop
  endfacet
  facet normal 0 0 -1
    outer loop
      vertex -47.2901 17 0.299999
      vertex -48.5 29.3349 0.299999
      vertex -48.3065 29.2342 0.299999
    endloop
  endfacet
  facet normal 0 0 -1
    outer loop
      vertex -47.2901 17 0.299999
      vertex -48.6839 29.4521 0.299999
      vertex -48.5 29.3349 0.299999
    endloop
  endfacet
  facet normal 0 0 -1
    outer loop
      vertex -47.2901 17 0.299999
      vertex -48.857 29.5849 0.299999
      vertex -48.6839 29.4521 0.299999
    endloop
  endfacet
  facet normal 0 0 -1
    outer loop
      vertex -47.2901 17 0.299999
      vertex -49.0178 29.7322 0.299999
      vertex -48.857 29.5849 0.299999
    endloop
  endfacet
  facet normal 0 0 -1
    outer loop
      vertex -47.2901 17 0.299999
      vertex -49.1651 29.893 0.299999
      vertex -49.0178 29.7322 0.299999
    endloop
  endfacet
  facet normal 0 0 -1
    outer loop
      vertex -47.2901 17 0.299999
      vertex -49.2979 30.0661 0.299999
      vertex -49.1651 29.893 0.299999
    endloop
  endfacet
  facet normal 0 0 -1
    outer loop
      vertex -47.2901 17 0.299999
      vertex -49.4151 30.25 0.299999
      vertex -49.2979 30.0661 0.299999
    endloop
  endfacet
  facet normal 0 0 -1
    outer loop
      vertex -47.2901 17 0.299999
      vertex -49.5158 30.4435 0.299999
      vertex -49.4151 30.25 0.299999
    endloop
  endfacet
  facet normal 0 0 -1
    outer loop
      vertex -47.2901 17 0.299999
      vertex -49.5992 30.6449 0.299999
      vertex -49.5158 30.4435 0.299999
    endloop
  endfacet
  facet normal 0 0 -1
    outer loop
      vertex -47.2901 17 0.299999
      vertex -49.6648 30.853 0.299999
      vertex -49.5992 30.6449 0.299999
    endloop
  endfacet
  facet normal 0 0 -1
    outer loop
      vertex -47.227 16.3602 0.299999
      vertex -49.6648 30.853 0.299999
      vertex -47.2901 17 0.299999
    endloop
  endfacet
  facet normal 0 0 -1
    outer loop
      vertex -50 -56 0.299999
      vertex -49.712 31.0659 0.299999
      vertex -47.2901 -38 0.299999
    endloop
  endfacet
  facet normal -0 0 -1
    outer loop
      vertex -49.712 31.0659 0.299999
      vertex -50 -56 0.299999
      vertex -49.7405 31.2821 0.299999
    endloop
  endfacet
  facet normal -0 0 -1
    outer loop
      vertex -49.75 31.5 0.299999
      vertex -50 -56 0.299999
      vertex -49.75 36.5 0.299999
    endloop
  endfacet
  facet normal -0 0 -1
    outer loop
      vertex -49.7405 31.2821 0.299999
      vertex -50 -56 0.299999
      vertex -49.75 31.5 0.299999
    endloop
  endfacet
  facet normal -0 0 -1
    outer loop
      vertex -47.227 -38.6398 0.299999
      vertex -50 -56 0.299999
      vertex -47.2901 -38 0.299999
    endloop
  endfacet
  facet normal 0 0 -1
    outer loop
      vertex -38 -44 0.299999
      vertex -40.7099 -38 0.299999
      vertex -38 -32 0.299999
    endloop
  endfacet
  facet normal 0 0 -1
    outer loop
      vertex -38 -44 0.299999
      vertex -40.7729 -38.6398 0.299999
      vertex -40.7099 -38 0.299999
    endloop
  endfacet
  facet normal 0 0 -1
    outer loop
      vertex -38 -44 0.299999
      vertex -40.7732 -38.6419 0.299999
      vertex -40.7729 -38.6398 0.299999
    endloop
  endfacet
  facet normal 0 0 -1
    outer loop
      vertex -38 -44 0.299999
      vertex -40.7738 -38.6438 0.299999
      vertex -40.7732 -38.6419 0.299999
    endloop
  endfacet
  facet normal 0 0 -1
    outer loop
      vertex -38 -44 0.299999
      vertex -40.9604 -39.2591 0.299999
      vertex -40.7738 -38.6438 0.299999
    endloop
  endfacet
  facet normal 0 0 -1
    outer loop
      vertex -38 -44 0.299999
      vertex -40.9614 -39.2609 0.299999
      vertex -40.9604 -39.2591 0.299999
    endloop
  endfacet
  facet normal 0 0 -1
    outer loop
      vertex -38 -44 0.299999
      vertex -41.2644 -39.8279 0.299999
      vertex -40.9614 -39.2609 0.299999
    endloop
  endfacet
  facet normal 0 0 -1
    outer loop
      vertex -38 -44 0.299999
      vertex -41.6723 -40.3248 0.299999
      vertex -41.2644 -39.8279 0.299999
    endloop
  endfacet
  facet normal 0 0 -1
    outer loop
      vertex -38 -44 0.299999
      vertex -41.6736 -40.3264 0.299999
      vertex -41.6723 -40.3248 0.299999
    endloop
  endfacet
  facet normal 0 0 -1
    outer loop
      vertex -38 -44 0.299999
      vertex -41.6752 -40.3277 0.299999
      vertex -41.6736 -40.3264 0.299999
    endloop
  endfacet
  facet normal 0 0 -1
    outer loop
      vertex -38 -44 0.299999
      vertex -42.1721 -40.7356 0.299999
      vertex -41.6752 -40.3277 0.299999
    endloop
  endfacet
  facet normal 0 0 -1
    outer loop
      vertex -38 -44 0.299999
      vertex -42.7391 -41.0386 0.299999
      vertex -42.1721 -40.7356 0.299999
    endloop
  endfacet
  facet normal 0 0 -1
    outer loop
      vertex -38 -44 0.299999
      vertex -42.7409 -41.0396 0.299999
      vertex -42.7391 -41.0386 0.299999
    endloop
  endfacet
  facet normal 0 0 -1
    outer loop
      vertex -38 -44 0.299999
      vertex -43.3562 -41.2262 0.299999
      vertex -42.7409 -41.0396 0.299999
    endloop
  endfacet
  facet normal 0 0 -1
    outer loop
      vertex -46 -44 0.299999
      vertex -43.3562 -41.2262 0.299999
      vertex -38 -44 0.299999
    endloop
  endfacet
  facet normal 0 0 -1
    outer loop
      vertex -43.3562 -41.2262 0.299999
      vertex -46 -44 0.299999
      vertex -43.3581 -41.2268 0.299999
    endloop
  endfacet
  facet normal 0 0 -1
    outer loop
      vertex -43.3581 -41.2268 0.299999
      vertex -46 -44 0.299999
      vertex -43.3602 -41.227 0.299999
    endloop
  endfacet
  facet normal 0 0 -1
    outer loop
      vertex -43.3602 -41.227 0.299999
      vertex -46 -44 0.299999
      vertex -44 -41.2901 0.299999
    endloop
  endfacet
  facet normal -0 0 -1
    outer loop
      vertex -44 -41.2901 0.299999
      vertex -46 -44 0.299999
      vertex -44.6398 -41.227 0.299999
    endloop
  endfacet
  facet normal -0 0 -1
    outer loop
      vertex -44.6398 -41.227 0.299999
      vertex -46 -44 0.299999
      vertex -44.6419 -41.2268 0.299999
    endloop
  endfacet
  facet normal -0 0 -1
    outer loop
      vertex -44.6419 -41.2268 0.299999
      vertex -46 -44 0.299999
      vertex -44.6438 -41.2262 0.299999
    endloop
  endfacet
  facet normal 0 0 -1
    outer loop
      vertex -46 -44 0.299999
      vertex -45.2609 -41.0386 0.299999
      vertex -45.2591 -41.0396 0.299999
    endloop
  endfacet
  facet normal -0 0 -1
    outer loop
      vertex -44.6438 -41.2262 0.299999
      vertex -46 -44 0.299999
      vertex -45.2591 -41.0396 0.299999
    endloop
  endfacet
  facet normal -0 0 -1
    outer loop
      vertex -45.2609 -41.0386 0.299999
      vertex -46 -44 0.299999
      vertex -45.8279 -40.7356 0.299999
    endloop
  endfacet
  facet normal -0 0 -1
    outer loop
      vertex -45.8279 -40.7356 0.299999
      vertex -46 -44 0.299999
      vertex -46.3248 -40.3277 0.299999
    endloop
  endfacet
  facet normal 0 0 -1
    outer loop
      vertex -40.7729 -37.3602 0.299999
      vertex -38 -32 0.299999
      vertex -40.7099 -38 0.299999
    endloop
  endfacet
  facet normal 0 0 -1
    outer loop
      vertex -40.7732 -37.3581 0.299999
      vertex -38 -32 0.299999
      vertex -40.7729 -37.3602 0.299999
    endloop
  endfacet
  facet normal 0 0 -1
    outer loop
      vertex -40.7738 -37.3562 0.299999
      vertex -38 -32 0.299999
      vertex -40.7732 -37.3581 0.299999
    endloop
  endfacet
  facet normal 0 0 -1
    outer loop
      vertex -40.9604 -36.7409 0.299999
      vertex -38 -32 0.299999
      vertex -40.7738 -37.3562 0.299999
    endloop
  endfacet
  facet normal 0 0 -1
    outer loop
      vertex -40.9614 -36.7391 0.299999
      vertex -38 -32 0.299999
      vertex -40.9604 -36.7409 0.299999
    endloop
  endfacet
  facet normal 0 0 -1
    outer loop
      vertex -41.2644 -36.1721 0.299999
      vertex -38 -32 0.299999
      vertex -40.9614 -36.7391 0.299999
    endloop
  endfacet
  facet normal 0 0 -1
    outer loop
      vertex -41.6723 -35.6752 0.299999
      vertex -38 -32 0.299999
      vertex -41.2644 -36.1721 0.299999
    endloop
  endfacet
  facet normal 0 0 -1
    outer loop
      vertex -41.6736 -35.6736 0.299999
      vertex -38 -32 0.299999
      vertex -41.6723 -35.6752 0.299999
    endloop
  endfacet
  facet normal 0 0 -1
    outer loop
      vertex -41.6752 -35.6723 0.299999
      vertex -38 -32 0.299999
      vertex -41.6736 -35.6736 0.299999
    endloop
  endfacet
  facet normal 0 0 -1
    outer loop
      vertex -42.1721 -35.2644 0.299999
      vertex -38 -32 0.299999
      vertex -41.6752 -35.6723 0.299999
    endloop
  endfacet
  facet normal 0 0 -1
    outer loop
      vertex -42.7391 -34.9614 0.299999
      vertex -38 -32 0.299999
      vertex -42.1721 -35.2644 0.299999
    endloop
  endfacet
  facet normal 0 0 -1
    outer loop
      vertex -42.7409 -34.9604 0.299999
      vertex -38 -32 0.299999
      vertex -42.7391 -34.9614 0.299999
    endloop
  endfacet
  facet normal 0 0 -1
    outer loop
      vertex -43.3562 -34.7738 0.299999
      vertex -38 -32 0.299999
      vertex -42.7409 -34.9604 0.299999
    endloop
  endfacet
  facet normal 0 0 -1
    outer loop
      vertex -46 -32 0.299999
      vertex -43.3562 -34.7738 0.299999
      vertex -43.3581 -34.7732 0.299999
    endloop
  endfacet
  facet normal 0 0 -1
    outer loop
      vertex -46 -32 0.299999
      vertex -43.3581 -34.7732 0.299999
      vertex -43.3602 -34.7729 0.299999
    endloop
  endfacet
  facet normal 0 0 -1
    outer loop
      vertex -46 -32 0.299999
      vertex -43.3602 -34.7729 0.299999
      vertex -44 -34.7099 0.299999
    endloop
  endfacet
  facet normal 0 0 -1
    outer loop
      vertex -46 -32 0.299999
      vertex -44 -34.7099 0.299999
      vertex -44.6398 -34.7729 0.299999
    endloop
  endfacet
  facet normal 0 0 -1
    outer loop
      vertex -46 -32 0.299999
      vertex -44.6398 -34.7729 0.299999
      vertex -44.6419 -34.7732 0.299999
    endloop
  endfacet
  facet normal 0 0 -1
    outer loop
      vertex -46 -32 0.299999
      vertex -44.6419 -34.7732 0.299999
      vertex -44.6438 -34.7738 0.299999
    endloop
  endfacet
  facet normal 0 0 -1
    outer loop
      vertex -46 -32 0.299999
      vertex -44.6438 -34.7738 0.299999
      vertex -45.2591 -34.9604 0.299999
    endloop
  endfacet
  facet normal 0 0 -1
    outer loop
      vertex -46 -32 0.299999
      vertex -45.2609 -34.9614 0.299999
      vertex -45.8279 -35.2644 0.299999
    endloop
  endfacet
  facet normal 0 0 -1
    outer loop
      vertex -43.3562 -34.7738 0.299999
      vertex -46 -32 0.299999
      vertex -38 -32 0.299999
    endloop
  endfacet
  facet normal 0 0 -1
    outer loop
      vertex -45.2609 -34.9614 0.299999
      vertex -46 -32 0.299999
      vertex -45.2591 -34.9604 0.299999
    endloop
  endfacet
  facet normal 0 0 -1
    outer loop
      vertex -47.2268 -37.3581 0.299999
      vertex -46 3.5 0.299999
      vertex -46 -32 0.299999
    endloop
  endfacet
  facet normal 0 0 -1
    outer loop
      vertex -47.2268 16.3581 0.299999
      vertex -46 3.5 0.299999
      vertex -47.2268 -37.3581 0.299999
    endloop
  endfacet
  facet normal 0 0 -1
    outer loop
      vertex -46.3264 -35.6736 0.299999
      vertex -46 -32 0.299999
      vertex -46.3248 -35.6723 0.299999
    endloop
  endfacet
  facet normal 0 0 -1
    outer loop
      vertex -46.3248 -35.6723 0.299999
      vertex -46 -32 0.299999
      vertex -45.8279 -35.2644 0.299999
    endloop
  endfacet
  facet normal 0 0 -1
    outer loop
      vertex -30.3057 4.86927 0.299999
      vertex -30.3057 5.13073 0.299999
      vertex -30.3 5 0.299999
    endloop
  endfacet
  facet normal 0 0 -1
    outer loop
      vertex -30.3228 4.73953 0.299999
      vertex -30.3057 5.13073 0.299999
      vertex -30.3057 4.86927 0.299999
    endloop
  endfacet
  facet normal 0 0 -1
    outer loop
      vertex -30.3228 4.73953 0.299999
      vertex -30.3228 5.26047 0.299999
      vertex -30.3057 5.13073 0.299999
    endloop
  endfacet
  facet normal 0 0 -1
    outer loop
      vertex -30.3511 4.61177 0.299999
      vertex -30.3228 5.26047 0.299999
      vertex -30.3228 4.73953 0.299999
    endloop
  endfacet
  facet normal 0 0 -1
    outer loop
      vertex -30.3511 4.61177 0.299999
      vertex -30.3511 5.38823 0.299999
      vertex -30.3228 5.26047 0.299999
    endloop
  endfacet
  facet normal 0 0 -1
    outer loop
      vertex -30.3905 4.48697 0.299999
      vertex -30.3511 5.38823 0.299999
      vertex -30.3511 4.61177 0.299999
    endloop
  endfacet
  facet normal 0 0 -1
    outer loop
      vertex -30.3905 4.48697 0.299999
      vertex -30.3905 5.51303 0.299999
      vertex -30.3511 5.38823 0.299999
    endloop
  endfacet
  facet normal 0 0 -1
    outer loop
      vertex -30.4405 4.36607 0.299999
      vertex -30.3905 5.51303 0.299999
      vertex -30.3905 4.48697 0.299999
    endloop
  endfacet
  facet normal 0 0 -1
    outer loop
      vertex -30.4405 4.36607 0.299999
      vertex -30.4405 5.63393 0.299999
      vertex -30.3905 5.51303 0.299999
    endloop
  endfacet
  facet normal 0 0 -1
    outer loop
      vertex -30.501 4.25 0.299999
      vertex -30.4405 5.63393 0.299999
      vertex -30.4405 4.36607 0.299999
    endloop
  endfacet
  facet normal 0 0 -1
    outer loop
      vertex -30.501 4.25 0.299999
      vertex -30.501 5.75 0.299999
      vertex -30.4405 5.63393 0.299999
    endloop
  endfacet
  facet normal 0 0 -1
    outer loop
      vertex -30.5713 4.13964 0.299999
      vertex -30.501 5.75 0.299999
      vertex -30.501 4.25 0.299999
    endloop
  endfacet
  facet normal 0 0 -1
    outer loop
      vertex -30.5713 4.13964 0.299999
      vertex -30.5713 5.86036 0.299999
      vertex -30.501 5.75 0.299999
    endloop
  endfacet
  facet normal 0 0 -1
    outer loop
      vertex -30.6509 4.03582 0.299999
      vertex -30.5713 5.86036 0.299999
      vertex -30.5713 4.13964 0.299999
    endloop
  endfacet
  facet normal 0 0 -1
    outer loop
      vertex -30.6509 4.03582 0.299999
      vertex -30.6509 5.96418 0.299999
      vertex -30.5713 5.86036 0.299999
    endloop
  endfacet
  facet normal 0 0 -1
    outer loop
      vertex -30.7393 3.93934 0.299999
      vertex -30.6509 5.96418 0.299999
      vertex -30.6509 4.03582 0.299999
    endloop
  endfacet
  facet normal 0 0 -1
    outer loop
      vertex -30.7393 3.93934 0.299999
      vertex -30.7393 6.06066 0.299999
      vertex -30.6509 5.96418 0.299999
    endloop
  endfacet
  facet normal 0 0 -1
    outer loop
      vertex -30.8358 3.85093 0.299999
      vertex -30.7393 6.06066 0.299999
      vertex -30.7393 3.93934 0.299999
    endloop
  endfacet
  facet normal 0 0 -1
    outer loop
      vertex -30.8358 3.85093 0.299999
      vertex -30.8358 6.14907 0.299999
      vertex -30.7393 6.06066 0.299999
    endloop
  endfacet
  facet normal 0 0 -1
    outer loop
      vertex -30.9396 3.77127 0.299999
      vertex -30.8358 6.14907 0.299999
      vertex -30.8358 3.85093 0.299999
    endloop
  endfacet
  facet normal 0 0 -1
    outer loop
      vertex -30.9396 3.77127 0.299999
      vertex -30.9396 6.22873 0.299999
      vertex -30.8358 6.14907 0.299999
    endloop
  endfacet
  facet normal 0 0 -1
    outer loop
      vertex -31.05 3.70096 0.299999
      vertex -30.9396 6.22873 0.299999
      vertex -30.9396 3.77127 0.299999
    endloop
  endfacet
  facet normal 0 0 -1
    outer loop
      vertex -31.05 3.70096 0.299999
      vertex -31.05 6.29904 0.299999
      vertex -30.9396 6.22873 0.299999
    endloop
  endfacet
  facet normal 0 0 -1
    outer loop
      vertex -31.1661 3.64054 0.299999
      vertex -31.05 6.29904 0.299999
      vertex -31.05 3.70096 0.299999
    endloop
  endfacet
  facet normal 0 0 -1
    outer loop
      vertex -31.1661 3.64054 0.299999
      vertex -31.1661 6.35946 0.299999
      vertex -31.05 6.29904 0.299999
    endloop
  endfacet
  facet normal 0 0 -1
    outer loop
      vertex -31.287 3.59046 0.299999
      vertex -31.1661 6.35946 0.299999
      vertex -31.1661 3.64054 0.299999
    endloop
  endfacet
  facet normal 0 0 -1
    outer loop
      vertex -31.287 3.59046 0.299999
      vertex -31.287 6.40954 0.299999
      vertex -31.1661 6.35946 0.299999
    endloop
  endfacet
  facet normal 0 0 -1
    outer loop
      vertex -31.4118 3.55111 0.299999
      vertex -31.287 6.40954 0.299999
      vertex -31.287 3.59046 0.299999
    endloop
  endfacet
  facet normal 0 0 -1
    outer loop
      vertex -31.4118 3.55111 0.299999
      vertex -31.4118 6.44889 0.299999
      vertex -31.287 6.40954 0.299999
    endloop
  endfacet
  facet normal 0 0 -1
    outer loop
      vertex -31.5395 3.52279 0.299999
      vertex -31.4118 6.44889 0.299999
      vertex -31.4118 3.55111 0.299999
    endloop
  endfacet
  facet normal 0 0 -1
    outer loop
      vertex -31.5395 3.52279 0.299999
      vertex -31.5395 6.47721 0.299999
      vertex -31.4118 6.44889 0.299999
    endloop
  endfacet
  facet normal 0 0 -1
    outer loop
      vertex -31.6693 3.50571 0.299999
      vertex -31.5395 6.47721 0.299999
      vertex -31.5395 3.52279 0.299999
    endloop
  endfacet
  facet normal 0 0 -1
    outer loop
      vertex -31.6693 3.50571 0.299999
      vertex -31.6693 6.49429 0.299999
      vertex -31.5395 6.47721 0.299999
    endloop
  endfacet
  facet normal 0 0 -1
    outer loop
      vertex -31.8 3.5 0.299999
      vertex -31.6693 6.49429 0.299999
      vertex -31.6693 3.50571 0.299999
    endloop
  endfacet
  facet normal 0 0 -1
    outer loop
      vertex -31.8 3.5 0.299999
      vertex -31.8 6.5 0.299999
      vertex -31.6693 6.49429 0.299999
    endloop
  endfacet
  facet normal 0 0 -1
    outer loop
      vertex -46 3.5 0.299999
      vertex -31.8 6.5 0.299999
      vertex -31.8 3.5 0.299999
    endloop
  endfacet
  facet normal -0 0 -1
    outer loop
      vertex -31.8 6.5 0.299999
      vertex -46 3.5 0.299999
      vertex -46 6.5 0.299999
    endloop
  endfacet
  facet normal 0 0 -1
    outer loop
      vertex -44 32.981 0.299999
      vertex -44.7595 31.2821 0.299999
      vertex -44.75 31.5 0.299999
    endloop
  endfacet
  facet normal 0 0 -1
    outer loop
      vertex -44 23 0.299999
      vertex -44.788 31.0659 0.299999
      vertex -44.7595 31.2821 0.299999
    endloop
  endfacet
  facet normal 0 0 -1
    outer loop
      vertex -44 23 0.299999
      vertex -44.8352 30.853 0.299999
      vertex -44.788 31.0659 0.299999
    endloop
  endfacet
  facet normal 0 0 -1
    outer loop
      vertex -44 23 0.299999
      vertex -44.9008 30.6449 0.299999
      vertex -44.8352 30.853 0.299999
    endloop
  endfacet
  facet normal 0 0 -1
    outer loop
      vertex -44 23 0.299999
      vertex -44.9842 30.4435 0.299999
      vertex -44.9008 30.6449 0.299999
    endloop
  endfacet
  facet normal 0 0 -1
    outer loop
      vertex -44 23 0.299999
      vertex -45.0849 30.25 0.299999
      vertex -44.9842 30.4435 0.299999
    endloop
  endfacet
  facet normal 0 0 -1
    outer loop
      vertex -44 23 0.299999
      vertex -45.2021 30.0661 0.299999
      vertex -45.0849 30.25 0.299999
    endloop
  endfacet
  facet normal 0 0 -1
    outer loop
      vertex -45.2609 20.0386 0.299999
      vertex -44 23 0.299999
      vertex -45.2591 20.0396 0.299999
    endloop
  endfacet
  facet normal 0 0 -1
    outer loop
      vertex -45.8279 19.7356 0.299999
      vertex -44 23 0.299999
      vertex -45.2609 20.0386 0.299999
    endloop
  endfacet
  facet normal 0 0 -1
    outer loop
      vertex -44 23 0.299999
      vertex -45.3349 29.893 0.299999
      vertex -45.2021 30.0661 0.299999
    endloop
  endfacet
  facet normal 0 0 -1
    outer loop
      vertex -44 23 0.299999
      vertex -45.4822 29.7322 0.299999
      vertex -45.3349 29.893 0.299999
    endloop
  endfacet
  facet normal 0 0 -1
    outer loop
      vertex -44 23 0.299999
      vertex -45.643 29.5849 0.299999
      vertex -45.4822 29.7322 0.299999
    endloop
  endfacet
  facet normal 0 0 -1
    outer loop
      vertex -44 23 0.299999
      vertex -45.8161 29.4521 0.299999
      vertex -45.643 29.5849 0.299999
    endloop
  endfacet
  facet normal -0 0 -1
    outer loop
      vertex -44 23 0.299999
      vertex -45.8279 19.7356 0.299999
      vertex -47.4679 29.0095 0.299999
    endloop
  endfacet
  facet normal 0 0 -1
    outer loop
      vertex -44 23 0.299999
      vertex -46 29.3349 0.299999
      vertex -45.8161 29.4521 0.299999
    endloop
  endfacet
  facet normal 0 0 -1
    outer loop
      vertex -44 23 0.299999
      vertex -46.1935 29.2342 0.299999
      vertex -46 29.3349 0.299999
    endloop
  endfacet
  facet normal 0 0 -1
    outer loop
      vertex -47.4679 29.0095 0.299999
      vertex -45.8279 19.7356 0.299999
      vertex -46.3248 19.3277 0.299999
    endloop
  endfacet
  facet normal 0 0 -1
    outer loop
      vertex -47.4679 29.0095 0.299999
      vertex -46.3248 19.3277 0.299999
      vertex -46.3264 19.3264 0.299999
    endloop
  endfacet
  facet normal 0 0 -1
    outer loop
      vertex -47.4679 29.0095 0.299999
      vertex -46.3264 19.3264 0.299999
      vertex -46.3277 19.3248 0.299999
    endloop
  endfacet
  facet normal 0 0 -1
    outer loop
      vertex -44 23 0.299999
      vertex -46.395 29.1508 0.299999
      vertex -46.1935 29.2342 0.299999
    endloop
  endfacet
  facet normal 0 0 -1
    outer loop
      vertex -44 23 0.299999
      vertex -46.603 29.0852 0.299999
      vertex -46.395 29.1508 0.299999
    endloop
  endfacet
  facet normal 0 0 -1
    outer loop
      vertex -47.4679 29.0095 0.299999
      vertex -46.3277 19.3248 0.299999
      vertex -46.7356 18.8279 0.299999
    endloop
  endfacet
  facet normal 0 0 -1
    outer loop
      vertex -44 23 0.299999
      vertex -46.8159 29.038 0.299999
      vertex -46.603 29.0852 0.299999
    endloop
  endfacet
  facet normal 0 0 -1
    outer loop
      vertex -44 23 0.299999
      vertex -47.0321 29.0095 0.299999
      vertex -46.8159 29.038 0.299999
    endloop
  endfacet
  facet normal 0 0 -1
    outer loop
      vertex -47.4679 29.0095 0.299999
      vertex -46.7356 18.8279 0.299999
      vertex -47.0386 18.2609 0.299999
    endloop
  endfacet
  facet normal 0 0 -1
    outer loop
      vertex -47.4679 29.0095 0.299999
      vertex -47.0386 18.2609 0.299999
      vertex -47.0396 18.2591 0.299999
    endloop
  endfacet
  facet normal 0 0 -1
    outer loop
      vertex -47.4679 29.0095 0.299999
      vertex -47.0396 18.2591 0.299999
      vertex -47.2262 17.6438 0.299999
    endloop
  endfacet
  facet normal 0 0 -1
    outer loop
      vertex -47.4679 29.0095 0.299999
      vertex -47.2262 17.6438 0.299999
      vertex -47.2268 17.6419 0.299999
    endloop
  endfacet
  facet normal 0 0 -1
    outer loop
      vertex -47.4679 29.0095 0.299999
      vertex -47.2268 17.6419 0.299999
      vertex -47.227 17.6398 0.299999
    endloop
  endfacet
  facet normal 0 0 -1
    outer loop
      vertex -44 23 0.299999
      vertex -47.25 29 0.299999
      vertex -47.0321 29.0095 0.299999
    endloop
  endfacet
  facet normal 0 0 -1
    outer loop
      vertex -47.4679 29.0095 0.299999
      vertex -47.227 17.6398 0.299999
      vertex -47.2901 17 0.299999
    endloop
  endfacet
  facet normal 0 0 -1
    outer loop
      vertex -44 23 0.299999
      vertex -47.4679 29.0095 0.299999
      vertex -47.25 29 0.299999
    endloop
  endfacet
  facet normal 0 0 -1
    outer loop
      vertex -38 11 0.299999
      vertex -40.7099 17 0.299999
      vertex -38 23 0.299999
    endloop
  endfacet
  facet normal 0 0 -1
    outer loop
      vertex -38 11 0.299999
      vertex -40.7729 16.3602 0.299999
      vertex -40.7099 17 0.299999
    endloop
  endfacet
  facet normal 0 0 -1
    outer loop
      vertex -38 11 0.299999
      vertex -40.7732 16.3581 0.299999
      vertex -40.7729 16.3602 0.299999
    endloop
  endfacet
  facet normal 0 0 -1
    outer loop
      vertex -38 11 0.299999
      vertex -40.7738 16.3562 0.299999
      vertex -40.7732 16.3581 0.299999
    endloop
  endfacet
  facet normal 0 0 -1
    outer loop
      vertex -38 11 0.299999
      vertex -40.9604 15.7409 0.299999
      vertex -40.7738 16.3562 0.299999
    endloop
  endfacet
  facet normal 0 0 -1
    outer loop
      vertex -38 11 0.299999
      vertex -40.9614 15.7391 0.299999
      vertex -40.9604 15.7409 0.299999
    endloop
  endfacet
  facet normal 0 0 -1
    outer loop
      vertex -38 11 0.299999
      vertex -41.2644 15.1721 0.299999
      vertex -40.9614 15.7391 0.299999
    endloop
  endfacet
  facet normal 0 0 -1
    outer loop
      vertex -38 11 0.299999
      vertex -41.6723 14.6752 0.299999
      vertex -41.2644 15.1721 0.299999
    endloop
  endfacet
  facet normal 0 0 -1
    outer loop
      vertex -38 11 0.299999
      vertex -41.6736 14.6736 0.299999
      vertex -41.6723 14.6752 0.299999
    endloop
  endfacet
  facet normal 0 0 -1
    outer loop
      vertex -38 11 0.299999
      vertex -41.6752 14.6723 0.299999
      vertex -41.6736 14.6736 0.299999
    endloop
  endfacet
  facet normal 0 0 -1
    outer loop
      vertex -38 11 0.299999
      vertex -42.1721 14.2644 0.299999
      vertex -41.6752 14.6723 0.299999
    endloop
  endfacet
  facet normal 0 0 -1
    outer loop
      vertex -38 11 0.299999
      vertex -42.7391 13.9614 0.299999
      vertex -42.1721 14.2644 0.299999
    endloop
  endfacet
  facet normal 0 0 -1
    outer loop
      vertex -38 11 0.299999
      vertex -42.7409 13.9604 0.299999
      vertex -42.7391 13.9614 0.299999
    endloop
  endfacet
  facet normal 0 0 -1
    outer loop
      vertex -38 11 0.299999
      vertex -43.3562 13.7738 0.299999
      vertex -42.7409 13.9604 0.299999
    endloop
  endfacet
  facet normal 0 0 -1
    outer loop
      vertex -46 11 0.299999
      vertex -43.3562 13.7738 0.299999
      vertex -38 11 0.299999
    endloop
  endfacet
  facet normal 0 0 -1
    outer loop
      vertex -43.3562 13.7738 0.299999
      vertex -46 11 0.299999
      vertex -43.3581 13.7732 0.299999
    endloop
  endfacet
  facet normal 0 0 -1
    outer loop
      vertex -43.3581 13.7732 0.299999
      vertex -46 11 0.299999
      vertex -43.3602 13.773 0.299999
    endloop
  endfacet
  facet normal 0 0 -1
    outer loop
      vertex -43.3602 13.773 0.299999
      vertex -46 11 0.299999
      vertex -44 13.7099 0.299999
    endloop
  endfacet
  facet normal -0 0 -1
    outer loop
      vertex -44 13.7099 0.299999
      vertex -46 11 0.299999
      vertex -44.6398 13.773 0.299999
    endloop
  endfacet
  facet normal -0 0 -1
    outer loop
      vertex -44.6398 13.773 0.299999
      vertex -46 11 0.299999
      vertex -44.6419 13.7732 0.299999
    endloop
  endfacet
  facet normal -0 0 -1
    outer loop
      vertex -44.6419 13.7732 0.299999
      vertex -46 11 0.299999
      vertex -44.6438 13.7738 0.299999
    endloop
  endfacet
  facet normal 0 0 -1
    outer loop
      vertex -46 11 0.299999
      vertex -45.2609 13.9614 0.299999
      vertex -45.2591 13.9604 0.299999
    endloop
  endfacet
  facet normal -0 0 -1
    outer loop
      vertex -44.6438 13.7738 0.299999
      vertex -46 11 0.299999
      vertex -45.2591 13.9604 0.299999
    endloop
  endfacet
  facet normal -0 0 -1
    outer loop
      vertex -45.2609 13.9614 0.299999
      vertex -46 11 0.299999
      vertex -45.8279 14.2644 0.299999
    endloop
  endfacet
  facet normal 0 0 -1
    outer loop
      vertex -46 11 0.299999
      vertex -46.3248 14.6723 0.299999
      vertex -45.8279 14.2644 0.299999
    endloop
  endfacet
  facet normal 0 0 -1
    outer loop
      vertex -46.3277 -35.6752 0.299999
      vertex -46 -32 0.299999
      vertex -46.3264 -35.6736 0.299999
    endloop
  endfacet
  facet normal 0 0 -1
    outer loop
      vertex -46.7356 -36.1721 0.299999
      vertex -46 -32 0.299999
      vertex -46.3277 -35.6752 0.299999
    endloop
  endfacet
  facet normal 0 0 -1
    outer loop
      vertex -46 11 0.299999
      vertex -46.3264 14.6736 0.299999
      vertex -46.3248 14.6723 0.299999
    endloop
  endfacet
  facet normal 0 0 -1
    outer loop
      vertex -47.0386 -36.7391 0.299999
      vertex -46 -32 0.299999
      vertex -46.7356 -36.1721 0.299999
    endloop
  endfacet
  facet normal 0 0 -1
    outer loop
      vertex -46 11 0.299999
      vertex -46.3277 14.6752 0.299999
      vertex -46.3264 14.6736 0.299999
    endloop
  endfacet
  facet normal 0 0 -1
    outer loop
      vertex -47.0396 -36.7409 0.299999
      vertex -46 -32 0.299999
      vertex -47.0386 -36.7391 0.299999
    endloop
  endfacet
  facet normal 0 0 -1
    outer loop
      vertex -46 11 0.299999
      vertex -46.7356 15.1721 0.299999
      vertex -46.3277 14.6752 0.299999
    endloop
  endfacet
  facet normal 0 0 -1
    outer loop
      vertex -47.2262 -37.3562 0.299999
      vertex -46 -32 0.299999
      vertex -47.0396 -36.7409 0.299999
    endloop
  endfacet
  facet normal 0 0 -1
    outer loop
      vertex -46 11 0.299999
      vertex -47.0386 15.7391 0.299999
      vertex -46.7356 15.1721 0.299999
    endloop
  endfacet
  facet normal 0 0 -1
    outer loop
      vertex -47.2268 -37.3581 0.299999
      vertex -46 -32 0.299999
      vertex -47.2262 -37.3562 0.299999
    endloop
  endfacet
  facet normal 0 0 -1
    outer loop
      vertex -46 11 0.299999
      vertex -47.0396 15.7409 0.299999
      vertex -47.0386 15.7391 0.299999
    endloop
  endfacet
  facet normal 0 0 -1
    outer loop
      vertex -46 3.5 0.299999
      vertex -47.2268 16.3581 0.299999
      vertex -46 6.5 0.299999
    endloop
  endfacet
  facet normal 0 0 -1
    outer loop
      vertex -46 6.5 0.299999
      vertex -47.0396 15.7409 0.299999
      vertex -46 11 0.299999
    endloop
  endfacet
  facet normal -0 -0 -1
    outer loop
      vertex -47.2262 16.3562 0.299999
      vertex -46 6.5 0.299999
      vertex -47.2268 16.3581 0.299999
    endloop
  endfacet
  facet normal -0 -0 -1
    outer loop
      vertex -47.0396 15.7409 0.299999
      vertex -46 6.5 0.299999
      vertex -47.2262 16.3562 0.299999
    endloop
  endfacet
  facet normal 0 0 -1
    outer loop
      vertex -49.712 31.0659 0.299999
      vertex -47.2268 -37.3581 0.299999
      vertex -47.227 -37.3602 0.299999
    endloop
  endfacet
  facet normal 0 0 -1
    outer loop
      vertex -47.2268 -37.3581 0.299999
      vertex -49.712 31.0659 0.299999
      vertex -47.2268 16.3581 0.299999
    endloop
  endfacet
  facet normal 0 0 -1
    outer loop
      vertex -49.712 31.0659 0.299999
      vertex -47.227 -37.3602 0.299999
      vertex -47.2901 -38 0.299999
    endloop
  endfacet
  facet normal -0 -0 -1
    outer loop
      vertex -49.6648 30.853 0.299999
      vertex -47.2268 16.3581 0.299999
      vertex -49.712 31.0659 0.299999
    endloop
  endfacet
  facet normal 0 0 -1
    outer loop
      vertex -40.7729 17.6398 0.299999
      vertex -38 23 0.299999
      vertex -40.7099 17 0.299999
    endloop
  endfacet
  facet normal 0 0 -1
    outer loop
      vertex -40.7732 17.6419 0.299999
      vertex -38 23 0.299999
      vertex -40.7729 17.6398 0.299999
    endloop
  endfacet
  facet normal 0 0 -1
    outer loop
      vertex -40.7738 17.6438 0.299999
      vertex -38 23 0.299999
      vertex -40.7732 17.6419 0.299999
    endloop
  endfacet
  facet normal 0 0 -1
    outer loop
      vertex -40.9604 18.2591 0.299999
      vertex -38 23 0.299999
      vertex -40.7738 17.6438 0.299999
    endloop
  endfacet
  facet normal 0 0 -1
    outer loop
      vertex -40.9614 18.2609 0.299999
      vertex -38 23 0.299999
      vertex -40.9604 18.2591 0.299999
    endloop
  endfacet
  facet normal 0 0 -1
    outer loop
      vertex -41.2644 18.8279 0.299999
      vertex -38 23 0.299999
      vertex -40.9614 18.2609 0.299999
    endloop
  endfacet
  facet normal 0 0 -1
    outer loop
      vertex -41.6723 19.3248 0.299999
      vertex -38 23 0.299999
      vertex -41.2644 18.8279 0.299999
    endloop
  endfacet
  facet normal 0 0 -1
    outer loop
      vertex -41.6736 19.3264 0.299999
      vertex -38 23 0.299999
      vertex -41.6723 19.3248 0.299999
    endloop
  endfacet
  facet normal 0 0 -1
    outer loop
      vertex -41.6752 19.3277 0.299999
      vertex -38 23 0.299999
      vertex -41.6736 19.3264 0.299999
    endloop
  endfacet
  facet normal 0 0 -1
    outer loop
      vertex -42.1721 19.7356 0.299999
      vertex -38 23 0.299999
      vertex -41.6752 19.3277 0.299999
    endloop
  endfacet
  facet normal 0 0 -1
    outer loop
      vertex -44 23 0.299999
      vertex -42.1721 19.7356 0.299999
      vertex -42.7391 20.0386 0.299999
    endloop
  endfacet
  facet normal 0 0 -1
    outer loop
      vertex -44 23 0.299999
      vertex -42.7391 20.0386 0.299999
      vertex -42.7409 20.0396 0.299999
    endloop
  endfacet
  facet normal 0 0 -1
    outer loop
      vertex -44 23 0.299999
      vertex -42.7409 20.0396 0.299999
      vertex -43.3562 20.2262 0.299999
    endloop
  endfacet
  facet normal 0 0 -1
    outer loop
      vertex -44 23 0.299999
      vertex -43.3562 20.2262 0.299999
      vertex -43.3581 20.2268 0.299999
    endloop
  endfacet
  facet normal 0 0 -1
    outer loop
      vertex -44 23 0.299999
      vertex -43.3581 20.2268 0.299999
      vertex -43.3602 20.227 0.299999
    endloop
  endfacet
  facet normal 0 0 -1
    outer loop
      vertex -44 23 0.299999
      vertex -43.3602 20.227 0.299999
      vertex -44 20.2901 0.299999
    endloop
  endfacet
  facet normal 0 0 -1
    outer loop
      vertex -42.1721 19.7356 0.299999
      vertex -44 23 0.299999
      vertex -38 23 0.299999
    endloop
  endfacet
  facet normal 0 0 -1
    outer loop
      vertex -44.6398 20.227 0.299999
      vertex -44 23 0.299999
      vertex -44 20.2901 0.299999
    endloop
  endfacet
  facet normal 0 0 -1
    outer loop
      vertex -44.6419 20.2268 0.299999
      vertex -44 23 0.299999
      vertex -44.6398 20.227 0.299999
    endloop
  endfacet
  facet normal 0 0 -1
    outer loop
      vertex -44.6438 20.2262 0.299999
      vertex -44 23 0.299999
      vertex -44.6419 20.2268 0.299999
    endloop
  endfacet
  facet normal 0 0 -1
    outer loop
      vertex -45.2591 20.0396 0.299999
      vertex -44 23 0.299999
      vertex -44.6438 20.2262 0.299999
    endloop
  endfacet
  facet normal 0 0 -1
    outer loop
      vertex -44.7595 31.2821 0.299999
      vertex -44 32.981 0.299999
      vertex -44 23 0.299999
    endloop
  endfacet
  facet normal -0 0 -1
    outer loop
      vertex -44 32.981 0.299999
      vertex -44.75 31.5 0.299999
      vertex -44.75 32.981 0.299999
    endloop
  endfacet
  facet normal 0 0 -1
    outer loop
      vertex -29.6457 11.213 0.299999
      vertex -32.1457 11.213 0.299999
      vertex -32.1383 11.9731 0.299999
    endloop
  endfacet
  facet normal 0 0 -1
    outer loop
      vertex -29.7904 8.7794 0.299999
      vertex -32.1806 10.3811 0.299999
      vertex -32.1457 11.213 0.299999
    endloop
  endfacet
  facet normal 0 0 -1
    outer loop
      vertex -29.7904 8.7794 0.299999
      vertex -32.2325 9.54672 0.299999
      vertex -32.1806 10.3811 0.299999
    endloop
  endfacet
  facet normal 0 0 -1
    outer loop
      vertex -32.3811 7.7236 0.299999
      vertex -32.1084 6.94424 0.299999
      vertex -32.2573 7.18126 0.299999
    endloop
  endfacet
  facet normal 0 0 -1
    outer loop
      vertex -29.7904 8.7794 0.299999
      vertex -32.2904 8.7794 0.299999
      vertex -32.2325 9.54672 0.299999
    endloop
  endfacet
  facet normal 0 0 -1
    outer loop
      vertex -29.8435 8.14856 0.299999
      vertex -32.2904 8.7794 0.299999
      vertex -29.7904 8.7794 0.299999
    endloop
  endfacet
  facet normal 0 0 -1
    outer loop
      vertex -32.3811 7.7236 0.299999
      vertex -32.2573 7.18126 0.299999
      vertex -32.3497 7.44547 0.299999
    endloop
  endfacet
  facet normal 0 0 -1
    outer loop
      vertex -32.1084 6.94424 0.299999
      vertex -32.3811 7.7236 0.299999
      vertex -32.3435 8.14856 0.299999
    endloop
  endfacet
  facet normal 0 0 -1
    outer loop
      vertex -32.1383 11.9731 0.299999
      vertex -29.6383 11.9731 0.299999
      vertex -29.6457 11.213 0.299999
    endloop
  endfacet
  facet normal 0 0 -1
    outer loop
      vertex -32.1457 11.213 0.299999
      vertex -29.6457 11.213 0.299999
      vertex -29.6806 10.3811 0.299999
    endloop
  endfacet
  facet normal 0 0 -1
    outer loop
      vertex -29.6383 11.9731 0.299999
      vertex -32.1383 11.9731 0.299999
      vertex -29.6695 12.5919 0.299999
    endloop
  endfacet
  facet normal 0 0 -1
    outer loop
      vertex -32.1457 11.213 0.299999
      vertex -29.6806 10.3811 0.299999
      vertex -29.7325 9.54672 0.299999
    endloop
  endfacet
  facet normal 0 0 -1
    outer loop
      vertex -32.1614 12.4317 0.299999
      vertex -29.6695 12.5919 0.299999
      vertex -32.1383 11.9731 0.299999
    endloop
  endfacet
  facet normal 0 -0 -1
    outer loop
      vertex -32.2904 8.7794 0.299999
      vertex -29.8435 8.14856 0.299999
      vertex -32.3435 8.14856 0.299999
    endloop
  endfacet
  facet normal 0 0 -1
    outer loop
      vertex -29.8811 7.7236 0.299999
      vertex -32.3435 8.14856 0.299999
      vertex -29.8435 8.14856 0.299999
    endloop
  endfacet
  facet normal -0 0 -1
    outer loop
      vertex -29.6695 12.5919 0.299999
      vertex -32.1614 12.4317 0.299999
      vertex -29.7009 12.87 0.299999
    endloop
  endfacet
  facet normal 0 0 -1
    outer loop
      vertex -32.3435 8.14856 0.299999
      vertex -29.8811 7.7236 0.299999
      vertex -32.1084 6.94424 0.299999
    endloop
  endfacet
  facet normal 0 0 -1
    outer loop
      vertex -32.1084 6.94424 0.299999
      vertex -29.8811 7.7236 0.299999
      vertex -29.9124 7.44547 0.299999
    endloop
  endfacet
  facet normal 0 0 -1
    outer loop
      vertex -32.1084 6.94424 0.299999
      vertex -29.9124 7.44547 0.299999
      vertex -30.0049 7.18126 0.299999
    endloop
  endfacet
  facet normal 0 0 -1
    outer loop
      vertex -32.1084 6.94424 0.299999
      vertex -30.0049 7.18126 0.299999
      vertex -30.1538 6.94424 0.299999
    endloop
  endfacet
  facet normal 0 0 -1
    outer loop
      vertex -32.1084 6.94424 0.299999
      vertex -30.1538 6.94424 0.299999
      vertex -30.3517 6.74632 0.299999
    endloop
  endfacet
  facet normal 0 0 -1
    outer loop
      vertex -32.1084 6.94424 0.299999
      vertex -30.3517 6.74632 0.299999
      vertex -30.5887 6.5974 0.299999
    endloop
  endfacet
  facet normal 0 0 -1
    outer loop
      vertex -32.2014 12.6345 0.299999
      vertex -29.7009 12.87 0.299999
      vertex -32.1614 12.4317 0.299999
    endloop
  endfacet
  facet normal 0 0 -1
    outer loop
      vertex -32.1084 6.94424 0.299999
      vertex -30.5887 6.5974 0.299999
      vertex -30.8529 6.50494 0.299999
    endloop
  endfacet
  facet normal 0 0 -1
    outer loop
      vertex -32.1084 6.94424 0.299999
      vertex -30.8529 6.50494 0.299999
      vertex -31.1311 6.4736 0.299999
    endloop
  endfacet
  facet normal 0 0 -1
    outer loop
      vertex -32.1084 6.94424 0.299999
      vertex -31.1311 6.4736 0.299999
      vertex -31.4092 6.50494 0.299999
    endloop
  endfacet
  facet normal -0 0 -1
    outer loop
      vertex -29.7009 12.87 0.299999
      vertex -32.2014 12.6345 0.299999
      vertex -29.7813 13.2781 0.299999
    endloop
  endfacet
  facet normal 0 0 -1
    outer loop
      vertex -32.1084 6.94424 0.299999
      vertex -31.4092 6.50494 0.299999
      vertex -31.6734 6.5974 0.299999
    endloop
  endfacet
  facet normal 0 0 -1
    outer loop
      vertex -32.1084 6.94424 0.299999
      vertex -31.6734 6.5974 0.299999
      vertex -31.9104 6.74632 0.299999
    endloop
  endfacet
  facet normal 0 0 -1
    outer loop
      vertex -29.7904 8.7794 0.299999
      vertex -32.1457 11.213 0.299999
      vertex -29.7325 9.54672 0.299999
    endloop
  endfacet
  facet normal -0 0 -1
    outer loop
      vertex -29.7813 13.2781 0.299999
      vertex -32.2014 12.6345 0.299999
      vertex -29.8738 13.5423 0.299999
    endloop
  endfacet
  facet normal 0 0 -1
    outer loop
      vertex -32.8429 14.1424 0.299999
      vertex -29.8738 13.5423 0.299999
      vertex -32.2014 12.6345 0.299999
    endloop
  endfacet
  facet normal 0 0 -1
    outer loop
      vertex -29.8738 13.5423 0.299999
      vertex -32.8429 14.1424 0.299999
      vertex -30.5905 15.2271 0.299999
    endloop
  endfacet
  facet normal -0 0 -1
    outer loop
      vertex -30.5905 15.2271 0.299999
      vertex -32.8429 14.1424 0.299999
      vertex -31.4636 17.0305 0.299999
    endloop
  endfacet
  facet normal 0 0 -1
    outer loop
      vertex -33.716 15.9458 0.299999
      vertex -31.4636 17.0305 0.299999
      vertex -32.8429 14.1424 0.299999
    endloop
  endfacet
  facet normal -0 0 -1
    outer loop
      vertex -31.4636 17.0305 0.299999
      vertex -33.716 15.9458 0.299999
      vertex -32.4678 18.936 0.299999
    endloop
  endfacet
  facet normal 0 0 -1
    outer loop
      vertex -34.7202 17.8513 0.299999
      vertex -32.4678 18.936 0.299999
      vertex -33.716 15.9458 0.299999
    endloop
  endfacet
  facet normal -0 0 -1
    outer loop
      vertex -32.4678 18.936 0.299999
      vertex -34.7202 17.8513 0.299999
      vertex -33.5775 20.9274 0.299999
    endloop
  endfacet
  facet normal 0 0 -1
    outer loop
      vertex -35.83 19.8426 0.299999
      vertex -33.5775 20.9274 0.299999
      vertex -34.7202 17.8513 0.299999
    endloop
  endfacet
  facet normal -0 0 -1
    outer loop
      vertex -33.5775 20.9274 0.299999
      vertex -35.83 19.8426 0.299999
      vertex -34.7674 22.9881 0.299999
    endloop
  endfacet
  facet normal 0 0 -1
    outer loop
      vertex -37.0199 21.9033 0.299999
      vertex -34.7674 22.9881 0.299999
      vertex -35.83 19.8426 0.299999
    endloop
  endfacet
  facet normal -0 0 -1
    outer loop
      vertex -34.7674 22.9881 0.299999
      vertex -37.0199 21.9033 0.299999
      vertex -36.0121 25.1017 0.299999
    endloop
  endfacet
  facet normal 0 0 -1
    outer loop
      vertex -38.2645 24.017 0.299999
      vertex -36.0121 25.1017 0.299999
      vertex -37.0199 21.9033 0.299999
    endloop
  endfacet
  facet normal -0 0 -1
    outer loop
      vertex -36.0121 25.1017 0.299999
      vertex -38.2645 24.017 0.299999
      vertex -37.286 27.252 0.299999
    endloop
  endfacet
  facet normal 0 0 -1
    outer loop
      vertex -39.5384 26.1673 0.299999
      vertex -37.286 27.252 0.299999
      vertex -38.2645 24.017 0.299999
    endloop
  endfacet
  facet normal -0 0 -1
    outer loop
      vertex -37.286 27.252 0.299999
      vertex -39.5384 26.1673 0.299999
      vertex -38.5638 29.4223 0.299999
    endloop
  endfacet
  facet normal 0 0 -1
    outer loop
      vertex -40.8162 28.3376 0.299999
      vertex -38.5638 29.4223 0.299999
      vertex -39.5384 26.1673 0.299999
    endloop
  endfacet
  facet normal -0 0 -1
    outer loop
      vertex -38.5638 29.4223 0.299999
      vertex -40.8162 28.3376 0.299999
      vertex -39.82 31.5965 0.299999
    endloop
  endfacet
  facet normal 0 0 -1
    outer loop
      vertex -42.0724 30.5118 0.299999
      vertex -39.82 31.5965 0.299999
      vertex -40.8162 28.3376 0.299999
    endloop
  endfacet
  facet normal -0 0 -1
    outer loop
      vertex -39.82 31.5965 0.299999
      vertex -42.0724 30.5118 0.299999
      vertex -41.0293 33.758 0.299999
    endloop
  endfacet
  facet normal 0 0 -1
    outer loop
      vertex -43.2817 32.6733 0.299999
      vertex -41.0293 33.758 0.299999
      vertex -42.0724 30.5118 0.299999
    endloop
  endfacet
  facet normal -0 0 -1
    outer loop
      vertex -41.0293 33.758 0.299999
      vertex -43.2817 32.6733 0.299999
      vertex -42.1661 35.8904 0.299999
    endloop
  endfacet
  facet normal 0 0 -1
    outer loop
      vertex -44.4185 34.8057 0.299999
      vertex -42.1661 35.8904 0.299999
      vertex -43.2817 32.6733 0.299999
    endloop
  endfacet
  facet normal 0 0 -1
    outer loop
      vertex -44.75 35.4716 0.299999
      vertex -42.1661 35.8904 0.299999
      vertex -44.4185 34.8057 0.299999
    endloop
  endfacet
  facet normal 0 0 -1
    outer loop
      vertex -44 39.7355 0.299999
      vertex -44.2732 43.7678 0.299999
      vertex -44 43.7678 0.299999
    endloop
  endfacet
  facet normal 0 0 -1
    outer loop
      vertex -42.1661 35.8904 0.299999
      vertex -44.75 36.5 0.299999
      vertex -43.205 37.9773 0.299999
    endloop
  endfacet
  facet normal 0 0 -1
    outer loop
      vertex -44.7595 36.7179 0.299999
      vertex -43.205 37.9773 0.299999
      vertex -44.75 36.5 0.299999
    endloop
  endfacet
  facet normal 0 0 -1
    outer loop
      vertex -44.8352 37.147 0.299999
      vertex -43.205 37.9773 0.299999
      vertex -44.788 36.9341 0.299999
    endloop
  endfacet
  facet normal 0 0 -1
    outer loop
      vertex -44.9842 37.5565 0.299999
      vertex -43.205 37.9773 0.299999
      vertex -44.9008 37.355 0.299999
    endloop
  endfacet
  facet normal -0 0 -1
    outer loop
      vertex -42.1661 35.8904 0.299999
      vertex -44.75 35.4716 0.299999
      vertex -44.75 36.5 0.299999
    endloop
  endfacet
  facet normal 0 0 -1
    outer loop
      vertex -44.788 36.9341 0.299999
      vertex -43.205 37.9773 0.299999
      vertex -44.7595 36.7179 0.299999
    endloop
  endfacet
  facet normal 0 0 -1
    outer loop
      vertex -44.9008 37.355 0.299999
      vertex -43.205 37.9773 0.299999
      vertex -44.8352 37.147 0.299999
    endloop
  endfacet
  facet normal 0 0 -1
    outer loop
      vertex -45.0849 37.75 0.299999
      vertex -43.205 37.9773 0.299999
      vertex -44.9842 37.5565 0.299999
    endloop
  endfacet
  facet normal 0 0 -1
    outer loop
      vertex -45.2021 37.9339 0.299999
      vertex -43.205 37.9773 0.299999
      vertex -45.0849 37.75 0.299999
    endloop
  endfacet
  facet normal -0 0 -1
    outer loop
      vertex -43.205 37.9773 0.299999
      vertex -45.2021 37.9339 0.299999
      vertex -44 39.7355 0.299999
    endloop
  endfacet
  facet normal 0 0 -1
    outer loop
      vertex -45.3349 38.107 0.299999
      vertex -44 39.7355 0.299999
      vertex -45.2021 37.9339 0.299999
    endloop
  endfacet
  facet normal 0 0 -1
    outer loop
      vertex -45.4822 38.2678 0.299999
      vertex -44 39.7355 0.299999
      vertex -45.3349 38.107 0.299999
    endloop
  endfacet
  facet normal 0 0 -1
    outer loop
      vertex -45.643 38.4151 0.299999
      vertex -44 39.7355 0.299999
      vertex -45.4822 38.2678 0.299999
    endloop
  endfacet
  facet normal 0 0 -1
    outer loop
      vertex -45.8161 38.5479 0.299999
      vertex -44 39.7355 0.299999
      vertex -45.643 38.4151 0.299999
    endloop
  endfacet
  facet normal 0 0 -1
    outer loop
      vertex -46 38.6651 0.299999
      vertex -44 39.7355 0.299999
      vertex -45.8161 38.5479 0.299999
    endloop
  endfacet
  facet normal 0 0 -1
    outer loop
      vertex -46.1935 38.7658 0.299999
      vertex -44 39.7355 0.299999
      vertex -46 38.6651 0.299999
    endloop
  endfacet
  facet normal 0 0 -1
    outer loop
      vertex -46.395 38.8492 0.299999
      vertex -44 39.7355 0.299999
      vertex -46.1935 38.7658 0.299999
    endloop
  endfacet
  facet normal 0 0 -1
    outer loop
      vertex -46.603 38.9148 0.299999
      vertex -44 39.7355 0.299999
      vertex -46.395 38.8492 0.299999
    endloop
  endfacet
  facet normal -0 0 -1
    outer loop
      vertex -44 39.7355 0.299999
      vertex -46.603 38.9148 0.299999
      vertex -44.2732 43.7678 0.299999
    endloop
  endfacet
  facet normal 0 0 -1
    outer loop
      vertex -46.8159 38.962 0.299999
      vertex -44.2732 43.7678 0.299999
      vertex -46.603 38.9148 0.299999
    endloop
  endfacet
  facet normal 0 0 -1
    outer loop
      vertex -47.0321 38.9905 0.299999
      vertex -44.2732 43.7678 0.299999
      vertex -46.8159 38.962 0.299999
    endloop
  endfacet
  facet normal 0 0 -1
    outer loop
      vertex -47.25 39 0.299999
      vertex -44.2732 43.7678 0.299999
      vertex -47.0321 38.9905 0.299999
    endloop
  endfacet
  facet normal 0 0 -1
    outer loop
      vertex -47.4679 38.9905 0.299999
      vertex -44.2732 43.7678 0.299999
      vertex -47.25 39 0.299999
    endloop
  endfacet
  facet normal 0 0 -1
    outer loop
      vertex -47.6841 38.962 0.299999
      vertex -44.2732 43.7678 0.299999
      vertex -47.4679 38.9905 0.299999
    endloop
  endfacet
  facet normal 0 0 -1
    outer loop
      vertex -44.2732 43.7678 0.299999
      vertex -46 47.823 0.299999
      vertex -44.327 46.362 0.299999
    endloop
  endfacet
  facet normal 0 0 -1
    outer loop
      vertex -44.327 46.362 0.299999
      vertex -46 47.823 0.299999
      vertex -44.5729 46.7634 0.299999
    endloop
  endfacet
  facet normal 0 0 -1
    outer loop
      vertex -44.5729 46.7634 0.299999
      vertex -46 47.823 0.299999
      vertex -44.8787 47.1213 0.299999
    endloop
  endfacet
  facet normal 0 0 -1
    outer loop
      vertex -45.2366 47.427 0.299999
      vertex -46 47.823 0.299999
      vertex -45.638 47.673 0.299999
    endloop
  endfacet
  facet normal 0 0 -1
    outer loop
      vertex -44.8787 47.1213 0.299999
      vertex -46 47.823 0.299999
      vertex -45.2366 47.427 0.299999
    endloop
  endfacet
  facet normal 0 0 -1
    outer loop
      vertex -47.897 38.9148 0.299999
      vertex -44.2732 43.7678 0.299999
      vertex -47.6841 38.962 0.299999
    endloop
  endfacet
  facet normal -0 0 -1
    outer loop
      vertex -44.2732 43.7678 0.299999
      vertex -47.897 38.9148 0.299999
      vertex -46 47.823 0.299999
    endloop
  endfacet
  facet normal 0 0 -1
    outer loop
      vertex -48.105 38.8492 0.299999
      vertex -46 47.823 0.299999
      vertex -47.897 38.9148 0.299999
    endloop
  endfacet
  facet normal 0 0 -1
    outer loop
      vertex -48.3065 38.7658 0.299999
      vertex -46 47.823 0.299999
      vertex -48.105 38.8492 0.299999
    endloop
  endfacet
  facet normal 0 0 -1
    outer loop
      vertex -48.5 38.6651 0.299999
      vertex -46 47.823 0.299999
      vertex -48.3065 38.7658 0.299999
    endloop
  endfacet
  facet normal 0 0 -1
    outer loop
      vertex -48.6839 38.5479 0.299999
      vertex -46 47.823 0.299999
      vertex -48.5 38.6651 0.299999
    endloop
  endfacet
  facet normal 0 0 -1
    outer loop
      vertex -48.857 38.4151 0.299999
      vertex -46 47.823 0.299999
      vertex -48.6839 38.5479 0.299999
    endloop
  endfacet
  facet normal 0 0 -1
    outer loop
      vertex -49.0178 38.2678 0.299999
      vertex -46 47.823 0.299999
      vertex -48.857 38.4151 0.299999
    endloop
  endfacet
  facet normal 0 0 -1
    outer loop
      vertex -49.1651 38.107 0.299999
      vertex -46 47.823 0.299999
      vertex -49.0178 38.2678 0.299999
    endloop
  endfacet
  facet normal -0 0 -1
    outer loop
      vertex -46 47.823 0.299999
      vertex -49.1651 38.107 0.299999
      vertex -50 56 0.299999
    endloop
  endfacet
  facet normal 0 0 -1
    outer loop
      vertex -50 56 0.299999
      vertex -49.1651 38.107 0.299999
      vertex -49.2979 37.9339 0.299999
    endloop
  endfacet
  facet normal 0 0 -1
    outer loop
      vertex -50 56 0.299999
      vertex -49.2979 37.9339 0.299999
      vertex -49.4151 37.75 0.299999
    endloop
  endfacet
  facet normal 0 0 -1
    outer loop
      vertex -50 56 0.299999
      vertex -49.4151 37.75 0.299999
      vertex -49.5158 37.5565 0.299999
    endloop
  endfacet
  facet normal 0 0 -1
    outer loop
      vertex -50 56 0.299999
      vertex -49.5158 37.5565 0.299999
      vertex -49.5992 37.355 0.299999
    endloop
  endfacet
  facet normal 0 0 -1
    outer loop
      vertex -50 56 0.299999
      vertex -49.5992 37.355 0.299999
      vertex -49.6648 37.147 0.299999
    endloop
  endfacet
  facet normal 0 0 -1
    outer loop
      vertex -50 56 0.299999
      vertex -49.6648 37.147 0.299999
      vertex -49.712 36.9341 0.299999
    endloop
  endfacet
  facet normal 0 0 -1
    outer loop
      vertex -46 47.823 0.299999
      vertex -50 56 0.299999
      vertex -46 56 0.299999
    endloop
  endfacet
  facet normal 0 0 -1
    outer loop
      vertex -49.7405 36.7179 0.299999
      vertex -50 56 0.299999
      vertex -49.712 36.9341 0.299999
    endloop
  endfacet
  facet normal 0 0 -1
    outer loop
      vertex -49.75 36.5 0.299999
      vertex -50 56 0.299999
      vertex -49.7405 36.7179 0.299999
    endloop
  endfacet
  facet normal 0 0 -1
    outer loop
      vertex -50 56 0.299999
      vertex -49.75 36.5 0.299999
      vertex -50 -56 0.299999
    endloop
  endfacet
  facet normal 0 0 -1
    outer loop
      vertex -44.0369 44.5307 0.299999
      vertex -44.0369 45.4693 0.299999
      vertex -44 45 0.299999
    endloop
  endfacet
  facet normal 0 0 -1
    outer loop
      vertex -44.2732 43.7678 0.299999
      vertex -44.0369 44.5307 0.299999
      vertex -44.1468 44.0729 0.299999
    endloop
  endfacet
  facet normal -0 0 -1
    outer loop
      vertex -44.0369 44.5307 0.299999
      vertex -44.2732 43.7678 0.299999
      vertex -44.0369 45.4693 0.299999
    endloop
  endfacet
  facet normal -0 0 -1
    outer loop
      vertex -44.0369 45.4693 0.299999
      vertex -44.2732 43.7678 0.299999
      vertex -44.1468 45.927 0.299999
    endloop
  endfacet
  facet normal -0 0 -1
    outer loop
      vertex -44.1468 45.927 0.299999
      vertex -44.2732 43.7678 0.299999
      vertex -44.327 46.362 0.299999
    endloop
  endfacet
  facet normal 0 -1 0
    outer loop
      vertex -50 -56 0.299999
      vertex -46 -56 6.3
      vertex -50 -56 6.3
    endloop
  endfacet
  facet normal 0 -1 -0
    outer loop
      vertex -46 -56 6.3
      vertex -50 -56 0.299999
      vertex -46 -56 0.299999
    endloop
  endfacet
  facet normal -1 0 0
    outer loop
      vertex 46 -56 0.299999
      vertex 46 -44 6.3
      vertex 46 -44 0.299999
    endloop
  endfacet
  facet normal -1 -0 0
    outer loop
      vertex 46 -44 6.3
      vertex 46 -56 0.299999
      vertex 46 -56 6.3
    endloop
  endfacet
  facet normal -1 0 0
    outer loop
      vertex 46 47.823 0.299999
      vertex 46 56 6.3
      vertex 46 56 0.299999
    endloop
  endfacet
  facet normal -1 -0 0
    outer loop
      vertex 46 56 6.3
      vertex 46 47.823 0.299999
      vertex 46 47.823 6.3
    endloop
  endfacet
  facet normal -1 0 0
    outer loop
      vertex 46 32.981 1.5
      vertex 46 35.7678 6.3
      vertex 46 35.7678 1.5
    endloop
  endfacet
  facet normal -1 -0 0
    outer loop
      vertex 46 35.7678 6.3
      vertex 46 32.981 1.5
      vertex 46 32.981 6.3
    endloop
  endfacet
  facet normal -1 0 0
    outer loop
      vertex 46 6.5 0.299999
      vertex 46 11 6.3
      vertex 46 11 0.299999
    endloop
  endfacet
  facet normal -1 -0 0
    outer loop
      vertex 46 11 6.3
      vertex 46 6.5 0.299999
      vertex 46 6.5 6.3
    endloop
  endfacet
  facet normal -1 0 0
    outer loop
      vertex 46 -32 0.299999
      vertex 46 3.5 6.3
      vertex 46 3.5 0.299999
    endloop
  endfacet
  facet normal -1 -0 0
    outer loop
      vertex 46 3.5 6.3
      vertex 46 -32 0.299999
      vertex 46 -32 6.3
    endloop
  endfacet
  facet normal -0 0 1
    outer loop
      vertex 38 23 6.3
      vertex 44 22.981 6.3
      vertex 44 23 6.3
    endloop
  endfacet
  facet normal 0 0 1
    outer loop
      vertex 44 22.981 6.3
      vertex 43.6683 18.6673 6.3
      vertex 44 18.7 6.3
    endloop
  endfacet
  facet normal 0 0 1
    outer loop
      vertex 44 22.981 6.3
      vertex 43.3494 18.5706 6.3
      vertex 43.6683 18.6673 6.3
    endloop
  endfacet
  facet normal 0 0 1
    outer loop
      vertex 44 22.981 6.3
      vertex 43.0555 18.4135 6.3
      vertex 43.3494 18.5706 6.3
    endloop
  endfacet
  facet normal 0 0 1
    outer loop
      vertex 44 22.981 6.3
      vertex 38 23 6.3
      vertex 43.0555 18.4135 6.3
    endloop
  endfacet
  facet normal 0 0 1
    outer loop
      vertex 43.0555 18.4135 6.3
      vertex 38 23 6.3
      vertex 42.7979 18.2021 6.3
    endloop
  endfacet
  facet normal 0 0 1
    outer loop
      vertex 42.7979 18.2021 6.3
      vertex 38 23 6.3
      vertex 42.5865 17.9445 6.3
    endloop
  endfacet
  facet normal 0 0 1
    outer loop
      vertex 42.5865 17.9445 6.3
      vertex 38 23 6.3
      vertex 42.4294 17.6506 6.3
    endloop
  endfacet
  facet normal 0 0 1
    outer loop
      vertex 42.3327 17.3317 6.3
      vertex 38 23 6.3
      vertex 42.3 17 6.3
    endloop
  endfacet
  facet normal 0 0 1
    outer loop
      vertex 42.4294 17.6506 6.3
      vertex 38 23 6.3
      vertex 42.3327 17.3317 6.3
    endloop
  endfacet
  facet normal 0 0 1
    outer loop
      vertex 50 -56 6.3
      vertex 45.7 -38 6.3
      vertex 46 -44 6.3
    endloop
  endfacet
  facet normal 0 0 1
    outer loop
      vertex 46 -32 6.3
      vertex 45.6673 -37.6683 6.3
      vertex 45.7 -38 6.3
    endloop
  endfacet
  facet normal 0 0 1
    outer loop
      vertex 46 -32 6.3
      vertex 45.5706 -37.3494 6.3
      vertex 45.6673 -37.6683 6.3
    endloop
  endfacet
  facet normal 0 0 1
    outer loop
      vertex 46 -32 6.3
      vertex 45.4135 -37.0555 6.3
      vertex 45.5706 -37.3494 6.3
    endloop
  endfacet
  facet normal 0 0 1
    outer loop
      vertex 46 -32 6.3
      vertex 45.2021 -36.7979 6.3
      vertex 45.4135 -37.0555 6.3
    endloop
  endfacet
  facet normal 0 0 1
    outer loop
      vertex 46 -32 6.3
      vertex 44.9445 -36.5865 6.3
      vertex 45.2021 -36.7979 6.3
    endloop
  endfacet
  facet normal 0 0 1
    outer loop
      vertex 46 -32 6.3
      vertex 44.6506 -36.4294 6.3
      vertex 44.9445 -36.5865 6.3
    endloop
  endfacet
  facet normal 0 0 1
    outer loop
      vertex 46 -32 6.3
      vertex 44.3317 -36.3327 6.3
      vertex 44.6506 -36.4294 6.3
    endloop
  endfacet
  facet normal 0 0 1
    outer loop
      vertex 46 -32 6.3
      vertex 44 -36.3 6.3
      vertex 44.3317 -36.3327 6.3
    endloop
  endfacet
  facet normal 0 0 1
    outer loop
      vertex 46 -32 6.3
      vertex 43.6683 -36.3327 6.3
      vertex 44 -36.3 6.3
    endloop
  endfacet
  facet normal 0 0 1
    outer loop
      vertex 46 -32 6.3
      vertex 43.3494 -36.4294 6.3
      vertex 43.6683 -36.3327 6.3
    endloop
  endfacet
  facet normal -0 0 1
    outer loop
      vertex 38 -32 6.3
      vertex 43.3494 -36.4294 6.3
      vertex 46 -32 6.3
    endloop
  endfacet
  facet normal 0 0 1
    outer loop
      vertex 43.3494 -36.4294 6.3
      vertex 38 -32 6.3
      vertex 43.0555 -36.5865 6.3
    endloop
  endfacet
  facet normal 0 0 1
    outer loop
      vertex 43.0555 -36.5865 6.3
      vertex 38 -32 6.3
      vertex 42.7979 -36.7979 6.3
    endloop
  endfacet
  facet normal 0 0 1
    outer loop
      vertex 42.3327 -37.6683 6.3
      vertex 38 -32 6.3
      vertex 42.3 -38 6.3
    endloop
  endfacet
  facet normal 0 0 1
    outer loop
      vertex 42.4294 -37.3494 6.3
      vertex 38 -32 6.3
      vertex 42.3327 -37.6683 6.3
    endloop
  endfacet
  facet normal 0 0 1
    outer loop
      vertex 42.5865 -37.0555 6.3
      vertex 38 -32 6.3
      vertex 42.4294 -37.3494 6.3
    endloop
  endfacet
  facet normal 0 0 1
    outer loop
      vertex 42.7979 -36.7979 6.3
      vertex 38 -32 6.3
      vertex 42.5865 -37.0555 6.3
    endloop
  endfacet
  facet normal 0 0 1
    outer loop
      vertex 50 22.981 6.3
      vertex 49.5 5 6.3
      vertex 50 -56 6.3
    endloop
  endfacet
  facet normal 0 0 1
    outer loop
      vertex 50 22.981 6.3
      vertex 49.4943 5.13073 6.3
      vertex 49.5 5 6.3
    endloop
  endfacet
  facet normal 0 0 1
    outer loop
      vertex 50 22.981 6.3
      vertex 49.4772 5.26047 6.3
      vertex 49.4943 5.13073 6.3
    endloop
  endfacet
  facet normal 0 0 1
    outer loop
      vertex 50 22.981 6.3
      vertex 49.4489 5.38823 6.3
      vertex 49.4772 5.26047 6.3
    endloop
  endfacet
  facet normal 0 0 1
    outer loop
      vertex 50 22.981 6.3
      vertex 49.4095 5.51303 6.3
      vertex 49.4489 5.38823 6.3
    endloop
  endfacet
  facet normal 0 0 1
    outer loop
      vertex 50 22.981 6.3
      vertex 49.3595 5.63393 6.3
      vertex 49.4095 5.51303 6.3
    endloop
  endfacet
  facet normal 0 0 1
    outer loop
      vertex 50 22.981 6.3
      vertex 49.299 5.75 6.3
      vertex 49.3595 5.63393 6.3
    endloop
  endfacet
  facet normal 0 0 1
    outer loop
      vertex 50 22.981 6.3
      vertex 49.2287 5.86036 6.3
      vertex 49.299 5.75 6.3
    endloop
  endfacet
  facet normal 0 0 1
    outer loop
      vertex 50 22.981 6.3
      vertex 49.1491 5.96418 6.3
      vertex 49.2287 5.86036 6.3
    endloop
  endfacet
  facet normal 0 0 1
    outer loop
      vertex 50 22.981 6.3
      vertex 49.0607 6.06066 6.3
      vertex 49.1491 5.96418 6.3
    endloop
  endfacet
  facet normal -0 0 1
    outer loop
      vertex 46 11 6.3
      vertex 49.0607 6.06066 6.3
      vertex 50 22.981 6.3
    endloop
  endfacet
  facet normal 0 0 1
    outer loop
      vertex 49.0607 6.06066 6.3
      vertex 46 11 6.3
      vertex 48.9642 6.14907 6.3
    endloop
  endfacet
  facet normal 0 0 1
    outer loop
      vertex 48.9642 6.14907 6.3
      vertex 46 11 6.3
      vertex 48.8604 6.22873 6.3
    endloop
  endfacet
  facet normal 0 0 1
    outer loop
      vertex 48.8604 6.22873 6.3
      vertex 46 11 6.3
      vertex 48.75 6.29904 6.3
    endloop
  endfacet
  facet normal 0 0 1
    outer loop
      vertex 48.75 6.29904 6.3
      vertex 46 11 6.3
      vertex 48.6339 6.35946 6.3
    endloop
  endfacet
  facet normal 0 0 1
    outer loop
      vertex 48.6339 6.35946 6.3
      vertex 46 11 6.3
      vertex 48.513 6.40954 6.3
    endloop
  endfacet
  facet normal 0 0 1
    outer loop
      vertex 48.513 6.40954 6.3
      vertex 46 11 6.3
      vertex 48.3882 6.44889 6.3
    endloop
  endfacet
  facet normal 0 0 1
    outer loop
      vertex 48.3882 6.44889 6.3
      vertex 46 11 6.3
      vertex 48.2605 6.47721 6.3
    endloop
  endfacet
  facet normal 0 0 1
    outer loop
      vertex 48.2605 6.47721 6.3
      vertex 46 11 6.3
      vertex 48.1307 6.49429 6.3
    endloop
  endfacet
  facet normal 0 0 1
    outer loop
      vertex 48.1307 6.49429 6.3
      vertex 46 11 6.3
      vertex 48 6.5 6.3
    endloop
  endfacet
  facet normal 0 0 1
    outer loop
      vertex 45.6673 16.6683 6.3
      vertex 50 22.981 6.3
      vertex 45.7 17 6.3
    endloop
  endfacet
  facet normal 0 0 1
    outer loop
      vertex 50 22.981 6.3
      vertex 45.6673 17.3317 6.3
      vertex 45.7 17 6.3
    endloop
  endfacet
  facet normal 0 0 1
    outer loop
      vertex 50 22.981 6.3
      vertex 45.5706 17.6506 6.3
      vertex 45.6673 17.3317 6.3
    endloop
  endfacet
  facet normal 0 0 1
    outer loop
      vertex 50 22.981 6.3
      vertex 45.4135 17.9445 6.3
      vertex 45.5706 17.6506 6.3
    endloop
  endfacet
  facet normal 0 0 1
    outer loop
      vertex 50 22.981 6.3
      vertex 45.2021 18.2021 6.3
      vertex 45.4135 17.9445 6.3
    endloop
  endfacet
  facet normal 0 0 1
    outer loop
      vertex 50 22.981 6.3
      vertex 44.9445 18.4135 6.3
      vertex 45.2021 18.2021 6.3
    endloop
  endfacet
  facet normal -0 0 1
    outer loop
      vertex 44 22.981 6.3
      vertex 44.9445 18.4135 6.3
      vertex 50 22.981 6.3
    endloop
  endfacet
  facet normal 0 0 1
    outer loop
      vertex 44.9445 18.4135 6.3
      vertex 44 22.981 6.3
      vertex 44.6506 18.5706 6.3
    endloop
  endfacet
  facet normal 0 0 1
    outer loop
      vertex 44.6506 18.5706 6.3
      vertex 44 22.981 6.3
      vertex 44.3317 18.6673 6.3
    endloop
  endfacet
  facet normal 0 0 1
    outer loop
      vertex 44.3317 18.6673 6.3
      vertex 44 22.981 6.3
      vertex 44 18.7 6.3
    endloop
  endfacet
  facet normal -0 0 1
    outer loop
      vertex 49.4943 4.86927 6.3
      vertex 50 -56 6.3
      vertex 49.5 5 6.3
    endloop
  endfacet
  facet normal -0 0 1
    outer loop
      vertex 49.4772 4.73953 6.3
      vertex 50 -56 6.3
      vertex 49.4943 4.86927 6.3
    endloop
  endfacet
  facet normal -0 0 1
    outer loop
      vertex 49.4489 4.61177 6.3
      vertex 50 -56 6.3
      vertex 49.4772 4.73953 6.3
    endloop
  endfacet
  facet normal 0 0 1
    outer loop
      vertex 46 -32 6.3
      vertex 49.4489 4.61177 6.3
      vertex 49.4095 4.48697 6.3
    endloop
  endfacet
  facet normal 0 0 1
    outer loop
      vertex 46 -32 6.3
      vertex 49.4095 4.48697 6.3
      vertex 49.3595 4.36607 6.3
    endloop
  endfacet
  facet normal 0 0 1
    outer loop
      vertex 46 -32 6.3
      vertex 49.3595 4.36607 6.3
      vertex 49.299 4.25 6.3
    endloop
  endfacet
  facet normal 0 0 1
    outer loop
      vertex 46 -32 6.3
      vertex 49.299 4.25 6.3
      vertex 49.2287 4.13964 6.3
    endloop
  endfacet
  facet normal 0 0 1
    outer loop
      vertex 46 -32 6.3
      vertex 49.2287 4.13964 6.3
      vertex 49.1491 4.03582 6.3
    endloop
  endfacet
  facet normal 0 0 1
    outer loop
      vertex 46 -32 6.3
      vertex 49.1491 4.03582 6.3
      vertex 49.0607 3.93934 6.3
    endloop
  endfacet
  facet normal 0 0 1
    outer loop
      vertex 46 -32 6.3
      vertex 49.0607 3.93934 6.3
      vertex 48.9642 3.85093 6.3
    endloop
  endfacet
  facet normal 0 0 1
    outer loop
      vertex 46 -32 6.3
      vertex 48.9642 3.85093 6.3
      vertex 48.8604 3.77127 6.3
    endloop
  endfacet
  facet normal 0 0 1
    outer loop
      vertex 46 -32 6.3
      vertex 48.8604 3.77127 6.3
      vertex 48.75 3.70096 6.3
    endloop
  endfacet
  facet normal 0 0 1
    outer loop
      vertex 46 -32 6.3
      vertex 48.75 3.70096 6.3
      vertex 48.6339 3.64054 6.3
    endloop
  endfacet
  facet normal 0 0 1
    outer loop
      vertex 46 -32 6.3
      vertex 48.6339 3.64054 6.3
      vertex 48.513 3.59046 6.3
    endloop
  endfacet
  facet normal 0 0 1
    outer loop
      vertex 46 -32 6.3
      vertex 48.513 3.59046 6.3
      vertex 48.3882 3.55111 6.3
    endloop
  endfacet
  facet normal 0 0 1
    outer loop
      vertex 46 -32 6.3
      vertex 48.3882 3.55111 6.3
      vertex 48.2605 3.52279 6.3
    endloop
  endfacet
  facet normal 0 0 1
    outer loop
      vertex 46 -32 6.3
      vertex 48.2605 3.52279 6.3
      vertex 48.1307 3.50571 6.3
    endloop
  endfacet
  facet normal 0 0 1
    outer loop
      vertex 46 -32 6.3
      vertex 48.1307 3.50571 6.3
      vertex 48 3.5 6.3
    endloop
  endfacet
  facet normal 0 0 1
    outer loop
      vertex 46 -32 6.3
      vertex 48 3.5 6.3
      vertex 46 3.5 6.3
    endloop
  endfacet
  facet normal 0 0 1
    outer loop
      vertex 49.4489 4.61177 6.3
      vertex 46 -32 6.3
      vertex 50 -56 6.3
    endloop
  endfacet
  facet normal -0 0 1
    outer loop
      vertex 45.7 -38 6.3
      vertex 50 -56 6.3
      vertex 46 -32 6.3
    endloop
  endfacet
  facet normal 0 0 1
    outer loop
      vertex 50 -56 6.3
      vertex 46 -44 6.3
      vertex 46 -56 6.3
    endloop
  endfacet
  facet normal 0 0 1
    outer loop
      vertex 48 6.5 6.3
      vertex 46 11 6.3
      vertex 46 6.5 6.3
    endloop
  endfacet
  facet normal 0 0 1
    outer loop
      vertex 50 22.981 6.3
      vertex 45.6673 16.6683 6.3
      vertex 46 11 6.3
    endloop
  endfacet
  facet normal -0 0 1
    outer loop
      vertex 45.5706 16.3494 6.3
      vertex 46 11 6.3
      vertex 45.6673 16.6683 6.3
    endloop
  endfacet
  facet normal -0 0 1
    outer loop
      vertex 45.4135 16.0555 6.3
      vertex 46 11 6.3
      vertex 45.5706 16.3494 6.3
    endloop
  endfacet
  facet normal -0 0 1
    outer loop
      vertex 45.2021 15.7979 6.3
      vertex 46 11 6.3
      vertex 45.4135 16.0555 6.3
    endloop
  endfacet
  facet normal -0 0 1
    outer loop
      vertex 44.9445 15.5865 6.3
      vertex 46 11 6.3
      vertex 45.2021 15.7979 6.3
    endloop
  endfacet
  facet normal -0 0 1
    outer loop
      vertex 44.6506 15.4294 6.3
      vertex 46 11 6.3
      vertex 44.9445 15.5865 6.3
    endloop
  endfacet
  facet normal -0 0 1
    outer loop
      vertex 44.3317 15.3327 6.3
      vertex 46 11 6.3
      vertex 44.6506 15.4294 6.3
    endloop
  endfacet
  facet normal -0 0 1
    outer loop
      vertex 44 15.3 6.3
      vertex 46 11 6.3
      vertex 44.3317 15.3327 6.3
    endloop
  endfacet
  facet normal 0 0 1
    outer loop
      vertex 43.6683 15.3327 6.3
      vertex 46 11 6.3
      vertex 44 15.3 6.3
    endloop
  endfacet
  facet normal 0 0 1
    outer loop
      vertex 43.3494 15.4294 6.3
      vertex 46 11 6.3
      vertex 43.6683 15.3327 6.3
    endloop
  endfacet
  facet normal 0 0 1
    outer loop
      vertex 38 11 6.3
      vertex 43.3494 15.4294 6.3
      vertex 43.0555 15.5865 6.3
    endloop
  endfacet
  facet normal 0 0 1
    outer loop
      vertex 38 11 6.3
      vertex 43.0555 15.5865 6.3
      vertex 42.7979 15.7979 6.3
    endloop
  endfacet
  facet normal 0 0 1
    outer loop
      vertex 38 11 6.3
      vertex 42.7979 15.7979 6.3
      vertex 42.5865 16.0555 6.3
    endloop
  endfacet
  facet normal 0 0 1
    outer loop
      vertex 38 11 6.3
      vertex 42.3 17 6.3
      vertex 38 23 6.3
    endloop
  endfacet
  facet normal 0 0 1
    outer loop
      vertex 42.3 17 6.3
      vertex 38 11 6.3
      vertex 42.3327 16.6683 6.3
    endloop
  endfacet
  facet normal 0 0 1
    outer loop
      vertex 42.3327 16.6683 6.3
      vertex 38 11 6.3
      vertex 42.4294 16.3494 6.3
    endloop
  endfacet
  facet normal 0 0 1
    outer loop
      vertex 43.3494 15.4294 6.3
      vertex 38 11 6.3
      vertex 46 11 6.3
    endloop
  endfacet
  facet normal 0 0 1
    outer loop
      vertex 42.4294 16.3494 6.3
      vertex 38 11 6.3
      vertex 42.5865 16.0555 6.3
    endloop
  endfacet
  facet normal -0 0 1
    outer loop
      vertex 45.6673 -38.3317 6.3
      vertex 46 -44 6.3
      vertex 45.7 -38 6.3
    endloop
  endfacet
  facet normal -0 0 1
    outer loop
      vertex 45.5706 -38.6506 6.3
      vertex 46 -44 6.3
      vertex 45.6673 -38.3317 6.3
    endloop
  endfacet
  facet normal -0 0 1
    outer loop
      vertex 45.4135 -38.9445 6.3
      vertex 46 -44 6.3
      vertex 45.5706 -38.6506 6.3
    endloop
  endfacet
  facet normal -0 0 1
    outer loop
      vertex 45.2021 -39.2021 6.3
      vertex 46 -44 6.3
      vertex 45.4135 -38.9445 6.3
    endloop
  endfacet
  facet normal -0 0 1
    outer loop
      vertex 44.9445 -39.4135 6.3
      vertex 46 -44 6.3
      vertex 45.2021 -39.2021 6.3
    endloop
  endfacet
  facet normal -0 0 1
    outer loop
      vertex 44.6506 -39.5706 6.3
      vertex 46 -44 6.3
      vertex 44.9445 -39.4135 6.3
    endloop
  endfacet
  facet normal -0 0 1
    outer loop
      vertex 44.3317 -39.6673 6.3
      vertex 46 -44 6.3
      vertex 44.6506 -39.5706 6.3
    endloop
  endfacet
  facet normal -0 0 1
    outer loop
      vertex 44 -39.7 6.3
      vertex 46 -44 6.3
      vertex 44.3317 -39.6673 6.3
    endloop
  endfacet
  facet normal 0 0 1
    outer loop
      vertex 43.6683 -39.6673 6.3
      vertex 46 -44 6.3
      vertex 44 -39.7 6.3
    endloop
  endfacet
  facet normal 0 0 1
    outer loop
      vertex 43.3494 -39.5706 6.3
      vertex 46 -44 6.3
      vertex 43.6683 -39.6673 6.3
    endloop
  endfacet
  facet normal 0 0 1
    outer loop
      vertex 38 -44 6.3
      vertex 43.3494 -39.5706 6.3
      vertex 43.0555 -39.4135 6.3
    endloop
  endfacet
  facet normal 0 0 1
    outer loop
      vertex 38 -44 6.3
      vertex 43.0555 -39.4135 6.3
      vertex 42.7979 -39.2021 6.3
    endloop
  endfacet
  facet normal 0 0 1
    outer loop
      vertex 38 -44 6.3
      vertex 42.7979 -39.2021 6.3
      vertex 42.5865 -38.9445 6.3
    endloop
  endfacet
  facet normal 0 0 1
    outer loop
      vertex 38 -44 6.3
      vertex 42.3 -38 6.3
      vertex 38 -32 6.3
    endloop
  endfacet
  facet normal 0 0 1
    outer loop
      vertex 42.3 -38 6.3
      vertex 38 -44 6.3
      vertex 42.3327 -38.3317 6.3
    endloop
  endfacet
  facet normal 0 0 1
    outer loop
      vertex 42.3327 -38.3317 6.3
      vertex 38 -44 6.3
      vertex 42.4294 -38.6506 6.3
    endloop
  endfacet
  facet normal 0 0 1
    outer loop
      vertex 43.3494 -39.5706 6.3
      vertex 38 -44 6.3
      vertex 46 -44 6.3
    endloop
  endfacet
  facet normal 0 0 1
    outer loop
      vertex 42.4294 -38.6506 6.3
      vertex 38 -44 6.3
      vertex 42.5865 -38.9445 6.3
    endloop
  endfacet
  facet normal 0 0 1
    outer loop
      vertex 50 56 6.3
      vertex 49.9631 45.4693 6.3
      vertex 50 45 6.3
    endloop
  endfacet
  facet normal 0 0 1
    outer loop
      vertex 50 56 6.3
      vertex 49.8532 45.927 6.3
      vertex 49.9631 45.4693 6.3
    endloop
  endfacet
  facet normal 0 0 1
    outer loop
      vertex 50 56 6.3
      vertex 49.673 46.362 6.3
      vertex 49.8532 45.927 6.3
    endloop
  endfacet
  facet normal 0 0 1
    outer loop
      vertex 50 56 6.3
      vertex 49.427 46.7634 6.3
      vertex 49.673 46.362 6.3
    endloop
  endfacet
  facet normal 0 0 1
    outer loop
      vertex 50 56 6.3
      vertex 49.1213 47.1213 6.3
      vertex 49.427 46.7634 6.3
    endloop
  endfacet
  facet normal 0 0 1
    outer loop
      vertex 50 56 6.3
      vertex 48.7634 47.427 6.3
      vertex 49.1213 47.1213 6.3
    endloop
  endfacet
  facet normal 0 0 1
    outer loop
      vertex 50 56 6.3
      vertex 48.362 47.673 6.3
      vertex 48.7634 47.427 6.3
    endloop
  endfacet
  facet normal 0 0 1
    outer loop
      vertex 50 56 6.3
      vertex 47.927 47.8532 6.3
      vertex 48.362 47.673 6.3
    endloop
  endfacet
  facet normal 0 0 1
    outer loop
      vertex 50 56 6.3
      vertex 47.4693 47.9631 6.3
      vertex 47.927 47.8532 6.3
    endloop
  endfacet
  facet normal -0 0 1
    outer loop
      vertex 46 56 6.3
      vertex 47.4693 47.9631 6.3
      vertex 50 56 6.3
    endloop
  endfacet
  facet normal 0 0 1
    outer loop
      vertex 47.4693 47.9631 6.3
      vertex 46 56 6.3
      vertex 47 48 6.3
    endloop
  endfacet
  facet normal 0 0 1
    outer loop
      vertex 47 48 6.3
      vertex 46 56 6.3
      vertex 46.5307 47.9631 6.3
    endloop
  endfacet
  facet normal 0 0 1
    outer loop
      vertex 46.5307 47.9631 6.3
      vertex 46 56 6.3
      vertex 46.0729 47.8532 6.3
    endloop
  endfacet
  facet normal 0 0 1
    outer loop
      vertex 46.0729 47.8532 6.3
      vertex 46 56 6.3
      vertex 46 47.823 6.3
    endloop
  endfacet
  facet normal -0 0 1
    outer loop
      vertex 46 35.7678 6.3
      vertex 50 32.981 6.3
      vertex 50 35.7678 6.3
    endloop
  endfacet
  facet normal 0 0 1
    outer loop
      vertex 50 32.981 6.3
      vertex 46 35.7678 6.3
      vertex 46 32.981 6.3
    endloop
  endfacet
  facet normal -0 0 1
    outer loop
      vertex 49.9631 44.5307 6.3
      vertex 50 43.7678 6.3
      vertex 50 45 6.3
    endloop
  endfacet
  facet normal -0 0 1
    outer loop
      vertex 49.8532 44.0729 6.3
      vertex 50 43.7678 6.3
      vertex 49.9631 44.5307 6.3
    endloop
  endfacet
  facet normal 0 0 1
    outer loop
      vertex 50 43.7678 6.3
      vertex 49.8532 44.0729 6.3
      vertex 49.7268 43.7678 6.3
    endloop
  endfacet
  facet normal 1 0 0
    outer loop
      vertex 50 32.981 61
      vertex 50 22.981 61
      vertex 50 32.981 6.3
    endloop
  endfacet
  facet normal 1 0 0
    outer loop
      vertex 50 43.7678 43.15
      vertex 50 35.7678 43.15
      vertex 50 43.7678 6.3
    endloop
  endfacet
  facet normal 1 -0 0
    outer loop
      vertex 50 45 6.3
      vertex 50 56 0.299999
      vertex 50 56 6.3
    endloop
  endfacet
  facet normal 1 -0 0
    outer loop
      vertex 50 43.7678 6.3
      vertex 50 56 0.299999
      vertex 50 45 6.3
    endloop
  endfacet
  facet normal 1 0 0
    outer loop
      vertex 50 35.7678 6.3
      vertex 50 43.7678 6.3
      vertex 50 35.7678 43.15
    endloop
  endfacet
  facet normal 1 -0 0
    outer loop
      vertex 50 35.7678 6.3
      vertex 50 56 0.299999
      vertex 50 43.7678 6.3
    endloop
  endfacet
  facet normal 1 -0 0
    outer loop
      vertex 50 32.981 6.3
      vertex 50 56 0.299999
      vertex 50 35.7678 6.3
    endloop
  endfacet
  facet normal 1 0 0
    outer loop
      vertex 50 22.981 6.3
      vertex 50 32.981 6.3
      vertex 50 22.981 61
    endloop
  endfacet
  facet normal 1 -0 0
    outer loop
      vertex 50 22.981 6.3
      vertex 50 56 0.299999
      vertex 50 32.981 6.3
    endloop
  endfacet
  facet normal 1 0 0
    outer loop
      vertex 50 -56 0.299999
      vertex 50 22.981 6.3
      vertex 50 -56 6.3
    endloop
  endfacet
  facet normal 1 0 0
    outer loop
      vertex 50 22.981 6.3
      vertex 50 -56 0.299999
      vertex 50 56 0.299999
    endloop
  endfacet
  facet normal 0 1 -0
    outer loop
      vertex 50 56 0.299999
      vertex 46 56 6.3
      vertex 50 56 6.3
    endloop
  endfacet
  facet normal 0 1 0
    outer loop
      vertex 46 56 6.3
      vertex 50 56 0.299999
      vertex 46 56 0.299999
    endloop
  endfacet
  facet normal 0 0 -1
    outer loop
      vertex 29.8811 7.7236 0.299999
      vertex 32.3811 7.7236 0.299999
      vertex 32.3497 7.44547 0.299999
    endloop
  endfacet
  facet normal 0 0 -1
    outer loop
      vertex 32.3811 7.7236 0.299999
      vertex 29.8811 7.7236 0.299999
      vertex 32.3435 8.14856 0.299999
    endloop
  endfacet
  facet normal 0 0 -1
    outer loop
      vertex 32.1084 6.94424 0.299999
      vertex 32.3497 7.44547 0.299999
      vertex 32.2573 7.18126 0.299999
    endloop
  endfacet
  facet normal 0 0 -1
    outer loop
      vertex 32.3435 8.14856 0.299999
      vertex 29.7904 8.7794 0.299999
      vertex 32.2904 8.7794 0.299999
    endloop
  endfacet
  facet normal 0 0 -1
    outer loop
      vertex 32.2904 8.7794 0.299999
      vertex 29.7904 8.7794 0.299999
      vertex 32.2325 9.54672 0.299999
    endloop
  endfacet
  facet normal 0 0 -1
    outer loop
      vertex 29.7325 9.54672 0.299999
      vertex 32.2325 9.54672 0.299999
      vertex 29.7904 8.7794 0.299999
    endloop
  endfacet
  facet normal 0 0 -1
    outer loop
      vertex 32.2325 9.54672 0.299999
      vertex 29.7325 9.54672 0.299999
      vertex 32.1806 10.3811 0.299999
    endloop
  endfacet
  facet normal 0 0 -1
    outer loop
      vertex 29.8811 7.7236 0.299999
      vertex 32.3497 7.44547 0.299999
      vertex 32.1084 6.94424 0.299999
    endloop
  endfacet
  facet normal 0 0 -1
    outer loop
      vertex 43.3602 20.227 0.299999
      vertex 44 23 0.299999
      vertex 44 20.2901 0.299999
    endloop
  endfacet
  facet normal 0 0 -1
    outer loop
      vertex 43.3581 20.2268 0.299999
      vertex 44 23 0.299999
      vertex 43.3602 20.227 0.299999
    endloop
  endfacet
  facet normal 0 0 -1
    outer loop
      vertex 43.3562 20.2262 0.299999
      vertex 44 23 0.299999
      vertex 43.3581 20.2268 0.299999
    endloop
  endfacet
  facet normal 0 0 -1
    outer loop
      vertex 42.7409 20.0396 0.299999
      vertex 44 23 0.299999
      vertex 43.3562 20.2262 0.299999
    endloop
  endfacet
  facet normal 0 0 -1
    outer loop
      vertex 42.7391 20.0386 0.299999
      vertex 44 23 0.299999
      vertex 42.7409 20.0396 0.299999
    endloop
  endfacet
  facet normal 0 0 -1
    outer loop
      vertex 42.1721 19.7356 0.299999
      vertex 44 23 0.299999
      vertex 42.7391 20.0386 0.299999
    endloop
  endfacet
  facet normal 0 0 -1
    outer loop
      vertex 38 23 0.299999
      vertex 42.1721 19.7356 0.299999
      vertex 41.6752 19.3277 0.299999
    endloop
  endfacet
  facet normal 0 0 -1
    outer loop
      vertex 38 23 0.299999
      vertex 41.6752 19.3277 0.299999
      vertex 41.6736 19.3264 0.299999
    endloop
  endfacet
  facet normal 0 0 -1
    outer loop
      vertex 38 23 0.299999
      vertex 41.6736 19.3264 0.299999
      vertex 41.6723 19.3248 0.299999
    endloop
  endfacet
  facet normal 0 0 -1
    outer loop
      vertex 38 23 0.299999
      vertex 41.6723 19.3248 0.299999
      vertex 41.2644 18.8279 0.299999
    endloop
  endfacet
  facet normal 0 0 -1
    outer loop
      vertex 38 23 0.299999
      vertex 40.9614 18.2609 0.299999
      vertex 40.9604 18.2591 0.299999
    endloop
  endfacet
  facet normal 0 0 -1
    outer loop
      vertex 38 23 0.299999
      vertex 40.7099 17 0.299999
      vertex 38 11 0.299999
    endloop
  endfacet
  facet normal 0 0 -1
    outer loop
      vertex 40.7099 17 0.299999
      vertex 38 23 0.299999
      vertex 40.7729 17.6398 0.299999
    endloop
  endfacet
  facet normal 0 0 -1
    outer loop
      vertex 40.7729 17.6398 0.299999
      vertex 38 23 0.299999
      vertex 40.7732 17.6419 0.299999
    endloop
  endfacet
  facet normal 0 0 -1
    outer loop
      vertex 40.7732 17.6419 0.299999
      vertex 38 23 0.299999
      vertex 40.7738 17.6438 0.299999
    endloop
  endfacet
  facet normal 0 0 -1
    outer loop
      vertex 42.1721 19.7356 0.299999
      vertex 38 23 0.299999
      vertex 44 23 0.299999
    endloop
  endfacet
  facet normal 0 0 -1
    outer loop
      vertex 40.9614 18.2609 0.299999
      vertex 38 23 0.299999
      vertex 41.2644 18.8279 0.299999
    endloop
  endfacet
  facet normal 0 0 -1
    outer loop
      vertex 40.7738 17.6438 0.299999
      vertex 38 23 0.299999
      vertex 40.9604 18.2591 0.299999
    endloop
  endfacet
  facet normal 0 0 -1
    outer loop
      vertex 42.1661 35.8904 0.299999
      vertex 44.75 36.5 0.299999
      vertex 44.75 35.4716 0.299999
    endloop
  endfacet
  facet normal 0 0 -1
    outer loop
      vertex 42.1661 35.8904 0.299999
      vertex 44.75 35.4716 0.299999
      vertex 44.4185 34.8057 0.299999
    endloop
  endfacet
  facet normal 0 0 -1
    outer loop
      vertex 44.75 36.5 0.299999
      vertex 44.2732 43.7678 0.299999
      vertex 44.5729 46.7634 0.299999
    endloop
  endfacet
  facet normal 0 0 -1
    outer loop
      vertex 44.5729 46.7634 0.299999
      vertex 44.2732 43.7678 0.299999
      vertex 44.327 46.362 0.299999
    endloop
  endfacet
  facet normal 0 0 -1
    outer loop
      vertex 44.75 36.5 0.299999
      vertex 44 39.7355 0.299999
      vertex 44.2732 43.7678 0.299999
    endloop
  endfacet
  facet normal 0 0 -1
    outer loop
      vertex 42.1661 35.8904 0.299999
      vertex 44.4185 34.8057 0.299999
      vertex 43.2817 32.6733 0.299999
    endloop
  endfacet
  facet normal 0 0 -1
    outer loop
      vertex 44.75 36.5 0.299999
      vertex 43.205 37.9773 0.299999
      vertex 44 39.7355 0.299999
    endloop
  endfacet
  facet normal -0 0 -1
    outer loop
      vertex 44.75 36.5 0.299999
      vertex 42.1661 35.8904 0.299999
      vertex 43.205 37.9773 0.299999
    endloop
  endfacet
  facet normal 0 0 -1
    outer loop
      vertex 41.0293 33.758 0.299999
      vertex 43.2817 32.6733 0.299999
      vertex 42.0724 30.5118 0.299999
    endloop
  endfacet
  facet normal 0 0 -1
    outer loop
      vertex 43.2817 32.6733 0.299999
      vertex 41.0293 33.758 0.299999
      vertex 42.1661 35.8904 0.299999
    endloop
  endfacet
  facet normal 0 0 -1
    outer loop
      vertex 39.82 31.5965 0.299999
      vertex 42.0724 30.5118 0.299999
      vertex 40.8162 28.3376 0.299999
    endloop
  endfacet
  facet normal 0 0 -1
    outer loop
      vertex 42.0724 30.5118 0.299999
      vertex 39.82 31.5965 0.299999
      vertex 41.0293 33.758 0.299999
    endloop
  endfacet
  facet normal 0 0 -1
    outer loop
      vertex 38.5638 29.4223 0.299999
      vertex 40.8162 28.3376 0.299999
      vertex 39.5384 26.1673 0.299999
    endloop
  endfacet
  facet normal 0 0 -1
    outer loop
      vertex 40.8162 28.3376 0.299999
      vertex 38.5638 29.4223 0.299999
      vertex 39.82 31.5965 0.299999
    endloop
  endfacet
  facet normal 0 0 -1
    outer loop
      vertex 37.286 27.252 0.299999
      vertex 39.5384 26.1673 0.299999
      vertex 38.2645 24.017 0.299999
    endloop
  endfacet
  facet normal 0 0 -1
    outer loop
      vertex 39.5384 26.1673 0.299999
      vertex 37.286 27.252 0.299999
      vertex 38.5638 29.4223 0.299999
    endloop
  endfacet
  facet normal 0 0 -1
    outer loop
      vertex 36.0121 25.1017 0.299999
      vertex 38.2645 24.017 0.299999
      vertex 37.0199 21.9033 0.299999
    endloop
  endfacet
  facet normal 0 0 -1
    outer loop
      vertex 38.2645 24.017 0.299999
      vertex 36.0121 25.1017 0.299999
      vertex 37.286 27.252 0.299999
    endloop
  endfacet
  facet normal 0 0 -1
    outer loop
      vertex 34.7674 22.9881 0.299999
      vertex 37.0199 21.9033 0.299999
      vertex 35.83 19.8426 0.299999
    endloop
  endfacet
  facet normal 0 0 -1
    outer loop
      vertex 37.0199 21.9033 0.299999
      vertex 34.7674 22.9881 0.299999
      vertex 36.0121 25.1017 0.299999
    endloop
  endfacet
  facet normal 0 0 -1
    outer loop
      vertex 33.5775 20.9274 0.299999
      vertex 35.83 19.8426 0.299999
      vertex 34.7202 17.8513 0.299999
    endloop
  endfacet
  facet normal 0 0 -1
    outer loop
      vertex 32.4678 18.936 0.299999
      vertex 34.7202 17.8513 0.299999
      vertex 33.716 15.9458 0.299999
    endloop
  endfacet
  facet normal 0 0 -1
    outer loop
      vertex 35.83 19.8426 0.299999
      vertex 33.5775 20.9274 0.299999
      vertex 34.7674 22.9881 0.299999
    endloop
  endfacet
  facet normal 0 0 -1
    outer loop
      vertex 31.4636 17.0305 0.299999
      vertex 33.716 15.9458 0.299999
      vertex 32.8429 14.1424 0.299999
    endloop
  endfacet
  facet normal 0 0 -1
    outer loop
      vertex 34.7202 17.8513 0.299999
      vertex 32.4678 18.936 0.299999
      vertex 33.5775 20.9274 0.299999
    endloop
  endfacet
  facet normal 0 0 -1
    outer loop
      vertex 29.8738 13.5423 0.299999
      vertex 32.8429 14.1424 0.299999
      vertex 32.2014 12.6345 0.299999
    endloop
  endfacet
  facet normal 0 0 -1
    outer loop
      vertex 29.7009 12.87 0.299999
      vertex 32.2014 12.6345 0.299999
      vertex 32.1614 12.4317 0.299999
    endloop
  endfacet
  facet normal 0 0 -1
    outer loop
      vertex 29.6695 12.5919 0.299999
      vertex 32.1614 12.4317 0.299999
      vertex 32.1383 11.9731 0.299999
    endloop
  endfacet
  facet normal 0 0 -1
    outer loop
      vertex 29.8811 7.7236 0.299999
      vertex 32.1084 6.94424 0.299999
      vertex 31.9104 6.74632 0.299999
    endloop
  endfacet
  facet normal 0 0 -1
    outer loop
      vertex 29.8811 7.7236 0.299999
      vertex 31.9104 6.74632 0.299999
      vertex 31.6734 6.5974 0.299999
    endloop
  endfacet
  facet normal 0 0 -1
    outer loop
      vertex 29.6806 10.3811 0.299999
      vertex 32.1806 10.3811 0.299999
      vertex 29.7325 9.54672 0.299999
    endloop
  endfacet
  facet normal 0 0 -1
    outer loop
      vertex 33.716 15.9458 0.299999
      vertex 31.4636 17.0305 0.299999
      vertex 32.4678 18.936 0.299999
    endloop
  endfacet
  facet normal 0 0 -1
    outer loop
      vertex 29.8811 7.7236 0.299999
      vertex 31.6734 6.5974 0.299999
      vertex 31.4092 6.50494 0.299999
    endloop
  endfacet
  facet normal 0 0 -1
    outer loop
      vertex 29.8811 7.7236 0.299999
      vertex 31.4092 6.50494 0.299999
      vertex 31.1311 6.4736 0.299999
    endloop
  endfacet
  facet normal 0 0 -1
    outer loop
      vertex 29.8811 7.7236 0.299999
      vertex 31.1311 6.4736 0.299999
      vertex 30.8529 6.50494 0.299999
    endloop
  endfacet
  facet normal 0 0 -1
    outer loop
      vertex 32.8429 14.1424 0.299999
      vertex 30.5905 15.2271 0.299999
      vertex 31.4636 17.0305 0.299999
    endloop
  endfacet
  facet normal 0 0 -1
    outer loop
      vertex 29.8811 7.7236 0.299999
      vertex 30.8529 6.50494 0.299999
      vertex 30.5887 6.5974 0.299999
    endloop
  endfacet
  facet normal 0 0 -1
    outer loop
      vertex 29.8811 7.7236 0.299999
      vertex 30.5887 6.5974 0.299999
      vertex 30.3517 6.74632 0.299999
    endloop
  endfacet
  facet normal 0 0 -1
    outer loop
      vertex 29.8811 7.7236 0.299999
      vertex 30.3517 6.74632 0.299999
      vertex 30.1538 6.94424 0.299999
    endloop
  endfacet
  facet normal 0 0 -1
    outer loop
      vertex 29.8811 7.7236 0.299999
      vertex 30.1538 6.94424 0.299999
      vertex 30.0049 7.18126 0.299999
    endloop
  endfacet
  facet normal 0 0 -1
    outer loop
      vertex 29.8811 7.7236 0.299999
      vertex 30.0049 7.18126 0.299999
      vertex 29.9124 7.44547 0.299999
    endloop
  endfacet
  facet normal -0 0 -1
    outer loop
      vertex 32.3435 8.14856 0.299999
      vertex 29.8811 7.7236 0.299999
      vertex 29.8435 8.14856 0.299999
    endloop
  endfacet
  facet normal 0 0 -1
    outer loop
      vertex 32.3435 8.14856 0.299999
      vertex 29.8435 8.14856 0.299999
      vertex 29.7904 8.7794 0.299999
    endloop
  endfacet
  facet normal 0 0 -1
    outer loop
      vertex 32.1806 10.3811 0.299999
      vertex 29.6806 10.3811 0.299999
      vertex 32.1457 11.213 0.299999
    endloop
  endfacet
  facet normal 0 0 -1
    outer loop
      vertex 29.6457 11.213 0.299999
      vertex 32.1457 11.213 0.299999
      vertex 29.6806 10.3811 0.299999
    endloop
  endfacet
  facet normal 0 0 -1
    outer loop
      vertex 32.1457 11.213 0.299999
      vertex 29.6457 11.213 0.299999
      vertex 32.1383 11.9731 0.299999
    endloop
  endfacet
  facet normal 0 0 -1
    outer loop
      vertex 29.6383 11.9731 0.299999
      vertex 32.1383 11.9731 0.299999
      vertex 29.6457 11.213 0.299999
    endloop
  endfacet
  facet normal 0 -0 -1
    outer loop
      vertex 29.6695 12.5919 0.299999
      vertex 32.1383 11.9731 0.299999
      vertex 29.6383 11.9731 0.299999
    endloop
  endfacet
  facet normal -0 0 -1
    outer loop
      vertex 32.8429 14.1424 0.299999
      vertex 29.8738 13.5423 0.299999
      vertex 30.5905 15.2271 0.299999
    endloop
  endfacet
  facet normal 0 0 -1
    outer loop
      vertex 32.1614 12.4317 0.299999
      vertex 29.6695 12.5919 0.299999
      vertex 29.7009 12.87 0.299999
    endloop
  endfacet
  facet normal 0 0 -1
    outer loop
      vertex 32.2014 12.6345 0.299999
      vertex 29.7009 12.87 0.299999
      vertex 29.7813 13.2781 0.299999
    endloop
  endfacet
  facet normal 0 0 -1
    outer loop
      vertex 32.2014 12.6345 0.299999
      vertex 29.7813 13.2781 0.299999
      vertex 29.8738 13.5423 0.299999
    endloop
  endfacet
  facet normal 0 0 -1
    outer loop
      vertex 44.5729 46.7634 0.299999
      vertex 46 38.6651 0.299999
      vertex 45.8161 38.5479 0.299999
    endloop
  endfacet
  facet normal 0 0 -1
    outer loop
      vertex 44.5729 46.7634 0.299999
      vertex 45.8161 38.5479 0.299999
      vertex 45.643 38.4151 0.299999
    endloop
  endfacet
  facet normal 0 0 -1
    outer loop
      vertex 46 38.6651 0.299999
      vertex 44.5729 46.7634 0.299999
      vertex 46 47.823 0.299999
    endloop
  endfacet
  facet normal 0 0 -1
    outer loop
      vertex 44.5729 46.7634 0.299999
      vertex 45.643 38.4151 0.299999
      vertex 45.4822 38.2678 0.299999
    endloop
  endfacet
  facet normal 0 0 -1
    outer loop
      vertex 44.5729 46.7634 0.299999
      vertex 45.4822 38.2678 0.299999
      vertex 45.3349 38.107 0.299999
    endloop
  endfacet
  facet normal 0 -0 -1
    outer loop
      vertex 45.2366 47.427 0.299999
      vertex 46 47.823 0.299999
      vertex 44.5729 46.7634 0.299999
    endloop
  endfacet
  facet normal 0 0 -1
    outer loop
      vertex 44.5729 46.7634 0.299999
      vertex 45.3349 38.107 0.299999
      vertex 45.2021 37.9339 0.299999
    endloop
  endfacet
  facet normal 0 0 -1
    outer loop
      vertex 44.5729 46.7634 0.299999
      vertex 45.2021 37.9339 0.299999
      vertex 45.0849 37.75 0.299999
    endloop
  endfacet
  facet normal 0 0 -1
    outer loop
      vertex 44.5729 46.7634 0.299999
      vertex 45.0849 37.75 0.299999
      vertex 44.9842 37.5565 0.299999
    endloop
  endfacet
  facet normal 0 0 -1
    outer loop
      vertex 44.5729 46.7634 0.299999
      vertex 44.9842 37.5565 0.299999
      vertex 44.9008 37.355 0.299999
    endloop
  endfacet
  facet normal 0 0 -1
    outer loop
      vertex 46 47.823 0.299999
      vertex 45.2366 47.427 0.299999
      vertex 45.638 47.673 0.299999
    endloop
  endfacet
  facet normal 0 0 -1
    outer loop
      vertex 44.5729 46.7634 0.299999
      vertex 44.9008 37.355 0.299999
      vertex 44.8352 37.147 0.299999
    endloop
  endfacet
  facet normal 0 0 -1
    outer loop
      vertex 44.5729 46.7634 0.299999
      vertex 44.8352 37.147 0.299999
      vertex 44.788 36.9341 0.299999
    endloop
  endfacet
  facet normal 0 0 -1
    outer loop
      vertex 44.5729 46.7634 0.299999
      vertex 44.788 36.9341 0.299999
      vertex 44.7595 36.7179 0.299999
    endloop
  endfacet
  facet normal 0 0 -1
    outer loop
      vertex 44.5729 46.7634 0.299999
      vertex 44.7595 36.7179 0.299999
      vertex 44.75 36.5 0.299999
    endloop
  endfacet
  facet normal 0 0 -1
    outer loop
      vertex 45.2366 47.427 0.299999
      vertex 44.5729 46.7634 0.299999
      vertex 44.8787 47.1213 0.299999
    endloop
  endfacet
  facet normal 0 0 -1
    outer loop
      vertex 31.8 3.5 0.299999
      vertex 46 6.5 0.299999
      vertex 46 3.5 0.299999
    endloop
  endfacet
  facet normal 0 0 -1
    outer loop
      vertex 31.8 3.5 0.299999
      vertex 31.8 6.5 0.299999
      vertex 46 6.5 0.299999
    endloop
  endfacet
  facet normal 0 0 -1
    outer loop
      vertex 31.6693 3.50571 0.299999
      vertex 31.8 6.5 0.299999
      vertex 31.8 3.5 0.299999
    endloop
  endfacet
  facet normal 0 0 -1
    outer loop
      vertex 31.6693 3.50571 0.299999
      vertex 31.6693 6.49429 0.299999
      vertex 31.8 6.5 0.299999
    endloop
  endfacet
  facet normal 0 0 -1
    outer loop
      vertex 31.5395 3.52279 0.299999
      vertex 31.6693 6.49429 0.299999
      vertex 31.6693 3.50571 0.299999
    endloop
  endfacet
  facet normal 0 0 -1
    outer loop
      vertex 31.5395 3.52279 0.299999
      vertex 31.5395 6.47721 0.299999
      vertex 31.6693 6.49429 0.299999
    endloop
  endfacet
  facet normal 0 0 -1
    outer loop
      vertex 31.4118 3.55111 0.299999
      vertex 31.5395 6.47721 0.299999
      vertex 31.5395 3.52279 0.299999
    endloop
  endfacet
  facet normal 0 0 -1
    outer loop
      vertex 31.4118 3.55111 0.299999
      vertex 31.4118 6.44889 0.299999
      vertex 31.5395 6.47721 0.299999
    endloop
  endfacet
  facet normal 0 0 -1
    outer loop
      vertex 31.287 3.59046 0.299999
      vertex 31.4118 6.44889 0.299999
      vertex 31.4118 3.55111 0.299999
    endloop
  endfacet
  facet normal 0 0 -1
    outer loop
      vertex 31.287 3.59046 0.299999
      vertex 31.287 6.40954 0.299999
      vertex 31.4118 6.44889 0.299999
    endloop
  endfacet
  facet normal 0 0 -1
    outer loop
      vertex 31.1661 3.64054 0.299999
      vertex 31.287 6.40954 0.299999
      vertex 31.287 3.59046 0.299999
    endloop
  endfacet
  facet normal 0 0 -1
    outer loop
      vertex 31.1661 3.64054 0.299999
      vertex 31.1661 6.35946 0.299999
      vertex 31.287 6.40954 0.299999
    endloop
  endfacet
  facet normal 0 0 -1
    outer loop
      vertex 31.05 3.70096 0.299999
      vertex 31.1661 6.35946 0.299999
      vertex 31.1661 3.64054 0.299999
    endloop
  endfacet
  facet normal 0 0 -1
    outer loop
      vertex 31.05 3.70096 0.299999
      vertex 31.05 6.29904 0.299999
      vertex 31.1661 6.35946 0.299999
    endloop
  endfacet
  facet normal 0 0 -1
    outer loop
      vertex 30.9396 3.77127 0.299999
      vertex 31.05 6.29904 0.299999
      vertex 31.05 3.70096 0.299999
    endloop
  endfacet
  facet normal 0 0 -1
    outer loop
      vertex 30.9396 3.77127 0.299999
      vertex 30.9396 6.22873 0.299999
      vertex 31.05 6.29904 0.299999
    endloop
  endfacet
  facet normal 0 0 -1
    outer loop
      vertex 30.8358 3.85093 0.299999
      vertex 30.9396 6.22873 0.299999
      vertex 30.9396 3.77127 0.299999
    endloop
  endfacet
  facet normal 0 0 -1
    outer loop
      vertex 30.8358 3.85093 0.299999
      vertex 30.8358 6.14907 0.299999
      vertex 30.9396 6.22873 0.299999
    endloop
  endfacet
  facet normal 0 0 -1
    outer loop
      vertex 30.7393 3.93934 0.299999
      vertex 30.8358 6.14907 0.299999
      vertex 30.8358 3.85093 0.299999
    endloop
  endfacet
  facet normal 0 0 -1
    outer loop
      vertex 30.7393 3.93934 0.299999
      vertex 30.7393 6.06066 0.299999
      vertex 30.8358 6.14907 0.299999
    endloop
  endfacet
  facet normal 0 0 -1
    outer loop
      vertex 30.6509 4.03582 0.299999
      vertex 30.7393 6.06066 0.299999
      vertex 30.7393 3.93934 0.299999
    endloop
  endfacet
  facet normal 0 0 -1
    outer loop
      vertex 30.6509 4.03582 0.299999
      vertex 30.6509 5.96418 0.299999
      vertex 30.7393 6.06066 0.299999
    endloop
  endfacet
  facet normal 0 0 -1
    outer loop
      vertex 30.5713 4.13964 0.299999
      vertex 30.6509 5.96418 0.299999
      vertex 30.6509 4.03582 0.299999
    endloop
  endfacet
  facet normal 0 0 -1
    outer loop
      vertex 30.5713 4.13964 0.299999
      vertex 30.5713 5.86036 0.299999
      vertex 30.6509 5.96418 0.299999
    endloop
  endfacet
  facet normal 0 0 -1
    outer loop
      vertex 30.501 4.25 0.299999
      vertex 30.5713 5.86036 0.299999
      vertex 30.5713 4.13964 0.299999
    endloop
  endfacet
  facet normal 0 0 -1
    outer loop
      vertex 30.501 4.25 0.299999
      vertex 30.501 5.75 0.299999
      vertex 30.5713 5.86036 0.299999
    endloop
  endfacet
  facet normal 0 0 -1
    outer loop
      vertex 30.4405 4.36607 0.299999
      vertex 30.501 5.75 0.299999
      vertex 30.501 4.25 0.299999
    endloop
  endfacet
  facet normal 0 0 -1
    outer loop
      vertex 30.4405 4.36607 0.299999
      vertex 30.4405 5.63393 0.299999
      vertex 30.501 5.75 0.299999
    endloop
  endfacet
  facet normal 0 0 -1
    outer loop
      vertex 30.3905 4.48697 0.299999
      vertex 30.4405 5.63393 0.299999
      vertex 30.4405 4.36607 0.299999
    endloop
  endfacet
  facet normal 0 0 -1
    outer loop
      vertex 30.3905 4.48697 0.299999
      vertex 30.3905 5.51303 0.299999
      vertex 30.4405 5.63393 0.299999
    endloop
  endfacet
  facet normal 0 0 -1
    outer loop
      vertex 30.3511 4.61177 0.299999
      vertex 30.3905 5.51303 0.299999
      vertex 30.3905 4.48697 0.299999
    endloop
  endfacet
  facet normal 0 0 -1
    outer loop
      vertex 30.3511 4.61177 0.299999
      vertex 30.3511 5.38823 0.299999
      vertex 30.3905 5.51303 0.299999
    endloop
  endfacet
  facet normal 0 0 -1
    outer loop
      vertex 30.3228 4.73953 0.299999
      vertex 30.3511 5.38823 0.299999
      vertex 30.3511 4.61177 0.299999
    endloop
  endfacet
  facet normal 0 0 -1
    outer loop
      vertex 30.3228 4.73953 0.299999
      vertex 30.3228 5.26047 0.299999
      vertex 30.3511 5.38823 0.299999
    endloop
  endfacet
  facet normal 0 0 -1
    outer loop
      vertex 30.3057 4.86927 0.299999
      vertex 30.3228 5.26047 0.299999
      vertex 30.3228 4.73953 0.299999
    endloop
  endfacet
  facet normal 0 0 -1
    outer loop
      vertex 30.3057 4.86927 0.299999
      vertex 30.3057 5.13073 0.299999
      vertex 30.3228 5.26047 0.299999
    endloop
  endfacet
  facet normal 0 -0 -1
    outer loop
      vertex 30.3057 5.13073 0.299999
      vertex 30.3057 4.86927 0.299999
      vertex 30.3 5 0.299999
    endloop
  endfacet
  facet normal 0 0 -1
    outer loop
      vertex 50 -56 0.299999
      vertex 47.2268 -37.3581 0.299999
      vertex 49.712 31.0659 0.299999
    endloop
  endfacet
  facet normal 0 0 -1
    outer loop
      vertex 49.712 31.0659 0.299999
      vertex 47.227 16.3602 0.299999
      vertex 47.2901 17 0.299999
    endloop
  endfacet
  facet normal 0 0 -1
    outer loop
      vertex 47.2268 16.3581 0.299999
      vertex 49.712 31.0659 0.299999
      vertex 47.2268 -37.3581 0.299999
    endloop
  endfacet
  facet normal 0 0 -1
    outer loop
      vertex 49.712 31.0659 0.299999
      vertex 47.2268 16.3581 0.299999
      vertex 47.227 16.3602 0.299999
    endloop
  endfacet
  facet normal 0 0 -1
    outer loop
      vertex 46 -32 0.299999
      vertex 47.2268 -37.3581 0.299999
      vertex 47.2262 -37.3562 0.299999
    endloop
  endfacet
  facet normal 0 0 -1
    outer loop
      vertex 47.2268 -37.3581 0.299999
      vertex 46 3.5 0.299999
      vertex 47.2268 16.3581 0.299999
    endloop
  endfacet
  facet normal 0 0 -1
    outer loop
      vertex 46 -32 0.299999
      vertex 47.2262 -37.3562 0.299999
      vertex 47.0396 -36.7409 0.299999
    endloop
  endfacet
  facet normal 0 0 -1
    outer loop
      vertex 46 6.5 0.299999
      vertex 47.2268 16.3581 0.299999
      vertex 46 3.5 0.299999
    endloop
  endfacet
  facet normal 0 0 -1
    outer loop
      vertex 46 -32 0.299999
      vertex 47.0396 -36.7409 0.299999
      vertex 47.0386 -36.7391 0.299999
    endloop
  endfacet
  facet normal 0 0 -1
    outer loop
      vertex 47.2268 16.3581 0.299999
      vertex 46 6.5 0.299999
      vertex 47.2262 16.3562 0.299999
    endloop
  endfacet
  facet normal 0 0 -1
    outer loop
      vertex 46 -32 0.299999
      vertex 47.0386 -36.7391 0.299999
      vertex 46.7356 -36.1721 0.299999
    endloop
  endfacet
  facet normal 0 0 -1
    outer loop
      vertex 47.2262 16.3562 0.299999
      vertex 46 6.5 0.299999
      vertex 47.0396 15.7409 0.299999
    endloop
  endfacet
  facet normal 0 0 -1
    outer loop
      vertex 46 -32 0.299999
      vertex 46.7356 -36.1721 0.299999
      vertex 46.3277 -35.6752 0.299999
    endloop
  endfacet
  facet normal 0 0 -1
    outer loop
      vertex 46 11 0.299999
      vertex 47.0396 15.7409 0.299999
      vertex 46 6.5 0.299999
    endloop
  endfacet
  facet normal 0 0 -1
    outer loop
      vertex 46 -32 0.299999
      vertex 46.3277 -35.6752 0.299999
      vertex 46.3264 -35.6736 0.299999
    endloop
  endfacet
  facet normal 0 0 -1
    outer loop
      vertex 47.0396 15.7409 0.299999
      vertex 46 11 0.299999
      vertex 47.0386 15.7391 0.299999
    endloop
  endfacet
  facet normal 0 0 -1
    outer loop
      vertex 46 -32 0.299999
      vertex 46.3264 -35.6736 0.299999
      vertex 46.3248 -35.6723 0.299999
    endloop
  endfacet
  facet normal 0 0 -1
    outer loop
      vertex 47.0386 15.7391 0.299999
      vertex 46 11 0.299999
      vertex 46.7356 15.1721 0.299999
    endloop
  endfacet
  facet normal 0 0 -1
    outer loop
      vertex 47.2268 -37.3581 0.299999
      vertex 46 -32 0.299999
      vertex 46 3.5 0.299999
    endloop
  endfacet
  facet normal 0 0 -1
    outer loop
      vertex 45.8279 -35.2644 0.299999
      vertex 46 -32 0.299999
      vertex 46.3248 -35.6723 0.299999
    endloop
  endfacet
  facet normal 0 0 -1
    outer loop
      vertex 45.2609 -34.9614 0.299999
      vertex 46 -32 0.299999
      vertex 45.8279 -35.2644 0.299999
    endloop
  endfacet
  facet normal 0 0 -1
    outer loop
      vertex 45.2591 -34.9604 0.299999
      vertex 46 -32 0.299999
      vertex 45.2609 -34.9614 0.299999
    endloop
  endfacet
  facet normal 0 0 -1
    outer loop
      vertex 44.6438 -34.7738 0.299999
      vertex 46 -32 0.299999
      vertex 45.2591 -34.9604 0.299999
    endloop
  endfacet
  facet normal 0 0 -1
    outer loop
      vertex 44.6419 -34.7732 0.299999
      vertex 46 -32 0.299999
      vertex 44.6438 -34.7738 0.299999
    endloop
  endfacet
  facet normal 0 0 -1
    outer loop
      vertex 44.6398 -34.7729 0.299999
      vertex 46 -32 0.299999
      vertex 44.6419 -34.7732 0.299999
    endloop
  endfacet
  facet normal 0 0 -1
    outer loop
      vertex 44 -34.7099 0.299999
      vertex 46 -32 0.299999
      vertex 44.6398 -34.7729 0.299999
    endloop
  endfacet
  facet normal 0 0 -1
    outer loop
      vertex 43.3602 -34.7729 0.299999
      vertex 46 -32 0.299999
      vertex 44 -34.7099 0.299999
    endloop
  endfacet
  facet normal 0 0 -1
    outer loop
      vertex 43.3581 -34.7732 0.299999
      vertex 46 -32 0.299999
      vertex 43.3602 -34.7729 0.299999
    endloop
  endfacet
  facet normal 0 0 -1
    outer loop
      vertex 43.3562 -34.7738 0.299999
      vertex 46 -32 0.299999
      vertex 43.3581 -34.7732 0.299999
    endloop
  endfacet
  facet normal 0 0 -1
    outer loop
      vertex 38 -32 0.299999
      vertex 43.3562 -34.7738 0.299999
      vertex 42.7409 -34.9604 0.299999
    endloop
  endfacet
  facet normal 0 0 -1
    outer loop
      vertex 38 -32 0.299999
      vertex 42.7409 -34.9604 0.299999
      vertex 42.7391 -34.9614 0.299999
    endloop
  endfacet
  facet normal 0 0 -1
    outer loop
      vertex 38 -32 0.299999
      vertex 42.7391 -34.9614 0.299999
      vertex 42.1721 -35.2644 0.299999
    endloop
  endfacet
  facet normal 0 0 -1
    outer loop
      vertex 38 -32 0.299999
      vertex 42.1721 -35.2644 0.299999
      vertex 41.6752 -35.6723 0.299999
    endloop
  endfacet
  facet normal 0 0 -1
    outer loop
      vertex 38 -32 0.299999
      vertex 41.6752 -35.6723 0.299999
      vertex 41.6736 -35.6736 0.299999
    endloop
  endfacet
  facet normal 0 0 -1
    outer loop
      vertex 38 -32 0.299999
      vertex 41.6723 -35.6752 0.299999
      vertex 41.2644 -36.1721 0.299999
    endloop
  endfacet
  facet normal 0 0 -1
    outer loop
      vertex 38 -32 0.299999
      vertex 40.7099 -38 0.299999
      vertex 38 -44 0.299999
    endloop
  endfacet
  facet normal 0 0 -1
    outer loop
      vertex 40.7099 -38 0.299999
      vertex 38 -32 0.299999
      vertex 40.7729 -37.3602 0.299999
    endloop
  endfacet
  facet normal 0 0 -1
    outer loop
      vertex 40.7729 -37.3602 0.299999
      vertex 38 -32 0.299999
      vertex 40.7732 -37.3581 0.299999
    endloop
  endfacet
  facet normal 0 0 -1
    outer loop
      vertex 40.7732 -37.3581 0.299999
      vertex 38 -32 0.299999
      vertex 40.7738 -37.3562 0.299999
    endloop
  endfacet
  facet normal 0 0 -1
    outer loop
      vertex 43.3562 -34.7738 0.299999
      vertex 38 -32 0.299999
      vertex 46 -32 0.299999
    endloop
  endfacet
  facet normal 0 0 -1
    outer loop
      vertex 41.6723 -35.6752 0.299999
      vertex 38 -32 0.299999
      vertex 41.6736 -35.6736 0.299999
    endloop
  endfacet
  facet normal 0 0 -1
    outer loop
      vertex 40.9614 -36.7391 0.299999
      vertex 38 -32 0.299999
      vertex 41.2644 -36.1721 0.299999
    endloop
  endfacet
  facet normal 0 0 -1
    outer loop
      vertex 40.9604 -36.7409 0.299999
      vertex 38 -32 0.299999
      vertex 40.9614 -36.7391 0.299999
    endloop
  endfacet
  facet normal 0 0 -1
    outer loop
      vertex 40.7738 -37.3562 0.299999
      vertex 38 -32 0.299999
      vertex 40.9604 -36.7409 0.299999
    endloop
  endfacet
  facet normal 0 0 -1
    outer loop
      vertex 50 -56 0.299999
      vertex 49.75 31.5 0.299999
      vertex 50 56 0.299999
    endloop
  endfacet
  facet normal 0 0 -1
    outer loop
      vertex 50 -56 0.299999
      vertex 49.7405 31.2821 0.299999
      vertex 49.75 31.5 0.299999
    endloop
  endfacet
  facet normal 0 0 -1
    outer loop
      vertex 50 -56 0.299999
      vertex 49.712 31.0659 0.299999
      vertex 49.7405 31.2821 0.299999
    endloop
  endfacet
  facet normal 0 0 -1
    outer loop
      vertex 47.227 -37.3602 0.299999
      vertex 50 -56 0.299999
      vertex 47.2901 -38 0.299999
    endloop
  endfacet
  facet normal 0 0 -1
    outer loop
      vertex 47.2268 -37.3581 0.299999
      vertex 50 -56 0.299999
      vertex 47.227 -37.3602 0.299999
    endloop
  endfacet
  facet normal 0 0 -1
    outer loop
      vertex 49.712 31.0659 0.299999
      vertex 47.2901 17 0.299999
      vertex 49.6648 30.853 0.299999
    endloop
  endfacet
  facet normal 0 0 -1
    outer loop
      vertex 49.6648 30.853 0.299999
      vertex 47.2901 17 0.299999
      vertex 49.5992 30.6449 0.299999
    endloop
  endfacet
  facet normal 0 0 -1
    outer loop
      vertex 49.5992 30.6449 0.299999
      vertex 47.2901 17 0.299999
      vertex 49.5158 30.4435 0.299999
    endloop
  endfacet
  facet normal 0 0 -1
    outer loop
      vertex 47.227 17.6398 0.299999
      vertex 49.5158 30.4435 0.299999
      vertex 47.2901 17 0.299999
    endloop
  endfacet
  facet normal 0 0 -1
    outer loop
      vertex 49.5158 30.4435 0.299999
      vertex 47.2268 17.6419 0.299999
      vertex 49.4151 30.25 0.299999
    endloop
  endfacet
  facet normal 0 0 -1
    outer loop
      vertex 49.4151 30.25 0.299999
      vertex 47.2268 17.6419 0.299999
      vertex 49.2979 30.0661 0.299999
    endloop
  endfacet
  facet normal 0 0 -1
    outer loop
      vertex 47.2262 17.6438 0.299999
      vertex 49.2979 30.0661 0.299999
      vertex 47.2268 17.6419 0.299999
    endloop
  endfacet
  facet normal 0 0 -1
    outer loop
      vertex 47.0396 18.2591 0.299999
      vertex 49.2979 30.0661 0.299999
      vertex 47.2262 17.6438 0.299999
    endloop
  endfacet
  facet normal 0 0 -1
    outer loop
      vertex 49.2979 30.0661 0.299999
      vertex 47.0396 18.2591 0.299999
      vertex 49.1651 29.893 0.299999
    endloop
  endfacet
  facet normal 0 0 -1
    outer loop
      vertex 49.1651 29.893 0.299999
      vertex 47.0396 18.2591 0.299999
      vertex 49.0178 29.7322 0.299999
    endloop
  endfacet
  facet normal 0 0 -1
    outer loop
      vertex 49.0178 29.7322 0.299999
      vertex 47.0396 18.2591 0.299999
      vertex 48.857 29.5849 0.299999
    endloop
  endfacet
  facet normal 0 0 -1
    outer loop
      vertex 47.0386 18.2609 0.299999
      vertex 48.857 29.5849 0.299999
      vertex 47.0396 18.2591 0.299999
    endloop
  endfacet
  facet normal 0 0 -1
    outer loop
      vertex 46.7356 18.8279 0.299999
      vertex 48.857 29.5849 0.299999
      vertex 47.0386 18.2609 0.299999
    endloop
  endfacet
  facet normal 0 0 -1
    outer loop
      vertex 47.2268 17.6419 0.299999
      vertex 49.5158 30.4435 0.299999
      vertex 47.227 17.6398 0.299999
    endloop
  endfacet
  facet normal 0 0 -1
    outer loop
      vertex 50 -56 0.299999
      vertex 47.227 -38.6398 0.299999
      vertex 47.2901 -38 0.299999
    endloop
  endfacet
  facet normal 0 0 -1
    outer loop
      vertex 50 -56 0.299999
      vertex 47.2268 -38.6419 0.299999
      vertex 47.227 -38.6398 0.299999
    endloop
  endfacet
  facet normal 0 0 -1
    outer loop
      vertex 50 -56 0.299999
      vertex 47.2262 -38.6438 0.299999
      vertex 47.2268 -38.6419 0.299999
    endloop
  endfacet
  facet normal 0 0 -1
    outer loop
      vertex 50 -56 0.299999
      vertex 47.0396 -39.2591 0.299999
      vertex 47.2262 -38.6438 0.299999
    endloop
  endfacet
  facet normal 0 0 -1
    outer loop
      vertex 46 -44 0.299999
      vertex 47.0396 -39.2591 0.299999
      vertex 50 -56 0.299999
    endloop
  endfacet
  facet normal 0 0 -1
    outer loop
      vertex 47.0396 -39.2591 0.299999
      vertex 46 -44 0.299999
      vertex 47.0386 -39.2609 0.299999
    endloop
  endfacet
  facet normal 0 0 -1
    outer loop
      vertex 47.0386 -39.2609 0.299999
      vertex 46 -44 0.299999
      vertex 46.7356 -39.8279 0.299999
    endloop
  endfacet
  facet normal 0 0 -1
    outer loop
      vertex 46.7356 -39.8279 0.299999
      vertex 46 -44 0.299999
      vertex 46.3277 -40.3248 0.299999
    endloop
  endfacet
  facet normal 0 0 -1
    outer loop
      vertex 46.3277 -40.3248 0.299999
      vertex 46 -44 0.299999
      vertex 46.3264 -40.3264 0.299999
    endloop
  endfacet
  facet normal 0 0 -1
    outer loop
      vertex 46 -44 0.299999
      vertex 50 -56 0.299999
      vertex 46 -56 0.299999
    endloop
  endfacet
  facet normal 0 0 -1
    outer loop
      vertex 46.3264 -40.3264 0.299999
      vertex 46 -44 0.299999
      vertex 46.3248 -40.3277 0.299999
    endloop
  endfacet
  facet normal 0 0 -1
    outer loop
      vertex 46 -44 0.299999
      vertex 45.8279 -40.7356 0.299999
      vertex 46.3248 -40.3277 0.299999
    endloop
  endfacet
  facet normal 0 0 -1
    outer loop
      vertex 46 -44 0.299999
      vertex 45.2609 -41.0386 0.299999
      vertex 45.8279 -40.7356 0.299999
    endloop
  endfacet
  facet normal 0 0 -1
    outer loop
      vertex 46 -44 0.299999
      vertex 45.2591 -41.0396 0.299999
      vertex 45.2609 -41.0386 0.299999
    endloop
  endfacet
  facet normal 0 0 -1
    outer loop
      vertex 46 -44 0.299999
      vertex 44.6438 -41.2262 0.299999
      vertex 45.2591 -41.0396 0.299999
    endloop
  endfacet
  facet normal 0 0 -1
    outer loop
      vertex 46 -44 0.299999
      vertex 44.6419 -41.2268 0.299999
      vertex 44.6438 -41.2262 0.299999
    endloop
  endfacet
  facet normal 0 0 -1
    outer loop
      vertex 46 -44 0.299999
      vertex 44.6398 -41.227 0.299999
      vertex 44.6419 -41.2268 0.299999
    endloop
  endfacet
  facet normal 0 0 -1
    outer loop
      vertex 46 -44 0.299999
      vertex 44 -41.2901 0.299999
      vertex 44.6398 -41.227 0.299999
    endloop
  endfacet
  facet normal 0 0 -1
    outer loop
      vertex 46 -44 0.299999
      vertex 43.3602 -41.227 0.299999
      vertex 44 -41.2901 0.299999
    endloop
  endfacet
  facet normal 0 0 -1
    outer loop
      vertex 46 -44 0.299999
      vertex 43.3581 -41.2268 0.299999
      vertex 43.3602 -41.227 0.299999
    endloop
  endfacet
  facet normal 0 0 -1
    outer loop
      vertex 46 -44 0.299999
      vertex 43.3562 -41.2262 0.299999
      vertex 43.3581 -41.2268 0.299999
    endloop
  endfacet
  facet normal 0 0 -1
    outer loop
      vertex 38 -44 0.299999
      vertex 43.3562 -41.2262 0.299999
      vertex 46 -44 0.299999
    endloop
  endfacet
  facet normal -0 0 -1
    outer loop
      vertex 43.3562 -41.2262 0.299999
      vertex 38 -44 0.299999
      vertex 42.7409 -41.0396 0.299999
    endloop
  endfacet
  facet normal -0 0 -1
    outer loop
      vertex 42.7409 -41.0396 0.299999
      vertex 38 -44 0.299999
      vertex 42.7391 -41.0386 0.299999
    endloop
  endfacet
  facet normal -0 0 -1
    outer loop
      vertex 42.7391 -41.0386 0.299999
      vertex 38 -44 0.299999
      vertex 42.1721 -40.7356 0.299999
    endloop
  endfacet
  facet normal -0 0 -1
    outer loop
      vertex 42.1721 -40.7356 0.299999
      vertex 38 -44 0.299999
      vertex 41.6752 -40.3277 0.299999
    endloop
  endfacet
  facet normal 0 0 -1
    outer loop
      vertex 38 -44 0.299999
      vertex 41.6723 -40.3248 0.299999
      vertex 41.6736 -40.3264 0.299999
    endloop
  endfacet
  facet normal 0 0 -1
    outer loop
      vertex 38 -44 0.299999
      vertex 40.9614 -39.2609 0.299999
      vertex 41.2644 -39.8279 0.299999
    endloop
  endfacet
  facet normal -0 0 -1
    outer loop
      vertex 40.7729 -38.6398 0.299999
      vertex 38 -44 0.299999
      vertex 40.7099 -38 0.299999
    endloop
  endfacet
  facet normal -0 0 -1
    outer loop
      vertex 40.7732 -38.6419 0.299999
      vertex 38 -44 0.299999
      vertex 40.7729 -38.6398 0.299999
    endloop
  endfacet
  facet normal -0 0 -1
    outer loop
      vertex 40.7738 -38.6438 0.299999
      vertex 38 -44 0.299999
      vertex 40.7732 -38.6419 0.299999
    endloop
  endfacet
  facet normal -0 0 -1
    outer loop
      vertex 40.9604 -39.2591 0.299999
      vertex 38 -44 0.299999
      vertex 40.7738 -38.6438 0.299999
    endloop
  endfacet
  facet normal -0 0 -1
    outer loop
      vertex 40.9614 -39.2609 0.299999
      vertex 38 -44 0.299999
      vertex 40.9604 -39.2591 0.299999
    endloop
  endfacet
  facet normal -0 0 -1
    outer loop
      vertex 41.6723 -40.3248 0.299999
      vertex 38 -44 0.299999
      vertex 41.2644 -39.8279 0.299999
    endloop
  endfacet
  facet normal -0 0 -1
    outer loop
      vertex 41.6752 -40.3277 0.299999
      vertex 38 -44 0.299999
      vertex 41.6736 -40.3264 0.299999
    endloop
  endfacet
  facet normal 0 0 -1
    outer loop
      vertex 49.75 36.5 0.299999
      vertex 50 56 0.299999
      vertex 49.75 31.5 0.299999
    endloop
  endfacet
  facet normal 0 0 -1
    outer loop
      vertex 49.7405 36.7179 0.299999
      vertex 50 56 0.299999
      vertex 49.75 36.5 0.299999
    endloop
  endfacet
  facet normal 0 0 -1
    outer loop
      vertex 49.712 36.9341 0.299999
      vertex 50 56 0.299999
      vertex 49.7405 36.7179 0.299999
    endloop
  endfacet
  facet normal 0 0 -1
    outer loop
      vertex 49.6648 37.147 0.299999
      vertex 50 56 0.299999
      vertex 49.712 36.9341 0.299999
    endloop
  endfacet
  facet normal 0 0 -1
    outer loop
      vertex 49.5992 37.355 0.299999
      vertex 50 56 0.299999
      vertex 49.6648 37.147 0.299999
    endloop
  endfacet
  facet normal 0 0 -1
    outer loop
      vertex 49.5158 37.5565 0.299999
      vertex 50 56 0.299999
      vertex 49.5992 37.355 0.299999
    endloop
  endfacet
  facet normal 0 0 -1
    outer loop
      vertex 49.4151 37.75 0.299999
      vertex 50 56 0.299999
      vertex 49.5158 37.5565 0.299999
    endloop
  endfacet
  facet normal 0 0 -1
    outer loop
      vertex 49.2979 37.9339 0.299999
      vertex 50 56 0.299999
      vertex 49.4151 37.75 0.299999
    endloop
  endfacet
  facet normal 0 0 -1
    outer loop
      vertex 49.1651 38.107 0.299999
      vertex 50 56 0.299999
      vertex 49.2979 37.9339 0.299999
    endloop
  endfacet
  facet normal 0 0 -1
    outer loop
      vertex 46 47.823 0.299999
      vertex 49.1651 38.107 0.299999
      vertex 49.0178 38.2678 0.299999
    endloop
  endfacet
  facet normal 0 0 -1
    outer loop
      vertex 46 47.823 0.299999
      vertex 49.0178 38.2678 0.299999
      vertex 48.857 38.4151 0.299999
    endloop
  endfacet
  facet normal 0 0 -1
    outer loop
      vertex 46 47.823 0.299999
      vertex 48.857 38.4151 0.299999
      vertex 48.6839 38.5479 0.299999
    endloop
  endfacet
  facet normal 0 0 -1
    outer loop
      vertex 46 47.823 0.299999
      vertex 48.6839 38.5479 0.299999
      vertex 48.5 38.6651 0.299999
    endloop
  endfacet
  facet normal 0 0 -1
    outer loop
      vertex 46 47.823 0.299999
      vertex 48.5 38.6651 0.299999
      vertex 48.3065 38.7658 0.299999
    endloop
  endfacet
  facet normal 0 0 -1
    outer loop
      vertex 46 47.823 0.299999
      vertex 48.3065 38.7658 0.299999
      vertex 48.105 38.8492 0.299999
    endloop
  endfacet
  facet normal 0 0 -1
    outer loop
      vertex 46 47.823 0.299999
      vertex 48.105 38.8492 0.299999
      vertex 47.897 38.9148 0.299999
    endloop
  endfacet
  facet normal 0 0 -1
    outer loop
      vertex 46 47.823 0.299999
      vertex 47.897 38.9148 0.299999
      vertex 47.6841 38.962 0.299999
    endloop
  endfacet
  facet normal 0 0 -1
    outer loop
      vertex 46 47.823 0.299999
      vertex 47.6841 38.962 0.299999
      vertex 47.4679 38.9905 0.299999
    endloop
  endfacet
  facet normal 0 0 -1
    outer loop
      vertex 46 47.823 0.299999
      vertex 47.4679 38.9905 0.299999
      vertex 47.25 39 0.299999
    endloop
  endfacet
  facet normal 0 0 -1
    outer loop
      vertex 46 47.823 0.299999
      vertex 47.25 39 0.299999
      vertex 47.0321 38.9905 0.299999
    endloop
  endfacet
  facet normal 0 0 -1
    outer loop
      vertex 46 47.823 0.299999
      vertex 47.0321 38.9905 0.299999
      vertex 46.8159 38.962 0.299999
    endloop
  endfacet
  facet normal 0 0 -1
    outer loop
      vertex 46 47.823 0.299999
      vertex 46.8159 38.962 0.299999
      vertex 46.603 38.9148 0.299999
    endloop
  endfacet
  facet normal 0 0 -1
    outer loop
      vertex 46 47.823 0.299999
      vertex 46.603 38.9148 0.299999
      vertex 46.395 38.8492 0.299999
    endloop
  endfacet
  facet normal 0 0 -1
    outer loop
      vertex 46 47.823 0.299999
      vertex 46.395 38.8492 0.299999
      vertex 46.1935 38.7658 0.299999
    endloop
  endfacet
  facet normal 0 0 -1
    outer loop
      vertex 46 47.823 0.299999
      vertex 46.1935 38.7658 0.299999
      vertex 46 38.6651 0.299999
    endloop
  endfacet
  facet normal 0 0 -1
    outer loop
      vertex 49.1651 38.107 0.299999
      vertex 46 47.823 0.299999
      vertex 50 56 0.299999
    endloop
  endfacet
  facet normal -0 0 -1
    outer loop
      vertex 50 56 0.299999
      vertex 46 47.823 0.299999
      vertex 46 56 0.299999
    endloop
  endfacet
  facet normal 0 0 -1
    outer loop
      vertex 48.857 29.5849 0.299999
      vertex 46.7356 18.8279 0.299999
      vertex 48.6839 29.4521 0.299999
    endloop
  endfacet
  facet normal 0 0 -1
    outer loop
      vertex 48.6839 29.4521 0.299999
      vertex 46.7356 18.8279 0.299999
      vertex 48.5 29.3349 0.299999
    endloop
  endfacet
  facet normal 0 0 -1
    outer loop
      vertex 46.3277 19.3248 0.299999
      vertex 48.5 29.3349 0.299999
      vertex 46.7356 18.8279 0.299999
    endloop
  endfacet
  facet normal 0 0 -1
    outer loop
      vertex 48.5 29.3349 0.299999
      vertex 46.3277 19.3248 0.299999
      vertex 48.3065 29.2342 0.299999
    endloop
  endfacet
  facet normal 0 0 -1
    outer loop
      vertex 46.3264 19.3264 0.299999
      vertex 48.3065 29.2342 0.299999
      vertex 46.3277 19.3248 0.299999
    endloop
  endfacet
  facet normal 0 0 -1
    outer loop
      vertex 48.3065 29.2342 0.299999
      vertex 46.3264 19.3264 0.299999
      vertex 48.105 29.1508 0.299999
    endloop
  endfacet
  facet normal 0 0 -1
    outer loop
      vertex 46.3248 19.3277 0.299999
      vertex 48.105 29.1508 0.299999
      vertex 46.3264 19.3264 0.299999
    endloop
  endfacet
  facet normal 0 0 -1
    outer loop
      vertex 48.105 29.1508 0.299999
      vertex 46.3248 19.3277 0.299999
      vertex 47.897 29.0852 0.299999
    endloop
  endfacet
  facet normal 0 0 -1
    outer loop
      vertex 45.8279 19.7356 0.299999
      vertex 47.897 29.0852 0.299999
      vertex 46.3248 19.3277 0.299999
    endloop
  endfacet
  facet normal 0 0 -1
    outer loop
      vertex 44 23 0.299999
      vertex 47.897 29.0852 0.299999
      vertex 45.8279 19.7356 0.299999
    endloop
  endfacet
  facet normal 0 0 -1
    outer loop
      vertex 47.897 29.0852 0.299999
      vertex 44 23 0.299999
      vertex 47.6841 29.038 0.299999
    endloop
  endfacet
  facet normal 0 0 -1
    outer loop
      vertex 47.6841 29.038 0.299999
      vertex 44 23 0.299999
      vertex 47.4679 29.0095 0.299999
    endloop
  endfacet
  facet normal 0 0 -1
    outer loop
      vertex 47.4679 29.0095 0.299999
      vertex 44 23 0.299999
      vertex 47.25 29 0.299999
    endloop
  endfacet
  facet normal -0 0 -1
    outer loop
      vertex 47.25 29 0.299999
      vertex 44 23 0.299999
      vertex 47.0321 29.0095 0.299999
    endloop
  endfacet
  facet normal -0 0 -1
    outer loop
      vertex 46.8159 29.038 0.299999
      vertex 44 23 0.299999
      vertex 46.603 29.0852 0.299999
    endloop
  endfacet
  facet normal -0 0 -1
    outer loop
      vertex 46.603 29.0852 0.299999
      vertex 44 23 0.299999
      vertex 46.395 29.1508 0.299999
    endloop
  endfacet
  facet normal -0 0 -1
    outer loop
      vertex 46.395 29.1508 0.299999
      vertex 44 23 0.299999
      vertex 46.1935 29.2342 0.299999
    endloop
  endfacet
  facet normal -0 0 -1
    outer loop
      vertex 47.0321 29.0095 0.299999
      vertex 44 23 0.299999
      vertex 46.8159 29.038 0.299999
    endloop
  endfacet
  facet normal -0 0 -1
    outer loop
      vertex 46.1935 29.2342 0.299999
      vertex 44 23 0.299999
      vertex 46 29.3349 0.299999
    endloop
  endfacet
  facet normal -0 0 -1
    outer loop
      vertex 46 29.3349 0.299999
      vertex 44 23 0.299999
      vertex 45.8161 29.4521 0.299999
    endloop
  endfacet
  facet normal -0 0 -1
    outer loop
      vertex 45.8161 29.4521 0.299999
      vertex 44 23 0.299999
      vertex 45.643 29.5849 0.299999
    endloop
  endfacet
  facet normal -0 0 -1
    outer loop
      vertex 45.643 29.5849 0.299999
      vertex 44 23 0.299999
      vertex 45.4822 29.7322 0.299999
    endloop
  endfacet
  facet normal 0 0 -1
    outer loop
      vertex 44 23 0.299999
      vertex 45.8279 19.7356 0.299999
      vertex 45.2609 20.0386 0.299999
    endloop
  endfacet
  facet normal 0 0 -1
    outer loop
      vertex 44 23 0.299999
      vertex 45.2609 20.0386 0.299999
      vertex 45.2591 20.0396 0.299999
    endloop
  endfacet
  facet normal -0 0 -1
    outer loop
      vertex 45.4822 29.7322 0.299999
      vertex 44 23 0.299999
      vertex 45.3349 29.893 0.299999
    endloop
  endfacet
  facet normal -0 0 -1
    outer loop
      vertex 45.3349 29.893 0.299999
      vertex 44 23 0.299999
      vertex 45.2021 30.0661 0.299999
    endloop
  endfacet
  facet normal -0 0 -1
    outer loop
      vertex 45.2021 30.0661 0.299999
      vertex 44 23 0.299999
      vertex 45.0849 30.25 0.299999
    endloop
  endfacet
  facet normal -0 0 -1
    outer loop
      vertex 45.0849 30.25 0.299999
      vertex 44 23 0.299999
      vertex 44.9842 30.4435 0.299999
    endloop
  endfacet
  facet normal -0 0 -1
    outer loop
      vertex 44.9842 30.4435 0.299999
      vertex 44 23 0.299999
      vertex 44.9008 30.6449 0.299999
    endloop
  endfacet
  facet normal -0 0 -1
    outer loop
      vertex 44.9008 30.6449 0.299999
      vertex 44 23 0.299999
      vertex 44.8352 30.853 0.299999
    endloop
  endfacet
  facet normal 0 0 -1
    outer loop
      vertex 44 32.981 0.299999
      vertex 44.8352 30.853 0.299999
      vertex 44 23 0.299999
    endloop
  endfacet
  facet normal 0 0 -1
    outer loop
      vertex 44 23 0.299999
      vertex 45.2591 20.0396 0.299999
      vertex 44.6438 20.2262 0.299999
    endloop
  endfacet
  facet normal 0 0 -1
    outer loop
      vertex 44.8352 30.853 0.299999
      vertex 44 32.981 0.299999
      vertex 44.788 31.0659 0.299999
    endloop
  endfacet
  facet normal 0 0 -1
    outer loop
      vertex 44.788 31.0659 0.299999
      vertex 44 32.981 0.299999
      vertex 44.7595 31.2821 0.299999
    endloop
  endfacet
  facet normal 0 0 -1
    outer loop
      vertex 44 23 0.299999
      vertex 44.6438 20.2262 0.299999
      vertex 44.6419 20.2268 0.299999
    endloop
  endfacet
  facet normal 0 0 -1
    outer loop
      vertex 44 23 0.299999
      vertex 44.6419 20.2268 0.299999
      vertex 44.6398 20.227 0.299999
    endloop
  endfacet
  facet normal 0 0 -1
    outer loop
      vertex 44 23 0.299999
      vertex 44.6398 20.227 0.299999
      vertex 44 20.2901 0.299999
    endloop
  endfacet
  facet normal 0 0 -1
    outer loop
      vertex 44.7595 31.2821 0.299999
      vertex 44 32.981 0.299999
      vertex 44.75 31.5 0.299999
    endloop
  endfacet
  facet normal 0 0 -1
    outer loop
      vertex 44.75 31.5 0.299999
      vertex 44 32.981 0.299999
      vertex 44.75 32.981 0.299999
    endloop
  endfacet
  facet normal 0 0 -1
    outer loop
      vertex 46.7356 15.1721 0.299999
      vertex 46 11 0.299999
      vertex 46.3277 14.6752 0.299999
    endloop
  endfacet
  facet normal 0 0 -1
    outer loop
      vertex 46.3277 14.6752 0.299999
      vertex 46 11 0.299999
      vertex 46.3264 14.6736 0.299999
    endloop
  endfacet
  facet normal 0 0 -1
    outer loop
      vertex 46.3264 14.6736 0.299999
      vertex 46 11 0.299999
      vertex 46.3248 14.6723 0.299999
    endloop
  endfacet
  facet normal 0 0 -1
    outer loop
      vertex 46 11 0.299999
      vertex 45.8279 14.2644 0.299999
      vertex 46.3248 14.6723 0.299999
    endloop
  endfacet
  facet normal 0 0 -1
    outer loop
      vertex 46 11 0.299999
      vertex 45.2609 13.9614 0.299999
      vertex 45.8279 14.2644 0.299999
    endloop
  endfacet
  facet normal 0 0 -1
    outer loop
      vertex 46 11 0.299999
      vertex 45.2591 13.9604 0.299999
      vertex 45.2609 13.9614 0.299999
    endloop
  endfacet
  facet normal 0 0 -1
    outer loop
      vertex 46 11 0.299999
      vertex 44.6438 13.7738 0.299999
      vertex 45.2591 13.9604 0.299999
    endloop
  endfacet
  facet normal 0 0 -1
    outer loop
      vertex 46 11 0.299999
      vertex 44.6419 13.7732 0.299999
      vertex 44.6438 13.7738 0.299999
    endloop
  endfacet
  facet normal 0 0 -1
    outer loop
      vertex 46 11 0.299999
      vertex 44.6398 13.773 0.299999
      vertex 44.6419 13.7732 0.299999
    endloop
  endfacet
  facet normal 0 0 -1
    outer loop
      vertex 46 11 0.299999
      vertex 44 13.7099 0.299999
      vertex 44.6398 13.773 0.299999
    endloop
  endfacet
  facet normal 0 0 -1
    outer loop
      vertex 46 11 0.299999
      vertex 43.3602 13.773 0.299999
      vertex 44 13.7099 0.299999
    endloop
  endfacet
  facet normal 0 0 -1
    outer loop
      vertex 46 11 0.299999
      vertex 43.3581 13.7732 0.299999
      vertex 43.3602 13.773 0.299999
    endloop
  endfacet
  facet normal 0 0 -1
    outer loop
      vertex 46 11 0.299999
      vertex 43.3562 13.7738 0.299999
      vertex 43.3581 13.7732 0.299999
    endloop
  endfacet
  facet normal 0 0 -1
    outer loop
      vertex 38 11 0.299999
      vertex 43.3562 13.7738 0.299999
      vertex 46 11 0.299999
    endloop
  endfacet
  facet normal -0 0 -1
    outer loop
      vertex 43.3562 13.7738 0.299999
      vertex 38 11 0.299999
      vertex 42.7409 13.9604 0.299999
    endloop
  endfacet
  facet normal -0 0 -1
    outer loop
      vertex 42.7409 13.9604 0.299999
      vertex 38 11 0.299999
      vertex 42.7391 13.9614 0.299999
    endloop
  endfacet
  facet normal -0 0 -1
    outer loop
      vertex 42.7391 13.9614 0.299999
      vertex 38 11 0.299999
      vertex 42.1721 14.2644 0.299999
    endloop
  endfacet
  facet normal -0 0 -1
    outer loop
      vertex 42.1721 14.2644 0.299999
      vertex 38 11 0.299999
      vertex 41.6752 14.6723 0.299999
    endloop
  endfacet
  facet normal 0 0 -1
    outer loop
      vertex 38 11 0.299999
      vertex 41.6723 14.6752 0.299999
      vertex 41.6736 14.6736 0.299999
    endloop
  endfacet
  facet normal 0 0 -1
    outer loop
      vertex 38 11 0.299999
      vertex 40.9614 15.7391 0.299999
      vertex 41.2644 15.1721 0.299999
    endloop
  endfacet
  facet normal -0 0 -1
    outer loop
      vertex 40.7729 16.3602 0.299999
      vertex 38 11 0.299999
      vertex 40.7099 17 0.299999
    endloop
  endfacet
  facet normal -0 0 -1
    outer loop
      vertex 40.7732 16.3581 0.299999
      vertex 38 11 0.299999
      vertex 40.7729 16.3602 0.299999
    endloop
  endfacet
  facet normal -0 0 -1
    outer loop
      vertex 40.7738 16.3562 0.299999
      vertex 38 11 0.299999
      vertex 40.7732 16.3581 0.299999
    endloop
  endfacet
  facet normal -0 0 -1
    outer loop
      vertex 40.9604 15.7409 0.299999
      vertex 38 11 0.299999
      vertex 40.7738 16.3562 0.299999
    endloop
  endfacet
  facet normal -0 0 -1
    outer loop
      vertex 40.9614 15.7391 0.299999
      vertex 38 11 0.299999
      vertex 40.9604 15.7409 0.299999
    endloop
  endfacet
  facet normal -0 0 -1
    outer loop
      vertex 41.6723 14.6752 0.299999
      vertex 38 11 0.299999
      vertex 41.2644 15.1721 0.299999
    endloop
  endfacet
  facet normal -0 0 -1
    outer loop
      vertex 41.6752 14.6723 0.299999
      vertex 38 11 0.299999
      vertex 41.6736 14.6736 0.299999
    endloop
  endfacet
  facet normal 0 0 -1
    outer loop
      vertex 44.0369 44.5307 0.299999
      vertex 44.2732 43.7678 0.299999
      vertex 44.1468 44.0729 0.299999
    endloop
  endfacet
  facet normal 0 0 -1
    outer loop
      vertex 44.2732 43.7678 0.299999
      vertex 44.1468 45.927 0.299999
      vertex 44.327 46.362 0.299999
    endloop
  endfacet
  facet normal 0 0 -1
    outer loop
      vertex 44.2732 43.7678 0.299999
      vertex 44.0369 44.5307 0.299999
      vertex 44.1468 45.927 0.299999
    endloop
  endfacet
  facet normal 0 0 -1
    outer loop
      vertex 44.0369 44.5307 0.299999
      vertex 44.0369 45.4693 0.299999
      vertex 44.1468 45.927 0.299999
    endloop
  endfacet
  facet normal 0 -0 -1
    outer loop
      vertex 44.0369 45.4693 0.299999
      vertex 44.0369 44.5307 0.299999
      vertex 44 45 0.299999
    endloop
  endfacet
  facet normal -0 0 -1
    outer loop
      vertex 44.2732 43.7678 0.299999
      vertex 44 39.7355 0.299999
      vertex 44 43.7678 0.299999
    endloop
  endfacet
  facet normal 0 -1 0
    outer loop
      vertex 46 -56 0.299999
      vertex 50 -56 6.3
      vertex 46 -56 6.3
    endloop
  endfacet
  facet normal 0 -1 -0
    outer loop
      vertex 50 -56 6.3
      vertex 46 -56 0.299999
      vertex 50 -56 0.299999
    endloop
  endfacet
  facet normal -1 0 0
    outer loop
      vertex -37 24.981 17.5
      vertex -37 30.981 61
      vertex -37 30.981 17.5
    endloop
  endfacet
  facet normal -1 -0 0
    outer loop
      vertex -37 30.981 61
      vertex -37 24.981 17.5
      vertex -37 24.981 61
    endloop
  endfacet
  facet normal -0 0 1
    outer loop
      vertex -37 30.981 61
      vertex -33 24.981 61
      vertex -33 30.981 61
    endloop
  endfacet
  facet normal 0 0 1
    outer loop
      vertex -33 24.981 61
      vertex -37 30.981 61
      vertex -37 24.981 61
    endloop
  endfacet
  facet normal 1 -0 0
    outer loop
      vertex -33 24.981 61
      vertex -33 30.981 14.5
      vertex -33 30.981 61
    endloop
  endfacet
  facet normal 1 0 0
    outer loop
      vertex -33 30.981 14.5
      vertex -33 24.981 61
      vertex -33 24.981 14.5
    endloop
  endfacet
  facet normal 0 -1 0
    outer loop
      vertex -44 24.981 17.5
      vertex -44 24.981 14.5
      vertex -37 24.981 17.5
    endloop
  endfacet
  facet normal 0 -1 0
    outer loop
      vertex -37 24.981 17.5
      vertex -33 24.981 61
      vertex -37 24.981 61
    endloop
  endfacet
  facet normal 0 -1 0
    outer loop
      vertex -37 24.981 17.5
      vertex -33 24.981 14.5
      vertex -33 24.981 61
    endloop
  endfacet
  facet normal 0 -1 0
    outer loop
      vertex -33 24.981 14.5
      vertex -37 24.981 17.5
      vertex -44 24.981 14.5
    endloop
  endfacet
  facet normal 0 1 0
    outer loop
      vertex -33 30.981 61
      vertex -37 30.981 17.5
      vertex -37 30.981 61
    endloop
  endfacet
  facet normal 0 1 -0
    outer loop
      vertex -33 30.981 14.5
      vertex -37 30.981 17.5
      vertex -33 30.981 61
    endloop
  endfacet
  facet normal 0 1 0
    outer loop
      vertex -44 30.981 14.5
      vertex -37 30.981 17.5
      vertex -33 30.981 14.5
    endloop
  endfacet
  facet normal 0 1 0
    outer loop
      vertex -37 30.981 17.5
      vertex -44 30.981 14.5
      vertex -44 30.981 17.5
    endloop
  endfacet
  facet normal 0 0 1
    outer loop
      vertex -44 32.981 61
      vertex -46 27.981 61
      vertex -44 22.981 61
    endloop
  endfacet
  facet normal 0 0 1
    outer loop
      vertex -44 32.981 61
      vertex -46.0251 28.2035 61
      vertex -46 27.981 61
    endloop
  endfacet
  facet normal 0 0 1
    outer loop
      vertex -44 32.981 61
      vertex -46.099 28.4149 61
      vertex -46.0251 28.2035 61
    endloop
  endfacet
  facet normal 0 0 1
    outer loop
      vertex -44 32.981 61
      vertex -46.2182 28.6045 61
      vertex -46.099 28.4149 61
    endloop
  endfacet
  facet normal 0 0 1
    outer loop
      vertex -44 32.981 61
      vertex -46.3765 28.7628 61
      vertex -46.2182 28.6045 61
    endloop
  endfacet
  facet normal 0 0 1
    outer loop
      vertex -44 32.981 61
      vertex -46.5661 28.8819 61
      vertex -46.3765 28.7628 61
    endloop
  endfacet
  facet normal 0 0 1
    outer loop
      vertex -44 32.981 61
      vertex -46.7775 28.9559 61
      vertex -46.5661 28.8819 61
    endloop
  endfacet
  facet normal 0 0 1
    outer loop
      vertex -44 32.981 61
      vertex -47 28.981 61
      vertex -46.7775 28.9559 61
    endloop
  endfacet
  facet normal -0 0 1
    outer loop
      vertex -50 32.981 61
      vertex -47 28.981 61
      vertex -44 32.981 61
    endloop
  endfacet
  facet normal 0 0 1
    outer loop
      vertex -47 28.981 61
      vertex -50 32.981 61
      vertex -47.2225 28.9559 61
    endloop
  endfacet
  facet normal 0 0 1
    outer loop
      vertex -47.2225 28.9559 61
      vertex -50 32.981 61
      vertex -47.4339 28.8819 61
    endloop
  endfacet
  facet normal 0 0 1
    outer loop
      vertex -47.4339 28.8819 61
      vertex -50 32.981 61
      vertex -47.6235 28.7628 61
    endloop
  endfacet
  facet normal 0 0 1
    outer loop
      vertex -47.9749 28.2035 61
      vertex -50 32.981 61
      vertex -48 27.981 61
    endloop
  endfacet
  facet normal 0 0 1
    outer loop
      vertex -47.901 28.4149 61
      vertex -50 32.981 61
      vertex -47.9749 28.2035 61
    endloop
  endfacet
  facet normal 0 0 1
    outer loop
      vertex -47.7818 28.6045 61
      vertex -50 32.981 61
      vertex -47.901 28.4149 61
    endloop
  endfacet
  facet normal 0 0 1
    outer loop
      vertex -47.6235 28.7628 61
      vertex -50 32.981 61
      vertex -47.7818 28.6045 61
    endloop
  endfacet
  facet normal -0 0 1
    outer loop
      vertex -46.0251 27.7584 61
      vertex -44 22.981 61
      vertex -46 27.981 61
    endloop
  endfacet
  facet normal -0 0 1
    outer loop
      vertex -46.099 27.5471 61
      vertex -44 22.981 61
      vertex -46.0251 27.7584 61
    endloop
  endfacet
  facet normal -0 0 1
    outer loop
      vertex -46.2182 27.3575 61
      vertex -44 22.981 61
      vertex -46.099 27.5471 61
    endloop
  endfacet
  facet normal -0 0 1
    outer loop
      vertex -46.3765 27.1991 61
      vertex -44 22.981 61
      vertex -46.2182 27.3575 61
    endloop
  endfacet
  facet normal -0 0 1
    outer loop
      vertex -46.5661 27.08 61
      vertex -44 22.981 61
      vertex -46.3765 27.1991 61
    endloop
  endfacet
  facet normal -0 0 1
    outer loop
      vertex -46.7775 27.006 61
      vertex -44 22.981 61
      vertex -46.5661 27.08 61
    endloop
  endfacet
  facet normal -0 0 1
    outer loop
      vertex -47 26.981 61
      vertex -44 22.981 61
      vertex -46.7775 27.006 61
    endloop
  endfacet
  facet normal 0 0 1
    outer loop
      vertex -50 22.981 61
      vertex -47 26.981 61
      vertex -47.2225 27.006 61
    endloop
  endfacet
  facet normal 0 0 1
    outer loop
      vertex -50 22.981 61
      vertex -47.2225 27.006 61
      vertex -47.4339 27.08 61
    endloop
  endfacet
  facet normal 0 0 1
    outer loop
      vertex -50 22.981 61
      vertex -47.4339 27.08 61
      vertex -47.6235 27.1991 61
    endloop
  endfacet
  facet normal 0 0 1
    outer loop
      vertex -50 22.981 61
      vertex -47.6235 27.1991 61
      vertex -47.7818 27.3575 61
    endloop
  endfacet
  facet normal 0 0 1
    outer loop
      vertex -50 22.981 61
      vertex -48 27.981 61
      vertex -50 32.981 61
    endloop
  endfacet
  facet normal 0 0 1
    outer loop
      vertex -48 27.981 61
      vertex -50 22.981 61
      vertex -47.9749 27.7584 61
    endloop
  endfacet
  facet normal 0 0 1
    outer loop
      vertex -47 26.981 61
      vertex -50 22.981 61
      vertex -44 22.981 61
    endloop
  endfacet
  facet normal 0 0 1
    outer loop
      vertex -47.901 27.5471 61
      vertex -50 22.981 61
      vertex -47.7818 27.3575 61
    endloop
  endfacet
  facet normal 0 0 1
    outer loop
      vertex -47.9749 27.7584 61
      vertex -50 22.981 61
      vertex -47.901 27.5471 61
    endloop
  endfacet
  facet normal 1 0 0
    outer loop
      vertex -44 32.981 61
      vertex -44 30.981 17.5
      vertex -44 32.981 0.299999
    endloop
  endfacet
  facet normal 1 0 0
    outer loop
      vertex -44 32.981 61
      vertex -44 24.981 17.5
      vertex -44 30.981 17.5
    endloop
  endfacet
  facet normal 1 0 0
    outer loop
      vertex -44 22.981 6.3
      vertex -44 24.981 14.5
      vertex -44 24.981 17.5
    endloop
  endfacet
  facet normal 1 -0 0
    outer loop
      vertex -44 22.981 61
      vertex -44 24.981 17.5
      vertex -44 32.981 61
    endloop
  endfacet
  facet normal 1 0 0
    outer loop
      vertex -44 22.981 6.3
      vertex -44 24.981 17.5
      vertex -44 22.981 61
    endloop
  endfacet
  facet normal 1 0 0
    outer loop
      vertex -44 24.981 14.5
      vertex -44 22.981 6.3
      vertex -44 23 6.3
    endloop
  endfacet
  facet normal 1 -0 0
    outer loop
      vertex -44 30.981 14.5
      vertex -44 32.981 0.299999
      vertex -44 30.981 17.5
    endloop
  endfacet
  facet normal 1 0 0
    outer loop
      vertex -44 23 6.3
      vertex -44 30.981 14.5
      vertex -44 24.981 14.5
    endloop
  endfacet
  facet normal 1 0 0
    outer loop
      vertex -44 30.981 14.5
      vertex -44 23 6.3
      vertex -44 32.981 0.299999
    endloop
  endfacet
  facet normal 1 0 0
    outer loop
      vertex -44 32.981 0.299999
      vertex -44 23 6.3
      vertex -44 23 0.299999
    endloop
  endfacet
  facet normal 0 -1 0
    outer loop
      vertex -50 22.981 6.3
      vertex -44 22.981 61
      vertex -50 22.981 61
    endloop
  endfacet
  facet normal 0 -1 -0
    outer loop
      vertex -44 22.981 61
      vertex -50 22.981 6.3
      vertex -44 22.981 6.3
    endloop
  endfacet
  facet normal 0 1 0
    outer loop
      vertex -44 32.981 61
      vertex -46 32.981 6.3
      vertex -50 32.981 61
    endloop
  endfacet
  facet normal 0 1 -0
    outer loop
      vertex -44 32.981 0.299999
      vertex -46 32.981 6.3
      vertex -44 32.981 61
    endloop
  endfacet
  facet normal 0 1 0
    outer loop
      vertex -46 32.981 6.3
      vertex -44 32.981 0.299999
      vertex -44.75 32.981 1.5
    endloop
  endfacet
  facet normal 0 1 0
    outer loop
      vertex -44.75 32.981 1.5
      vertex -44 32.981 0.299999
      vertex -44.75 32.981 0.299999
    endloop
  endfacet
  facet normal 0 1 0
    outer loop
      vertex -50 32.981 61
      vertex -46 32.981 6.3
      vertex -50 32.981 6.3
    endloop
  endfacet
  facet normal 0 1 0
    outer loop
      vertex -46 32.981 6.3
      vertex -44.75 32.981 1.5
      vertex -46 32.981 1.5
    endloop
  endfacet
  facet normal -0 0 1
    outer loop
      vertex -44 30.981 17.5
      vertex -37 24.981 17.5
      vertex -37 30.981 17.5
    endloop
  endfacet
  facet normal 0 0 1
    outer loop
      vertex -37 24.981 17.5
      vertex -44 30.981 17.5
      vertex -44 24.981 17.5
    endloop
  endfacet
  facet normal 0 0 -1
    outer loop
      vertex -44 24.981 14.5
      vertex -33 30.981 14.5
      vertex -33 24.981 14.5
    endloop
  endfacet
  facet normal -0 0 -1
    outer loop
      vertex -33 30.981 14.5
      vertex -44 24.981 14.5
      vertex -44 30.981 14.5
    endloop
  endfacet
  facet normal -0.993697 -0.112098 0
    outer loop
      vertex -46 27.981 53
      vertex -46.0251 28.2035 61
      vertex -46.0251 28.2035 53
    endloop
  endfacet
  facet normal -0.993697 -0.112098 0
    outer loop
      vertex -46.0251 28.2035 61
      vertex -46 27.981 53
      vertex -46 27.981 61
    endloop
  endfacet
  facet normal 0.993697 -0.112098 0
    outer loop
      vertex -48 27.981 61
      vertex -47.9749 28.2035 53
      vertex -47.9749 28.2035 61
    endloop
  endfacet
  facet normal 0.993697 -0.112098 0
    outer loop
      vertex -47.9749 28.2035 53
      vertex -48 27.981 61
      vertex -48 27.981 53
    endloop
  endfacet
  facet normal -0.112098 -0.993697 0
    outer loop
      vertex -47 28.981 53
      vertex -46.7775 28.9559 61
      vertex -47 28.981 61
    endloop
  endfacet
  facet normal -0.112098 -0.993697 -0
    outer loop
      vertex -46.7775 28.9559 61
      vertex -47 28.981 53
      vertex -46.7775 28.9559 53
    endloop
  endfacet
  facet normal -0.111657 0.993747 0
    outer loop
      vertex -46.7775 27.006 53
      vertex -47 26.981 61
      vertex -46.7775 27.006 61
    endloop
  endfacet
  facet normal -0.111657 0.993747 0
    outer loop
      vertex -47 26.981 61
      vertex -46.7775 27.006 53
      vertex -47 26.981 53
    endloop
  endfacet
  facet normal -0.707107 -0.707107 0
    outer loop
      vertex -46.2182 28.6045 53
      vertex -46.3765 28.7628 61
      vertex -46.3765 28.7628 53
    endloop
  endfacet
  facet normal -0.707107 -0.707107 0
    outer loop
      vertex -46.3765 28.7628 61
      vertex -46.2182 28.6045 53
      vertex -46.2182 28.6045 61
    endloop
  endfacet
  facet normal -0.943984 -0.329992 0
    outer loop
      vertex -46.0251 28.2035 53
      vertex -46.099 28.4149 61
      vertex -46.099 28.4149 53
    endloop
  endfacet
  facet normal -0.943984 -0.329992 0
    outer loop
      vertex -46.099 28.4149 61
      vertex -46.0251 28.2035 53
      vertex -46.0251 28.2035 61
    endloop
  endfacet
  facet normal 0.531925 -0.846792 0
    outer loop
      vertex -47.6235 28.7628 53
      vertex -47.4339 28.8819 61
      vertex -47.6235 28.7628 61
    endloop
  endfacet
  facet normal 0.531925 -0.846792 0
    outer loop
      vertex -47.4339 28.8819 61
      vertex -47.6235 28.7628 53
      vertex -47.4339 28.8819 53
    endloop
  endfacet
  facet normal 0.112098 -0.993697 0
    outer loop
      vertex -47.2225 28.9559 53
      vertex -47 28.981 61
      vertex -47.2225 28.9559 61
    endloop
  endfacet
  facet normal 0.112098 -0.993697 0
    outer loop
      vertex -47 28.981 61
      vertex -47.2225 28.9559 53
      vertex -47 28.981 53
    endloop
  endfacet
  facet normal -0.943935 0.330132 0
    outer loop
      vertex -46.099 27.5471 53
      vertex -46.0251 27.7584 61
      vertex -46.0251 27.7584 53
    endloop
  endfacet
  facet normal -0.943935 0.330132 0
    outer loop
      vertex -46.0251 27.7584 61
      vertex -46.099 27.5471 53
      vertex -46.099 27.5471 61
    endloop
  endfacet
  facet normal -0.846591 -0.532245 0
    outer loop
      vertex -46.099 28.4149 53
      vertex -46.2182 28.6045 61
      vertex -46.2182 28.6045 53
    endloop
  endfacet
  facet normal -0.846591 -0.532245 0
    outer loop
      vertex -46.2182 28.6045 61
      vertex -46.099 28.4149 53
      vertex -46.099 28.4149 61
    endloop
  endfacet
  facet normal -0.33039 -0.943844 0
    outer loop
      vertex -46.7775 28.9559 53
      vertex -46.5661 28.8819 61
      vertex -46.7775 28.9559 61
    endloop
  endfacet
  facet normal -0.33039 -0.943844 -0
    outer loop
      vertex -46.5661 28.8819 61
      vertex -46.7775 28.9559 53
      vertex -46.5661 28.8819 53
    endloop
  endfacet
  facet normal -0.531925 -0.846792 0
    outer loop
      vertex -46.5661 28.8819 53
      vertex -46.3765 28.7628 61
      vertex -46.5661 28.8819 61
    endloop
  endfacet
  facet normal -0.531925 -0.846792 -0
    outer loop
      vertex -46.3765 28.7628 61
      vertex -46.5661 28.8819 53
      vertex -46.3765 28.7628 53
    endloop
  endfacet
  facet normal 0.846591 -0.532245 0
    outer loop
      vertex -47.901 28.4149 61
      vertex -47.7818 28.6045 53
      vertex -47.7818 28.6045 61
    endloop
  endfacet
  facet normal 0.846591 -0.532245 0
    outer loop
      vertex -47.7818 28.6045 53
      vertex -47.901 28.4149 61
      vertex -47.901 28.4149 53
    endloop
  endfacet
  facet normal 0.707107 -0.707107 0
    outer loop
      vertex -47.7818 28.6045 61
      vertex -47.6235 28.7628 53
      vertex -47.6235 28.7628 61
    endloop
  endfacet
  facet normal 0.707107 -0.707107 0
    outer loop
      vertex -47.6235 28.7628 53
      vertex -47.7818 28.6045 61
      vertex -47.7818 28.6045 53
    endloop
  endfacet
  facet normal 0.943984 -0.329992 0
    outer loop
      vertex -47.9749 28.2035 61
      vertex -47.901 28.4149 53
      vertex -47.901 28.4149 61
    endloop
  endfacet
  facet normal 0.943984 -0.329992 0
    outer loop
      vertex -47.901 28.4149 53
      vertex -47.9749 28.2035 61
      vertex -47.9749 28.2035 53
    endloop
  endfacet
  facet normal 0.33039 -0.943844 0
    outer loop
      vertex -47.4339 28.8819 53
      vertex -47.2225 28.9559 61
      vertex -47.4339 28.8819 61
    endloop
  endfacet
  facet normal 0.33039 -0.943844 0
    outer loop
      vertex -47.2225 28.9559 61
      vertex -47.4339 28.8819 53
      vertex -47.2225 28.9559 53
    endloop
  endfacet
  facet normal -0.993703 0.112048 0
    outer loop
      vertex -46.0251 27.7584 53
      vertex -46 27.981 61
      vertex -46 27.981 53
    endloop
  endfacet
  facet normal -0.993703 0.112048 0
    outer loop
      vertex -46 27.981 61
      vertex -46.0251 27.7584 53
      vertex -46.0251 27.7584 61
    endloop
  endfacet
  facet normal 0.993703 0.112048 0
    outer loop
      vertex -47.9749 27.7584 61
      vertex -48 27.981 53
      vertex -48 27.981 61
    endloop
  endfacet
  facet normal 0.993703 0.112048 0
    outer loop
      vertex -48 27.981 53
      vertex -47.9749 27.7584 61
      vertex -47.9749 27.7584 53
    endloop
  endfacet
  facet normal 0 0 1
    outer loop
      vertex -46.0251 28.2035 53
      vertex -46.0251 27.7584 53
      vertex -46 27.981 53
    endloop
  endfacet
  facet normal 0 0 1
    outer loop
      vertex -46.099 28.4149 53
      vertex -46.0251 27.7584 53
      vertex -46.0251 28.2035 53
    endloop
  endfacet
  facet normal 0 0 1
    outer loop
      vertex -46.099 28.4149 53
      vertex -46.099 27.5471 53
      vertex -46.0251 27.7584 53
    endloop
  endfacet
  facet normal 0 0 1
    outer loop
      vertex -46.2182 28.6045 53
      vertex -46.099 27.5471 53
      vertex -46.099 28.4149 53
    endloop
  endfacet
  facet normal 0 0 1
    outer loop
      vertex -46.2182 28.6045 53
      vertex -46.2182 27.3575 53
      vertex -46.099 27.5471 53
    endloop
  endfacet
  facet normal 0 0 1
    outer loop
      vertex -46.3765 28.7628 53
      vertex -46.2182 27.3575 53
      vertex -46.2182 28.6045 53
    endloop
  endfacet
  facet normal 0 0 1
    outer loop
      vertex -46.3765 28.7628 53
      vertex -46.3765 27.1991 53
      vertex -46.2182 27.3575 53
    endloop
  endfacet
  facet normal 0 0 1
    outer loop
      vertex -46.5661 28.8819 53
      vertex -46.3765 27.1991 53
      vertex -46.3765 28.7628 53
    endloop
  endfacet
  facet normal 0 0 1
    outer loop
      vertex -46.5661 28.8819 53
      vertex -46.5661 27.08 53
      vertex -46.3765 27.1991 53
    endloop
  endfacet
  facet normal 0 0 1
    outer loop
      vertex -46.7775 28.9559 53
      vertex -46.5661 27.08 53
      vertex -46.5661 28.8819 53
    endloop
  endfacet
  facet normal 0 0 1
    outer loop
      vertex -46.7775 28.9559 53
      vertex -46.7775 27.006 53
      vertex -46.5661 27.08 53
    endloop
  endfacet
  facet normal 0 0 1
    outer loop
      vertex -47 28.981 53
      vertex -46.7775 27.006 53
      vertex -46.7775 28.9559 53
    endloop
  endfacet
  facet normal 0 0 1
    outer loop
      vertex -47 28.981 53
      vertex -47 26.981 53
      vertex -46.7775 27.006 53
    endloop
  endfacet
  facet normal -0 0 1
    outer loop
      vertex -47.2225 28.9559 53
      vertex -47 26.981 53
      vertex -47 28.981 53
    endloop
  endfacet
  facet normal 0 0 1
    outer loop
      vertex -47.2225 28.9559 53
      vertex -47.2225 27.006 53
      vertex -47 26.981 53
    endloop
  endfacet
  facet normal -0 0 1
    outer loop
      vertex -47.4339 28.8819 53
      vertex -47.2225 27.006 53
      vertex -47.2225 28.9559 53
    endloop
  endfacet
  facet normal 0 0 1
    outer loop
      vertex -47.4339 28.8819 53
      vertex -47.4339 27.08 53
      vertex -47.2225 27.006 53
    endloop
  endfacet
  facet normal -0 0 1
    outer loop
      vertex -47.6235 28.7628 53
      vertex -47.4339 27.08 53
      vertex -47.4339 28.8819 53
    endloop
  endfacet
  facet normal 0 0 1
    outer loop
      vertex -47.6235 28.7628 53
      vertex -47.6235 27.1991 53
      vertex -47.4339 27.08 53
    endloop
  endfacet
  facet normal -0 0 1
    outer loop
      vertex -47.7818 28.6045 53
      vertex -47.6235 27.1991 53
      vertex -47.6235 28.7628 53
    endloop
  endfacet
  facet normal 0 0 1
    outer loop
      vertex -47.7818 28.6045 53
      vertex -47.7818 27.3575 53
      vertex -47.6235 27.1991 53
    endloop
  endfacet
  facet normal -0 0 1
    outer loop
      vertex -47.901 28.4149 53
      vertex -47.7818 27.3575 53
      vertex -47.7818 28.6045 53
    endloop
  endfacet
  facet normal 0 0 1
    outer loop
      vertex -47.901 28.4149 53
      vertex -47.901 27.5471 53
      vertex -47.7818 27.3575 53
    endloop
  endfacet
  facet normal -0 0 1
    outer loop
      vertex -47.9749 28.2035 53
      vertex -47.901 27.5471 53
      vertex -47.901 28.4149 53
    endloop
  endfacet
  facet normal 0 0 1
    outer loop
      vertex -47.9749 28.2035 53
      vertex -47.9749 27.7584 53
      vertex -47.901 27.5471 53
    endloop
  endfacet
  facet normal 0 -0 1
    outer loop
      vertex -47.9749 27.7584 53
      vertex -47.9749 28.2035 53
      vertex -48 27.981 53
    endloop
  endfacet
  facet normal -0.70733 0.706883 0
    outer loop
      vertex -46.3765 27.1991 53
      vertex -46.2182 27.3575 61
      vertex -46.2182 27.3575 53
    endloop
  endfacet
  facet normal -0.70733 0.706883 0
    outer loop
      vertex -46.2182 27.3575 61
      vertex -46.3765 27.1991 53
      vertex -46.3765 27.1991 61
    endloop
  endfacet
  facet normal 0.111657 0.993747 -0
    outer loop
      vertex -47 26.981 53
      vertex -47.2225 27.006 61
      vertex -47 26.981 61
    endloop
  endfacet
  facet normal 0.111657 0.993747 0
    outer loop
      vertex -47.2225 27.006 61
      vertex -47 26.981 53
      vertex -47.2225 27.006 53
    endloop
  endfacet
  facet normal 0.70733 0.706883 0
    outer loop
      vertex -47.6235 27.1991 61
      vertex -47.7818 27.3575 53
      vertex -47.7818 27.3575 61
    endloop
  endfacet
  facet normal 0.70733 0.706883 0
    outer loop
      vertex -47.7818 27.3575 53
      vertex -47.6235 27.1991 61
      vertex -47.6235 27.1991 53
    endloop
  endfacet
  facet normal 0.846591 0.532245 0
    outer loop
      vertex -47.7818 27.3575 61
      vertex -47.901 27.5471 53
      vertex -47.901 27.5471 61
    endloop
  endfacet
  facet normal 0.846591 0.532245 0
    outer loop
      vertex -47.901 27.5471 53
      vertex -47.7818 27.3575 61
      vertex -47.7818 27.3575 53
    endloop
  endfacet
  facet normal 0.943935 0.330132 0
    outer loop
      vertex -47.901 27.5471 61
      vertex -47.9749 27.7584 53
      vertex -47.9749 27.7584 61
    endloop
  endfacet
  facet normal 0.943935 0.330132 0
    outer loop
      vertex -47.9749 27.7584 53
      vertex -47.901 27.5471 61
      vertex -47.901 27.5471 53
    endloop
  endfacet
  facet normal -0.531925 0.846792 0
    outer loop
      vertex -46.3765 27.1991 53
      vertex -46.5661 27.08 61
      vertex -46.3765 27.1991 61
    endloop
  endfacet
  facet normal -0.531925 0.846792 0
    outer loop
      vertex -46.5661 27.08 61
      vertex -46.3765 27.1991 53
      vertex -46.5661 27.08 53
    endloop
  endfacet
  facet normal -0.33039 0.943844 0
    outer loop
      vertex -46.5661 27.08 53
      vertex -46.7775 27.006 61
      vertex -46.5661 27.08 61
    endloop
  endfacet
  facet normal -0.33039 0.943844 0
    outer loop
      vertex -46.7775 27.006 61
      vertex -46.5661 27.08 53
      vertex -46.7775 27.006 53
    endloop
  endfacet
  facet normal -0.846591 0.532245 0
    outer loop
      vertex -46.2182 27.3575 53
      vertex -46.099 27.5471 61
      vertex -46.099 27.5471 53
    endloop
  endfacet
  facet normal -0.846591 0.532245 0
    outer loop
      vertex -46.099 27.5471 61
      vertex -46.2182 27.3575 53
      vertex -46.2182 27.3575 61
    endloop
  endfacet
  facet normal 0.33039 0.943844 -0
    outer loop
      vertex -47.2225 27.006 53
      vertex -47.4339 27.08 61
      vertex -47.2225 27.006 61
    endloop
  endfacet
  facet normal 0.33039 0.943844 0
    outer loop
      vertex -47.4339 27.08 61
      vertex -47.2225 27.006 53
      vertex -47.4339 27.08 53
    endloop
  endfacet
  facet normal 0.531925 0.846792 -0
    outer loop
      vertex -47.4339 27.08 53
      vertex -47.6235 27.1991 61
      vertex -47.4339 27.08 61
    endloop
  endfacet
  facet normal 0.531925 0.846792 0
    outer loop
      vertex -47.6235 27.1991 61
      vertex -47.4339 27.08 53
      vertex -47.6235 27.1991 53
    endloop
  endfacet
  facet normal -1 0 0
    outer loop
      vertex 33 24.981 14.5
      vertex 33 30.981 61
      vertex 33 30.981 14.5
    endloop
  endfacet
  facet normal -1 -0 0
    outer loop
      vertex 33 30.981 61
      vertex 33 24.981 14.5
      vertex 33 24.981 61
    endloop
  endfacet
  facet normal -0 0 1
    outer loop
      vertex 33 30.981 61
      vertex 37 24.981 61
      vertex 37 30.981 61
    endloop
  endfacet
  facet normal 0 0 1
    outer loop
      vertex 37 24.981 61
      vertex 33 30.981 61
      vertex 33 24.981 61
    endloop
  endfacet
  facet normal 1 -0 0
    outer loop
      vertex 37 24.981 61
      vertex 37 30.981 17.5
      vertex 37 30.981 61
    endloop
  endfacet
  facet normal 1 0 0
    outer loop
      vertex 37 30.981 17.5
      vertex 37 24.981 61
      vertex 37 24.981 17.5
    endloop
  endfacet
  facet normal 0 1 0
    outer loop
      vertex 44 30.981 17.5
      vertex 44 30.981 14.5
      vertex 37 30.981 17.5
    endloop
  endfacet
  facet normal 0 1 -0
    outer loop
      vertex 37 30.981 17.5
      vertex 33 30.981 61
      vertex 37 30.981 61
    endloop
  endfacet
  facet normal 0 1 0
    outer loop
      vertex 37 30.981 17.5
      vertex 33 30.981 14.5
      vertex 33 30.981 61
    endloop
  endfacet
  facet normal 0 1 0
    outer loop
      vertex 33 30.981 14.5
      vertex 37 30.981 17.5
      vertex 44 30.981 14.5
    endloop
  endfacet
  facet normal 0 -1 0
    outer loop
      vertex 33 24.981 61
      vertex 37 24.981 17.5
      vertex 37 24.981 61
    endloop
  endfacet
  facet normal 0 -1 0
    outer loop
      vertex 33 24.981 14.5
      vertex 37 24.981 17.5
      vertex 33 24.981 61
    endloop
  endfacet
  facet normal 0 -1 0
    outer loop
      vertex 44 24.981 14.5
      vertex 37 24.981 17.5
      vertex 33 24.981 14.5
    endloop
  endfacet
  facet normal 0 -1 0
    outer loop
      vertex 37 24.981 17.5
      vertex 44 24.981 14.5
      vertex 44 24.981 17.5
    endloop
  endfacet
  facet normal -1 0 0
    outer loop
      vertex 44 30.981 17.5
      vertex 44 32.981 0.299999
      vertex 44 30.981 14.5
    endloop
  endfacet
  facet normal -1 0 0
    outer loop
      vertex 44 23 6.3
      vertex 44 30.981 14.5
      vertex 44 32.981 0.299999
    endloop
  endfacet
  facet normal -1 -0 0
    outer loop
      vertex 44 30.981 14.5
      vertex 44 23 6.3
      vertex 44 24.981 14.5
    endloop
  endfacet
  facet normal -1 0 0
    outer loop
      vertex 44 23 6.3
      vertex 44 32.981 0.299999
      vertex 44 23 0.299999
    endloop
  endfacet
  facet normal -1 0 0
    outer loop
      vertex 44 32.981 0.299999
      vertex 44 30.981 17.5
      vertex 44 32.981 61
    endloop
  endfacet
  facet normal -1 0 0
    outer loop
      vertex 44 24.981 17.5
      vertex 44 32.981 61
      vertex 44 30.981 17.5
    endloop
  endfacet
  facet normal -1 0 0
    outer loop
      vertex 44 22.981 6.3
      vertex 44 24.981 14.5
      vertex 44 23 6.3
    endloop
  endfacet
  facet normal -1 -0 0
    outer loop
      vertex 44 24.981 14.5
      vertex 44 22.981 6.3
      vertex 44 24.981 17.5
    endloop
  endfacet
  facet normal -1 0 0
    outer loop
      vertex 44 24.981 17.5
      vertex 44 22.981 61
      vertex 44 32.981 61
    endloop
  endfacet
  facet normal -1 0 0
    outer loop
      vertex 44 22.981 61
      vertex 44 24.981 17.5
      vertex 44 22.981 6.3
    endloop
  endfacet
  facet normal 0 0 1
    outer loop
      vertex 50 32.981 61
      vertex 48 27.981 61
      vertex 50 22.981 61
    endloop
  endfacet
  facet normal 0 0 1
    outer loop
      vertex 50 32.981 61
      vertex 47.9749 28.2035 61
      vertex 48 27.981 61
    endloop
  endfacet
  facet normal 0 0 1
    outer loop
      vertex 50 32.981 61
      vertex 47.901 28.4149 61
      vertex 47.9749 28.2035 61
    endloop
  endfacet
  facet normal 0 0 1
    outer loop
      vertex 50 32.981 61
      vertex 47.7818 28.6045 61
      vertex 47.901 28.4149 61
    endloop
  endfacet
  facet normal 0 0 1
    outer loop
      vertex 50 32.981 61
      vertex 47.6235 28.7628 61
      vertex 47.7818 28.6045 61
    endloop
  endfacet
  facet normal 0 0 1
    outer loop
      vertex 50 32.981 61
      vertex 47.4339 28.8819 61
      vertex 47.6235 28.7628 61
    endloop
  endfacet
  facet normal 0 0 1
    outer loop
      vertex 50 32.981 61
      vertex 47.2225 28.9559 61
      vertex 47.4339 28.8819 61
    endloop
  endfacet
  facet normal 0 0 1
    outer loop
      vertex 50 32.981 61
      vertex 47 28.981 61
      vertex 47.2225 28.9559 61
    endloop
  endfacet
  facet normal -0 0 1
    outer loop
      vertex 44 32.981 61
      vertex 47 28.981 61
      vertex 50 32.981 61
    endloop
  endfacet
  facet normal 0 0 1
    outer loop
      vertex 47 28.981 61
      vertex 44 32.981 61
      vertex 46.7775 28.9559 61
    endloop
  endfacet
  facet normal 0 0 1
    outer loop
      vertex 46.7775 28.9559 61
      vertex 44 32.981 61
      vertex 46.5661 28.8819 61
    endloop
  endfacet
  facet normal 0 0 1
    outer loop
      vertex 46.5661 28.8819 61
      vertex 44 32.981 61
      vertex 46.3765 28.7628 61
    endloop
  endfacet
  facet normal 0 0 1
    outer loop
      vertex 46.0251 28.2035 61
      vertex 44 32.981 61
      vertex 46 27.981 61
    endloop
  endfacet
  facet normal 0 0 1
    outer loop
      vertex 46.099 28.4149 61
      vertex 44 32.981 61
      vertex 46.0251 28.2035 61
    endloop
  endfacet
  facet normal 0 0 1
    outer loop
      vertex 46.2182 28.6045 61
      vertex 44 32.981 61
      vertex 46.099 28.4149 61
    endloop
  endfacet
  facet normal 0 0 1
    outer loop
      vertex 46.3765 28.7628 61
      vertex 44 32.981 61
      vertex 46.2182 28.6045 61
    endloop
  endfacet
  facet normal -0 0 1
    outer loop
      vertex 47.9749 27.7584 61
      vertex 50 22.981 61
      vertex 48 27.981 61
    endloop
  endfacet
  facet normal -0 0 1
    outer loop
      vertex 47.901 27.5471 61
      vertex 50 22.981 61
      vertex 47.9749 27.7584 61
    endloop
  endfacet
  facet normal -0 0 1
    outer loop
      vertex 47.7818 27.3575 61
      vertex 50 22.981 61
      vertex 47.901 27.5471 61
    endloop
  endfacet
  facet normal -0 0 1
    outer loop
      vertex 47.6235 27.1991 61
      vertex 50 22.981 61
      vertex 47.7818 27.3575 61
    endloop
  endfacet
  facet normal -0 0 1
    outer loop
      vertex 47.4339 27.08 61
      vertex 50 22.981 61
      vertex 47.6235 27.1991 61
    endloop
  endfacet
  facet normal -0 0 1
    outer loop
      vertex 47.2225 27.006 61
      vertex 50 22.981 61
      vertex 47.4339 27.08 61
    endloop
  endfacet
  facet normal -0 0 1
    outer loop
      vertex 47 26.981 61
      vertex 50 22.981 61
      vertex 47.2225 27.006 61
    endloop
  endfacet
  facet normal 0 0 1
    outer loop
      vertex 44 22.981 61
      vertex 47 26.981 61
      vertex 46.7775 27.006 61
    endloop
  endfacet
  facet normal 0 0 1
    outer loop
      vertex 44 22.981 61
      vertex 46.7775 27.006 61
      vertex 46.5661 27.08 61
    endloop
  endfacet
  facet normal 0 0 1
    outer loop
      vertex 44 22.981 61
      vertex 46.5661 27.08 61
      vertex 46.3765 27.1991 61
    endloop
  endfacet
  facet normal 0 0 1
    outer loop
      vertex 44 22.981 61
      vertex 46.3765 27.1991 61
      vertex 46.2182 27.3575 61
    endloop
  endfacet
  facet normal 0 0 1
    outer loop
      vertex 44 22.981 61
      vertex 46 27.981 61
      vertex 44 32.981 61
    endloop
  endfacet
  facet normal 0 0 1
    outer loop
      vertex 46 27.981 61
      vertex 44 22.981 61
      vertex 46.0251 27.7584 61
    endloop
  endfacet
  facet normal 0 0 1
    outer loop
      vertex 47 26.981 61
      vertex 44 22.981 61
      vertex 50 22.981 61
    endloop
  endfacet
  facet normal 0 0 1
    outer loop
      vertex 46.099 27.5471 61
      vertex 44 22.981 61
      vertex 46.2182 27.3575 61
    endloop
  endfacet
  facet normal 0 0 1
    outer loop
      vertex 46.0251 27.7584 61
      vertex 44 22.981 61
      vertex 46.099 27.5471 61
    endloop
  endfacet
  facet normal 0 1 0
    outer loop
      vertex 46 32.981 6.3
      vertex 50 32.981 61
      vertex 50 32.981 6.3
    endloop
  endfacet
  facet normal 0 1 0
    outer loop
      vertex 50 32.981 61
      vertex 46 32.981 6.3
      vertex 44 32.981 61
    endloop
  endfacet
  facet normal 0 1 0
    outer loop
      vertex 44.75 32.981 1.5
      vertex 46 32.981 6.3
      vertex 46 32.981 1.5
    endloop
  endfacet
  facet normal 0 1 0
    outer loop
      vertex 44 32.981 0.299999
      vertex 46 32.981 6.3
      vertex 44.75 32.981 1.5
    endloop
  endfacet
  facet normal 0 1 0
    outer loop
      vertex 44 32.981 0.299999
      vertex 44.75 32.981 1.5
      vertex 44.75 32.981 0.299999
    endloop
  endfacet
  facet normal 0 1 0
    outer loop
      vertex 46 32.981 6.3
      vertex 44 32.981 0.299999
      vertex 44 32.981 61
    endloop
  endfacet
  facet normal 0 -1 0
    outer loop
      vertex 44 22.981 6.3
      vertex 50 22.981 61
      vertex 44 22.981 61
    endloop
  endfacet
  facet normal 0 -1 -0
    outer loop
      vertex 50 22.981 61
      vertex 44 22.981 6.3
      vertex 50 22.981 6.3
    endloop
  endfacet
  facet normal -0 0 1
    outer loop
      vertex 37 30.981 17.5
      vertex 44 24.981 17.5
      vertex 44 30.981 17.5
    endloop
  endfacet
  facet normal 0 0 1
    outer loop
      vertex 44 24.981 17.5
      vertex 37 30.981 17.5
      vertex 37 24.981 17.5
    endloop
  endfacet
  facet normal 0 0 -1
    outer loop
      vertex 33 24.981 14.5
      vertex 44 30.981 14.5
      vertex 44 24.981 14.5
    endloop
  endfacet
  facet normal -0 0 -1
    outer loop
      vertex 44 30.981 14.5
      vertex 33 24.981 14.5
      vertex 33 30.981 14.5
    endloop
  endfacet
  facet normal -0.993697 -0.112098 0
    outer loop
      vertex 48 27.981 53
      vertex 47.9749 28.2035 61
      vertex 47.9749 28.2035 53
    endloop
  endfacet
  facet normal -0.993697 -0.112098 0
    outer loop
      vertex 47.9749 28.2035 61
      vertex 48 27.981 53
      vertex 48 27.981 61
    endloop
  endfacet
  facet normal 0.112098 -0.993697 0
    outer loop
      vertex 46.7775 28.9559 53
      vertex 47 28.981 61
      vertex 46.7775 28.9559 61
    endloop
  endfacet
  facet normal 0.112098 -0.993697 0
    outer loop
      vertex 47 28.981 61
      vertex 46.7775 28.9559 53
      vertex 47 28.981 53
    endloop
  endfacet
  facet normal -0.111657 0.993747 0
    outer loop
      vertex 47.2225 27.006 53
      vertex 47 26.981 61
      vertex 47.2225 27.006 61
    endloop
  endfacet
  facet normal -0.111657 0.993747 0
    outer loop
      vertex 47 26.981 61
      vertex 47.2225 27.006 53
      vertex 47 26.981 53
    endloop
  endfacet
  facet normal 0.531925 0.846792 -0
    outer loop
      vertex 46.5661 27.08 53
      vertex 46.3765 27.1991 61
      vertex 46.5661 27.08 61
    endloop
  endfacet
  facet normal 0.531925 0.846792 0
    outer loop
      vertex 46.3765 27.1991 61
      vertex 46.5661 27.08 53
      vertex 46.3765 27.1991 53
    endloop
  endfacet
  facet normal -0.531925 -0.846792 0
    outer loop
      vertex 47.4339 28.8819 53
      vertex 47.6235 28.7628 61
      vertex 47.4339 28.8819 61
    endloop
  endfacet
  facet normal -0.531925 -0.846792 -0
    outer loop
      vertex 47.6235 28.7628 61
      vertex 47.4339 28.8819 53
      vertex 47.6235 28.7628 53
    endloop
  endfacet
  facet normal -0.33039 -0.943844 0
    outer loop
      vertex 47.2225 28.9559 53
      vertex 47.4339 28.8819 61
      vertex 47.2225 28.9559 61
    endloop
  endfacet
  facet normal -0.33039 -0.943844 -0
    outer loop
      vertex 47.4339 28.8819 61
      vertex 47.2225 28.9559 53
      vertex 47.4339 28.8819 53
    endloop
  endfacet
  facet normal 0.846591 -0.532245 0
    outer loop
      vertex 46.099 28.4149 61
      vertex 46.2182 28.6045 53
      vertex 46.2182 28.6045 61
    endloop
  endfacet
  facet normal 0.846591 -0.532245 0
    outer loop
      vertex 46.2182 28.6045 53
      vertex 46.099 28.4149 61
      vertex 46.099 28.4149 53
    endloop
  endfacet
  facet normal 0.943984 -0.329992 0
    outer loop
      vertex 46.0251 28.2035 61
      vertex 46.099 28.4149 53
      vertex 46.099 28.4149 61
    endloop
  endfacet
  facet normal 0.943984 -0.329992 0
    outer loop
      vertex 46.099 28.4149 53
      vertex 46.0251 28.2035 61
      vertex 46.0251 28.2035 53
    endloop
  endfacet
  facet normal 0.531925 -0.846792 0
    outer loop
      vertex 46.3765 28.7628 53
      vertex 46.5661 28.8819 61
      vertex 46.3765 28.7628 61
    endloop
  endfacet
  facet normal 0.531925 -0.846792 0
    outer loop
      vertex 46.5661 28.8819 61
      vertex 46.3765 28.7628 53
      vertex 46.5661 28.8819 53
    endloop
  endfacet
  facet normal -0.846591 0.532245 0
    outer loop
      vertex 47.7818 27.3575 53
      vertex 47.901 27.5471 61
      vertex 47.901 27.5471 53
    endloop
  endfacet
  facet normal -0.846591 0.532245 0
    outer loop
      vertex 47.901 27.5471 61
      vertex 47.7818 27.3575 53
      vertex 47.7818 27.3575 61
    endloop
  endfacet
  facet normal -0.943935 0.330132 0
    outer loop
      vertex 47.901 27.5471 53
      vertex 47.9749 27.7584 61
      vertex 47.9749 27.7584 53
    endloop
  endfacet
  facet normal -0.943935 0.330132 0
    outer loop
      vertex 47.9749 27.7584 61
      vertex 47.901 27.5471 53
      vertex 47.901 27.5471 61
    endloop
  endfacet
  facet normal 0.33039 0.943844 -0
    outer loop
      vertex 46.7775 27.006 53
      vertex 46.5661 27.08 61
      vertex 46.7775 27.006 61
    endloop
  endfacet
  facet normal 0.33039 0.943844 0
    outer loop
      vertex 46.5661 27.08 61
      vertex 46.7775 27.006 53
      vertex 46.5661 27.08 53
    endloop
  endfacet
  facet normal -0.846591 -0.532245 0
    outer loop
      vertex 47.901 28.4149 53
      vertex 47.7818 28.6045 61
      vertex 47.7818 28.6045 53
    endloop
  endfacet
  facet normal -0.846591 -0.532245 0
    outer loop
      vertex 47.7818 28.6045 61
      vertex 47.901 28.4149 53
      vertex 47.901 28.4149 61
    endloop
  endfacet
  facet normal -0.943984 -0.329992 0
    outer loop
      vertex 47.9749 28.2035 53
      vertex 47.901 28.4149 61
      vertex 47.901 28.4149 53
    endloop
  endfacet
  facet normal -0.943984 -0.329992 0
    outer loop
      vertex 47.901 28.4149 61
      vertex 47.9749 28.2035 53
      vertex 47.9749 28.2035 61
    endloop
  endfacet
  facet normal -0.707107 -0.707107 0
    outer loop
      vertex 47.7818 28.6045 53
      vertex 47.6235 28.7628 61
      vertex 47.6235 28.7628 53
    endloop
  endfacet
  facet normal -0.707107 -0.707107 0
    outer loop
      vertex 47.6235 28.7628 61
      vertex 47.7818 28.6045 53
      vertex 47.7818 28.6045 61
    endloop
  endfacet
  facet normal -0.112098 -0.993697 0
    outer loop
      vertex 47 28.981 53
      vertex 47.2225 28.9559 61
      vertex 47 28.981 61
    endloop
  endfacet
  facet normal -0.112098 -0.993697 -0
    outer loop
      vertex 47.2225 28.9559 61
      vertex 47 28.981 53
      vertex 47.2225 28.9559 53
    endloop
  endfacet
  facet normal 0 0 1
    outer loop
      vertex 47.9749 28.2035 53
      vertex 47.9749 27.7584 53
      vertex 48 27.981 53
    endloop
  endfacet
  facet normal 0 0 1
    outer loop
      vertex 47.901 28.4149 53
      vertex 47.9749 27.7584 53
      vertex 47.9749 28.2035 53
    endloop
  endfacet
  facet normal 0 0 1
    outer loop
      vertex 47.901 28.4149 53
      vertex 47.901 27.5471 53
      vertex 47.9749 27.7584 53
    endloop
  endfacet
  facet normal 0 0 1
    outer loop
      vertex 47.7818 28.6045 53
      vertex 47.901 27.5471 53
      vertex 47.901 28.4149 53
    endloop
  endfacet
  facet normal 0 0 1
    outer loop
      vertex 47.7818 28.6045 53
      vertex 47.7818 27.3575 53
      vertex 47.901 27.5471 53
    endloop
  endfacet
  facet normal 0 0 1
    outer loop
      vertex 47.6235 28.7628 53
      vertex 47.7818 27.3575 53
      vertex 47.7818 28.6045 53
    endloop
  endfacet
  facet normal 0 0 1
    outer loop
      vertex 47.6235 28.7628 53
      vertex 47.6235 27.1991 53
      vertex 47.7818 27.3575 53
    endloop
  endfacet
  facet normal 0 0 1
    outer loop
      vertex 47.4339 28.8819 53
      vertex 47.6235 27.1991 53
      vertex 47.6235 28.7628 53
    endloop
  endfacet
  facet normal 0 0 1
    outer loop
      vertex 47.4339 28.8819 53
      vertex 47.4339 27.08 53
      vertex 47.6235 27.1991 53
    endloop
  endfacet
  facet normal 0 0 1
    outer loop
      vertex 47.2225 28.9559 53
      vertex 47.4339 27.08 53
      vertex 47.4339 28.8819 53
    endloop
  endfacet
  facet normal 0 0 1
    outer loop
      vertex 47.2225 28.9559 53
      vertex 47.2225 27.006 53
      vertex 47.4339 27.08 53
    endloop
  endfacet
  facet normal 0 0 1
    outer loop
      vertex 47 28.981 53
      vertex 47.2225 27.006 53
      vertex 47.2225 28.9559 53
    endloop
  endfacet
  facet normal 0 0 1
    outer loop
      vertex 47 28.981 53
      vertex 47 26.981 53
      vertex 47.2225 27.006 53
    endloop
  endfacet
  facet normal -0 0 1
    outer loop
      vertex 46.7775 28.9559 53
      vertex 47 26.981 53
      vertex 47 28.981 53
    endloop
  endfacet
  facet normal 0 0 1
    outer loop
      vertex 46.7775 28.9559 53
      vertex 46.7775 27.006 53
      vertex 47 26.981 53
    endloop
  endfacet
  facet normal -0 0 1
    outer loop
      vertex 46.5661 28.8819 53
      vertex 46.7775 27.006 53
      vertex 46.7775 28.9559 53
    endloop
  endfacet
  facet normal 0 0 1
    outer loop
      vertex 46.5661 28.8819 53
      vertex 46.5661 27.08 53
      vertex 46.7775 27.006 53
    endloop
  endfacet
  facet normal -0 0 1
    outer loop
      vertex 46.3765 28.7628 53
      vertex 46.5661 27.08 53
      vertex 46.5661 28.8819 53
    endloop
  endfacet
  facet normal 0 0 1
    outer loop
      vertex 46.3765 28.7628 53
      vertex 46.3765 27.1991 53
      vertex 46.5661 27.08 53
    endloop
  endfacet
  facet normal -0 0 1
    outer loop
      vertex 46.2182 28.6045 53
      vertex 46.3765 27.1991 53
      vertex 46.3765 28.7628 53
    endloop
  endfacet
  facet normal 0 0 1
    outer loop
      vertex 46.2182 28.6045 53
      vertex 46.2182 27.3575 53
      vertex 46.3765 27.1991 53
    endloop
  endfacet
  facet normal -0 0 1
    outer loop
      vertex 46.099 28.4149 53
      vertex 46.2182 27.3575 53
      vertex 46.2182 28.6045 53
    endloop
  endfacet
  facet normal 0 0 1
    outer loop
      vertex 46.099 28.4149 53
      vertex 46.099 27.5471 53
      vertex 46.2182 27.3575 53
    endloop
  endfacet
  facet normal -0 0 1
    outer loop
      vertex 46.0251 28.2035 53
      vertex 46.099 27.5471 53
      vertex 46.099 28.4149 53
    endloop
  endfacet
  facet normal 0 0 1
    outer loop
      vertex 46.0251 28.2035 53
      vertex 46.0251 27.7584 53
      vertex 46.099 27.5471 53
    endloop
  endfacet
  facet normal 0 -0 1
    outer loop
      vertex 46.0251 27.7584 53
      vertex 46.0251 28.2035 53
      vertex 46 27.981 53
    endloop
  endfacet
  facet normal 0.993697 -0.112098 0
    outer loop
      vertex 46 27.981 61
      vertex 46.0251 28.2035 53
      vertex 46.0251 28.2035 61
    endloop
  endfacet
  facet normal 0.993697 -0.112098 0
    outer loop
      vertex 46.0251 28.2035 53
      vertex 46 27.981 61
      vertex 46 27.981 53
    endloop
  endfacet
  facet normal 0.707107 -0.707107 0
    outer loop
      vertex 46.2182 28.6045 61
      vertex 46.3765 28.7628 53
      vertex 46.3765 28.7628 61
    endloop
  endfacet
  facet normal 0.707107 -0.707107 0
    outer loop
      vertex 46.3765 28.7628 53
      vertex 46.2182 28.6045 61
      vertex 46.2182 28.6045 53
    endloop
  endfacet
  facet normal 0.33039 -0.943844 0
    outer loop
      vertex 46.5661 28.8819 53
      vertex 46.7775 28.9559 61
      vertex 46.5661 28.8819 61
    endloop
  endfacet
  facet normal 0.33039 -0.943844 0
    outer loop
      vertex 46.7775 28.9559 61
      vertex 46.5661 28.8819 53
      vertex 46.7775 28.9559 53
    endloop
  endfacet
  facet normal -0.993703 0.112048 0
    outer loop
      vertex 47.9749 27.7584 53
      vertex 48 27.981 61
      vertex 48 27.981 53
    endloop
  endfacet
  facet normal -0.993703 0.112048 0
    outer loop
      vertex 48 27.981 61
      vertex 47.9749 27.7584 53
      vertex 47.9749 27.7584 61
    endloop
  endfacet
  facet normal -0.33039 0.943844 0
    outer loop
      vertex 47.4339 27.08 53
      vertex 47.2225 27.006 61
      vertex 47.4339 27.08 61
    endloop
  endfacet
  facet normal -0.33039 0.943844 0
    outer loop
      vertex 47.2225 27.006 61
      vertex 47.4339 27.08 53
      vertex 47.2225 27.006 53
    endloop
  endfacet
  facet normal -0.70733 0.706883 0
    outer loop
      vertex 47.6235 27.1991 53
      vertex 47.7818 27.3575 61
      vertex 47.7818 27.3575 53
    endloop
  endfacet
  facet normal -0.70733 0.706883 0
    outer loop
      vertex 47.7818 27.3575 61
      vertex 47.6235 27.1991 53
      vertex 47.6235 27.1991 61
    endloop
  endfacet
  facet normal 0.111657 0.993747 -0
    outer loop
      vertex 47 26.981 53
      vertex 46.7775 27.006 61
      vertex 47 26.981 61
    endloop
  endfacet
  facet normal 0.111657 0.993747 0
    outer loop
      vertex 46.7775 27.006 61
      vertex 47 26.981 53
      vertex 46.7775 27.006 53
    endloop
  endfacet
  facet normal 0.70733 0.706883 0
    outer loop
      vertex 46.3765 27.1991 61
      vertex 46.2182 27.3575 53
      vertex 46.2182 27.3575 61
    endloop
  endfacet
  facet normal 0.70733 0.706883 0
    outer loop
      vertex 46.2182 27.3575 53
      vertex 46.3765 27.1991 61
      vertex 46.3765 27.1991 53
    endloop
  endfacet
  facet normal 0.846591 0.532245 0
    outer loop
      vertex 46.2182 27.3575 61
      vertex 46.099 27.5471 53
      vertex 46.099 27.5471 61
    endloop
  endfacet
  facet normal 0.846591 0.532245 0
    outer loop
      vertex 46.099 27.5471 53
      vertex 46.2182 27.3575 61
      vertex 46.2182 27.3575 53
    endloop
  endfacet
  facet normal 0.943935 0.330132 0
    outer loop
      vertex 46.099 27.5471 61
      vertex 46.0251 27.7584 53
      vertex 46.0251 27.7584 61
    endloop
  endfacet
  facet normal 0.943935 0.330132 0
    outer loop
      vertex 46.0251 27.7584 53
      vertex 46.099 27.5471 61
      vertex 46.099 27.5471 53
    endloop
  endfacet
  facet normal 0.993703 0.112048 0
    outer loop
      vertex 46.0251 27.7584 61
      vertex 46 27.981 53
      vertex 46 27.981 61
    endloop
  endfacet
  facet normal 0.993703 0.112048 0
    outer loop
      vertex 46 27.981 53
      vertex 46.0251 27.7584 61
      vertex 46.0251 27.7584 53
    endloop
  endfacet
  facet normal -0.531925 0.846792 0
    outer loop
      vertex 47.6235 27.1991 53
      vertex 47.4339 27.08 61
      vertex 47.6235 27.1991 61
    endloop
  endfacet
  facet normal -0.531925 0.846792 0
    outer loop
      vertex 47.4339 27.08 61
      vertex 47.6235 27.1991 53
      vertex 47.4339 27.08 53
    endloop
  endfacet
  facet normal 0 0 1
    outer loop
      vertex -44 43.7678 43.15
      vertex -46 39.7678 43.15
      vertex -44 35.7678 43.15
    endloop
  endfacet
  facet normal 0 0 1
    outer loop
      vertex -44 43.7678 43.15
      vertex -46.0251 39.9903 43.15
      vertex -46 39.7678 43.15
    endloop
  endfacet
  facet normal 0 0 1
    outer loop
      vertex -44 43.7678 43.15
      vertex -46.099 40.2017 43.15
      vertex -46.0251 39.9903 43.15
    endloop
  endfacet
  facet normal 0 0 1
    outer loop
      vertex -44 43.7678 43.15
      vertex -46.2182 40.3913 43.15
      vertex -46.099 40.2017 43.15
    endloop
  endfacet
  facet normal 0 0 1
    outer loop
      vertex -44 43.7678 43.15
      vertex -46.3765 40.5497 43.15
      vertex -46.2182 40.3913 43.15
    endloop
  endfacet
  facet normal 0 0 1
    outer loop
      vertex -44 43.7678 43.15
      vertex -46.5661 40.6688 43.15
      vertex -46.3765 40.5497 43.15
    endloop
  endfacet
  facet normal 0 0 1
    outer loop
      vertex -44 43.7678 43.15
      vertex -46.7775 40.7428 43.15
      vertex -46.5661 40.6688 43.15
    endloop
  endfacet
  facet normal 0 0 1
    outer loop
      vertex -44 43.7678 43.15
      vertex -47 40.7678 43.15
      vertex -46.7775 40.7428 43.15
    endloop
  endfacet
  facet normal -0 0 1
    outer loop
      vertex -50 43.7678 43.15
      vertex -47 40.7678 43.15
      vertex -44 43.7678 43.15
    endloop
  endfacet
  facet normal 0 0 1
    outer loop
      vertex -47 40.7678 43.15
      vertex -50 43.7678 43.15
      vertex -47.2225 40.7428 43.15
    endloop
  endfacet
  facet normal 0 0 1
    outer loop
      vertex -47.2225 40.7428 43.15
      vertex -50 43.7678 43.15
      vertex -47.4339 40.6688 43.15
    endloop
  endfacet
  facet normal 0 0 1
    outer loop
      vertex -47.9749 39.9903 43.15
      vertex -50 43.7678 43.15
      vertex -48 39.7678 43.15
    endloop
  endfacet
  facet normal 0 0 1
    outer loop
      vertex -47.901 40.2017 43.15
      vertex -50 43.7678 43.15
      vertex -47.9749 39.9903 43.15
    endloop
  endfacet
  facet normal 0 0 1
    outer loop
      vertex -47.7818 40.3913 43.15
      vertex -50 43.7678 43.15
      vertex -47.901 40.2017 43.15
    endloop
  endfacet
  facet normal 0 0 1
    outer loop
      vertex -47.6235 40.5497 43.15
      vertex -50 43.7678 43.15
      vertex -47.7818 40.3913 43.15
    endloop
  endfacet
  facet normal 0 0 1
    outer loop
      vertex -47.4339 40.6688 43.15
      vertex -50 43.7678 43.15
      vertex -47.6235 40.5497 43.15
    endloop
  endfacet
  facet normal -0 0 1
    outer loop
      vertex -46.0251 39.5453 43.15
      vertex -44 35.7678 43.15
      vertex -46 39.7678 43.15
    endloop
  endfacet
  facet normal -0 0 1
    outer loop
      vertex -46.099 39.3339 43.15
      vertex -44 35.7678 43.15
      vertex -46.0251 39.5453 43.15
    endloop
  endfacet
  facet normal -0 0 1
    outer loop
      vertex -46.2182 39.1443 43.15
      vertex -44 35.7678 43.15
      vertex -46.099 39.3339 43.15
    endloop
  endfacet
  facet normal -0 0 1
    outer loop
      vertex -46.3765 38.986 43.15
      vertex -44 35.7678 43.15
      vertex -46.2182 39.1443 43.15
    endloop
  endfacet
  facet normal -0 0 1
    outer loop
      vertex -46.5661 38.8669 43.15
      vertex -44 35.7678 43.15
      vertex -46.3765 38.986 43.15
    endloop
  endfacet
  facet normal -0 0 1
    outer loop
      vertex -46.7775 38.7929 43.15
      vertex -44 35.7678 43.15
      vertex -46.5661 38.8669 43.15
    endloop
  endfacet
  facet normal -0 0 1
    outer loop
      vertex -47 38.7678 43.15
      vertex -44 35.7678 43.15
      vertex -46.7775 38.7929 43.15
    endloop
  endfacet
  facet normal 0 0 1
    outer loop
      vertex -50 35.7678 43.15
      vertex -47 38.7678 43.15
      vertex -47.2225 38.7929 43.15
    endloop
  endfacet
  facet normal 0 0 1
    outer loop
      vertex -50 35.7678 43.15
      vertex -47.2225 38.7929 43.15
      vertex -47.4339 38.8669 43.15
    endloop
  endfacet
  facet normal 0 0 1
    outer loop
      vertex -50 35.7678 43.15
      vertex -47.4339 38.8669 43.15
      vertex -47.6235 38.986 43.15
    endloop
  endfacet
  facet normal 0 0 1
    outer loop
      vertex -50 35.7678 43.15
      vertex -48 39.7678 43.15
      vertex -50 43.7678 43.15
    endloop
  endfacet
  facet normal 0 0 1
    outer loop
      vertex -48 39.7678 43.15
      vertex -50 35.7678 43.15
      vertex -47.9749 39.5453 43.15
    endloop
  endfacet
  facet normal 0 0 1
    outer loop
      vertex -47 38.7678 43.15
      vertex -50 35.7678 43.15
      vertex -44 35.7678 43.15
    endloop
  endfacet
  facet normal 0 0 1
    outer loop
      vertex -47.7818 39.1443 43.15
      vertex -50 35.7678 43.15
      vertex -47.6235 38.986 43.15
    endloop
  endfacet
  facet normal 0 0 1
    outer loop
      vertex -47.901 39.3339 43.15
      vertex -50 35.7678 43.15
      vertex -47.7818 39.1443 43.15
    endloop
  endfacet
  facet normal 0 0 1
    outer loop
      vertex -47.9749 39.5453 43.15
      vertex -50 35.7678 43.15
      vertex -47.901 39.3339 43.15
    endloop
  endfacet
  facet normal 1 0 0
    outer loop
      vertex -44 43.7678 43.15
      vertex -44 39.7355 9.3
      vertex -44 43.7678 0.299999
    endloop
  endfacet
  facet normal 1 -0 0
    outer loop
      vertex -44 35.7678 43.15
      vertex -44 39.7355 9.3
      vertex -44 43.7678 43.15
    endloop
  endfacet
  facet normal 1 0 0
    outer loop
      vertex -44 39.7355 9.3
      vertex -44 35.7678 43.15
      vertex -44 35.7678 9.3
    endloop
  endfacet
  facet normal 1 0 0
    outer loop
      vertex -44 43.7678 0.299999
      vertex -44 39.7355 9.3
      vertex -44 39.7355 0.299999
    endloop
  endfacet
  facet normal 0 1 0
    outer loop
      vertex -44 43.7678 43.15
      vertex -44.2732 43.7678 9.3
      vertex -50 43.7678 43.15
    endloop
  endfacet
  facet normal 0 1 -0
    outer loop
      vertex -44 43.7678 0.299999
      vertex -44.2732 43.7678 9.3
      vertex -44 43.7678 43.15
    endloop
  endfacet
  facet normal 0 1 0
    outer loop
      vertex -44.2732 43.7678 9.3
      vertex -44 43.7678 0.299999
      vertex -44.2732 43.7678 0.299999
    endloop
  endfacet
  facet normal 0 1 -0
    outer loop
      vertex -49.7268 43.7678 9.3
      vertex -50 43.7678 43.15
      vertex -44.2732 43.7678 9.3
    endloop
  endfacet
  facet normal 0 1 0
    outer loop
      vertex -50 43.7678 6.3
      vertex -49.7268 43.7678 9.3
      vertex -49.7268 43.7678 6.3
    endloop
  endfacet
  facet normal 0 1 0
    outer loop
      vertex -49.7268 43.7678 9.3
      vertex -50 43.7678 6.3
      vertex -50 43.7678 43.15
    endloop
  endfacet
  facet normal 0 -1 0
    outer loop
      vertex -50 35.7678 43.15
      vertex -44.8975 35.7678 9.3
      vertex -44 35.7678 43.15
    endloop
  endfacet
  facet normal 0 -1 0
    outer loop
      vertex -50 35.7678 6.3
      vertex -44.8975 35.7678 9.3
      vertex -50 35.7678 43.15
    endloop
  endfacet
  facet normal 0 -1 0
    outer loop
      vertex -46 35.7678 6.3
      vertex -44.8975 35.7678 9.3
      vertex -50 35.7678 6.3
    endloop
  endfacet
  facet normal 0 -1 0
    outer loop
      vertex -44.8975 35.7678 1.5
      vertex -46 35.7678 6.3
      vertex -46 35.7678 1.5
    endloop
  endfacet
  facet normal 0 -1 0
    outer loop
      vertex -46 35.7678 6.3
      vertex -44.8975 35.7678 1.5
      vertex -44.8975 35.7678 9.3
    endloop
  endfacet
  facet normal 0 -1 -0
    outer loop
      vertex -44 35.7678 43.15
      vertex -44.8975 35.7678 9.3
      vertex -44 35.7678 9.3
    endloop
  endfacet
  facet normal -0.846591 -0.532245 0
    outer loop
      vertex -46.099 40.2017 35.15
      vertex -46.2182 40.3913 43.15
      vertex -46.2182 40.3913 35.15
    endloop
  endfacet
  facet normal -0.846591 -0.532245 0
    outer loop
      vertex -46.2182 40.3913 43.15
      vertex -46.099 40.2017 35.15
      vertex -46.099 40.2017 43.15
    endloop
  endfacet
  facet normal -0.111657 -0.993747 0
    outer loop
      vertex -47 40.7678 35.15
      vertex -46.7775 40.7428 43.15
      vertex -47 40.7678 43.15
    endloop
  endfacet
  facet normal -0.111657 -0.993747 -0
    outer loop
      vertex -46.7775 40.7428 43.15
      vertex -47 40.7678 35.15
      vertex -46.7775 40.7428 35.15
    endloop
  endfacet
  facet normal 0.943984 -0.329992 0
    outer loop
      vertex -47.9749 39.9903 43.15
      vertex -47.901 40.2017 35.15
      vertex -47.901 40.2017 43.15
    endloop
  endfacet
  facet normal 0.943984 -0.329992 0
    outer loop
      vertex -47.901 40.2017 35.15
      vertex -47.9749 39.9903 43.15
      vertex -47.9749 39.9903 35.15
    endloop
  endfacet
  facet normal -0.70733 -0.706883 0
    outer loop
      vertex -46.2182 40.3913 35.15
      vertex -46.3765 40.5497 43.15
      vertex -46.3765 40.5497 35.15
    endloop
  endfacet
  facet normal -0.70733 -0.706883 0
    outer loop
      vertex -46.3765 40.5497 43.15
      vertex -46.2182 40.3913 35.15
      vertex -46.2182 40.3913 43.15
    endloop
  endfacet
  facet normal -0.33039 -0.943844 0
    outer loop
      vertex -46.7775 40.7428 35.15
      vertex -46.5661 40.6688 43.15
      vertex -46.7775 40.7428 43.15
    endloop
  endfacet
  facet normal -0.33039 -0.943844 -0
    outer loop
      vertex -46.5661 40.6688 43.15
      vertex -46.7775 40.7428 35.15
      vertex -46.5661 40.6688 35.15
    endloop
  endfacet
  facet normal 0.111657 -0.993747 0
    outer loop
      vertex -47.2225 40.7428 35.15
      vertex -47 40.7678 43.15
      vertex -47.2225 40.7428 43.15
    endloop
  endfacet
  facet normal 0.111657 -0.993747 0
    outer loop
      vertex -47 40.7678 43.15
      vertex -47.2225 40.7428 35.15
      vertex -47 40.7678 35.15
    endloop
  endfacet
  facet normal 0.846591 -0.532245 0
    outer loop
      vertex -47.901 40.2017 43.15
      vertex -47.7818 40.3913 35.15
      vertex -47.7818 40.3913 43.15
    endloop
  endfacet
  facet normal 0.846591 -0.532245 0
    outer loop
      vertex -47.7818 40.3913 35.15
      vertex -47.901 40.2017 43.15
      vertex -47.901 40.2017 35.15
    endloop
  endfacet
  facet normal -0.993697 0.112098 0
    outer loop
      vertex -46.0251 39.5453 35.15
      vertex -46 39.7678 43.15
      vertex -46 39.7678 35.15
    endloop
  endfacet
  facet normal -0.993697 0.112098 0
    outer loop
      vertex -46 39.7678 43.15
      vertex -46.0251 39.5453 35.15
      vertex -46.0251 39.5453 43.15
    endloop
  endfacet
  facet normal -0.33039 0.943844 0
    outer loop
      vertex -46.5661 38.8669 35.15
      vertex -46.7775 38.7929 43.15
      vertex -46.5661 38.8669 43.15
    endloop
  endfacet
  facet normal -0.33039 0.943844 0
    outer loop
      vertex -46.7775 38.7929 43.15
      vertex -46.5661 38.8669 35.15
      vertex -46.7775 38.7929 35.15
    endloop
  endfacet
  facet normal -0.531925 -0.846792 0
    outer loop
      vertex -46.5661 40.6688 35.15
      vertex -46.3765 40.5497 43.15
      vertex -46.5661 40.6688 43.15
    endloop
  endfacet
  facet normal -0.531925 -0.846792 -0
    outer loop
      vertex -46.3765 40.5497 43.15
      vertex -46.5661 40.6688 35.15
      vertex -46.3765 40.5497 35.15
    endloop
  endfacet
  facet normal 0.993697 -0.112098 0
    outer loop
      vertex -48 39.7678 43.15
      vertex -47.9749 39.9903 35.15
      vertex -47.9749 39.9903 43.15
    endloop
  endfacet
  facet normal 0.993697 -0.112098 0
    outer loop
      vertex -47.9749 39.9903 35.15
      vertex -48 39.7678 43.15
      vertex -48 39.7678 35.15
    endloop
  endfacet
  facet normal 0.70733 -0.706883 0
    outer loop
      vertex -47.7818 40.3913 43.15
      vertex -47.6235 40.5497 35.15
      vertex -47.6235 40.5497 43.15
    endloop
  endfacet
  facet normal 0.70733 -0.706883 0
    outer loop
      vertex -47.6235 40.5497 35.15
      vertex -47.7818 40.3913 43.15
      vertex -47.7818 40.3913 35.15
    endloop
  endfacet
  facet normal 0.33039 -0.943844 0
    outer loop
      vertex -47.4339 40.6688 35.15
      vertex -47.2225 40.7428 43.15
      vertex -47.4339 40.6688 43.15
    endloop
  endfacet
  facet normal 0.33039 -0.943844 0
    outer loop
      vertex -47.2225 40.7428 43.15
      vertex -47.4339 40.6688 35.15
      vertex -47.2225 40.7428 35.15
    endloop
  endfacet
  facet normal 0.531925 -0.846792 0
    outer loop
      vertex -47.6235 40.5497 35.15
      vertex -47.4339 40.6688 43.15
      vertex -47.6235 40.5497 43.15
    endloop
  endfacet
  facet normal 0.531925 -0.846792 0
    outer loop
      vertex -47.4339 40.6688 43.15
      vertex -47.6235 40.5497 35.15
      vertex -47.4339 40.6688 35.15
    endloop
  endfacet
  facet normal -0.993697 -0.112098 0
    outer loop
      vertex -46 39.7678 35.15
      vertex -46.0251 39.9903 43.15
      vertex -46.0251 39.9903 35.15
    endloop
  endfacet
  facet normal -0.993697 -0.112098 0
    outer loop
      vertex -46.0251 39.9903 43.15
      vertex -46 39.7678 35.15
      vertex -46 39.7678 43.15
    endloop
  endfacet
  facet normal 0.531925 0.846792 -0
    outer loop
      vertex -47.4339 38.8669 35.15
      vertex -47.6235 38.986 43.15
      vertex -47.4339 38.8669 43.15
    endloop
  endfacet
  facet normal 0.531925 0.846792 0
    outer loop
      vertex -47.6235 38.986 43.15
      vertex -47.4339 38.8669 35.15
      vertex -47.6235 38.986 35.15
    endloop
  endfacet
  facet normal 0.846591 0.532245 0
    outer loop
      vertex -47.7818 39.1443 43.15
      vertex -47.901 39.3339 35.15
      vertex -47.901 39.3339 43.15
    endloop
  endfacet
  facet normal 0.846591 0.532245 0
    outer loop
      vertex -47.901 39.3339 35.15
      vertex -47.7818 39.1443 43.15
      vertex -47.7818 39.1443 35.15
    endloop
  endfacet
  facet normal -0.707107 0.707107 0
    outer loop
      vertex -46.3765 38.986 35.15
      vertex -46.2182 39.1443 43.15
      vertex -46.2182 39.1443 35.15
    endloop
  endfacet
  facet normal -0.707107 0.707107 0
    outer loop
      vertex -46.2182 39.1443 43.15
      vertex -46.3765 38.986 35.15
      vertex -46.3765 38.986 43.15
    endloop
  endfacet
  facet normal -0.943984 -0.329992 0
    outer loop
      vertex -46.0251 39.9903 35.15
      vertex -46.099 40.2017 43.15
      vertex -46.099 40.2017 35.15
    endloop
  endfacet
  facet normal -0.943984 -0.329992 0
    outer loop
      vertex -46.099 40.2017 43.15
      vertex -46.0251 39.9903 35.15
      vertex -46.0251 39.9903 43.15
    endloop
  endfacet
  facet normal -0.943984 0.329992 0
    outer loop
      vertex -46.099 39.3339 35.15
      vertex -46.0251 39.5453 43.15
      vertex -46.0251 39.5453 35.15
    endloop
  endfacet
  facet normal -0.943984 0.329992 0
    outer loop
      vertex -46.0251 39.5453 43.15
      vertex -46.099 39.3339 35.15
      vertex -46.099 39.3339 43.15
    endloop
  endfacet
  facet normal 0.993697 0.112098 0
    outer loop
      vertex -47.9749 39.5453 43.15
      vertex -48 39.7678 35.15
      vertex -48 39.7678 43.15
    endloop
  endfacet
  facet normal 0.993697 0.112098 0
    outer loop
      vertex -48 39.7678 35.15
      vertex -47.9749 39.5453 43.15
      vertex -47.9749 39.5453 35.15
    endloop
  endfacet
  facet normal 0.707107 0.707107 0
    outer loop
      vertex -47.6235 38.986 43.15
      vertex -47.7818 39.1443 35.15
      vertex -47.7818 39.1443 43.15
    endloop
  endfacet
  facet normal 0.707107 0.707107 0
    outer loop
      vertex -47.7818 39.1443 35.15
      vertex -47.6235 38.986 43.15
      vertex -47.6235 38.986 35.15
    endloop
  endfacet
  facet normal -0.531925 0.846792 0
    outer loop
      vertex -46.3765 38.986 35.15
      vertex -46.5661 38.8669 43.15
      vertex -46.3765 38.986 43.15
    endloop
  endfacet
  facet normal -0.531925 0.846792 0
    outer loop
      vertex -46.5661 38.8669 43.15
      vertex -46.3765 38.986 35.15
      vertex -46.5661 38.8669 35.15
    endloop
  endfacet
  facet normal -0.112098 0.993697 0
    outer loop
      vertex -46.7775 38.7929 35.15
      vertex -47 38.7678 43.15
      vertex -46.7775 38.7929 43.15
    endloop
  endfacet
  facet normal -0.112098 0.993697 0
    outer loop
      vertex -47 38.7678 43.15
      vertex -46.7775 38.7929 35.15
      vertex -47 38.7678 35.15
    endloop
  endfacet
  facet normal 0.112098 0.993697 -0
    outer loop
      vertex -47 38.7678 35.15
      vertex -47.2225 38.7929 43.15
      vertex -47 38.7678 43.15
    endloop
  endfacet
  facet normal 0.112098 0.993697 0
    outer loop
      vertex -47.2225 38.7929 43.15
      vertex -47 38.7678 35.15
      vertex -47.2225 38.7929 35.15
    endloop
  endfacet
  facet normal 0 0 1
    outer loop
      vertex -46.0251 39.9903 35.15
      vertex -46.0251 39.5453 35.15
      vertex -46 39.7678 35.15
    endloop
  endfacet
  facet normal 0 0 1
    outer loop
      vertex -46.099 40.2017 35.15
      vertex -46.0251 39.5453 35.15
      vertex -46.0251 39.9903 35.15
    endloop
  endfacet
  facet normal 0 0 1
    outer loop
      vertex -46.099 40.2017 35.15
      vertex -46.099 39.3339 35.15
      vertex -46.0251 39.5453 35.15
    endloop
  endfacet
  facet normal 0 0 1
    outer loop
      vertex -46.2182 40.3913 35.15
      vertex -46.099 39.3339 35.15
      vertex -46.099 40.2017 35.15
    endloop
  endfacet
  facet normal 0 0 1
    outer loop
      vertex -46.2182 40.3913 35.15
      vertex -46.2182 39.1443 35.15
      vertex -46.099 39.3339 35.15
    endloop
  endfacet
  facet normal 0 0 1
    outer loop
      vertex -46.3765 40.5497 35.15
      vertex -46.2182 39.1443 35.15
      vertex -46.2182 40.3913 35.15
    endloop
  endfacet
  facet normal 0 0 1
    outer loop
      vertex -46.3765 40.5497 35.15
      vertex -46.3765 38.986 35.15
      vertex -46.2182 39.1443 35.15
    endloop
  endfacet
  facet normal 0 0 1
    outer loop
      vertex -46.5661 40.6688 35.15
      vertex -46.3765 38.986 35.15
      vertex -46.3765 40.5497 35.15
    endloop
  endfacet
  facet normal 0 0 1
    outer loop
      vertex -46.5661 40.6688 35.15
      vertex -46.5661 38.8669 35.15
      vertex -46.3765 38.986 35.15
    endloop
  endfacet
  facet normal 0 0 1
    outer loop
      vertex -46.7775 40.7428 35.15
      vertex -46.5661 38.8669 35.15
      vertex -46.5661 40.6688 35.15
    endloop
  endfacet
  facet normal 0 0 1
    outer loop
      vertex -46.7775 40.7428 35.15
      vertex -46.7775 38.7929 35.15
      vertex -46.5661 38.8669 35.15
    endloop
  endfacet
  facet normal 0 0 1
    outer loop
      vertex -47 40.7678 35.15
      vertex -46.7775 38.7929 35.15
      vertex -46.7775 40.7428 35.15
    endloop
  endfacet
  facet normal 0 0 1
    outer loop
      vertex -47 40.7678 35.15
      vertex -47 38.7678 35.15
      vertex -46.7775 38.7929 35.15
    endloop
  endfacet
  facet normal -0 0 1
    outer loop
      vertex -47.2225 40.7428 35.15
      vertex -47 38.7678 35.15
      vertex -47 40.7678 35.15
    endloop
  endfacet
  facet normal 0 0 1
    outer loop
      vertex -47.2225 40.7428 35.15
      vertex -47.2225 38.7929 35.15
      vertex -47 38.7678 35.15
    endloop
  endfacet
  facet normal -0 0 1
    outer loop
      vertex -47.4339 40.6688 35.15
      vertex -47.2225 38.7929 35.15
      vertex -47.2225 40.7428 35.15
    endloop
  endfacet
  facet normal 0 0 1
    outer loop
      vertex -47.4339 40.6688 35.15
      vertex -47.4339 38.8669 35.15
      vertex -47.2225 38.7929 35.15
    endloop
  endfacet
  facet normal -0 0 1
    outer loop
      vertex -47.6235 40.5497 35.15
      vertex -47.4339 38.8669 35.15
      vertex -47.4339 40.6688 35.15
    endloop
  endfacet
  facet normal 0 0 1
    outer loop
      vertex -47.6235 40.5497 35.15
      vertex -47.6235 38.986 35.15
      vertex -47.4339 38.8669 35.15
    endloop
  endfacet
  facet normal -0 0 1
    outer loop
      vertex -47.7818 40.3913 35.15
      vertex -47.6235 38.986 35.15
      vertex -47.6235 40.5497 35.15
    endloop
  endfacet
  facet normal 0 0 1
    outer loop
      vertex -47.7818 40.3913 35.15
      vertex -47.7818 39.1443 35.15
      vertex -47.6235 38.986 35.15
    endloop
  endfacet
  facet normal -0 0 1
    outer loop
      vertex -47.901 40.2017 35.15
      vertex -47.7818 39.1443 35.15
      vertex -47.7818 40.3913 35.15
    endloop
  endfacet
  facet normal 0 0 1
    outer loop
      vertex -47.901 40.2017 35.15
      vertex -47.901 39.3339 35.15
      vertex -47.7818 39.1443 35.15
    endloop
  endfacet
  facet normal -0 0 1
    outer loop
      vertex -47.9749 39.9903 35.15
      vertex -47.901 39.3339 35.15
      vertex -47.901 40.2017 35.15
    endloop
  endfacet
  facet normal 0 0 1
    outer loop
      vertex -47.9749 39.9903 35.15
      vertex -47.9749 39.5453 35.15
      vertex -47.901 39.3339 35.15
    endloop
  endfacet
  facet normal 0 -0 1
    outer loop
      vertex -47.9749 39.5453 35.15
      vertex -47.9749 39.9903 35.15
      vertex -48 39.7678 35.15
    endloop
  endfacet
  facet normal 0.943984 0.329992 0
    outer loop
      vertex -47.901 39.3339 43.15
      vertex -47.9749 39.5453 35.15
      vertex -47.9749 39.5453 43.15
    endloop
  endfacet
  facet normal 0.943984 0.329992 0
    outer loop
      vertex -47.9749 39.5453 35.15
      vertex -47.901 39.3339 43.15
      vertex -47.901 39.3339 35.15
    endloop
  endfacet
  facet normal -0.846591 0.532245 0
    outer loop
      vertex -46.2182 39.1443 35.15
      vertex -46.099 39.3339 43.15
      vertex -46.099 39.3339 35.15
    endloop
  endfacet
  facet normal -0.846591 0.532245 0
    outer loop
      vertex -46.099 39.3339 43.15
      vertex -46.2182 39.1443 35.15
      vertex -46.2182 39.1443 43.15
    endloop
  endfacet
  facet normal 0.33039 0.943844 -0
    outer loop
      vertex -47.2225 38.7929 35.15
      vertex -47.4339 38.8669 43.15
      vertex -47.2225 38.7929 43.15
    endloop
  endfacet
  facet normal 0.33039 0.943844 0
    outer loop
      vertex -47.4339 38.8669 43.15
      vertex -47.2225 38.7929 35.15
      vertex -47.4339 38.8669 35.15
    endloop
  endfacet
  facet normal -1 0 0
    outer loop
      vertex 44 39.7355 9.3
      vertex 44 43.7678 0.299999
      vertex 44 39.7355 0.299999
    endloop
  endfacet
  facet normal -1 0 0
    outer loop
      vertex 44 43.7678 0.299999
      vertex 44 39.7355 9.3
      vertex 44 43.7678 43.15
    endloop
  endfacet
  facet normal -1 0 0
    outer loop
      vertex 44 35.7678 43.15
      vertex 44 39.7355 9.3
      vertex 44 35.7678 9.3
    endloop
  endfacet
  facet normal -1 0 0
    outer loop
      vertex 44 39.7355 9.3
      vertex 44 35.7678 43.15
      vertex 44 43.7678 43.15
    endloop
  endfacet
  facet normal 0 0 1
    outer loop
      vertex 50 43.7678 43.15
      vertex 48 39.7678 43.15
      vertex 50 35.7678 43.15
    endloop
  endfacet
  facet normal 0 0 1
    outer loop
      vertex 50 43.7678 43.15
      vertex 47.9749 39.9903 43.15
      vertex 48 39.7678 43.15
    endloop
  endfacet
  facet normal 0 0 1
    outer loop
      vertex 50 43.7678 43.15
      vertex 47.901 40.2017 43.15
      vertex 47.9749 39.9903 43.15
    endloop
  endfacet
  facet normal 0 0 1
    outer loop
      vertex 50 43.7678 43.15
      vertex 47.7818 40.3913 43.15
      vertex 47.901 40.2017 43.15
    endloop
  endfacet
  facet normal 0 0 1
    outer loop
      vertex 50 43.7678 43.15
      vertex 47.6235 40.5497 43.15
      vertex 47.7818 40.3913 43.15
    endloop
  endfacet
  facet normal 0 0 1
    outer loop
      vertex 50 43.7678 43.15
      vertex 47.4339 40.6688 43.15
      vertex 47.6235 40.5497 43.15
    endloop
  endfacet
  facet normal 0 0 1
    outer loop
      vertex 50 43.7678 43.15
      vertex 47.2225 40.7428 43.15
      vertex 47.4339 40.6688 43.15
    endloop
  endfacet
  facet normal 0 0 1
    outer loop
      vertex 50 43.7678 43.15
      vertex 47 40.7678 43.15
      vertex 47.2225 40.7428 43.15
    endloop
  endfacet
  facet normal -0 0 1
    outer loop
      vertex 44 43.7678 43.15
      vertex 47 40.7678 43.15
      vertex 50 43.7678 43.15
    endloop
  endfacet
  facet normal 0 0 1
    outer loop
      vertex 47 40.7678 43.15
      vertex 44 43.7678 43.15
      vertex 46.7775 40.7428 43.15
    endloop
  endfacet
  facet normal 0 0 1
    outer loop
      vertex 46.7775 40.7428 43.15
      vertex 44 43.7678 43.15
      vertex 46.5661 40.6688 43.15
    endloop
  endfacet
  facet normal 0 0 1
    outer loop
      vertex 46.0251 39.9903 43.15
      vertex 44 43.7678 43.15
      vertex 46 39.7678 43.15
    endloop
  endfacet
  facet normal 0 0 1
    outer loop
      vertex 46.099 40.2017 43.15
      vertex 44 43.7678 43.15
      vertex 46.0251 39.9903 43.15
    endloop
  endfacet
  facet normal 0 0 1
    outer loop
      vertex 46.2182 40.3913 43.15
      vertex 44 43.7678 43.15
      vertex 46.099 40.2017 43.15
    endloop
  endfacet
  facet normal 0 0 1
    outer loop
      vertex 46.3765 40.5497 43.15
      vertex 44 43.7678 43.15
      vertex 46.2182 40.3913 43.15
    endloop
  endfacet
  facet normal 0 0 1
    outer loop
      vertex 46.5661 40.6688 43.15
      vertex 44 43.7678 43.15
      vertex 46.3765 40.5497 43.15
    endloop
  endfacet
  facet normal -0 0 1
    outer loop
      vertex 47.9749 39.5453 43.15
      vertex 50 35.7678 43.15
      vertex 48 39.7678 43.15
    endloop
  endfacet
  facet normal -0 0 1
    outer loop
      vertex 47.901 39.3339 43.15
      vertex 50 35.7678 43.15
      vertex 47.9749 39.5453 43.15
    endloop
  endfacet
  facet normal -0 0 1
    outer loop
      vertex 47.7818 39.1443 43.15
      vertex 50 35.7678 43.15
      vertex 47.901 39.3339 43.15
    endloop
  endfacet
  facet normal -0 0 1
    outer loop
      vertex 47.6235 38.986 43.15
      vertex 50 35.7678 43.15
      vertex 47.7818 39.1443 43.15
    endloop
  endfacet
  facet normal -0 0 1
    outer loop
      vertex 47.4339 38.8669 43.15
      vertex 50 35.7678 43.15
      vertex 47.6235 38.986 43.15
    endloop
  endfacet
  facet normal -0 0 1
    outer loop
      vertex 47.2225 38.7929 43.15
      vertex 50 35.7678 43.15
      vertex 47.4339 38.8669 43.15
    endloop
  endfacet
  facet normal -0 0 1
    outer loop
      vertex 47 38.7678 43.15
      vertex 50 35.7678 43.15
      vertex 47.2225 38.7929 43.15
    endloop
  endfacet
  facet normal 0 0 1
    outer loop
      vertex 44 35.7678 43.15
      vertex 47 38.7678 43.15
      vertex 46.7775 38.7929 43.15
    endloop
  endfacet
  facet normal 0 0 1
    outer loop
      vertex 44 35.7678 43.15
      vertex 46.7775 38.7929 43.15
      vertex 46.5661 38.8669 43.15
    endloop
  endfacet
  facet normal 0 0 1
    outer loop
      vertex 44 35.7678 43.15
      vertex 46.5661 38.8669 43.15
      vertex 46.3765 38.986 43.15
    endloop
  endfacet
  facet normal 0 0 1
    outer loop
      vertex 44 35.7678 43.15
      vertex 46 39.7678 43.15
      vertex 44 43.7678 43.15
    endloop
  endfacet
  facet normal 0 0 1
    outer loop
      vertex 46 39.7678 43.15
      vertex 44 35.7678 43.15
      vertex 46.0251 39.5453 43.15
    endloop
  endfacet
  facet normal 0 0 1
    outer loop
      vertex 47 38.7678 43.15
      vertex 44 35.7678 43.15
      vertex 50 35.7678 43.15
    endloop
  endfacet
  facet normal 0 0 1
    outer loop
      vertex 46.2182 39.1443 43.15
      vertex 44 35.7678 43.15
      vertex 46.3765 38.986 43.15
    endloop
  endfacet
  facet normal 0 0 1
    outer loop
      vertex 46.099 39.3339 43.15
      vertex 44 35.7678 43.15
      vertex 46.2182 39.1443 43.15
    endloop
  endfacet
  facet normal 0 0 1
    outer loop
      vertex 46.0251 39.5453 43.15
      vertex 44 35.7678 43.15
      vertex 46.099 39.3339 43.15
    endloop
  endfacet
  facet normal 0 1 0
    outer loop
      vertex 50 43.7678 43.15
      vertex 49.7268 43.7678 9.3
      vertex 44 43.7678 43.15
    endloop
  endfacet
  facet normal 0 1 -0
    outer loop
      vertex 50 43.7678 6.3
      vertex 49.7268 43.7678 9.3
      vertex 50 43.7678 43.15
    endloop
  endfacet
  facet normal 0 1 0
    outer loop
      vertex 49.7268 43.7678 9.3
      vertex 50 43.7678 6.3
      vertex 49.7268 43.7678 6.3
    endloop
  endfacet
  facet normal 0 1 -0
    outer loop
      vertex 44.2732 43.7678 9.3
      vertex 44 43.7678 43.15
      vertex 49.7268 43.7678 9.3
    endloop
  endfacet
  facet normal 0 1 0
    outer loop
      vertex 44 43.7678 0.299999
      vertex 44.2732 43.7678 9.3
      vertex 44.2732 43.7678 0.299999
    endloop
  endfacet
  facet normal 0 1 0
    outer loop
      vertex 44.2732 43.7678 9.3
      vertex 44 43.7678 0.299999
      vertex 44 43.7678 43.15
    endloop
  endfacet
  facet normal 0 -1 0
    outer loop
      vertex 44.8975 35.7678 1.5
      vertex 46 35.7678 6.3
      vertex 44.8975 35.7678 9.3
    endloop
  endfacet
  facet normal 0 -1 -0
    outer loop
      vertex 46 35.7678 6.3
      vertex 44.8975 35.7678 1.5
      vertex 46 35.7678 1.5
    endloop
  endfacet
  facet normal 0 -1 0
    outer loop
      vertex 44.8975 35.7678 9.3
      vertex 44 35.7678 43.15
      vertex 44 35.7678 9.3
    endloop
  endfacet
  facet normal 0 -1 0
    outer loop
      vertex 44 35.7678 43.15
      vertex 44.8975 35.7678 9.3
      vertex 50 35.7678 43.15
    endloop
  endfacet
  facet normal 0 -1 0
    outer loop
      vertex 50 35.7678 6.3
      vertex 44.8975 35.7678 9.3
      vertex 46 35.7678 6.3
    endloop
  endfacet
  facet normal 0 -1 0
    outer loop
      vertex 44.8975 35.7678 9.3
      vertex 50 35.7678 6.3
      vertex 50 35.7678 43.15
    endloop
  endfacet
  facet normal -0.846591 -0.532245 0
    outer loop
      vertex 47.901 40.2017 35.15
      vertex 47.7818 40.3913 43.15
      vertex 47.7818 40.3913 35.15
    endloop
  endfacet
  facet normal -0.846591 -0.532245 0
    outer loop
      vertex 47.7818 40.3913 43.15
      vertex 47.901 40.2017 35.15
      vertex 47.901 40.2017 43.15
    endloop
  endfacet
  facet normal 0 0 1
    outer loop
      vertex 47.9749 39.9903 35.15
      vertex 47.9749 39.5453 35.15
      vertex 48 39.7678 35.15
    endloop
  endfacet
  facet normal 0 0 1
    outer loop
      vertex 47.901 40.2017 35.15
      vertex 47.9749 39.5453 35.15
      vertex 47.9749 39.9903 35.15
    endloop
  endfacet
  facet normal 0 0 1
    outer loop
      vertex 47.901 40.2017 35.15
      vertex 47.901 39.3339 35.15
      vertex 47.9749 39.5453 35.15
    endloop
  endfacet
  facet normal 0 0 1
    outer loop
      vertex 47.7818 40.3913 35.15
      vertex 47.901 39.3339 35.15
      vertex 47.901 40.2017 35.15
    endloop
  endfacet
  facet normal 0 0 1
    outer loop
      vertex 47.7818 40.3913 35.15
      vertex 47.7818 39.1443 35.15
      vertex 47.901 39.3339 35.15
    endloop
  endfacet
  facet normal 0 0 1
    outer loop
      vertex 47.6235 40.5497 35.15
      vertex 47.7818 39.1443 35.15
      vertex 47.7818 40.3913 35.15
    endloop
  endfacet
  facet normal 0 0 1
    outer loop
      vertex 47.6235 40.5497 35.15
      vertex 47.6235 38.986 35.15
      vertex 47.7818 39.1443 35.15
    endloop
  endfacet
  facet normal 0 0 1
    outer loop
      vertex 47.4339 40.6688 35.15
      vertex 47.6235 38.986 35.15
      vertex 47.6235 40.5497 35.15
    endloop
  endfacet
  facet normal 0 0 1
    outer loop
      vertex 47.4339 40.6688 35.15
      vertex 47.4339 38.8669 35.15
      vertex 47.6235 38.986 35.15
    endloop
  endfacet
  facet normal 0 0 1
    outer loop
      vertex 47.2225 40.7428 35.15
      vertex 47.4339 38.8669 35.15
      vertex 47.4339 40.6688 35.15
    endloop
  endfacet
  facet normal 0 0 1
    outer loop
      vertex 47.2225 40.7428 35.15
      vertex 47.2225 38.7929 35.15
      vertex 47.4339 38.8669 35.15
    endloop
  endfacet
  facet normal 0 0 1
    outer loop
      vertex 47 40.7678 35.15
      vertex 47.2225 38.7929 35.15
      vertex 47.2225 40.7428 35.15
    endloop
  endfacet
  facet normal 0 0 1
    outer loop
      vertex 47 40.7678 35.15
      vertex 47 38.7678 35.15
      vertex 47.2225 38.7929 35.15
    endloop
  endfacet
  facet normal -0 0 1
    outer loop
      vertex 46.7775 40.7428 35.15
      vertex 47 38.7678 35.15
      vertex 47 40.7678 35.15
    endloop
  endfacet
  facet normal 0 0 1
    outer loop
      vertex 46.7775 40.7428 35.15
      vertex 46.7775 38.7929 35.15
      vertex 47 38.7678 35.15
    endloop
  endfacet
  facet normal -0 0 1
    outer loop
      vertex 46.5661 40.6688 35.15
      vertex 46.7775 38.7929 35.15
      vertex 46.7775 40.7428 35.15
    endloop
  endfacet
  facet normal 0 0 1
    outer loop
      vertex 46.5661 40.6688 35.15
      vertex 46.5661 38.8669 35.15
      vertex 46.7775 38.7929 35.15
    endloop
  endfacet
  facet normal -0 0 1
    outer loop
      vertex 46.3765 40.5497 35.15
      vertex 46.5661 38.8669 35.15
      vertex 46.5661 40.6688 35.15
    endloop
  endfacet
  facet normal 0 0 1
    outer loop
      vertex 46.3765 40.5497 35.15
      vertex 46.3765 38.986 35.15
      vertex 46.5661 38.8669 35.15
    endloop
  endfacet
  facet normal -0 0 1
    outer loop
      vertex 46.2182 40.3913 35.15
      vertex 46.3765 38.986 35.15
      vertex 46.3765 40.5497 35.15
    endloop
  endfacet
  facet normal 0 0 1
    outer loop
      vertex 46.2182 40.3913 35.15
      vertex 46.2182 39.1443 35.15
      vertex 46.3765 38.986 35.15
    endloop
  endfacet
  facet normal -0 0 1
    outer loop
      vertex 46.099 40.2017 35.15
      vertex 46.2182 39.1443 35.15
      vertex 46.2182 40.3913 35.15
    endloop
  endfacet
  facet normal 0 0 1
    outer loop
      vertex 46.099 40.2017 35.15
      vertex 46.099 39.3339 35.15
      vertex 46.2182 39.1443 35.15
    endloop
  endfacet
  facet normal -0 0 1
    outer loop
      vertex 46.0251 39.9903 35.15
      vertex 46.099 39.3339 35.15
      vertex 46.099 40.2017 35.15
    endloop
  endfacet
  facet normal 0 0 1
    outer loop
      vertex 46.0251 39.9903 35.15
      vertex 46.0251 39.5453 35.15
      vertex 46.099 39.3339 35.15
    endloop
  endfacet
  facet normal 0 -0 1
    outer loop
      vertex 46.0251 39.5453 35.15
      vertex 46.0251 39.9903 35.15
      vertex 46 39.7678 35.15
    endloop
  endfacet
  facet normal 0.943984 0.329992 0
    outer loop
      vertex 46.099 39.3339 43.15
      vertex 46.0251 39.5453 35.15
      vertex 46.0251 39.5453 43.15
    endloop
  endfacet
  facet normal 0.943984 0.329992 0
    outer loop
      vertex 46.0251 39.5453 35.15
      vertex 46.099 39.3339 43.15
      vertex 46.099 39.3339 35.15
    endloop
  endfacet
  facet normal -0.70733 -0.706883 0
    outer loop
      vertex 47.7818 40.3913 35.15
      vertex 47.6235 40.5497 43.15
      vertex 47.6235 40.5497 35.15
    endloop
  endfacet
  facet normal -0.70733 -0.706883 0
    outer loop
      vertex 47.6235 40.5497 43.15
      vertex 47.7818 40.3913 35.15
      vertex 47.7818 40.3913 43.15
    endloop
  endfacet
  facet normal -0.33039 -0.943844 0
    outer loop
      vertex 47.2225 40.7428 35.15
      vertex 47.4339 40.6688 43.15
      vertex 47.2225 40.7428 43.15
    endloop
  endfacet
  facet normal -0.33039 -0.943844 -0
    outer loop
      vertex 47.4339 40.6688 43.15
      vertex 47.2225 40.7428 35.15
      vertex 47.4339 40.6688 35.15
    endloop
  endfacet
  facet normal 0.531925 -0.846792 0
    outer loop
      vertex 46.3765 40.5497 35.15
      vertex 46.5661 40.6688 43.15
      vertex 46.3765 40.5497 43.15
    endloop
  endfacet
  facet normal 0.531925 -0.846792 0
    outer loop
      vertex 46.5661 40.6688 43.15
      vertex 46.3765 40.5497 35.15
      vertex 46.5661 40.6688 35.15
    endloop
  endfacet
  facet normal 0.943984 -0.329992 0
    outer loop
      vertex 46.0251 39.9903 43.15
      vertex 46.099 40.2017 35.15
      vertex 46.099 40.2017 43.15
    endloop
  endfacet
  facet normal 0.943984 -0.329992 0
    outer loop
      vertex 46.099 40.2017 35.15
      vertex 46.0251 39.9903 43.15
      vertex 46.0251 39.9903 35.15
    endloop
  endfacet
  facet normal 0.70733 -0.706883 0
    outer loop
      vertex 46.2182 40.3913 43.15
      vertex 46.3765 40.5497 35.15
      vertex 46.3765 40.5497 43.15
    endloop
  endfacet
  facet normal 0.70733 -0.706883 0
    outer loop
      vertex 46.3765 40.5497 35.15
      vertex 46.2182 40.3913 43.15
      vertex 46.2182 40.3913 35.15
    endloop
  endfacet
  facet normal -0.993697 0.112098 0
    outer loop
      vertex 47.9749 39.5453 35.15
      vertex 48 39.7678 43.15
      vertex 48 39.7678 35.15
    endloop
  endfacet
  facet normal -0.993697 0.112098 0
    outer loop
      vertex 48 39.7678 43.15
      vertex 47.9749 39.5453 35.15
      vertex 47.9749 39.5453 43.15
    endloop
  endfacet
  facet normal -0.33039 0.943844 0
    outer loop
      vertex 47.4339 38.8669 35.15
      vertex 47.2225 38.7929 43.15
      vertex 47.4339 38.8669 43.15
    endloop
  endfacet
  facet normal -0.33039 0.943844 0
    outer loop
      vertex 47.2225 38.7929 43.15
      vertex 47.4339 38.8669 35.15
      vertex 47.2225 38.7929 35.15
    endloop
  endfacet
  facet normal -0.943984 -0.329992 0
    outer loop
      vertex 47.9749 39.9903 35.15
      vertex 47.901 40.2017 43.15
      vertex 47.901 40.2017 35.15
    endloop
  endfacet
  facet normal -0.943984 -0.329992 0
    outer loop
      vertex 47.901 40.2017 43.15
      vertex 47.9749 39.9903 35.15
      vertex 47.9749 39.9903 43.15
    endloop
  endfacet
  facet normal 0.111657 -0.993747 0
    outer loop
      vertex 46.7775 40.7428 35.15
      vertex 47 40.7678 43.15
      vertex 46.7775 40.7428 43.15
    endloop
  endfacet
  facet normal 0.111657 -0.993747 0
    outer loop
      vertex 47 40.7678 43.15
      vertex 46.7775 40.7428 35.15
      vertex 47 40.7678 35.15
    endloop
  endfacet
  facet normal -0.531925 -0.846792 0
    outer loop
      vertex 47.4339 40.6688 35.15
      vertex 47.6235 40.5497 43.15
      vertex 47.4339 40.6688 43.15
    endloop
  endfacet
  facet normal -0.531925 -0.846792 -0
    outer loop
      vertex 47.6235 40.5497 43.15
      vertex 47.4339 40.6688 35.15
      vertex 47.6235 40.5497 35.15
    endloop
  endfacet
  facet normal 0.993697 0.112098 0
    outer loop
      vertex 46.0251 39.5453 43.15
      vertex 46 39.7678 35.15
      vertex 46 39.7678 43.15
    endloop
  endfacet
  facet normal 0.993697 0.112098 0
    outer loop
      vertex 46 39.7678 35.15
      vertex 46.0251 39.5453 43.15
      vertex 46.0251 39.5453 35.15
    endloop
  endfacet
  facet normal 0.846591 -0.532245 0
    outer loop
      vertex 46.099 40.2017 43.15
      vertex 46.2182 40.3913 35.15
      vertex 46.2182 40.3913 43.15
    endloop
  endfacet
  facet normal 0.846591 -0.532245 0
    outer loop
      vertex 46.2182 40.3913 35.15
      vertex 46.099 40.2017 43.15
      vertex 46.099 40.2017 35.15
    endloop
  endfacet
  facet normal 0.33039 -0.943844 0
    outer loop
      vertex 46.5661 40.6688 35.15
      vertex 46.7775 40.7428 43.15
      vertex 46.5661 40.6688 43.15
    endloop
  endfacet
  facet normal 0.33039 -0.943844 0
    outer loop
      vertex 46.7775 40.7428 43.15
      vertex 46.5661 40.6688 35.15
      vertex 46.7775 40.7428 35.15
    endloop
  endfacet
  facet normal -0.993697 -0.112098 0
    outer loop
      vertex 48 39.7678 35.15
      vertex 47.9749 39.9903 43.15
      vertex 47.9749 39.9903 35.15
    endloop
  endfacet
  facet normal -0.993697 -0.112098 0
    outer loop
      vertex 47.9749 39.9903 43.15
      vertex 48 39.7678 35.15
      vertex 48 39.7678 43.15
    endloop
  endfacet
  facet normal -0.707107 0.707107 0
    outer loop
      vertex 47.6235 38.986 35.15
      vertex 47.7818 39.1443 43.15
      vertex 47.7818 39.1443 35.15
    endloop
  endfacet
  facet normal -0.707107 0.707107 0
    outer loop
      vertex 47.7818 39.1443 43.15
      vertex 47.6235 38.986 35.15
      vertex 47.6235 38.986 43.15
    endloop
  endfacet
  facet normal -0.111657 -0.993747 0
    outer loop
      vertex 47 40.7678 35.15
      vertex 47.2225 40.7428 43.15
      vertex 47 40.7678 43.15
    endloop
  endfacet
  facet normal -0.111657 -0.993747 -0
    outer loop
      vertex 47.2225 40.7428 43.15
      vertex 47 40.7678 35.15
      vertex 47.2225 40.7428 35.15
    endloop
  endfacet
  facet normal 0.993697 -0.112098 0
    outer loop
      vertex 46 39.7678 43.15
      vertex 46.0251 39.9903 35.15
      vertex 46.0251 39.9903 43.15
    endloop
  endfacet
  facet normal 0.993697 -0.112098 0
    outer loop
      vertex 46.0251 39.9903 35.15
      vertex 46 39.7678 43.15
      vertex 46 39.7678 35.15
    endloop
  endfacet
  facet normal -0.943984 0.329992 0
    outer loop
      vertex 47.901 39.3339 35.15
      vertex 47.9749 39.5453 43.15
      vertex 47.9749 39.5453 35.15
    endloop
  endfacet
  facet normal -0.943984 0.329992 0
    outer loop
      vertex 47.9749 39.5453 43.15
      vertex 47.901 39.3339 35.15
      vertex 47.901 39.3339 43.15
    endloop
  endfacet
  facet normal 0.112098 0.993697 -0
    outer loop
      vertex 47 38.7678 35.15
      vertex 46.7775 38.7929 43.15
      vertex 47 38.7678 43.15
    endloop
  endfacet
  facet normal 0.112098 0.993697 0
    outer loop
      vertex 46.7775 38.7929 43.15
      vertex 47 38.7678 35.15
      vertex 46.7775 38.7929 35.15
    endloop
  endfacet
  facet normal 0.846591 0.532245 0
    outer loop
      vertex 46.2182 39.1443 43.15
      vertex 46.099 39.3339 35.15
      vertex 46.099 39.3339 43.15
    endloop
  endfacet
  facet normal 0.846591 0.532245 0
    outer loop
      vertex 46.099 39.3339 35.15
      vertex 46.2182 39.1443 43.15
      vertex 46.2182 39.1443 35.15
    endloop
  endfacet
  facet normal -0.846591 0.532245 0
    outer loop
      vertex 47.7818 39.1443 35.15
      vertex 47.901 39.3339 43.15
      vertex 47.901 39.3339 35.15
    endloop
  endfacet
  facet normal -0.846591 0.532245 0
    outer loop
      vertex 47.901 39.3339 43.15
      vertex 47.7818 39.1443 35.15
      vertex 47.7818 39.1443 43.15
    endloop
  endfacet
  facet normal 0.531925 0.846792 -0
    outer loop
      vertex 46.5661 38.8669 35.15
      vertex 46.3765 38.986 43.15
      vertex 46.5661 38.8669 43.15
    endloop
  endfacet
  facet normal 0.531925 0.846792 0
    outer loop
      vertex 46.3765 38.986 43.15
      vertex 46.5661 38.8669 35.15
      vertex 46.3765 38.986 35.15
    endloop
  endfacet
  facet normal -0.112098 0.993697 0
    outer loop
      vertex 47.2225 38.7929 35.15
      vertex 47 38.7678 43.15
      vertex 47.2225 38.7929 43.15
    endloop
  endfacet
  facet normal -0.112098 0.993697 0
    outer loop
      vertex 47 38.7678 43.15
      vertex 47.2225 38.7929 35.15
      vertex 47 38.7678 35.15
    endloop
  endfacet
  facet normal 0.33039 0.943844 -0
    outer loop
      vertex 46.7775 38.7929 35.15
      vertex 46.5661 38.8669 43.15
      vertex 46.7775 38.7929 43.15
    endloop
  endfacet
  facet normal 0.33039 0.943844 0
    outer loop
      vertex 46.5661 38.8669 43.15
      vertex 46.7775 38.7929 35.15
      vertex 46.5661 38.8669 35.15
    endloop
  endfacet
  facet normal 0.707107 0.707107 0
    outer loop
      vertex 46.3765 38.986 43.15
      vertex 46.2182 39.1443 35.15
      vertex 46.2182 39.1443 43.15
    endloop
  endfacet
  facet normal 0.707107 0.707107 0
    outer loop
      vertex 46.2182 39.1443 35.15
      vertex 46.3765 38.986 43.15
      vertex 46.3765 38.986 35.15
    endloop
  endfacet
  facet normal -0.531925 0.846792 0
    outer loop
      vertex 47.6235 38.986 35.15
      vertex 47.4339 38.8669 43.15
      vertex 47.6235 38.986 43.15
    endloop
  endfacet
  facet normal -0.531925 0.846792 0
    outer loop
      vertex 47.4339 38.8669 43.15
      vertex 47.6235 38.986 35.15
      vertex 47.4339 38.8669 35.15
    endloop
  endfacet
  facet normal 0 0 -1
    outer loop
      vertex -49.75 31.5 0
      vertex -44.75 31.5 0
      vertex -44.7595 31.2821 0
    endloop
  endfacet
  facet normal 0 0 -1
    outer loop
      vertex -44.75 31.5 0
      vertex -49.75 31.5 0
      vertex -44.75 36.5 0
    endloop
  endfacet
  facet normal 0 0 -1
    outer loop
      vertex -49.75 31.5 0
      vertex -44.7595 31.2821 0
      vertex -44.788 31.0659 0
    endloop
  endfacet
  facet normal 0 0 -1
    outer loop
      vertex -49.75 36.5 0
      vertex -44.75 36.5 0
      vertex -49.75 31.5 0
    endloop
  endfacet
  facet normal 0 0 -1
    outer loop
      vertex -49.75 31.5 0
      vertex -44.788 31.0659 0
      vertex -44.8352 30.853 0
    endloop
  endfacet
  facet normal 0 0 -1
    outer loop
      vertex -44.75 36.5 0
      vertex -49.75 36.5 0
      vertex -44.7595 36.7179 0
    endloop
  endfacet
  facet normal 0 0 -1
    outer loop
      vertex -49.75 31.5 0
      vertex -44.8352 30.853 0
      vertex -44.9008 30.6449 0
    endloop
  endfacet
  facet normal -0 0 -1
    outer loop
      vertex -44.7595 36.7179 0
      vertex -49.75 36.5 0
      vertex -44.788 36.9341 0
    endloop
  endfacet
  facet normal 0 0 -1
    outer loop
      vertex -49.75 31.5 0
      vertex -44.9008 30.6449 0
      vertex -44.9842 30.4435 0
    endloop
  endfacet
  facet normal -0 0 -1
    outer loop
      vertex -44.788 36.9341 0
      vertex -49.75 36.5 0
      vertex -44.8352 37.147 0
    endloop
  endfacet
  facet normal 0 0 -1
    outer loop
      vertex -49.75 31.5 0
      vertex -44.9842 30.4435 0
      vertex -45.0849 30.25 0
    endloop
  endfacet
  facet normal -0 0 -1
    outer loop
      vertex -44.8352 37.147 0
      vertex -49.75 36.5 0
      vertex -44.9008 37.355 0
    endloop
  endfacet
  facet normal 0 0 -1
    outer loop
      vertex -49.75 31.5 0
      vertex -45.0849 30.25 0
      vertex -45.2021 30.0661 0
    endloop
  endfacet
  facet normal -0 0 -1
    outer loop
      vertex -44.9008 37.355 0
      vertex -49.75 36.5 0
      vertex -44.9842 37.5565 0
    endloop
  endfacet
  facet normal 0 0 -1
    outer loop
      vertex -49.75 31.5 0
      vertex -45.2021 30.0661 0
      vertex -45.3349 29.893 0
    endloop
  endfacet
  facet normal -0 0 -1
    outer loop
      vertex -44.9842 37.5565 0
      vertex -49.75 36.5 0
      vertex -45.0849 37.75 0
    endloop
  endfacet
  facet normal 0 0 -1
    outer loop
      vertex -49.75 31.5 0
      vertex -45.3349 29.893 0
      vertex -45.4822 29.7322 0
    endloop
  endfacet
  facet normal -0 0 -1
    outer loop
      vertex -45.0849 37.75 0
      vertex -49.75 36.5 0
      vertex -45.2021 37.9339 0
    endloop
  endfacet
  facet normal 0 0 -1
    outer loop
      vertex -49.75 31.5 0
      vertex -45.4822 29.7322 0
      vertex -45.643 29.5849 0
    endloop
  endfacet
  facet normal -0 0 -1
    outer loop
      vertex -45.2021 37.9339 0
      vertex -49.75 36.5 0
      vertex -45.3349 38.107 0
    endloop
  endfacet
  facet normal 0 0 -1
    outer loop
      vertex -49.75 31.5 0
      vertex -45.643 29.5849 0
      vertex -45.8161 29.4521 0
    endloop
  endfacet
  facet normal -0 0 -1
    outer loop
      vertex -45.3349 38.107 0
      vertex -49.75 36.5 0
      vertex -45.4822 38.2678 0
    endloop
  endfacet
  facet normal 0 0 -1
    outer loop
      vertex -49.75 31.5 0
      vertex -45.8161 29.4521 0
      vertex -46 29.3349 0
    endloop
  endfacet
  facet normal -0 0 -1
    outer loop
      vertex -45.4822 38.2678 0
      vertex -49.75 36.5 0
      vertex -45.643 38.4151 0
    endloop
  endfacet
  facet normal 0 0 -1
    outer loop
      vertex -49.75 31.5 0
      vertex -46 29.3349 0
      vertex -46.1935 29.2342 0
    endloop
  endfacet
  facet normal -0 0 -1
    outer loop
      vertex -45.643 38.4151 0
      vertex -49.75 36.5 0
      vertex -45.8161 38.5479 0
    endloop
  endfacet
  facet normal 0 0 -1
    outer loop
      vertex -49.75 31.5 0
      vertex -46.1935 29.2342 0
      vertex -46.395 29.1508 0
    endloop
  endfacet
  facet normal -0 0 -1
    outer loop
      vertex -45.8161 38.5479 0
      vertex -49.75 36.5 0
      vertex -46 38.6651 0
    endloop
  endfacet
  facet normal 0 0 -1
    outer loop
      vertex -49.75 31.5 0
      vertex -46.395 29.1508 0
      vertex -46.603 29.0852 0
    endloop
  endfacet
  facet normal -0 0 -1
    outer loop
      vertex -46 38.6651 0
      vertex -49.75 36.5 0
      vertex -46.1935 38.7658 0
    endloop
  endfacet
  facet normal 0 0 -1
    outer loop
      vertex -49.75 31.5 0
      vertex -46.603 29.0852 0
      vertex -46.8159 29.038 0
    endloop
  endfacet
  facet normal -0 0 -1
    outer loop
      vertex -46.1935 38.7658 0
      vertex -49.75 36.5 0
      vertex -46.395 38.8492 0
    endloop
  endfacet
  facet normal 0 0 -1
    outer loop
      vertex -49.75 31.5 0
      vertex -46.8159 29.038 0
      vertex -47.0321 29.0095 0
    endloop
  endfacet
  facet normal -0 0 -1
    outer loop
      vertex -46.395 38.8492 0
      vertex -49.75 36.5 0
      vertex -46.603 38.9148 0
    endloop
  endfacet
  facet normal 0 0 -1
    outer loop
      vertex -49.75 31.5 0
      vertex -47.0321 29.0095 0
      vertex -47.25 29 0
    endloop
  endfacet
  facet normal -0 0 -1
    outer loop
      vertex -46.603 38.9148 0
      vertex -49.75 36.5 0
      vertex -46.8159 38.962 0
    endloop
  endfacet
  facet normal 0 0 -1
    outer loop
      vertex -49.75 31.5 0
      vertex -47.25 29 0
      vertex -47.4679 29.0095 0
    endloop
  endfacet
  facet normal -0 0 -1
    outer loop
      vertex -46.8159 38.962 0
      vertex -49.75 36.5 0
      vertex -47.0321 38.9905 0
    endloop
  endfacet
  facet normal 0 0 -1
    outer loop
      vertex -49.75 31.5 0
      vertex -47.4679 29.0095 0
      vertex -47.6841 29.038 0
    endloop
  endfacet
  facet normal -0 0 -1
    outer loop
      vertex -47.0321 38.9905 0
      vertex -49.75 36.5 0
      vertex -47.25 39 0
    endloop
  endfacet
  facet normal 0 0 -1
    outer loop
      vertex -49.75 31.5 0
      vertex -47.6841 29.038 0
      vertex -47.897 29.0852 0
    endloop
  endfacet
  facet normal 0 0 -1
    outer loop
      vertex -47.25 39 0
      vertex -49.75 36.5 0
      vertex -47.4679 38.9905 0
    endloop
  endfacet
  facet normal 0 0 -1
    outer loop
      vertex -49.75 31.5 0
      vertex -47.897 29.0852 0
      vertex -48.105 29.1508 0
    endloop
  endfacet
  facet normal 0 0 -1
    outer loop
      vertex -47.4679 38.9905 0
      vertex -49.75 36.5 0
      vertex -47.6841 38.962 0
    endloop
  endfacet
  facet normal 0 0 -1
    outer loop
      vertex -49.75 31.5 0
      vertex -48.105 29.1508 0
      vertex -48.3065 29.2342 0
    endloop
  endfacet
  facet normal 0 0 -1
    outer loop
      vertex -47.6841 38.962 0
      vertex -49.75 36.5 0
      vertex -47.897 38.9148 0
    endloop
  endfacet
  facet normal 0 0 -1
    outer loop
      vertex -49.75 31.5 0
      vertex -48.3065 29.2342 0
      vertex -48.5 29.3349 0
    endloop
  endfacet
  facet normal 0 0 -1
    outer loop
      vertex -47.897 38.9148 0
      vertex -49.75 36.5 0
      vertex -48.105 38.8492 0
    endloop
  endfacet
  facet normal 0 0 -1
    outer loop
      vertex -49.75 31.5 0
      vertex -48.5 29.3349 0
      vertex -48.6839 29.4521 0
    endloop
  endfacet
  facet normal 0 0 -1
    outer loop
      vertex -48.105 38.8492 0
      vertex -49.75 36.5 0
      vertex -48.3065 38.7658 0
    endloop
  endfacet
  facet normal 0 0 -1
    outer loop
      vertex -49.75 31.5 0
      vertex -48.6839 29.4521 0
      vertex -48.857 29.5849 0
    endloop
  endfacet
  facet normal 0 0 -1
    outer loop
      vertex -48.3065 38.7658 0
      vertex -49.75 36.5 0
      vertex -48.5 38.6651 0
    endloop
  endfacet
  facet normal 0 0 -1
    outer loop
      vertex -49.75 31.5 0
      vertex -48.857 29.5849 0
      vertex -49.0178 29.7322 0
    endloop
  endfacet
  facet normal 0 0 -1
    outer loop
      vertex -48.5 38.6651 0
      vertex -49.75 36.5 0
      vertex -48.6839 38.5479 0
    endloop
  endfacet
  facet normal 0 0 -1
    outer loop
      vertex -49.75 31.5 0
      vertex -49.0178 29.7322 0
      vertex -49.1651 29.893 0
    endloop
  endfacet
  facet normal 0 0 -1
    outer loop
      vertex -48.6839 38.5479 0
      vertex -49.75 36.5 0
      vertex -48.857 38.4151 0
    endloop
  endfacet
  facet normal 0 0 -1
    outer loop
      vertex -49.75 31.5 0
      vertex -49.1651 29.893 0
      vertex -49.2979 30.0661 0
    endloop
  endfacet
  facet normal 0 0 -1
    outer loop
      vertex -48.857 38.4151 0
      vertex -49.75 36.5 0
      vertex -49.0178 38.2678 0
    endloop
  endfacet
  facet normal 0 0 -1
    outer loop
      vertex -49.75 31.5 0
      vertex -49.2979 30.0661 0
      vertex -49.4151 30.25 0
    endloop
  endfacet
  facet normal 0 0 -1
    outer loop
      vertex -49.0178 38.2678 0
      vertex -49.75 36.5 0
      vertex -49.1651 38.107 0
    endloop
  endfacet
  facet normal 0 0 -1
    outer loop
      vertex -49.75 31.5 0
      vertex -49.4151 30.25 0
      vertex -49.5158 30.4435 0
    endloop
  endfacet
  facet normal 0 0 -1
    outer loop
      vertex -49.1651 38.107 0
      vertex -49.75 36.5 0
      vertex -49.2979 37.9339 0
    endloop
  endfacet
  facet normal 0 0 -1
    outer loop
      vertex -49.75 31.5 0
      vertex -49.5158 30.4435 0
      vertex -49.5992 30.6449 0
    endloop
  endfacet
  facet normal 0 0 -1
    outer loop
      vertex -49.2979 37.9339 0
      vertex -49.75 36.5 0
      vertex -49.4151 37.75 0
    endloop
  endfacet
  facet normal 0 0 -1
    outer loop
      vertex -49.75 31.5 0
      vertex -49.5992 30.6449 0
      vertex -49.6648 30.853 0
    endloop
  endfacet
  facet normal 0 0 -1
    outer loop
      vertex -49.4151 37.75 0
      vertex -49.75 36.5 0
      vertex -49.5158 37.5565 0
    endloop
  endfacet
  facet normal 0 0 -1
    outer loop
      vertex -49.75 31.5 0
      vertex -49.6648 30.853 0
      vertex -49.712 31.0659 0
    endloop
  endfacet
  facet normal 0 0 -1
    outer loop
      vertex -49.5158 37.5565 0
      vertex -49.75 36.5 0
      vertex -49.5992 37.355 0
    endloop
  endfacet
  facet normal 0 0 -1
    outer loop
      vertex -49.75 31.5 0
      vertex -49.712 31.0659 0
      vertex -49.7405 31.2821 0
    endloop
  endfacet
  facet normal 0 0 -1
    outer loop
      vertex -49.5992 37.355 0
      vertex -49.75 36.5 0
      vertex -49.6648 37.147 0
    endloop
  endfacet
  facet normal 0 0 -1
    outer loop
      vertex -49.6648 37.147 0
      vertex -49.75 36.5 0
      vertex -49.712 36.9341 0
    endloop
  endfacet
  facet normal 0 0 -1
    outer loop
      vertex -49.712 36.9341 0
      vertex -49.75 36.5 0
      vertex -49.7405 36.7179 0
    endloop
  endfacet
  facet normal -0.991423 -0.130692 0
    outer loop
      vertex -49.712 31.0659 0
      vertex -49.7405 31.2821 0.299999
      vertex -49.7405 31.2821 0
    endloop
  endfacet
  facet normal -0.991423 -0.130692 0
    outer loop
      vertex -49.7405 31.2821 0.299999
      vertex -49.712 31.0659 0
      vertex -49.712 31.0659 0.299999
    endloop
  endfacet
  facet normal -1 0 0
    outer loop
      vertex -49.75 31.5 0
      vertex -49.75 36.5 0.299999
      vertex -49.75 36.5 0
    endloop
  endfacet
  facet normal -1 -0 0
    outer loop
      vertex -49.75 36.5 0.299999
      vertex -49.75 31.5 0
      vertex -49.75 31.5 0.299999
    endloop
  endfacet
  facet normal 0.999051 0.0435566 0
    outer loop
      vertex -44.75 36.5 0.299999
      vertex -44.7595 36.7179 0
      vertex -44.7595 36.7179 0.299999
    endloop
  endfacet
  facet normal 0.999051 0.0435566 0
    outer loop
      vertex -44.7595 36.7179 0
      vertex -44.75 36.5 0.299999
      vertex -44.75 36.5 0
    endloop
  endfacet
  facet normal -0.999051 -0.0435566 0
    outer loop
      vertex -49.7405 31.2821 0
      vertex -49.75 31.5 0.299999
      vertex -49.75 31.5 0
    endloop
  endfacet
  facet normal -0.999051 -0.0435566 0
    outer loop
      vertex -49.75 31.5 0.299999
      vertex -49.7405 31.2821 0
      vertex -49.7405 31.2821 0.299999
    endloop
  endfacet
  facet normal -0.675475 0.737383 0
    outer loop
      vertex -48.857 38.4151 0
      vertex -49.0178 38.2678 0.299999
      vertex -48.857 38.4151 0.299999
    endloop
  endfacet
  facet normal -0.675475 0.737383 0
    outer loop
      vertex -49.0178 38.2678 0.299999
      vertex -48.857 38.4151 0
      vertex -49.0178 38.2678 0
    endloop
  endfacet
  facet normal -0.991423 0.130692 0
    outer loop
      vertex -49.7405 36.7179 0
      vertex -49.712 36.9341 0.299999
      vertex -49.712 36.9341 0
    endloop
  endfacet
  facet normal -0.991423 0.130692 0
    outer loop
      vertex -49.712 36.9341 0.299999
      vertex -49.7405 36.7179 0
      vertex -49.7405 36.7179 0.299999
    endloop
  endfacet
  facet normal 0.382433 0.923983 -0
    outer loop
      vertex -46.1935 38.7658 0
      vertex -46.395 38.8492 0.299999
      vertex -46.1935 38.7658 0.299999
    endloop
  endfacet
  facet normal 0.382433 0.923983 0
    outer loop
      vertex -46.395 38.8492 0.299999
      vertex -46.1935 38.7658 0
      vertex -46.395 38.8492 0
    endloop
  endfacet
  facet normal -0.999051 0.0435566 0
    outer loop
      vertex -49.75 36.5 0
      vertex -49.7405 36.7179 0.299999
      vertex -49.7405 36.7179 0
    endloop
  endfacet
  facet normal -0.999051 0.0435566 0
    outer loop
      vertex -49.7405 36.7179 0.299999
      vertex -49.75 36.5 0
      vertex -49.75 36.5 0.299999
    endloop
  endfacet
  facet normal -0 0 1
    outer loop
      vertex -46 35.7678 1.5
      vertex -44.75 35.4716 1.5
      vertex -44.8975 35.7678 1.5
    endloop
  endfacet
  facet normal 0 0 1
    outer loop
      vertex -44.75 35.4716 1.5
      vertex -46 35.7678 1.5
      vertex -46 32.981 1.5
    endloop
  endfacet
  facet normal 0 0 1
    outer loop
      vertex -44.75 35.4716 1.5
      vertex -46 32.981 1.5
      vertex -44.75 32.981 1.5
    endloop
  endfacet
  facet normal 0.991423 -0.130692 0
    outer loop
      vertex -44.788 31.0659 0.299999
      vertex -44.7595 31.2821 0
      vertex -44.7595 31.2821 0.299999
    endloop
  endfacet
  facet normal 0.991423 -0.130692 0
    outer loop
      vertex -44.7595 31.2821 0
      vertex -44.788 31.0659 0.299999
      vertex -44.788 31.0659 0
    endloop
  endfacet
  facet normal 0.999051 -0.0435566 0
    outer loop
      vertex -44.7595 31.2821 0.299999
      vertex -44.75 31.5 0
      vertex -44.75 31.5 0.299999
    endloop
  endfacet
  facet normal 0.999051 -0.0435566 0
    outer loop
      vertex -44.75 31.5 0
      vertex -44.7595 31.2821 0.299999
      vertex -44.7595 31.2821 0
    endloop
  endfacet
  facet normal 0.793407 0.608691 0
    outer loop
      vertex -45.2021 37.9339 0.299999
      vertex -45.3349 38.107 0
      vertex -45.3349 38.107 0.299999
    endloop
  endfacet
  facet normal 0.793407 0.608691 0
    outer loop
      vertex -45.3349 38.107 0
      vertex -45.2021 37.9339 0.299999
      vertex -45.2021 37.9339 0
    endloop
  endfacet
  facet normal -0.130692 0.991423 0
    outer loop
      vertex -47.4679 38.9905 0
      vertex -47.6841 38.962 0.299999
      vertex -47.4679 38.9905 0.299999
    endloop
  endfacet
  facet normal -0.130692 0.991423 0
    outer loop
      vertex -47.6841 38.962 0.299999
      vertex -47.4679 38.9905 0
      vertex -47.6841 38.962 0
    endloop
  endfacet
  facet normal 0.130692 0.991423 -0
    outer loop
      vertex -46.8159 38.962 0
      vertex -47.0321 38.9905 0.299999
      vertex -46.8159 38.962 0.299999
    endloop
  endfacet
  facet normal 0.130692 0.991423 0
    outer loop
      vertex -47.0321 38.9905 0.299999
      vertex -46.8159 38.962 0
      vertex -47.0321 38.9905 0
    endloop
  endfacet
  facet normal -0.887067 0.461641 0
    outer loop
      vertex -49.5158 37.5565 0
      vertex -49.4151 37.75 0.299999
      vertex -49.4151 37.75 0
    endloop
  endfacet
  facet normal -0.887067 0.461641 0
    outer loop
      vertex -49.4151 37.75 0.299999
      vertex -49.5158 37.5565 0
      vertex -49.5158 37.5565 0.299999
    endloop
  endfacet
  facet normal 0.793407 -0.608691 0
    outer loop
      vertex -45.3349 29.893 0.299999
      vertex -45.2021 30.0661 0
      vertex -45.2021 30.0661 0.299999
    endloop
  endfacet
  facet normal 0.793407 -0.608691 0
    outer loop
      vertex -45.2021 30.0661 0
      vertex -45.3349 29.893 0.299999
      vertex -45.3349 29.893 0
    endloop
  endfacet
  facet normal 1 0 0
    outer loop
      vertex -44.75 35.4716 1.5
      vertex -44.75 32.981 1.5
      vertex -44.75 35.4716 0.299999
    endloop
  endfacet
  facet normal 1 -0 0
    outer loop
      vertex -44.75 35.4716 0.299999
      vertex -44.75 36.5 0
      vertex -44.75 36.5 0.299999
    endloop
  endfacet
  facet normal 1 0 0
    outer loop
      vertex -44.75 32.981 0.299999
      vertex -44.75 35.4716 0.299999
      vertex -44.75 32.981 1.5
    endloop
  endfacet
  facet normal 1 -0 0
    outer loop
      vertex -44.75 32.981 0.299999
      vertex -44.75 36.5 0
      vertex -44.75 35.4716 0.299999
    endloop
  endfacet
  facet normal 1 0 0
    outer loop
      vertex -44.75 31.5 0
      vertex -44.75 32.981 0.299999
      vertex -44.75 31.5 0.299999
    endloop
  endfacet
  facet normal 1 0 0
    outer loop
      vertex -44.75 32.981 0.299999
      vertex -44.75 31.5 0
      vertex -44.75 36.5 0
    endloop
  endfacet
  facet normal 0.923983 0.382433 0
    outer loop
      vertex -44.9008 37.355 0.299999
      vertex -44.9842 37.5565 0
      vertex -44.9842 37.5565 0.299999
    endloop
  endfacet
  facet normal 0.923983 0.382433 0
    outer loop
      vertex -44.9842 37.5565 0
      vertex -44.9008 37.355 0.299999
      vertex -44.9008 37.355 0
    endloop
  endfacet
  facet normal 0.887067 0.461641 0
    outer loop
      vertex -44.9842 37.5565 0.299999
      vertex -45.0849 37.75 0
      vertex -45.0849 37.75 0.299999
    endloop
  endfacet
  facet normal 0.887067 0.461641 0
    outer loop
      vertex -45.0849 37.75 0
      vertex -44.9842 37.5565 0.299999
      vertex -44.9842 37.5565 0
    endloop
  endfacet
  facet normal 0.608691 0.793407 -0
    outer loop
      vertex -45.643 38.4151 0
      vertex -45.8161 38.5479 0.299999
      vertex -45.643 38.4151 0.299999
    endloop
  endfacet
  facet normal 0.608691 0.793407 0
    outer loop
      vertex -45.8161 38.5479 0.299999
      vertex -45.643 38.4151 0
      vertex -45.8161 38.5479 0
    endloop
  endfacet
  facet normal 0.461641 0.887067 -0
    outer loop
      vertex -46 38.6651 0
      vertex -46.1935 38.7658 0.299999
      vertex -46 38.6651 0.299999
    endloop
  endfacet
  facet normal 0.461641 0.887067 0
    outer loop
      vertex -46.1935 38.7658 0.299999
      vertex -46 38.6651 0
      vertex -46.1935 38.7658 0
    endloop
  endfacet
  facet normal 0.737383 0.675475 0
    outer loop
      vertex -45.3349 38.107 0.299999
      vertex -45.4822 38.2678 0
      vertex -45.4822 38.2678 0.299999
    endloop
  endfacet
  facet normal 0.737383 0.675475 0
    outer loop
      vertex -45.4822 38.2678 0
      vertex -45.3349 38.107 0.299999
      vertex -45.3349 38.107 0
    endloop
  endfacet
  facet normal -0.30078 0.953693 0
    outer loop
      vertex -47.897 38.9148 0
      vertex -48.105 38.8492 0.299999
      vertex -47.897 38.9148 0.299999
    endloop
  endfacet
  facet normal -0.30078 0.953693 0
    outer loop
      vertex -48.105 38.8492 0.299999
      vertex -47.897 38.9148 0
      vertex -48.105 38.8492 0
    endloop
  endfacet
  facet normal -0.216445 0.976295 0
    outer loop
      vertex -47.6841 38.962 0
      vertex -47.897 38.9148 0.299999
      vertex -47.6841 38.962 0.299999
    endloop
  endfacet
  facet normal -0.216445 0.976295 0
    outer loop
      vertex -47.897 38.9148 0.299999
      vertex -47.6841 38.962 0
      vertex -47.897 38.9148 0
    endloop
  endfacet
  facet normal 0.0435566 0.999051 -0
    outer loop
      vertex -47.0321 38.9905 0
      vertex -47.25 39 0.299999
      vertex -47.0321 38.9905 0.299999
    endloop
  endfacet
  facet normal 0.0435566 0.999051 0
    outer loop
      vertex -47.25 39 0.299999
      vertex -47.0321 38.9905 0
      vertex -47.25 39 0
    endloop
  endfacet
  facet normal 0.216445 0.976295 -0
    outer loop
      vertex -46.603 38.9148 0
      vertex -46.8159 38.962 0.299999
      vertex -46.603 38.9148 0.299999
    endloop
  endfacet
  facet normal 0.216445 0.976295 0
    outer loop
      vertex -46.8159 38.962 0.299999
      vertex -46.603 38.9148 0
      vertex -46.8159 38.962 0
    endloop
  endfacet
  facet normal -0.793407 0.608691 0
    outer loop
      vertex -49.2979 37.9339 0
      vertex -49.1651 38.107 0.299999
      vertex -49.1651 38.107 0
    endloop
  endfacet
  facet normal -0.793407 0.608691 0
    outer loop
      vertex -49.1651 38.107 0.299999
      vertex -49.2979 37.9339 0
      vertex -49.2979 37.9339 0.299999
    endloop
  endfacet
  facet normal -0.737383 0.675475 0
    outer loop
      vertex -49.1651 38.107 0
      vertex -49.0178 38.2678 0.299999
      vertex -49.0178 38.2678 0
    endloop
  endfacet
  facet normal -0.737383 0.675475 0
    outer loop
      vertex -49.0178 38.2678 0.299999
      vertex -49.1651 38.107 0
      vertex -49.1651 38.107 0.299999
    endloop
  endfacet
  facet normal -0.843303 0.537439 0
    outer loop
      vertex -49.4151 37.75 0
      vertex -49.2979 37.9339 0.299999
      vertex -49.2979 37.9339 0
    endloop
  endfacet
  facet normal -0.843303 0.537439 0
    outer loop
      vertex -49.2979 37.9339 0.299999
      vertex -49.4151 37.75 0
      vertex -49.4151 37.75 0.299999
    endloop
  endfacet
  facet normal -0.953693 0.30078 0
    outer loop
      vertex -49.6648 37.147 0
      vertex -49.5992 37.355 0.299999
      vertex -49.5992 37.355 0
    endloop
  endfacet
  facet normal -0.953693 0.30078 0
    outer loop
      vertex -49.5992 37.355 0.299999
      vertex -49.6648 37.147 0
      vertex -49.6648 37.147 0.299999
    endloop
  endfacet
  facet normal -0.976295 0.216445 0
    outer loop
      vertex -49.712 36.9341 0
      vertex -49.6648 37.147 0.299999
      vertex -49.6648 37.147 0
    endloop
  endfacet
  facet normal -0.976295 0.216445 0
    outer loop
      vertex -49.6648 37.147 0.299999
      vertex -49.712 36.9341 0
      vertex -49.712 36.9341 0.299999
    endloop
  endfacet
  facet normal -0.923983 0.382433 0
    outer loop
      vertex -49.5992 37.355 0
      vertex -49.5158 37.5565 0.299999
      vertex -49.5158 37.5565 0
    endloop
  endfacet
  facet normal -0.923983 0.382433 0
    outer loop
      vertex -49.5158 37.5565 0.299999
      vertex -49.5992 37.355 0
      vertex -49.5992 37.355 0.299999
    endloop
  endfacet
  facet normal 0.843303 -0.537439 0
    outer loop
      vertex -45.2021 30.0661 0.299999
      vertex -45.0849 30.25 0
      vertex -45.0849 30.25 0.299999
    endloop
  endfacet
  facet normal 0.843303 -0.537439 0
    outer loop
      vertex -45.0849 30.25 0
      vertex -45.2021 30.0661 0.299999
      vertex -45.2021 30.0661 0
    endloop
  endfacet
  facet normal 0.976295 -0.216445 0
    outer loop
      vertex -44.8352 30.853 0.299999
      vertex -44.788 31.0659 0
      vertex -44.788 31.0659 0.299999
    endloop
  endfacet
  facet normal 0.976295 -0.216445 0
    outer loop
      vertex -44.788 31.0659 0
      vertex -44.8352 30.853 0.299999
      vertex -44.8352 30.853 0
    endloop
  endfacet
  facet normal 0.923916 -0.382595 0
    outer loop
      vertex -44.9842 30.4435 0.299999
      vertex -44.9008 30.6449 0
      vertex -44.9008 30.6449 0.299999
    endloop
  endfacet
  facet normal 0.923916 -0.382595 0
    outer loop
      vertex -44.9008 30.6449 0
      vertex -44.9842 30.4435 0.299999
      vertex -44.9842 30.4435 0
    endloop
  endfacet
  facet normal 0.461641 -0.887067 0
    outer loop
      vertex -46.1935 29.2342 0
      vertex -46 29.3349 0.299999
      vertex -46.1935 29.2342 0.299999
    endloop
  endfacet
  facet normal 0.461641 -0.887067 0
    outer loop
      vertex -46 29.3349 0.299999
      vertex -46.1935 29.2342 0
      vertex -46 29.3349 0
    endloop
  endfacet
  facet normal -0.130692 -0.991423 0
    outer loop
      vertex -47.6841 29.038 0
      vertex -47.4679 29.0095 0.299999
      vertex -47.6841 29.038 0.299999
    endloop
  endfacet
  facet normal -0.130692 -0.991423 -0
    outer loop
      vertex -47.4679 29.0095 0.299999
      vertex -47.6841 29.038 0
      vertex -47.4679 29.0095 0
    endloop
  endfacet
  facet normal -0.216445 -0.976295 0
    outer loop
      vertex -47.897 29.0852 0
      vertex -47.6841 29.038 0.299999
      vertex -47.897 29.0852 0.299999
    endloop
  endfacet
  facet normal -0.216445 -0.976295 -0
    outer loop
      vertex -47.6841 29.038 0.299999
      vertex -47.897 29.0852 0
      vertex -47.6841 29.038 0
    endloop
  endfacet
  facet normal -0.608691 -0.793407 0
    outer loop
      vertex -48.857 29.5849 0
      vertex -48.6839 29.4521 0.299999
      vertex -48.857 29.5849 0.299999
    endloop
  endfacet
  facet normal -0.608691 -0.793407 -0
    outer loop
      vertex -48.6839 29.4521 0.299999
      vertex -48.857 29.5849 0
      vertex -48.6839 29.4521 0
    endloop
  endfacet
  facet normal -0.675475 -0.737383 0
    outer loop
      vertex -49.0178 29.7322 0
      vertex -48.857 29.5849 0.299999
      vertex -49.0178 29.7322 0.299999
    endloop
  endfacet
  facet normal -0.675475 -0.737383 -0
    outer loop
      vertex -48.857 29.5849 0.299999
      vertex -49.0178 29.7322 0
      vertex -48.857 29.5849 0
    endloop
  endfacet
  facet normal -0.461641 -0.887067 0
    outer loop
      vertex -48.5 29.3349 0
      vertex -48.3065 29.2342 0.299999
      vertex -48.5 29.3349 0.299999
    endloop
  endfacet
  facet normal -0.461641 -0.887067 -0
    outer loop
      vertex -48.3065 29.2342 0.299999
      vertex -48.5 29.3349 0
      vertex -48.3065 29.2342 0
    endloop
  endfacet
  facet normal -0.30078 -0.953693 0
    outer loop
      vertex -48.105 29.1508 0
      vertex -47.897 29.0852 0.299999
      vertex -48.105 29.1508 0.299999
    endloop
  endfacet
  facet normal -0.30078 -0.953693 -0
    outer loop
      vertex -47.897 29.0852 0.299999
      vertex -48.105 29.1508 0
      vertex -47.897 29.0852 0
    endloop
  endfacet
  facet normal -0.737383 -0.675475 0
    outer loop
      vertex -49.0178 29.7322 0
      vertex -49.1651 29.893 0.299999
      vertex -49.1651 29.893 0
    endloop
  endfacet
  facet normal -0.737383 -0.675475 0
    outer loop
      vertex -49.1651 29.893 0.299999
      vertex -49.0178 29.7322 0
      vertex -49.0178 29.7322 0.299999
    endloop
  endfacet
  facet normal -0.976295 -0.216445 0
    outer loop
      vertex -49.6648 30.853 0
      vertex -49.712 31.0659 0.299999
      vertex -49.712 31.0659 0
    endloop
  endfacet
  facet normal -0.976295 -0.216445 0
    outer loop
      vertex -49.712 31.0659 0.299999
      vertex -49.6648 30.853 0
      vertex -49.6648 30.853 0.299999
    endloop
  endfacet
  facet normal 0.976295 0.216445 0
    outer loop
      vertex -44.788 36.9341 0.299999
      vertex -44.8352 37.147 0
      vertex -44.8352 37.147 0.299999
    endloop
  endfacet
  facet normal 0.976295 0.216445 0
    outer loop
      vertex -44.8352 37.147 0
      vertex -44.788 36.9341 0.299999
      vertex -44.788 36.9341 0
    endloop
  endfacet
  facet normal 0.991423 0.130692 0
    outer loop
      vertex -44.7595 36.7179 0.299999
      vertex -44.788 36.9341 0
      vertex -44.788 36.9341 0.299999
    endloop
  endfacet
  facet normal 0.991423 0.130692 0
    outer loop
      vertex -44.788 36.9341 0
      vertex -44.7595 36.7179 0.299999
      vertex -44.7595 36.7179 0
    endloop
  endfacet
  facet normal 0.953693 0.30078 0
    outer loop
      vertex -44.8352 37.147 0.299999
      vertex -44.9008 37.355 0
      vertex -44.9008 37.355 0.299999
    endloop
  endfacet
  facet normal 0.953693 0.30078 0
    outer loop
      vertex -44.9008 37.355 0
      vertex -44.8352 37.147 0.299999
      vertex -44.8352 37.147 0
    endloop
  endfacet
  facet normal 0.843303 0.537439 0
    outer loop
      vertex -45.0849 37.75 0.299999
      vertex -45.2021 37.9339 0
      vertex -45.2021 37.9339 0.299999
    endloop
  endfacet
  facet normal 0.843303 0.537439 0
    outer loop
      vertex -45.2021 37.9339 0
      vertex -45.0849 37.75 0.299999
      vertex -45.0849 37.75 0
    endloop
  endfacet
  facet normal 0.537439 0.843303 -0
    outer loop
      vertex -45.8161 38.5479 0
      vertex -46 38.6651 0.299999
      vertex -45.8161 38.5479 0.299999
    endloop
  endfacet
  facet normal 0.537439 0.843303 0
    outer loop
      vertex -46 38.6651 0.299999
      vertex -45.8161 38.5479 0
      vertex -46 38.6651 0
    endloop
  endfacet
  facet normal -0.537439 0.843303 0
    outer loop
      vertex -48.5 38.6651 0
      vertex -48.6839 38.5479 0.299999
      vertex -48.5 38.6651 0.299999
    endloop
  endfacet
  facet normal -0.537439 0.843303 0
    outer loop
      vertex -48.6839 38.5479 0.299999
      vertex -48.5 38.6651 0
      vertex -48.6839 38.5479 0
    endloop
  endfacet
  facet normal -0.382433 0.923983 0
    outer loop
      vertex -48.105 38.8492 0
      vertex -48.3065 38.7658 0.299999
      vertex -48.105 38.8492 0.299999
    endloop
  endfacet
  facet normal -0.382433 0.923983 0
    outer loop
      vertex -48.3065 38.7658 0.299999
      vertex -48.105 38.8492 0
      vertex -48.3065 38.7658 0
    endloop
  endfacet
  facet normal -0.461641 0.887067 0
    outer loop
      vertex -48.3065 38.7658 0
      vertex -48.5 38.6651 0.299999
      vertex -48.3065 38.7658 0.299999
    endloop
  endfacet
  facet normal -0.461641 0.887067 0
    outer loop
      vertex -48.5 38.6651 0.299999
      vertex -48.3065 38.7658 0
      vertex -48.5 38.6651 0
    endloop
  endfacet
  facet normal -0.608691 0.793407 0
    outer loop
      vertex -48.6839 38.5479 0
      vertex -48.857 38.4151 0.299999
      vertex -48.6839 38.5479 0.299999
    endloop
  endfacet
  facet normal -0.608691 0.793407 0
    outer loop
      vertex -48.857 38.4151 0.299999
      vertex -48.6839 38.5479 0
      vertex -48.857 38.4151 0
    endloop
  endfacet
  facet normal -0.0435566 0.999051 0
    outer loop
      vertex -47.25 39 0
      vertex -47.4679 38.9905 0.299999
      vertex -47.25 39 0.299999
    endloop
  endfacet
  facet normal -0.0435566 0.999051 0
    outer loop
      vertex -47.4679 38.9905 0.299999
      vertex -47.25 39 0
      vertex -47.4679 38.9905 0
    endloop
  endfacet
  facet normal 0.30078 0.953693 -0
    outer loop
      vertex -46.395 38.8492 0
      vertex -46.603 38.9148 0.299999
      vertex -46.395 38.8492 0.299999
    endloop
  endfacet
  facet normal 0.30078 0.953693 0
    outer loop
      vertex -46.603 38.9148 0.299999
      vertex -46.395 38.8492 0
      vertex -46.603 38.9148 0
    endloop
  endfacet
  facet normal 0.887067 -0.461641 0
    outer loop
      vertex -45.0849 30.25 0.299999
      vertex -44.9842 30.4435 0
      vertex -44.9842 30.4435 0.299999
    endloop
  endfacet
  facet normal 0.887067 -0.461641 0
    outer loop
      vertex -44.9842 30.4435 0
      vertex -45.0849 30.25 0.299999
      vertex -45.0849 30.25 0
    endloop
  endfacet
  facet normal 0.953735 -0.300649 0
    outer loop
      vertex -44.9008 30.6449 0.299999
      vertex -44.8352 30.853 0
      vertex -44.8352 30.853 0.299999
    endloop
  endfacet
  facet normal 0.953735 -0.300649 0
    outer loop
      vertex -44.8352 30.853 0
      vertex -44.9008 30.6449 0.299999
      vertex -44.9008 30.6449 0
    endloop
  endfacet
  facet normal 0.0435566 -0.999051 0
    outer loop
      vertex -47.25 29 0
      vertex -47.0321 29.0095 0.299999
      vertex -47.25 29 0.299999
    endloop
  endfacet
  facet normal 0.0435566 -0.999051 0
    outer loop
      vertex -47.0321 29.0095 0.299999
      vertex -47.25 29 0
      vertex -47.0321 29.0095 0
    endloop
  endfacet
  facet normal 0.216445 -0.976295 0
    outer loop
      vertex -46.8159 29.038 0
      vertex -46.603 29.0852 0.299999
      vertex -46.8159 29.038 0.299999
    endloop
  endfacet
  facet normal 0.216445 -0.976295 0
    outer loop
      vertex -46.603 29.0852 0.299999
      vertex -46.8159 29.038 0
      vertex -46.603 29.0852 0
    endloop
  endfacet
  facet normal 0.130692 -0.991423 0
    outer loop
      vertex -47.0321 29.0095 0
      vertex -46.8159 29.038 0.299999
      vertex -47.0321 29.0095 0.299999
    endloop
  endfacet
  facet normal 0.130692 -0.991423 0
    outer loop
      vertex -46.8159 29.038 0.299999
      vertex -47.0321 29.0095 0
      vertex -46.8159 29.038 0
    endloop
  endfacet
  facet normal 0.30078 -0.953693 0
    outer loop
      vertex -46.603 29.0852 0
      vertex -46.395 29.1508 0.299999
      vertex -46.603 29.0852 0.299999
    endloop
  endfacet
  facet normal 0.30078 -0.953693 0
    outer loop
      vertex -46.395 29.1508 0.299999
      vertex -46.603 29.0852 0
      vertex -46.395 29.1508 0
    endloop
  endfacet
  facet normal 0.382433 -0.923983 0
    outer loop
      vertex -46.395 29.1508 0
      vertex -46.1935 29.2342 0.299999
      vertex -46.395 29.1508 0.299999
    endloop
  endfacet
  facet normal 0.382433 -0.923983 0
    outer loop
      vertex -46.1935 29.2342 0.299999
      vertex -46.395 29.1508 0
      vertex -46.1935 29.2342 0
    endloop
  endfacet
  facet normal 0.737383 -0.675475 0
    outer loop
      vertex -45.4822 29.7322 0.299999
      vertex -45.3349 29.893 0
      vertex -45.3349 29.893 0.299999
    endloop
  endfacet
  facet normal 0.737383 -0.675475 0
    outer loop
      vertex -45.3349 29.893 0
      vertex -45.4822 29.7322 0.299999
      vertex -45.4822 29.7322 0
    endloop
  endfacet
  facet normal 0.608691 -0.793407 0
    outer loop
      vertex -45.8161 29.4521 0
      vertex -45.643 29.5849 0.299999
      vertex -45.8161 29.4521 0.299999
    endloop
  endfacet
  facet normal 0.608691 -0.793407 0
    outer loop
      vertex -45.643 29.5849 0.299999
      vertex -45.8161 29.4521 0
      vertex -45.643 29.5849 0
    endloop
  endfacet
  facet normal 0.675475 -0.737383 0
    outer loop
      vertex -45.643 29.5849 0
      vertex -45.4822 29.7322 0.299999
      vertex -45.643 29.5849 0.299999
    endloop
  endfacet
  facet normal 0.675475 -0.737383 0
    outer loop
      vertex -45.4822 29.7322 0.299999
      vertex -45.643 29.5849 0
      vertex -45.4822 29.7322 0
    endloop
  endfacet
  facet normal -0.382433 -0.923983 0
    outer loop
      vertex -48.3065 29.2342 0
      vertex -48.105 29.1508 0.299999
      vertex -48.3065 29.2342 0.299999
    endloop
  endfacet
  facet normal -0.382433 -0.923983 -0
    outer loop
      vertex -48.105 29.1508 0.299999
      vertex -48.3065 29.2342 0
      vertex -48.105 29.1508 0
    endloop
  endfacet
  facet normal -0.843303 -0.537439 0
    outer loop
      vertex -49.2979 30.0661 0
      vertex -49.4151 30.25 0.299999
      vertex -49.4151 30.25 0
    endloop
  endfacet
  facet normal -0.843303 -0.537439 0
    outer loop
      vertex -49.4151 30.25 0.299999
      vertex -49.2979 30.0661 0
      vertex -49.2979 30.0661 0.299999
    endloop
  endfacet
  facet normal -0.887067 -0.461641 0
    outer loop
      vertex -49.4151 30.25 0
      vertex -49.5158 30.4435 0.299999
      vertex -49.5158 30.4435 0
    endloop
  endfacet
  facet normal -0.887067 -0.461641 0
    outer loop
      vertex -49.5158 30.4435 0.299999
      vertex -49.4151 30.25 0
      vertex -49.4151 30.25 0.299999
    endloop
  endfacet
  facet normal -0.793407 -0.608691 0
    outer loop
      vertex -49.1651 29.893 0
      vertex -49.2979 30.0661 0.299999
      vertex -49.2979 30.0661 0
    endloop
  endfacet
  facet normal -0.793407 -0.608691 0
    outer loop
      vertex -49.2979 30.0661 0.299999
      vertex -49.1651 29.893 0
      vertex -49.1651 29.893 0.299999
    endloop
  endfacet
  facet normal -0.953735 -0.300649 0
    outer loop
      vertex -49.5992 30.6449 0
      vertex -49.6648 30.853 0.299999
      vertex -49.6648 30.853 0
    endloop
  endfacet
  facet normal -0.953735 -0.300649 0
    outer loop
      vertex -49.6648 30.853 0.299999
      vertex -49.5992 30.6449 0
      vertex -49.5992 30.6449 0.299999
    endloop
  endfacet
  facet normal -0.923916 -0.382595 0
    outer loop
      vertex -49.5158 30.4435 0
      vertex -49.5992 30.6449 0.299999
      vertex -49.5992 30.6449 0
    endloop
  endfacet
  facet normal -0.923916 -0.382595 0
    outer loop
      vertex -49.5992 30.6449 0.299999
      vertex -49.5158 30.4435 0
      vertex -49.5158 30.4435 0.299999
    endloop
  endfacet
  facet normal 0.675475 0.737383 -0
    outer loop
      vertex -45.4822 38.2678 0
      vertex -45.643 38.4151 0.299999
      vertex -45.4822 38.2678 0.299999
    endloop
  endfacet
  facet normal 0.675475 0.737383 0
    outer loop
      vertex -45.643 38.4151 0.299999
      vertex -45.4822 38.2678 0
      vertex -45.643 38.4151 0
    endloop
  endfacet
  facet normal -0.0435566 -0.999051 0
    outer loop
      vertex -47.4679 29.0095 0
      vertex -47.25 29 0.299999
      vertex -47.4679 29.0095 0.299999
    endloop
  endfacet
  facet normal -0.0435566 -0.999051 -0
    outer loop
      vertex -47.25 29 0.299999
      vertex -47.4679 29.0095 0
      vertex -47.25 29 0
    endloop
  endfacet
  facet normal 0.537439 -0.843303 0
    outer loop
      vertex -46 29.3349 0
      vertex -45.8161 29.4521 0.299999
      vertex -46 29.3349 0.299999
    endloop
  endfacet
  facet normal 0.537439 -0.843303 0
    outer loop
      vertex -45.8161 29.4521 0.299999
      vertex -46 29.3349 0
      vertex -45.8161 29.4521 0
    endloop
  endfacet
  facet normal -0.537439 -0.843303 0
    outer loop
      vertex -48.6839 29.4521 0
      vertex -48.5 29.3349 0.299999
      vertex -48.6839 29.4521 0.299999
    endloop
  endfacet
  facet normal -0.537439 -0.843303 -0
    outer loop
      vertex -48.5 29.3349 0.299999
      vertex -48.6839 29.4521 0
      vertex -48.5 29.3349 0
    endloop
  endfacet
  facet normal 0 0 -1
    outer loop
      vertex 44.75 31.5 0
      vertex 49.75 31.5 0
      vertex 49.7405 31.2821 0
    endloop
  endfacet
  facet normal 0 0 -1
    outer loop
      vertex 49.75 31.5 0
      vertex 44.75 31.5 0
      vertex 49.75 36.5 0
    endloop
  endfacet
  facet normal 0 0 -1
    outer loop
      vertex 44.75 31.5 0
      vertex 49.7405 31.2821 0
      vertex 49.712 31.0659 0
    endloop
  endfacet
  facet normal 0 0 -1
    outer loop
      vertex 44.75 36.5 0
      vertex 49.75 36.5 0
      vertex 44.75 31.5 0
    endloop
  endfacet
  facet normal 0 0 -1
    outer loop
      vertex 44.75 31.5 0
      vertex 49.712 31.0659 0
      vertex 49.6648 30.853 0
    endloop
  endfacet
  facet normal 0 0 -1
    outer loop
      vertex 49.75 36.5 0
      vertex 44.75 36.5 0
      vertex 49.7405 36.7179 0
    endloop
  endfacet
  facet normal 0 0 -1
    outer loop
      vertex 44.75 31.5 0
      vertex 49.6648 30.853 0
      vertex 49.5992 30.6449 0
    endloop
  endfacet
  facet normal -0 0 -1
    outer loop
      vertex 49.7405 36.7179 0
      vertex 44.75 36.5 0
      vertex 49.712 36.9341 0
    endloop
  endfacet
  facet normal 0 0 -1
    outer loop
      vertex 44.75 31.5 0
      vertex 49.5992 30.6449 0
      vertex 49.5158 30.4435 0
    endloop
  endfacet
  facet normal -0 0 -1
    outer loop
      vertex 49.712 36.9341 0
      vertex 44.75 36.5 0
      vertex 49.6648 37.147 0
    endloop
  endfacet
  facet normal 0 0 -1
    outer loop
      vertex 44.75 31.5 0
      vertex 49.5158 30.4435 0
      vertex 49.4151 30.25 0
    endloop
  endfacet
  facet normal -0 0 -1
    outer loop
      vertex 49.6648 37.147 0
      vertex 44.75 36.5 0
      vertex 49.5992 37.355 0
    endloop
  endfacet
  facet normal 0 0 -1
    outer loop
      vertex 44.75 31.5 0
      vertex 49.4151 30.25 0
      vertex 49.2979 30.0661 0
    endloop
  endfacet
  facet normal -0 0 -1
    outer loop
      vertex 49.5992 37.355 0
      vertex 44.75 36.5 0
      vertex 49.5158 37.5565 0
    endloop
  endfacet
  facet normal 0 0 -1
    outer loop
      vertex 44.75 31.5 0
      vertex 49.2979 30.0661 0
      vertex 49.1651 29.893 0
    endloop
  endfacet
  facet normal -0 0 -1
    outer loop
      vertex 49.5158 37.5565 0
      vertex 44.75 36.5 0
      vertex 49.4151 37.75 0
    endloop
  endfacet
  facet normal 0 0 -1
    outer loop
      vertex 44.75 31.5 0
      vertex 49.1651 29.893 0
      vertex 49.0178 29.7322 0
    endloop
  endfacet
  facet normal -0 0 -1
    outer loop
      vertex 49.4151 37.75 0
      vertex 44.75 36.5 0
      vertex 49.2979 37.9339 0
    endloop
  endfacet
  facet normal 0 0 -1
    outer loop
      vertex 44.75 31.5 0
      vertex 49.0178 29.7322 0
      vertex 48.857 29.5849 0
    endloop
  endfacet
  facet normal -0 0 -1
    outer loop
      vertex 49.2979 37.9339 0
      vertex 44.75 36.5 0
      vertex 49.1651 38.107 0
    endloop
  endfacet
  facet normal 0 0 -1
    outer loop
      vertex 44.75 31.5 0
      vertex 48.857 29.5849 0
      vertex 48.6839 29.4521 0
    endloop
  endfacet
  facet normal -0 0 -1
    outer loop
      vertex 49.1651 38.107 0
      vertex 44.75 36.5 0
      vertex 49.0178 38.2678 0
    endloop
  endfacet
  facet normal 0 0 -1
    outer loop
      vertex 44.75 31.5 0
      vertex 48.6839 29.4521 0
      vertex 48.5 29.3349 0
    endloop
  endfacet
  facet normal -0 0 -1
    outer loop
      vertex 49.0178 38.2678 0
      vertex 44.75 36.5 0
      vertex 48.857 38.4151 0
    endloop
  endfacet
  facet normal 0 0 -1
    outer loop
      vertex 44.75 31.5 0
      vertex 48.5 29.3349 0
      vertex 48.3065 29.2342 0
    endloop
  endfacet
  facet normal -0 0 -1
    outer loop
      vertex 48.857 38.4151 0
      vertex 44.75 36.5 0
      vertex 48.6839 38.5479 0
    endloop
  endfacet
  facet normal 0 0 -1
    outer loop
      vertex 44.75 31.5 0
      vertex 48.3065 29.2342 0
      vertex 48.105 29.1508 0
    endloop
  endfacet
  facet normal -0 0 -1
    outer loop
      vertex 48.6839 38.5479 0
      vertex 44.75 36.5 0
      vertex 48.5 38.6651 0
    endloop
  endfacet
  facet normal 0 0 -1
    outer loop
      vertex 44.75 31.5 0
      vertex 48.105 29.1508 0
      vertex 47.897 29.0852 0
    endloop
  endfacet
  facet normal -0 0 -1
    outer loop
      vertex 48.5 38.6651 0
      vertex 44.75 36.5 0
      vertex 48.3065 38.7658 0
    endloop
  endfacet
  facet normal 0 0 -1
    outer loop
      vertex 44.75 31.5 0
      vertex 47.897 29.0852 0
      vertex 47.6841 29.038 0
    endloop
  endfacet
  facet normal -0 0 -1
    outer loop
      vertex 48.3065 38.7658 0
      vertex 44.75 36.5 0
      vertex 48.105 38.8492 0
    endloop
  endfacet
  facet normal 0 0 -1
    outer loop
      vertex 44.75 31.5 0
      vertex 47.6841 29.038 0
      vertex 47.4679 29.0095 0
    endloop
  endfacet
  facet normal -0 0 -1
    outer loop
      vertex 48.105 38.8492 0
      vertex 44.75 36.5 0
      vertex 47.897 38.9148 0
    endloop
  endfacet
  facet normal 0 0 -1
    outer loop
      vertex 44.75 31.5 0
      vertex 47.4679 29.0095 0
      vertex 47.25 29 0
    endloop
  endfacet
  facet normal -0 0 -1
    outer loop
      vertex 47.897 38.9148 0
      vertex 44.75 36.5 0
      vertex 47.6841 38.962 0
    endloop
  endfacet
  facet normal 0 0 -1
    outer loop
      vertex 44.75 31.5 0
      vertex 47.25 29 0
      vertex 47.0321 29.0095 0
    endloop
  endfacet
  facet normal -0 0 -1
    outer loop
      vertex 47.6841 38.962 0
      vertex 44.75 36.5 0
      vertex 47.4679 38.9905 0
    endloop
  endfacet
  facet normal 0 0 -1
    outer loop
      vertex 44.75 31.5 0
      vertex 47.0321 29.0095 0
      vertex 46.8159 29.038 0
    endloop
  endfacet
  facet normal -0 0 -1
    outer loop
      vertex 47.4679 38.9905 0
      vertex 44.75 36.5 0
      vertex 47.25 39 0
    endloop
  endfacet
  facet normal 0 0 -1
    outer loop
      vertex 44.75 31.5 0
      vertex 46.8159 29.038 0
      vertex 46.603 29.0852 0
    endloop
  endfacet
  facet normal 0 0 -1
    outer loop
      vertex 47.25 39 0
      vertex 44.75 36.5 0
      vertex 47.0321 38.9905 0
    endloop
  endfacet
  facet normal 0 0 -1
    outer loop
      vertex 44.75 31.5 0
      vertex 46.603 29.0852 0
      vertex 46.395 29.1508 0
    endloop
  endfacet
  facet normal 0 0 -1
    outer loop
      vertex 47.0321 38.9905 0
      vertex 44.75 36.5 0
      vertex 46.8159 38.962 0
    endloop
  endfacet
  facet normal 0 0 -1
    outer loop
      vertex 44.75 31.5 0
      vertex 46.395 29.1508 0
      vertex 46.1935 29.2342 0
    endloop
  endfacet
  facet normal 0 0 -1
    outer loop
      vertex 46.8159 38.962 0
      vertex 44.75 36.5 0
      vertex 46.603 38.9148 0
    endloop
  endfacet
  facet normal 0 0 -1
    outer loop
      vertex 44.75 31.5 0
      vertex 46.1935 29.2342 0
      vertex 46 29.3349 0
    endloop
  endfacet
  facet normal 0 0 -1
    outer loop
      vertex 46.603 38.9148 0
      vertex 44.75 36.5 0
      vertex 46.395 38.8492 0
    endloop
  endfacet
  facet normal 0 0 -1
    outer loop
      vertex 44.75 31.5 0
      vertex 46 29.3349 0
      vertex 45.8161 29.4521 0
    endloop
  endfacet
  facet normal 0 0 -1
    outer loop
      vertex 46.395 38.8492 0
      vertex 44.75 36.5 0
      vertex 46.1935 38.7658 0
    endloop
  endfacet
  facet normal 0 0 -1
    outer loop
      vertex 44.75 31.5 0
      vertex 45.8161 29.4521 0
      vertex 45.643 29.5849 0
    endloop
  endfacet
  facet normal 0 0 -1
    outer loop
      vertex 46.1935 38.7658 0
      vertex 44.75 36.5 0
      vertex 46 38.6651 0
    endloop
  endfacet
  facet normal 0 0 -1
    outer loop
      vertex 44.75 31.5 0
      vertex 45.643 29.5849 0
      vertex 45.4822 29.7322 0
    endloop
  endfacet
  facet normal 0 0 -1
    outer loop
      vertex 46 38.6651 0
      vertex 44.75 36.5 0
      vertex 45.8161 38.5479 0
    endloop
  endfacet
  facet normal 0 0 -1
    outer loop
      vertex 44.75 31.5 0
      vertex 45.4822 29.7322 0
      vertex 45.3349 29.893 0
    endloop
  endfacet
  facet normal 0 0 -1
    outer loop
      vertex 45.8161 38.5479 0
      vertex 44.75 36.5 0
      vertex 45.643 38.4151 0
    endloop
  endfacet
  facet normal 0 0 -1
    outer loop
      vertex 44.75 31.5 0
      vertex 45.3349 29.893 0
      vertex 45.2021 30.0661 0
    endloop
  endfacet
  facet normal 0 0 -1
    outer loop
      vertex 45.643 38.4151 0
      vertex 44.75 36.5 0
      vertex 45.4822 38.2678 0
    endloop
  endfacet
  facet normal 0 0 -1
    outer loop
      vertex 44.75 31.5 0
      vertex 45.2021 30.0661 0
      vertex 45.0849 30.25 0
    endloop
  endfacet
  facet normal 0 0 -1
    outer loop
      vertex 45.4822 38.2678 0
      vertex 44.75 36.5 0
      vertex 45.3349 38.107 0
    endloop
  endfacet
  facet normal 0 0 -1
    outer loop
      vertex 44.75 31.5 0
      vertex 45.0849 30.25 0
      vertex 44.9842 30.4435 0
    endloop
  endfacet
  facet normal 0 0 -1
    outer loop
      vertex 45.3349 38.107 0
      vertex 44.75 36.5 0
      vertex 45.2021 37.9339 0
    endloop
  endfacet
  facet normal 0 0 -1
    outer loop
      vertex 44.75 31.5 0
      vertex 44.9842 30.4435 0
      vertex 44.9008 30.6449 0
    endloop
  endfacet
  facet normal 0 0 -1
    outer loop
      vertex 45.2021 37.9339 0
      vertex 44.75 36.5 0
      vertex 45.0849 37.75 0
    endloop
  endfacet
  facet normal 0 0 -1
    outer loop
      vertex 44.75 31.5 0
      vertex 44.9008 30.6449 0
      vertex 44.8352 30.853 0
    endloop
  endfacet
  facet normal 0 0 -1
    outer loop
      vertex 45.0849 37.75 0
      vertex 44.75 36.5 0
      vertex 44.9842 37.5565 0
    endloop
  endfacet
  facet normal 0 0 -1
    outer loop
      vertex 44.75 31.5 0
      vertex 44.8352 30.853 0
      vertex 44.788 31.0659 0
    endloop
  endfacet
  facet normal 0 0 -1
    outer loop
      vertex 44.9842 37.5565 0
      vertex 44.75 36.5 0
      vertex 44.9008 37.355 0
    endloop
  endfacet
  facet normal 0 0 -1
    outer loop
      vertex 44.75 31.5 0
      vertex 44.788 31.0659 0
      vertex 44.7595 31.2821 0
    endloop
  endfacet
  facet normal 0 0 -1
    outer loop
      vertex 44.9008 37.355 0
      vertex 44.75 36.5 0
      vertex 44.8352 37.147 0
    endloop
  endfacet
  facet normal 0 0 -1
    outer loop
      vertex 44.8352 37.147 0
      vertex 44.75 36.5 0
      vertex 44.788 36.9341 0
    endloop
  endfacet
  facet normal 0 0 -1
    outer loop
      vertex 44.788 36.9341 0
      vertex 44.75 36.5 0
      vertex 44.7595 36.7179 0
    endloop
  endfacet
  facet normal -0.991423 -0.130692 0
    outer loop
      vertex 44.788 31.0659 0
      vertex 44.7595 31.2821 0.299999
      vertex 44.7595 31.2821 0
    endloop
  endfacet
  facet normal -0.991423 -0.130692 0
    outer loop
      vertex 44.7595 31.2821 0.299999
      vertex 44.788 31.0659 0
      vertex 44.788 31.0659 0.299999
    endloop
  endfacet
  facet normal -1 0 0
    outer loop
      vertex 44.75 36.5 0
      vertex 44.75 35.4716 0.299999
      vertex 44.75 36.5 0.299999
    endloop
  endfacet
  facet normal -1 0 0
    outer loop
      vertex 44.75 35.4716 0.299999
      vertex 44.75 32.981 0.299999
      vertex 44.75 35.4716 1.5
    endloop
  endfacet
  facet normal -1 0 0
    outer loop
      vertex 44.75 36.5 0
      vertex 44.75 32.981 0.299999
      vertex 44.75 35.4716 0.299999
    endloop
  endfacet
  facet normal -1 0 0
    outer loop
      vertex 44.75 31.5 0
      vertex 44.75 32.981 0.299999
      vertex 44.75 36.5 0
    endloop
  endfacet
  facet normal -1 -0 0
    outer loop
      vertex 44.75 32.981 0.299999
      vertex 44.75 31.5 0
      vertex 44.75 31.5 0.299999
    endloop
  endfacet
  facet normal -1 -0 0
    outer loop
      vertex 44.75 35.4716 1.5
      vertex 44.75 32.981 0.299999
      vertex 44.75 32.981 1.5
    endloop
  endfacet
  facet normal 0.999051 0.0435566 0
    outer loop
      vertex 49.75 36.5 0.299999
      vertex 49.7405 36.7179 0
      vertex 49.7405 36.7179 0.299999
    endloop
  endfacet
  facet normal 0.999051 0.0435566 0
    outer loop
      vertex 49.7405 36.7179 0
      vertex 49.75 36.5 0.299999
      vertex 49.75 36.5 0
    endloop
  endfacet
  facet normal -0.999051 -0.0435566 0
    outer loop
      vertex 44.7595 31.2821 0
      vertex 44.75 31.5 0.299999
      vertex 44.75 31.5 0
    endloop
  endfacet
  facet normal -0.999051 -0.0435566 0
    outer loop
      vertex 44.75 31.5 0.299999
      vertex 44.7595 31.2821 0
      vertex 44.7595 31.2821 0.299999
    endloop
  endfacet
  facet normal -0.675475 0.737383 0
    outer loop
      vertex 45.643 38.4151 0
      vertex 45.4822 38.2678 0.299999
      vertex 45.643 38.4151 0.299999
    endloop
  endfacet
  facet normal -0.675475 0.737383 0
    outer loop
      vertex 45.4822 38.2678 0.299999
      vertex 45.643 38.4151 0
      vertex 45.4822 38.2678 0
    endloop
  endfacet
  facet normal -0.991423 0.130692 0
    outer loop
      vertex 44.7595 36.7179 0
      vertex 44.788 36.9341 0.299999
      vertex 44.788 36.9341 0
    endloop
  endfacet
  facet normal -0.991423 0.130692 0
    outer loop
      vertex 44.788 36.9341 0.299999
      vertex 44.7595 36.7179 0
      vertex 44.7595 36.7179 0.299999
    endloop
  endfacet
  facet normal 0.382433 0.923983 -0
    outer loop
      vertex 48.3065 38.7658 0
      vertex 48.105 38.8492 0.299999
      vertex 48.3065 38.7658 0.299999
    endloop
  endfacet
  facet normal 0.382433 0.923983 0
    outer loop
      vertex 48.105 38.8492 0.299999
      vertex 48.3065 38.7658 0
      vertex 48.105 38.8492 0
    endloop
  endfacet
  facet normal -0.999051 0.0435566 0
    outer loop
      vertex 44.75 36.5 0
      vertex 44.7595 36.7179 0.299999
      vertex 44.7595 36.7179 0
    endloop
  endfacet
  facet normal -0.999051 0.0435566 0
    outer loop
      vertex 44.7595 36.7179 0.299999
      vertex 44.75 36.5 0
      vertex 44.75 36.5 0.299999
    endloop
  endfacet
  facet normal 0 0 1
    outer loop
      vertex 44.75 35.4716 1.5
      vertex 46 35.7678 1.5
      vertex 44.8975 35.7678 1.5
    endloop
  endfacet
  facet normal 0 0 1
    outer loop
      vertex 46 35.7678 1.5
      vertex 44.75 35.4716 1.5
      vertex 46 32.981 1.5
    endloop
  endfacet
  facet normal 0 0 1
    outer loop
      vertex 46 32.981 1.5
      vertex 44.75 35.4716 1.5
      vertex 44.75 32.981 1.5
    endloop
  endfacet
  facet normal 0.991423 -0.130692 0
    outer loop
      vertex 49.712 31.0659 0.299999
      vertex 49.7405 31.2821 0
      vertex 49.7405 31.2821 0.299999
    endloop
  endfacet
  facet normal 0.991423 -0.130692 0
    outer loop
      vertex 49.7405 31.2821 0
      vertex 49.712 31.0659 0.299999
      vertex 49.712 31.0659 0
    endloop
  endfacet
  facet normal 0.999051 -0.0435566 0
    outer loop
      vertex 49.7405 31.2821 0.299999
      vertex 49.75 31.5 0
      vertex 49.75 31.5 0.299999
    endloop
  endfacet
  facet normal 0.999051 -0.0435566 0
    outer loop
      vertex 49.75 31.5 0
      vertex 49.7405 31.2821 0.299999
      vertex 49.7405 31.2821 0
    endloop
  endfacet
  facet normal 0.793407 0.608691 0
    outer loop
      vertex 49.2979 37.9339 0.299999
      vertex 49.1651 38.107 0
      vertex 49.1651 38.107 0.299999
    endloop
  endfacet
  facet normal 0.793407 0.608691 0
    outer loop
      vertex 49.1651 38.107 0
      vertex 49.2979 37.9339 0.299999
      vertex 49.2979 37.9339 0
    endloop
  endfacet
  facet normal -0.130692 0.991423 0
    outer loop
      vertex 47.0321 38.9905 0
      vertex 46.8159 38.962 0.299999
      vertex 47.0321 38.9905 0.299999
    endloop
  endfacet
  facet normal -0.130692 0.991423 0
    outer loop
      vertex 46.8159 38.962 0.299999
      vertex 47.0321 38.9905 0
      vertex 46.8159 38.962 0
    endloop
  endfacet
  facet normal 0.130692 0.991423 -0
    outer loop
      vertex 47.6841 38.962 0
      vertex 47.4679 38.9905 0.299999
      vertex 47.6841 38.962 0.299999
    endloop
  endfacet
  facet normal 0.130692 0.991423 0
    outer loop
      vertex 47.4679 38.9905 0.299999
      vertex 47.6841 38.962 0
      vertex 47.4679 38.9905 0
    endloop
  endfacet
  facet normal -0.887067 0.461641 0
    outer loop
      vertex 44.9842 37.5565 0
      vertex 45.0849 37.75 0.299999
      vertex 45.0849 37.75 0
    endloop
  endfacet
  facet normal -0.887067 0.461641 0
    outer loop
      vertex 45.0849 37.75 0.299999
      vertex 44.9842 37.5565 0
      vertex 44.9842 37.5565 0.299999
    endloop
  endfacet
  facet normal 0.793407 -0.608691 0
    outer loop
      vertex 49.1651 29.893 0.299999
      vertex 49.2979 30.0661 0
      vertex 49.2979 30.0661 0.299999
    endloop
  endfacet
  facet normal 0.793407 -0.608691 0
    outer loop
      vertex 49.2979 30.0661 0
      vertex 49.1651 29.893 0.299999
      vertex 49.1651 29.893 0
    endloop
  endfacet
  facet normal 1 -0 0
    outer loop
      vertex 49.75 31.5 0.299999
      vertex 49.75 36.5 0
      vertex 49.75 36.5 0.299999
    endloop
  endfacet
  facet normal 1 0 0
    outer loop
      vertex 49.75 36.5 0
      vertex 49.75 31.5 0.299999
      vertex 49.75 31.5 0
    endloop
  endfacet
  facet normal 0.923983 0.382433 0
    outer loop
      vertex 49.5992 37.355 0.299999
      vertex 49.5158 37.5565 0
      vertex 49.5158 37.5565 0.299999
    endloop
  endfacet
  facet normal 0.923983 0.382433 0
    outer loop
      vertex 49.5158 37.5565 0
      vertex 49.5992 37.355 0.299999
      vertex 49.5992 37.355 0
    endloop
  endfacet
  facet normal 0.887067 0.461641 0
    outer loop
      vertex 49.5158 37.5565 0.299999
      vertex 49.4151 37.75 0
      vertex 49.4151 37.75 0.299999
    endloop
  endfacet
  facet normal 0.887067 0.461641 0
    outer loop
      vertex 49.4151 37.75 0
      vertex 49.5158 37.5565 0.299999
      vertex 49.5158 37.5565 0
    endloop
  endfacet
  facet normal 0.608691 0.793407 -0
    outer loop
      vertex 48.857 38.4151 0
      vertex 48.6839 38.5479 0.299999
      vertex 48.857 38.4151 0.299999
    endloop
  endfacet
  facet normal 0.608691 0.793407 0
    outer loop
      vertex 48.6839 38.5479 0.299999
      vertex 48.857 38.4151 0
      vertex 48.6839 38.5479 0
    endloop
  endfacet
  facet normal 0.537439 0.843303 -0
    outer loop
      vertex 48.6839 38.5479 0
      vertex 48.5 38.6651 0.299999
      vertex 48.6839 38.5479 0.299999
    endloop
  endfacet
  facet normal 0.537439 0.843303 0
    outer loop
      vertex 48.5 38.6651 0.299999
      vertex 48.6839 38.5479 0
      vertex 48.5 38.6651 0
    endloop
  endfacet
  facet normal 0.737383 0.675475 0
    outer loop
      vertex 49.1651 38.107 0.299999
      vertex 49.0178 38.2678 0
      vertex 49.0178 38.2678 0.299999
    endloop
  endfacet
  facet normal 0.737383 0.675475 0
    outer loop
      vertex 49.0178 38.2678 0
      vertex 49.1651 38.107 0.299999
      vertex 49.1651 38.107 0
    endloop
  endfacet
  facet normal -0.382433 0.923983 0
    outer loop
      vertex 46.395 38.8492 0
      vertex 46.1935 38.7658 0.299999
      vertex 46.395 38.8492 0.299999
    endloop
  endfacet
  facet normal -0.382433 0.923983 0
    outer loop
      vertex 46.1935 38.7658 0.299999
      vertex 46.395 38.8492 0
      vertex 46.1935 38.7658 0
    endloop
  endfacet
  facet normal -0.216445 0.976295 0
    outer loop
      vertex 46.8159 38.962 0
      vertex 46.603 38.9148 0.299999
      vertex 46.8159 38.962 0.299999
    endloop
  endfacet
  facet normal -0.216445 0.976295 0
    outer loop
      vertex 46.603 38.9148 0.299999
      vertex 46.8159 38.962 0
      vertex 46.603 38.9148 0
    endloop
  endfacet
  facet normal 0.0435566 0.999051 -0
    outer loop
      vertex 47.4679 38.9905 0
      vertex 47.25 39 0.299999
      vertex 47.4679 38.9905 0.299999
    endloop
  endfacet
  facet normal 0.0435566 0.999051 0
    outer loop
      vertex 47.25 39 0.299999
      vertex 47.4679 38.9905 0
      vertex 47.25 39 0
    endloop
  endfacet
  facet normal 0.216445 0.976295 -0
    outer loop
      vertex 47.897 38.9148 0
      vertex 47.6841 38.962 0.299999
      vertex 47.897 38.9148 0.299999
    endloop
  endfacet
  facet normal 0.216445 0.976295 0
    outer loop
      vertex 47.6841 38.962 0.299999
      vertex 47.897 38.9148 0
      vertex 47.6841 38.962 0
    endloop
  endfacet
  facet normal -0.793407 0.608691 0
    outer loop
      vertex 45.2021 37.9339 0
      vertex 45.3349 38.107 0.299999
      vertex 45.3349 38.107 0
    endloop
  endfacet
  facet normal -0.793407 0.608691 0
    outer loop
      vertex 45.3349 38.107 0.299999
      vertex 45.2021 37.9339 0
      vertex 45.2021 37.9339 0.299999
    endloop
  endfacet
  facet normal -0.737383 0.675475 0
    outer loop
      vertex 45.3349 38.107 0
      vertex 45.4822 38.2678 0.299999
      vertex 45.4822 38.2678 0
    endloop
  endfacet
  facet normal -0.737383 0.675475 0
    outer loop
      vertex 45.4822 38.2678 0.299999
      vertex 45.3349 38.107 0
      vertex 45.3349 38.107 0.299999
    endloop
  endfacet
  facet normal -0.843303 0.537439 0
    outer loop
      vertex 45.0849 37.75 0
      vertex 45.2021 37.9339 0.299999
      vertex 45.2021 37.9339 0
    endloop
  endfacet
  facet normal -0.843303 0.537439 0
    outer loop
      vertex 45.2021 37.9339 0.299999
      vertex 45.0849 37.75 0
      vertex 45.0849 37.75 0.299999
    endloop
  endfacet
  facet normal -0.953693 0.30078 0
    outer loop
      vertex 44.8352 37.147 0
      vertex 44.9008 37.355 0.299999
      vertex 44.9008 37.355 0
    endloop
  endfacet
  facet normal -0.953693 0.30078 0
    outer loop
      vertex 44.9008 37.355 0.299999
      vertex 44.8352 37.147 0
      vertex 44.8352 37.147 0.299999
    endloop
  endfacet
  facet normal -0.976295 0.216445 0
    outer loop
      vertex 44.788 36.9341 0
      vertex 44.8352 37.147 0.299999
      vertex 44.8352 37.147 0
    endloop
  endfacet
  facet normal -0.976295 0.216445 0
    outer loop
      vertex 44.8352 37.147 0.299999
      vertex 44.788 36.9341 0
      vertex 44.788 36.9341 0.299999
    endloop
  endfacet
  facet normal -0.923983 0.382433 0
    outer loop
      vertex 44.9008 37.355 0
      vertex 44.9842 37.5565 0.299999
      vertex 44.9842 37.5565 0
    endloop
  endfacet
  facet normal -0.923983 0.382433 0
    outer loop
      vertex 44.9842 37.5565 0.299999
      vertex 44.9008 37.355 0
      vertex 44.9008 37.355 0.299999
    endloop
  endfacet
  facet normal 0.843303 -0.537439 0
    outer loop
      vertex 49.2979 30.0661 0.299999
      vertex 49.4151 30.25 0
      vertex 49.4151 30.25 0.299999
    endloop
  endfacet
  facet normal 0.843303 -0.537439 0
    outer loop
      vertex 49.4151 30.25 0
      vertex 49.2979 30.0661 0.299999
      vertex 49.2979 30.0661 0
    endloop
  endfacet
  facet normal 0.976295 -0.216445 0
    outer loop
      vertex 49.6648 30.853 0.299999
      vertex 49.712 31.0659 0
      vertex 49.712 31.0659 0.299999
    endloop
  endfacet
  facet normal 0.976295 -0.216445 0
    outer loop
      vertex 49.712 31.0659 0
      vertex 49.6648 30.853 0.299999
      vertex 49.6648 30.853 0
    endloop
  endfacet
  facet normal 0.923916 -0.382595 0
    outer loop
      vertex 49.5158 30.4435 0.299999
      vertex 49.5992 30.6449 0
      vertex 49.5992 30.6449 0.299999
    endloop
  endfacet
  facet normal 0.923916 -0.382595 0
    outer loop
      vertex 49.5992 30.6449 0
      vertex 49.5158 30.4435 0.299999
      vertex 49.5158 30.4435 0
    endloop
  endfacet
  facet normal -0.130692 -0.991423 0
    outer loop
      vertex 46.8159 29.038 0
      vertex 47.0321 29.0095 0.299999
      vertex 46.8159 29.038 0.299999
    endloop
  endfacet
  facet normal -0.130692 -0.991423 -0
    outer loop
      vertex 47.0321 29.0095 0.299999
      vertex 46.8159 29.038 0
      vertex 47.0321 29.0095 0
    endloop
  endfacet
  facet normal -0.216445 -0.976295 0
    outer loop
      vertex 46.603 29.0852 0
      vertex 46.8159 29.038 0.299999
      vertex 46.603 29.0852 0.299999
    endloop
  endfacet
  facet normal -0.216445 -0.976295 -0
    outer loop
      vertex 46.8159 29.038 0.299999
      vertex 46.603 29.0852 0
      vertex 46.8159 29.038 0
    endloop
  endfacet
  facet normal -0.461641 -0.887067 0
    outer loop
      vertex 46 29.3349 0
      vertex 46.1935 29.2342 0.299999
      vertex 46 29.3349 0.299999
    endloop
  endfacet
  facet normal -0.461641 -0.887067 -0
    outer loop
      vertex 46.1935 29.2342 0.299999
      vertex 46 29.3349 0
      vertex 46.1935 29.2342 0
    endloop
  endfacet
  facet normal -0.737383 -0.675475 0
    outer loop
      vertex 45.4822 29.7322 0
      vertex 45.3349 29.893 0.299999
      vertex 45.3349 29.893 0
    endloop
  endfacet
  facet normal -0.737383 -0.675475 0
    outer loop
      vertex 45.3349 29.893 0.299999
      vertex 45.4822 29.7322 0
      vertex 45.4822 29.7322 0.299999
    endloop
  endfacet
  facet normal -0.976295 -0.216445 0
    outer loop
      vertex 44.8352 30.853 0
      vertex 44.788 31.0659 0.299999
      vertex 44.788 31.0659 0
    endloop
  endfacet
  facet normal -0.976295 -0.216445 0
    outer loop
      vertex 44.788 31.0659 0.299999
      vertex 44.8352 30.853 0
      vertex 44.8352 30.853 0.299999
    endloop
  endfacet
  facet normal 0.976295 0.216445 0
    outer loop
      vertex 49.712 36.9341 0.299999
      vertex 49.6648 37.147 0
      vertex 49.6648 37.147 0.299999
    endloop
  endfacet
  facet normal 0.976295 0.216445 0
    outer loop
      vertex 49.6648 37.147 0
      vertex 49.712 36.9341 0.299999
      vertex 49.712 36.9341 0
    endloop
  endfacet
  facet normal 0.991423 0.130692 0
    outer loop
      vertex 49.7405 36.7179 0.299999
      vertex 49.712 36.9341 0
      vertex 49.712 36.9341 0.299999
    endloop
  endfacet
  facet normal 0.991423 0.130692 0
    outer loop
      vertex 49.712 36.9341 0
      vertex 49.7405 36.7179 0.299999
      vertex 49.7405 36.7179 0
    endloop
  endfacet
  facet normal 0.953693 0.30078 0
    outer loop
      vertex 49.6648 37.147 0.299999
      vertex 49.5992 37.355 0
      vertex 49.5992 37.355 0.299999
    endloop
  endfacet
  facet normal 0.953693 0.30078 0
    outer loop
      vertex 49.5992 37.355 0
      vertex 49.6648 37.147 0.299999
      vertex 49.6648 37.147 0
    endloop
  endfacet
  facet normal 0.843303 0.537439 0
    outer loop
      vertex 49.4151 37.75 0.299999
      vertex 49.2979 37.9339 0
      vertex 49.2979 37.9339 0.299999
    endloop
  endfacet
  facet normal 0.843303 0.537439 0
    outer loop
      vertex 49.2979 37.9339 0
      vertex 49.4151 37.75 0.299999
      vertex 49.4151 37.75 0
    endloop
  endfacet
  facet normal 0.461641 0.887067 -0
    outer loop
      vertex 48.5 38.6651 0
      vertex 48.3065 38.7658 0.299999
      vertex 48.5 38.6651 0.299999
    endloop
  endfacet
  facet normal 0.461641 0.887067 0
    outer loop
      vertex 48.3065 38.7658 0.299999
      vertex 48.5 38.6651 0
      vertex 48.3065 38.7658 0
    endloop
  endfacet
  facet normal -0.537439 0.843303 0
    outer loop
      vertex 46 38.6651 0
      vertex 45.8161 38.5479 0.299999
      vertex 46 38.6651 0.299999
    endloop
  endfacet
  facet normal -0.537439 0.843303 0
    outer loop
      vertex 45.8161 38.5479 0.299999
      vertex 46 38.6651 0
      vertex 45.8161 38.5479 0
    endloop
  endfacet
  facet normal -0.30078 0.953693 0
    outer loop
      vertex 46.603 38.9148 0
      vertex 46.395 38.8492 0.299999
      vertex 46.603 38.9148 0.299999
    endloop
  endfacet
  facet normal -0.30078 0.953693 0
    outer loop
      vertex 46.395 38.8492 0.299999
      vertex 46.603 38.9148 0
      vertex 46.395 38.8492 0
    endloop
  endfacet
  facet normal -0.461641 0.887067 0
    outer loop
      vertex 46.1935 38.7658 0
      vertex 46 38.6651 0.299999
      vertex 46.1935 38.7658 0.299999
    endloop
  endfacet
  facet normal -0.461641 0.887067 0
    outer loop
      vertex 46 38.6651 0.299999
      vertex 46.1935 38.7658 0
      vertex 46 38.6651 0
    endloop
  endfacet
  facet normal -0.608691 0.793407 0
    outer loop
      vertex 45.8161 38.5479 0
      vertex 45.643 38.4151 0.299999
      vertex 45.8161 38.5479 0.299999
    endloop
  endfacet
  facet normal -0.608691 0.793407 0
    outer loop
      vertex 45.643 38.4151 0.299999
      vertex 45.8161 38.5479 0
      vertex 45.643 38.4151 0
    endloop
  endfacet
  facet normal -0.0435566 0.999051 0
    outer loop
      vertex 47.25 39 0
      vertex 47.0321 38.9905 0.299999
      vertex 47.25 39 0.299999
    endloop
  endfacet
  facet normal -0.0435566 0.999051 0
    outer loop
      vertex 47.0321 38.9905 0.299999
      vertex 47.25 39 0
      vertex 47.0321 38.9905 0
    endloop
  endfacet
  facet normal 0.30078 0.953693 -0
    outer loop
      vertex 48.105 38.8492 0
      vertex 47.897 38.9148 0.299999
      vertex 48.105 38.8492 0.299999
    endloop
  endfacet
  facet normal 0.30078 0.953693 0
    outer loop
      vertex 47.897 38.9148 0.299999
      vertex 48.105 38.8492 0
      vertex 47.897 38.9148 0
    endloop
  endfacet
  facet normal 0.887067 -0.461641 0
    outer loop
      vertex 49.4151 30.25 0.299999
      vertex 49.5158 30.4435 0
      vertex 49.5158 30.4435 0.299999
    endloop
  endfacet
  facet normal 0.887067 -0.461641 0
    outer loop
      vertex 49.5158 30.4435 0
      vertex 49.4151 30.25 0.299999
      vertex 49.4151 30.25 0
    endloop
  endfacet
  facet normal 0.953735 -0.300649 0
    outer loop
      vertex 49.5992 30.6449 0.299999
      vertex 49.6648 30.853 0
      vertex 49.6648 30.853 0.299999
    endloop
  endfacet
  facet normal 0.953735 -0.300649 0
    outer loop
      vertex 49.6648 30.853 0
      vertex 49.5992 30.6449 0.299999
      vertex 49.5992 30.6449 0
    endloop
  endfacet
  facet normal 0.0435566 -0.999051 0
    outer loop
      vertex 47.25 29 0
      vertex 47.4679 29.0095 0.299999
      vertex 47.25 29 0.299999
    endloop
  endfacet
  facet normal 0.0435566 -0.999051 0
    outer loop
      vertex 47.4679 29.0095 0.299999
      vertex 47.25 29 0
      vertex 47.4679 29.0095 0
    endloop
  endfacet
  facet normal 0.216445 -0.976295 0
    outer loop
      vertex 47.6841 29.038 0
      vertex 47.897 29.0852 0.299999
      vertex 47.6841 29.038 0.299999
    endloop
  endfacet
  facet normal 0.216445 -0.976295 0
    outer loop
      vertex 47.897 29.0852 0.299999
      vertex 47.6841 29.038 0
      vertex 47.897 29.0852 0
    endloop
  endfacet
  facet normal 0.130692 -0.991423 0
    outer loop
      vertex 47.4679 29.0095 0
      vertex 47.6841 29.038 0.299999
      vertex 47.4679 29.0095 0.299999
    endloop
  endfacet
  facet normal 0.130692 -0.991423 0
    outer loop
      vertex 47.6841 29.038 0.299999
      vertex 47.4679 29.0095 0
      vertex 47.6841 29.038 0
    endloop
  endfacet
  facet normal 0.461641 -0.887067 0
    outer loop
      vertex 48.3065 29.2342 0
      vertex 48.5 29.3349 0.299999
      vertex 48.3065 29.2342 0.299999
    endloop
  endfacet
  facet normal 0.461641 -0.887067 0
    outer loop
      vertex 48.5 29.3349 0.299999
      vertex 48.3065 29.2342 0
      vertex 48.5 29.3349 0
    endloop
  endfacet
  facet normal 0.30078 -0.953693 0
    outer loop
      vertex 47.897 29.0852 0
      vertex 48.105 29.1508 0.299999
      vertex 47.897 29.0852 0.299999
    endloop
  endfacet
  facet normal 0.30078 -0.953693 0
    outer loop
      vertex 48.105 29.1508 0.299999
      vertex 47.897 29.0852 0
      vertex 48.105 29.1508 0
    endloop
  endfacet
  facet normal 0.382433 -0.923983 0
    outer loop
      vertex 48.105 29.1508 0
      vertex 48.3065 29.2342 0.299999
      vertex 48.105 29.1508 0.299999
    endloop
  endfacet
  facet normal 0.382433 -0.923983 0
    outer loop
      vertex 48.3065 29.2342 0.299999
      vertex 48.105 29.1508 0
      vertex 48.3065 29.2342 0
    endloop
  endfacet
  facet normal 0.608691 -0.793407 0
    outer loop
      vertex 48.6839 29.4521 0
      vertex 48.857 29.5849 0.299999
      vertex 48.6839 29.4521 0.299999
    endloop
  endfacet
  facet normal 0.608691 -0.793407 0
    outer loop
      vertex 48.857 29.5849 0.299999
      vertex 48.6839 29.4521 0
      vertex 48.857 29.5849 0
    endloop
  endfacet
  facet normal 0.537439 -0.843303 0
    outer loop
      vertex 48.5 29.3349 0
      vertex 48.6839 29.4521 0.299999
      vertex 48.5 29.3349 0.299999
    endloop
  endfacet
  facet normal 0.537439 -0.843303 0
    outer loop
      vertex 48.6839 29.4521 0.299999
      vertex 48.5 29.3349 0
      vertex 48.6839 29.4521 0
    endloop
  endfacet
  facet normal 0.675475 -0.737383 0
    outer loop
      vertex 48.857 29.5849 0
      vertex 49.0178 29.7322 0.299999
      vertex 48.857 29.5849 0.299999
    endloop
  endfacet
  facet normal 0.675475 -0.737383 0
    outer loop
      vertex 49.0178 29.7322 0.299999
      vertex 48.857 29.5849 0
      vertex 49.0178 29.7322 0
    endloop
  endfacet
  facet normal -0.537439 -0.843303 0
    outer loop
      vertex 45.8161 29.4521 0
      vertex 46 29.3349 0.299999
      vertex 45.8161 29.4521 0.299999
    endloop
  endfacet
  facet normal -0.537439 -0.843303 -0
    outer loop
      vertex 46 29.3349 0.299999
      vertex 45.8161 29.4521 0
      vertex 46 29.3349 0
    endloop
  endfacet
  facet normal -0.675475 -0.737383 0
    outer loop
      vertex 45.4822 29.7322 0
      vertex 45.643 29.5849 0.299999
      vertex 45.4822 29.7322 0.299999
    endloop
  endfacet
  facet normal -0.675475 -0.737383 -0
    outer loop
      vertex 45.643 29.5849 0.299999
      vertex 45.4822 29.7322 0
      vertex 45.643 29.5849 0
    endloop
  endfacet
  facet normal -0.608691 -0.793407 0
    outer loop
      vertex 45.643 29.5849 0
      vertex 45.8161 29.4521 0.299999
      vertex 45.643 29.5849 0.299999
    endloop
  endfacet
  facet normal -0.608691 -0.793407 -0
    outer loop
      vertex 45.8161 29.4521 0.299999
      vertex 45.643 29.5849 0
      vertex 45.8161 29.4521 0
    endloop
  endfacet
  facet normal -0.382433 -0.923983 0
    outer loop
      vertex 46.1935 29.2342 0
      vertex 46.395 29.1508 0.299999
      vertex 46.1935 29.2342 0.299999
    endloop
  endfacet
  facet normal -0.382433 -0.923983 -0
    outer loop
      vertex 46.395 29.1508 0.299999
      vertex 46.1935 29.2342 0
      vertex 46.395 29.1508 0
    endloop
  endfacet
  facet normal -0.843303 -0.537439 0
    outer loop
      vertex 45.2021 30.0661 0
      vertex 45.0849 30.25 0.299999
      vertex 45.0849 30.25 0
    endloop
  endfacet
  facet normal -0.843303 -0.537439 0
    outer loop
      vertex 45.0849 30.25 0.299999
      vertex 45.2021 30.0661 0
      vertex 45.2021 30.0661 0.299999
    endloop
  endfacet
  facet normal -0.887067 -0.461641 0
    outer loop
      vertex 45.0849 30.25 0
      vertex 44.9842 30.4435 0.299999
      vertex 44.9842 30.4435 0
    endloop
  endfacet
  facet normal -0.887067 -0.461641 0
    outer loop
      vertex 44.9842 30.4435 0.299999
      vertex 45.0849 30.25 0
      vertex 45.0849 30.25 0.299999
    endloop
  endfacet
  facet normal -0.793407 -0.608691 0
    outer loop
      vertex 45.3349 29.893 0
      vertex 45.2021 30.0661 0.299999
      vertex 45.2021 30.0661 0
    endloop
  endfacet
  facet normal -0.793407 -0.608691 0
    outer loop
      vertex 45.2021 30.0661 0.299999
      vertex 45.3349 29.893 0
      vertex 45.3349 29.893 0.299999
    endloop
  endfacet
  facet normal -0.953735 -0.300649 0
    outer loop
      vertex 44.9008 30.6449 0
      vertex 44.8352 30.853 0.299999
      vertex 44.8352 30.853 0
    endloop
  endfacet
  facet normal -0.953735 -0.300649 0
    outer loop
      vertex 44.8352 30.853 0.299999
      vertex 44.9008 30.6449 0
      vertex 44.9008 30.6449 0.299999
    endloop
  endfacet
  facet normal -0.923916 -0.382595 0
    outer loop
      vertex 44.9842 30.4435 0
      vertex 44.9008 30.6449 0.299999
      vertex 44.9008 30.6449 0
    endloop
  endfacet
  facet normal -0.923916 -0.382595 0
    outer loop
      vertex 44.9008 30.6449 0.299999
      vertex 44.9842 30.4435 0
      vertex 44.9842 30.4435 0.299999
    endloop
  endfacet
  facet normal 0.675475 0.737383 -0
    outer loop
      vertex 49.0178 38.2678 0
      vertex 48.857 38.4151 0.299999
      vertex 49.0178 38.2678 0.299999
    endloop
  endfacet
  facet normal 0.675475 0.737383 0
    outer loop
      vertex 48.857 38.4151 0.299999
      vertex 49.0178 38.2678 0
      vertex 48.857 38.4151 0
    endloop
  endfacet
  facet normal -0.0435566 -0.999051 0
    outer loop
      vertex 47.0321 29.0095 0
      vertex 47.25 29 0.299999
      vertex 47.0321 29.0095 0.299999
    endloop
  endfacet
  facet normal -0.0435566 -0.999051 -0
    outer loop
      vertex 47.25 29 0.299999
      vertex 47.0321 29.0095 0
      vertex 47.25 29 0
    endloop
  endfacet
  facet normal 0.737383 -0.675475 0
    outer loop
      vertex 49.0178 29.7322 0.299999
      vertex 49.1651 29.893 0
      vertex 49.1651 29.893 0.299999
    endloop
  endfacet
  facet normal 0.737383 -0.675475 0
    outer loop
      vertex 49.1651 29.893 0
      vertex 49.0178 29.7322 0.299999
      vertex 49.0178 29.7322 0
    endloop
  endfacet
  facet normal -0.30078 -0.953693 0
    outer loop
      vertex 46.395 29.1508 0
      vertex 46.603 29.0852 0.299999
      vertex 46.395 29.1508 0.299999
    endloop
  endfacet
  facet normal -0.30078 -0.953693 -0
    outer loop
      vertex 46.603 29.0852 0.299999
      vertex 46.395 29.1508 0
      vertex 46.603 29.0852 0
    endloop
  endfacet
  facet normal 0.0871555 0.996195 -6.13997e-06
    outer loop
      vertex -29.8858 7.61467 10.3
      vertex -29.8933 7.61532 9.3
      vertex -32.3763 7.83256 10.3
    endloop
  endfacet
  facet normal 0.086343 0.996265 -0
    outer loop
      vertex -29.8858 7.61467 0.8
      vertex -29.8933 7.61532 9.3
      vertex -29.8858 7.61467 10.3
    endloop
  endfacet
  facet normal 0.086343 0.996265 0
    outer loop
      vertex -29.8933 7.61532 9.3
      vertex -29.8858 7.61467 0.8
      vertex -29.8933 7.61532 0.8
    endloop
  endfacet
  facet normal 0.087158 0.996195 -4.34142e-08
    outer loop
      vertex -32.3715 7.83214 9.3
      vertex -32.3763 7.83256 10.3
      vertex -29.8933 7.61532 9.3
    endloop
  endfacet
  facet normal 0.087167 0.996194 0
    outer loop
      vertex -32.3763 7.83256 0.8
      vertex -32.3715 7.83214 9.3
      vertex -32.3715 7.83214 0.8
    endloop
  endfacet
  facet normal 0.087167 0.996194 0
    outer loop
      vertex -32.3715 7.83214 9.3
      vertex -32.3763 7.83256 0.8
      vertex -32.3763 7.83256 10.3
    endloop
  endfacet
  facet normal 0.087167 0.996194 0
    outer loop
      vertex -32.3715 7.83214 0.8
      vertex -32.3715 7.83214 0.79514
      vertex -32.3763 7.83256 0.8
    endloop
  endfacet
  facet normal 0.086343 0.996265 0
    outer loop
      vertex -29.8933 7.61532 0.8
      vertex -29.8858 7.61467 0.8
      vertex -29.8933 7.61532 0.798134
    endloop
  endfacet
  facet normal 0.086343 0.996265 0
    outer loop
      vertex -29.8858 7.61467 0.8
      vertex -29.8933 7.61532 0.792538
      vertex -29.8933 7.61532 0.798134
    endloop
  endfacet
  facet normal 0 0 -1
    outer loop
      vertex -5.55674 -26.5138 0.3
      vertex -3.5 -26.5 0.3
      vertex -3.5 -26.7846 0.3
    endloop
  endfacet
  facet normal -0 0 -1
    outer loop
      vertex -3.5 -26.5 0.3
      vertex -5.55674 -26.5138 0.3
      vertex -5.29627 -25.0366 0.3
    endloop
  endfacet
  facet normal 0 0 -1
    outer loop
      vertex -5.55674 -26.5138 0.3
      vertex -7.89398 -24.4607 0.3
      vertex -5.29627 -25.0366 0.3
    endloop
  endfacet
  facet normal 0 0 -1
    outer loop
      vertex -8.28221 -25.9096 0.3
      vertex -7.89398 -24.4607 0.3
      vertex -5.55674 -26.5138 0.3
    endloop
  endfacet
  facet normal 0 0 -1
    outer loop
      vertex -8.28221 -25.9096 0.3
      vertex -10.4316 -23.6606 0.3
      vertex -7.89398 -24.4607 0.3
    endloop
  endfacet
  facet normal 0 0 -1
    outer loop
      vertex -10.9446 -25.0702 0.3
      vertex -10.4316 -23.6606 0.3
      vertex -8.28221 -25.9096 0.3
    endloop
  endfacet
  facet normal 0 0 -1
    outer loop
      vertex -10.9446 -25.0702 0.3
      vertex -12.8899 -22.6424 0.3
      vertex -10.4316 -23.6606 0.3
    endloop
  endfacet
  facet normal 0 0 -1
    outer loop
      vertex -13.5238 -24.0019 0.3
      vertex -12.8899 -22.6424 0.3
      vertex -10.9446 -25.0702 0.3
    endloop
  endfacet
  facet normal 0 0 -1
    outer loop
      vertex -13.5238 -24.0019 0.3
      vertex -15.25 -21.4138 0.3
      vertex -12.8899 -22.6424 0.3
    endloop
  endfacet
  facet normal 0 0 -1
    outer loop
      vertex -16 -22.7128 0.3
      vertex -15.25 -21.4138 0.3
      vertex -13.5238 -24.0019 0.3
    endloop
  endfacet
  facet normal 0 0 -1
    outer loop
      vertex -16 -22.7128 0.3
      vertex -17.4941 -19.9841 0.3
      vertex -15.25 -21.4138 0.3
    endloop
  endfacet
  facet normal 0 0 -1
    outer loop
      vertex -18.3544 -21.2129 0.3
      vertex -17.4941 -19.9841 0.3
      vertex -16 -22.7128 0.3
    endloop
  endfacet
  facet normal 0 0 -1
    outer loop
      vertex -18.3544 -21.2129 0.3
      vertex -19.605 -18.3644 0.3
      vertex -17.4941 -19.9841 0.3
    endloop
  endfacet
  facet normal 0 0 -1
    outer loop
      vertex -20.5692 -19.5134 0.3
      vertex -19.605 -18.3644 0.3
      vertex -18.3544 -21.2129 0.3
    endloop
  endfacet
  facet normal 0 0 -1
    outer loop
      vertex -20.5692 -19.5134 0.3
      vertex -21.5668 -16.5668 0.3
      vertex -19.605 -18.3644 0.3
    endloop
  endfacet
  facet normal 0 0 -1
    outer loop
      vertex -22.6274 -17.6274 0.3
      vertex -21.5668 -16.5668 0.3
      vertex -20.5692 -19.5134 0.3
    endloop
  endfacet
  facet normal 0 0 -1
    outer loop
      vertex -22.6274 -17.6274 0.3
      vertex -23.3644 -14.605 0.3
      vertex -21.5668 -16.5668 0.3
    endloop
  endfacet
  facet normal 0 0 -1
    outer loop
      vertex -24.5134 -15.5692 0.3
      vertex -23.3644 -14.605 0.3
      vertex -22.6274 -17.6274 0.3
    endloop
  endfacet
  facet normal 0 0 -1
    outer loop
      vertex -24.5134 -15.5692 0.3
      vertex -24.9841 -12.4941 0.3
      vertex -23.3644 -14.605 0.3
    endloop
  endfacet
  facet normal 0 0 -1
    outer loop
      vertex -26.2129 -13.3544 0.3
      vertex -24.9841 -12.4941 0.3
      vertex -24.5134 -15.5692 0.3
    endloop
  endfacet
  facet normal 0 0 -1
    outer loop
      vertex -26.2129 -13.3544 0.3
      vertex -26.4138 -10.25 0.3
      vertex -24.9841 -12.4941 0.3
    endloop
  endfacet
  facet normal 0 0 -1
    outer loop
      vertex -27.7128 -11 0.3
      vertex -26.4138 -10.25 0.3
      vertex -26.2129 -13.3544 0.3
    endloop
  endfacet
  facet normal -0 0 -1
    outer loop
      vertex -26.4138 -10.25 0.3
      vertex -27.7128 -11 0.3
      vertex -27.6424 -7.88986 0.3
    endloop
  endfacet
  facet normal 0 0 -1
    outer loop
      vertex -29.0019 -8.52378 0.3
      vertex -27.6424 -7.88986 0.3
      vertex -27.7128 -11 0.3
    endloop
  endfacet
  facet normal -0 0 -1
    outer loop
      vertex -27.6424 -7.88986 0.3
      vertex -29.0019 -8.52378 0.3
      vertex -28.6606 -5.43161 0.3
    endloop
  endfacet
  facet normal 0 0 -1
    outer loop
      vertex -30.0702 -5.94464 0.3
      vertex -28.6606 -5.43161 0.3
      vertex -29.0019 -8.52378 0.3
    endloop
  endfacet
  facet normal -0 0 -1
    outer loop
      vertex -28.6606 -5.43161 0.3
      vertex -30.0702 -5.94464 0.3
      vertex -29.4607 -2.89398 0.3
    endloop
  endfacet
  facet normal 0 0 -1
    outer loop
      vertex -30.9096 -3.28221 0.3
      vertex -29.4607 -2.89398 0.3
      vertex -30.0702 -5.94464 0.3
    endloop
  endfacet
  facet normal -0 0 -1
    outer loop
      vertex -29.4607 -2.89398 0.3
      vertex -30.9096 -3.28221 0.3
      vertex -30.0366 -0.296269 0.3
    endloop
  endfacet
  facet normal 0 0 -1
    outer loop
      vertex -31.5138 -0.556741 0.3
      vertex -30.0366 -0.296269 0.3
      vertex -30.9096 -3.28221 0.3
    endloop
  endfacet
  facet normal -0 0 -1
    outer loop
      vertex -30.0366 -0.296269 0.3
      vertex -31.5138 -0.556741 0.3
      vertex -30.3839 2.34175 0.3
    endloop
  endfacet
  facet normal 0 0 -1
    outer loop
      vertex -30.3839 2.34175 0.3
      vertex -30.501 4.25 0.3
      vertex -30.4699 4.30974 0.3
    endloop
  endfacet
  facet normal 0 0 -1
    outer loop
      vertex -31.8782 2.21102 0.3
      vertex -30.3839 2.34175 0.3
      vertex -31.5138 -0.556741 0.3
    endloop
  endfacet
  facet normal 0 0 -1
    outer loop
      vertex -30.3839 2.34175 0.3
      vertex -30.5713 4.13964 0.3
      vertex -30.501 4.25 0.3
    endloop
  endfacet
  facet normal 0 0 -1
    outer loop
      vertex -30.3839 2.34175 0.3
      vertex -30.6509 4.03582 0.3
      vertex -30.5713 4.13964 0.3
    endloop
  endfacet
  facet normal 0 0 -1
    outer loop
      vertex -30.3839 2.34175 0.3
      vertex -30.7393 3.93934 0.3
      vertex -30.6509 4.03582 0.3
    endloop
  endfacet
  facet normal 0 0 -1
    outer loop
      vertex -30.3839 2.34175 0.3
      vertex -30.8358 3.85093 0.3
      vertex -30.7393 3.93934 0.3
    endloop
  endfacet
  facet normal 0 -0 -1
    outer loop
      vertex -31.4118 3.55111 0.3
      vertex -30.3839 2.34175 0.3
      vertex -31.8782 2.21102 0.3
    endloop
  endfacet
  facet normal 0 0 -1
    outer loop
      vertex -30.3839 2.34175 0.3
      vertex -30.9396 3.77127 0.3
      vertex -30.8358 3.85093 0.3
    endloop
  endfacet
  facet normal 0 0 -1
    outer loop
      vertex -30.3839 2.34175 0.3
      vertex -31.05 3.70096 0.3
      vertex -30.9396 3.77127 0.3
    endloop
  endfacet
  facet normal 0 0 -1
    outer loop
      vertex -30.3839 2.34175 0.3
      vertex -31.1661 3.64054 0.3
      vertex -31.05 3.70096 0.3
    endloop
  endfacet
  facet normal 0 0 -1
    outer loop
      vertex -30.3839 2.34175 0.3
      vertex -31.287 3.59046 0.3
      vertex -31.1661 3.64054 0.3
    endloop
  endfacet
  facet normal 0 0 -1
    outer loop
      vertex -30.3839 2.34175 0.3
      vertex -31.4118 3.55111 0.3
      vertex -31.287 3.59046 0.3
    endloop
  endfacet
  facet normal 0 0 -1
    outer loop
      vertex -31.4118 3.55111 0.3
      vertex -31.8782 2.21102 0.3
      vertex -31.5395 3.52279 0.3
    endloop
  endfacet
  facet normal 0 0 -1
    outer loop
      vertex -31.5395 3.52279 0.3
      vertex -31.8782 2.21102 0.3
      vertex -31.6693 3.50571 0.3
    endloop
  endfacet
  facet normal 0 0 -1
    outer loop
      vertex -31.6693 3.50571 0.3
      vertex -31.8782 2.21102 0.3
      vertex -31.8 3.5 0.3
    endloop
  endfacet
  facet normal -0 0 -1
    outer loop
      vertex -31.8 3.5 0.3
      vertex -31.8782 2.21102 0.3
      vertex -31.9345 3.5 0.3
    endloop
  endfacet
  facet normal 0 0 -1
    outer loop
      vertex 31.8782 2.21102 0.3
      vertex 31.8 3.5 0.3
      vertex 31.9345 3.5 0.3
    endloop
  endfacet
  facet normal 0 0 -1
    outer loop
      vertex 31.8782 2.21102 0.3
      vertex 31.6693 3.50571 0.3
      vertex 31.8 3.5 0.3
    endloop
  endfacet
  facet normal 0 0 -1
    outer loop
      vertex 31.8782 2.21102 0.3
      vertex 31.5395 3.52279 0.3
      vertex 31.6693 3.50571 0.3
    endloop
  endfacet
  facet normal 0 0 -1
    outer loop
      vertex 30.3839 2.34175 0.3
      vertex 31.8782 2.21102 0.3
      vertex 31.5138 -0.556741 0.3
    endloop
  endfacet
  facet normal 0 -0 -1
    outer loop
      vertex 31.4118 3.55111 0.3
      vertex 31.8782 2.21102 0.3
      vertex 30.3839 2.34175 0.3
    endloop
  endfacet
  facet normal 0 0 -1
    outer loop
      vertex 31.8782 2.21102 0.3
      vertex 31.4118 3.55111 0.3
      vertex 31.5395 3.52279 0.3
    endloop
  endfacet
  facet normal -0 0 -1
    outer loop
      vertex 31.4118 3.55111 0.3
      vertex 30.3839 2.34175 0.3
      vertex 31.287 3.59046 0.3
    endloop
  endfacet
  facet normal -0 0 -1
    outer loop
      vertex 31.287 3.59046 0.3
      vertex 30.3839 2.34175 0.3
      vertex 31.1661 3.64054 0.3
    endloop
  endfacet
  facet normal -0 0 -1
    outer loop
      vertex 31.1661 3.64054 0.3
      vertex 30.3839 2.34175 0.3
      vertex 31.05 3.70096 0.3
    endloop
  endfacet
  facet normal 0 0 -1
    outer loop
      vertex 30.0366 -0.296269 0.3
      vertex 31.5138 -0.556741 0.3
      vertex 30.9096 -3.28221 0.3
    endloop
  endfacet
  facet normal -0 0 -1
    outer loop
      vertex 31.05 3.70096 0.3
      vertex 30.3839 2.34175 0.3
      vertex 30.9396 3.77127 0.3
    endloop
  endfacet
  facet normal -0 0 -1
    outer loop
      vertex 30.9396 3.77127 0.3
      vertex 30.3839 2.34175 0.3
      vertex 30.8358 3.85093 0.3
    endloop
  endfacet
  facet normal -0 0 -1
    outer loop
      vertex 30.8358 3.85093 0.3
      vertex 30.3839 2.34175 0.3
      vertex 30.7393 3.93934 0.3
    endloop
  endfacet
  facet normal -0 0 -1
    outer loop
      vertex 30.7393 3.93934 0.3
      vertex 30.3839 2.34175 0.3
      vertex 30.6509 4.03582 0.3
    endloop
  endfacet
  facet normal -0 0 -1
    outer loop
      vertex 30.6509 4.03582 0.3
      vertex 30.3839 2.34175 0.3
      vertex 30.5713 4.13964 0.3
    endloop
  endfacet
  facet normal -0 0 -1
    outer loop
      vertex 30.5713 4.13964 0.3
      vertex 30.3839 2.34175 0.3
      vertex 30.501 4.25 0.3
    endloop
  endfacet
  facet normal -0 0 -1
    outer loop
      vertex 30.501 4.25 0.3
      vertex 30.3839 2.34175 0.3
      vertex 30.4699 4.30974 0.3
    endloop
  endfacet
  facet normal 0 0 -1
    outer loop
      vertex 29.4607 -2.89398 0.3
      vertex 30.9096 -3.28221 0.3
      vertex 30.0702 -5.94464 0.3
    endloop
  endfacet
  facet normal 0 0 -1
    outer loop
      vertex 31.5138 -0.556741 0.3
      vertex 30.0366 -0.296269 0.3
      vertex 30.3839 2.34175 0.3
    endloop
  endfacet
  facet normal 0 0 -1
    outer loop
      vertex 30.9096 -3.28221 0.3
      vertex 29.4607 -2.89398 0.3
      vertex 30.0366 -0.296269 0.3
    endloop
  endfacet
  facet normal 0 0 -1
    outer loop
      vertex 28.6606 -5.43161 0.3
      vertex 30.0702 -5.94464 0.3
      vertex 29.0019 -8.52378 0.3
    endloop
  endfacet
  facet normal 0 0 -1
    outer loop
      vertex 30.0702 -5.94464 0.3
      vertex 28.6606 -5.43161 0.3
      vertex 29.4607 -2.89398 0.3
    endloop
  endfacet
  facet normal 0 0 -1
    outer loop
      vertex 27.6424 -7.88986 0.3
      vertex 29.0019 -8.52378 0.3
      vertex 27.7128 -11 0.3
    endloop
  endfacet
  facet normal 0 0 -1
    outer loop
      vertex 29.0019 -8.52378 0.3
      vertex 27.6424 -7.88986 0.3
      vertex 28.6606 -5.43161 0.3
    endloop
  endfacet
  facet normal 0 0 -1
    outer loop
      vertex 27.7128 -11 0.3
      vertex 26.4138 -10.25 0.3
      vertex 27.6424 -7.88986 0.3
    endloop
  endfacet
  facet normal 0 0 -1
    outer loop
      vertex 26.2129 -13.3544 0.3
      vertex 26.4138 -10.25 0.3
      vertex 27.7128 -11 0.3
    endloop
  endfacet
  facet normal 0 0 -1
    outer loop
      vertex 26.2129 -13.3544 0.3
      vertex 24.9841 -12.4941 0.3
      vertex 26.4138 -10.25 0.3
    endloop
  endfacet
  facet normal 0 0 -1
    outer loop
      vertex 24.5134 -15.5692 0.3
      vertex 24.9841 -12.4941 0.3
      vertex 26.2129 -13.3544 0.3
    endloop
  endfacet
  facet normal 0 0 -1
    outer loop
      vertex 24.5134 -15.5692 0.3
      vertex 23.3644 -14.605 0.3
      vertex 24.9841 -12.4941 0.3
    endloop
  endfacet
  facet normal 0 0 -1
    outer loop
      vertex 22.6274 -17.6274 0.3
      vertex 23.3644 -14.605 0.3
      vertex 24.5134 -15.5692 0.3
    endloop
  endfacet
  facet normal 0 0 -1
    outer loop
      vertex 22.6274 -17.6274 0.3
      vertex 21.5668 -16.5668 0.3
      vertex 23.3644 -14.605 0.3
    endloop
  endfacet
  facet normal 0 0 -1
    outer loop
      vertex 20.5692 -19.5134 0.3
      vertex 21.5668 -16.5668 0.3
      vertex 22.6274 -17.6274 0.3
    endloop
  endfacet
  facet normal 0 0 -1
    outer loop
      vertex 20.5692 -19.5134 0.3
      vertex 19.605 -18.3644 0.3
      vertex 21.5668 -16.5668 0.3
    endloop
  endfacet
  facet normal 0 0 -1
    outer loop
      vertex 18.3544 -21.2129 0.3
      vertex 19.605 -18.3644 0.3
      vertex 20.5692 -19.5134 0.3
    endloop
  endfacet
  facet normal 0 0 -1
    outer loop
      vertex 18.3544 -21.2129 0.3
      vertex 17.4941 -19.9841 0.3
      vertex 19.605 -18.3644 0.3
    endloop
  endfacet
  facet normal 0 0 -1
    outer loop
      vertex 16 -22.7128 0.3
      vertex 17.4941 -19.9841 0.3
      vertex 18.3544 -21.2129 0.3
    endloop
  endfacet
  facet normal 0 0 -1
    outer loop
      vertex 16 -22.7128 0.3
      vertex 15.25 -21.4138 0.3
      vertex 17.4941 -19.9841 0.3
    endloop
  endfacet
  facet normal 0 0 -1
    outer loop
      vertex 13.5238 -24.0019 0.3
      vertex 15.25 -21.4138 0.3
      vertex 16 -22.7128 0.3
    endloop
  endfacet
  facet normal 0 0 -1
    outer loop
      vertex 13.5238 -24.0019 0.3
      vertex 12.8899 -22.6424 0.3
      vertex 15.25 -21.4138 0.3
    endloop
  endfacet
  facet normal 0 0 -1
    outer loop
      vertex 10.9446 -25.0702 0.3
      vertex 12.8899 -22.6424 0.3
      vertex 13.5238 -24.0019 0.3
    endloop
  endfacet
  facet normal 0 0 -1
    outer loop
      vertex 10.9446 -25.0702 0.3
      vertex 10.4316 -23.6606 0.3
      vertex 12.8899 -22.6424 0.3
    endloop
  endfacet
  facet normal 0 0 -1
    outer loop
      vertex 8.28221 -25.9096 0.3
      vertex 10.4316 -23.6606 0.3
      vertex 10.9446 -25.0702 0.3
    endloop
  endfacet
  facet normal 0 0 -1
    outer loop
      vertex 8.28221 -25.9096 0.3
      vertex 7.89398 -24.4607 0.3
      vertex 10.4316 -23.6606 0.3
    endloop
  endfacet
  facet normal 0 0 -1
    outer loop
      vertex 5.55674 -26.5138 0.3
      vertex 7.89398 -24.4607 0.3
      vertex 8.28221 -25.9096 0.3
    endloop
  endfacet
  facet normal 0 0 -1
    outer loop
      vertex 5.55674 -26.5138 0.3
      vertex 5.29627 -25.0366 0.3
      vertex 7.89398 -24.4607 0.3
    endloop
  endfacet
  facet normal 0 0 -1
    outer loop
      vertex 3.5 -26.5 0.3
      vertex 5.55674 -26.5138 0.3
      vertex 3.5 -26.7846 0.3
    endloop
  endfacet
  facet normal 0 0 -1
    outer loop
      vertex 5.55674 -26.5138 0.3
      vertex 3.5 -26.5 0.3
      vertex 5.29627 -25.0366 0.3
    endloop
  endfacet
  facet normal 0 0 -1
    outer loop
      vertex 3.5 -26.5 0.3
      vertex 2.65825 -25.3839 0.3
      vertex 5.29627 -25.0366 0.3
    endloop
  endfacet
  facet normal 0 0 -1
    outer loop
      vertex 3.5 -26.5 0.3
      vertex 0 -25.5 0.3
      vertex 2.65825 -25.3839 0.3
    endloop
  endfacet
  facet normal 0 0 -1
    outer loop
      vertex -3.5 -26.5 0.3
      vertex 0 -25.5 0.3
      vertex 3.5 -26.5 0.3
    endloop
  endfacet
  facet normal -0 0 -1
    outer loop
      vertex 0 -25.5 0.3
      vertex -3.5 -26.5 0.3
      vertex -2.65825 -25.3839 0.3
    endloop
  endfacet
  facet normal -0 0 -1
    outer loop
      vertex -2.65825 -25.3839 0.3
      vertex -3.5 -26.5 0.3
      vertex -5.29627 -25.0366 0.3
    endloop
  endfacet
  facet normal 0 0 -1
    outer loop
      vertex -30.501 5.75 0.3
      vertex -30.4258 6.69978 0.3
      vertex -30.4699 5.69026 0.3
    endloop
  endfacet
  facet normal 0 0 -1
    outer loop
      vertex -30.5713 5.86036 0.3
      vertex -30.4258 6.69978 0.3
      vertex -30.501 5.75 0.3
    endloop
  endfacet
  facet normal 0 0 -1
    outer loop
      vertex -30.6509 5.96418 0.3
      vertex -30.4258 6.69978 0.3
      vertex -30.5713 5.86036 0.3
    endloop
  endfacet
  facet normal 0 0 -1
    outer loop
      vertex -30.4258 6.69978 0.3
      vertex -30.6509 5.96418 0.3
      vertex -30.5887 6.5974 0.3
    endloop
  endfacet
  facet normal 0 0 -1
    outer loop
      vertex -30.7393 6.06066 0.3
      vertex -30.5887 6.5974 0.3
      vertex -30.6509 5.96418 0.3
    endloop
  endfacet
  facet normal 0 0 -1
    outer loop
      vertex -30.8358 6.14907 0.3
      vertex -30.5887 6.5974 0.3
      vertex -30.7393 6.06066 0.3
    endloop
  endfacet
  facet normal 0 0 -1
    outer loop
      vertex -30.8358 6.14907 0.3
      vertex -30.8529 6.50494 0.3
      vertex -30.5887 6.5974 0.3
    endloop
  endfacet
  facet normal 0 0 -1
    outer loop
      vertex -30.9396 6.22873 0.3
      vertex -30.8529 6.50494 0.3
      vertex -30.8358 6.14907 0.3
    endloop
  endfacet
  facet normal 0 0 -1
    outer loop
      vertex -31.05 6.29904 0.3
      vertex -30.8529 6.50494 0.3
      vertex -30.9396 6.22873 0.3
    endloop
  endfacet
  facet normal 0 0 -1
    outer loop
      vertex -31.05 6.29904 0.3
      vertex -31.1311 6.4736 0.3
      vertex -30.8529 6.50494 0.3
    endloop
  endfacet
  facet normal 0 0 -1
    outer loop
      vertex -31.1661 6.35946 0.3
      vertex -31.1311 6.4736 0.3
      vertex -31.05 6.29904 0.3
    endloop
  endfacet
  facet normal 0 0 -1
    outer loop
      vertex -31.287 6.40954 0.3
      vertex -31.1311 6.4736 0.3
      vertex -31.1661 6.35946 0.3
    endloop
  endfacet
  facet normal 0 0 -1
    outer loop
      vertex -31.287 6.40954 0.3
      vertex -31.4092 6.50494 0.3
      vertex -31.1311 6.4736 0.3
    endloop
  endfacet
  facet normal 0 0 -1
    outer loop
      vertex -31.4118 6.44889 0.3
      vertex -31.4092 6.50494 0.3
      vertex -31.287 6.40954 0.3
    endloop
  endfacet
  facet normal 0 0 -1
    outer loop
      vertex -31.5395 6.47721 0.3
      vertex -31.4092 6.50494 0.3
      vertex -31.4118 6.44889 0.3
    endloop
  endfacet
  facet normal 0 0 -1
    outer loop
      vertex -31.6734 6.5974 0.3
      vertex -31.5395 6.47721 0.3
      vertex -31.6693 6.49429 0.3
    endloop
  endfacet
  facet normal 0 0 -1
    outer loop
      vertex -31.5395 6.47721 0.3
      vertex -31.6734 6.5974 0.3
      vertex -31.4092 6.50494 0.3
    endloop
  endfacet
  facet normal 0 0 -1
    outer loop
      vertex -31.8 6.5 0.3
      vertex -31.6734 6.5974 0.3
      vertex -31.6693 6.49429 0.3
    endloop
  endfacet
  facet normal 0 0 -1
    outer loop
      vertex -31.8 6.5 0.3
      vertex -31.9104 6.74632 0.3
      vertex -31.6734 6.5974 0.3
    endloop
  endfacet
  facet normal 0 0 -1
    outer loop
      vertex -31.9345 6.5 0.3
      vertex -31.9104 6.74632 0.3
      vertex -31.8 6.5 0.3
    endloop
  endfacet
  facet normal -0 0 -1
    outer loop
      vertex -31.9104 6.74632 0.3
      vertex -31.9345 6.5 0.3
      vertex -31.9232 6.75907 0.3
    endloop
  endfacet
  facet normal 0 0 -1
    outer loop
      vertex 31.9345 6.5 0.3
      vertex 31.9104 6.74632 0.3
      vertex 31.9232 6.75907 0.3
    endloop
  endfacet
  facet normal 0 0 -1
    outer loop
      vertex 31.8 6.5 0.3
      vertex 31.9104 6.74632 0.3
      vertex 31.9345 6.5 0.3
    endloop
  endfacet
  facet normal 0 0 -1
    outer loop
      vertex 31.8 6.5 0.3
      vertex 31.6734 6.5974 0.3
      vertex 31.9104 6.74632 0.3
    endloop
  endfacet
  facet normal 0 0 -1
    outer loop
      vertex 31.6693 6.49429 0.3
      vertex 31.6734 6.5974 0.3
      vertex 31.8 6.5 0.3
    endloop
  endfacet
  facet normal 0 0 -1
    outer loop
      vertex 31.5395 6.47721 0.3
      vertex 31.6734 6.5974 0.3
      vertex 31.6693 6.49429 0.3
    endloop
  endfacet
  facet normal 0 0 -1
    outer loop
      vertex 31.4092 6.50494 0.3
      vertex 31.5395 6.47721 0.3
      vertex 31.4118 6.44889 0.3
    endloop
  endfacet
  facet normal 0 0 -1
    outer loop
      vertex 31.5395 6.47721 0.3
      vertex 31.4092 6.50494 0.3
      vertex 31.6734 6.5974 0.3
    endloop
  endfacet
  facet normal 0 0 -1
    outer loop
      vertex 31.287 6.40954 0.3
      vertex 31.4092 6.50494 0.3
      vertex 31.4118 6.44889 0.3
    endloop
  endfacet
  facet normal 0 0 -1
    outer loop
      vertex 31.1311 6.4736 0.3
      vertex 31.287 6.40954 0.3
      vertex 31.1661 6.35946 0.3
    endloop
  endfacet
  facet normal 0 0 -1
    outer loop
      vertex 31.287 6.40954 0.3
      vertex 31.1311 6.4736 0.3
      vertex 31.4092 6.50494 0.3
    endloop
  endfacet
  facet normal 0 0 -1
    outer loop
      vertex 31.05 6.29904 0.3
      vertex 31.1311 6.4736 0.3
      vertex 31.1661 6.35946 0.3
    endloop
  endfacet
  facet normal 0 0 -1
    outer loop
      vertex 30.8529 6.50494 0.3
      vertex 31.05 6.29904 0.3
      vertex 30.9396 6.22873 0.3
    endloop
  endfacet
  facet normal 0 0 -1
    outer loop
      vertex 31.05 6.29904 0.3
      vertex 30.8529 6.50494 0.3
      vertex 31.1311 6.4736 0.3
    endloop
  endfacet
  facet normal 0 0 -1
    outer loop
      vertex 30.8358 6.14907 0.3
      vertex 30.8529 6.50494 0.3
      vertex 30.9396 6.22873 0.3
    endloop
  endfacet
  facet normal 0 0 -1
    outer loop
      vertex 30.5887 6.5974 0.3
      vertex 30.8358 6.14907 0.3
      vertex 30.7393 6.06066 0.3
    endloop
  endfacet
  facet normal 0 0 -1
    outer loop
      vertex 30.5887 6.5974 0.3
      vertex 30.7393 6.06066 0.3
      vertex 30.6509 5.96418 0.3
    endloop
  endfacet
  facet normal 0 0 -1
    outer loop
      vertex 30.8358 6.14907 0.3
      vertex 30.5887 6.5974 0.3
      vertex 30.8529 6.50494 0.3
    endloop
  endfacet
  facet normal 0 0 -1
    outer loop
      vertex 30.4258 6.69978 0.3
      vertex 30.6509 5.96418 0.3
      vertex 30.5713 5.86036 0.3
    endloop
  endfacet
  facet normal 0 0 -1
    outer loop
      vertex 30.4258 6.69978 0.3
      vertex 30.5713 5.86036 0.3
      vertex 30.501 5.75 0.3
    endloop
  endfacet
  facet normal 0 0 -1
    outer loop
      vertex 30.4258 6.69978 0.3
      vertex 30.501 5.75 0.3
      vertex 30.4699 5.69026 0.3
    endloop
  endfacet
  facet normal 0 0 -1
    outer loop
      vertex 30.6509 5.96418 0.3
      vertex 30.4258 6.69978 0.3
      vertex 30.5887 6.5974 0.3
    endloop
  endfacet
  facet normal 0.703675 -0.0301297 -0.709883
    outer loop
      vertex -29.8858 7.61467 0.8
      vertex -29.9124 7.44547 0.780814
      vertex -29.8933 7.61532 0.792538
    endloop
  endfacet
  facet normal 0.70633 -0.0308501 -0.70721
    outer loop
      vertex -30 5 0.8
      vertex -29.9124 7.44547 0.780814
      vertex -29.8858 7.61467 0.8
    endloop
  endfacet
  facet normal 0.706579 -0.0308571 -0.706961
    outer loop
      vertex -30 5 0.8
      vertex -30.0049 7.18126 0.699896
      vertex -29.9124 7.44547 0.780814
    endloop
  endfacet
  facet normal 0.706822 -0.0308454 -0.706718
    outer loop
      vertex -30 5 0.8
      vertex -30.1538 6.94424 0.561319
      vertex -30.0049 7.18126 0.699896
    endloop
  endfacet
  facet normal 0.706735 -0.030863 -0.706805
    outer loop
      vertex -30.1538 6.94424 0.561319
      vertex -30 5 0.8
      vertex -30.2648 6.83326 0.455176
    endloop
  endfacet
  facet normal 0.706633 -0.0308686 -0.706907
    outer loop
      vertex -30.3517 6.74632 0.372039
      vertex -30.4699 5.69026 0.3
      vertex -30.4258 6.69978 0.3
    endloop
  endfacet
  facet normal 0.706939 -0.0309239 -0.706598
    outer loop
      vertex -30.2648 6.83326 0.455176
      vertex -30.4699 5.69026 0.3
      vertex -30.3517 6.74632 0.372039
    endloop
  endfacet
  facet normal 0.706099 -0.0306578 -0.707449
    outer loop
      vertex -30.2648 6.83326 0.455176
      vertex -30.4405 5.63393 0.331785
      vertex -30.4699 5.69026 0.3
    endloop
  endfacet
  facet normal 0.707196 -0.0309324 -0.706341
    outer loop
      vertex -30.2648 6.83326 0.455176
      vertex -30.3905 5.51303 0.38714
      vertex -30.4405 5.63393 0.331785
    endloop
  endfacet
  facet normal 0.706732 -0.0308641 -0.706808
    outer loop
      vertex -30 5 0.8
      vertex -30.3905 5.51303 0.38714
      vertex -30.2648 6.83326 0.455176
    endloop
  endfacet
  facet normal 0.707036 -0.0304034 -0.706524
    outer loop
      vertex -30.3905 5.51303 0.38714
      vertex -30 5 0.8
      vertex -30.3511 5.38823 0.431939
    endloop
  endfacet
  facet normal 0.706692 -0.0310155 -0.706841
    outer loop
      vertex -30.3511 5.38823 0.431939
      vertex -30 5 0.8
      vertex -30.3228 5.26047 0.465839
    endloop
  endfacet
  facet normal 0.706807 -0.0307412 -0.706738
    outer loop
      vertex -30.3228 5.26047 0.465839
      vertex -30 5 0.8
      vertex -30.3057 5.13073 0.488584
    endloop
  endfacet
  facet normal 0.706768 -0.0309081 -0.70677
    outer loop
      vertex -30.3057 5.13073 0.488584
      vertex -30 5 0.8
      vertex -30.3 5 0.500001
    endloop
  endfacet
  facet normal 0.999048 -0.043635 0
    outer loop
      vertex -30 5 10.3
      vertex -29.8858 7.61467 0.8
      vertex -29.8858 7.61467 10.3
    endloop
  endfacet
  facet normal 0.999048 -0.043635 0
    outer loop
      vertex -29.8858 7.61467 0.8
      vertex -30 5 10.3
      vertex -30 5 0.8
    endloop
  endfacet
  facet normal -0.999048 0.0436337 0
    outer loop
      vertex -32.4345 6.5 0.8
      vertex -32.3763 7.83256 10.3
      vertex -32.3763 7.83256 0.8
    endloop
  endfacet
  facet normal -0.999048 0.0436337 0
    outer loop
      vertex -32.4345 6.5 10.3
      vertex -32.3763 7.83256 10.3
      vertex -32.4345 6.5 0.8
    endloop
  endfacet
  facet normal -0 0 1
    outer loop
      vertex -32.4345 6.5 10.3
      vertex -32.5 5 10.3
      vertex -32.3763 7.83256 10.3
    endloop
  endfacet
  facet normal -0.709808 0.0309079 -0.703716
    outer loop
      vertex -32.3715 7.83214 0.79514
      vertex -32.3734 7.8105 0.796106
      vertex -32.3763 7.83256 0.8
    endloop
  endfacet
  facet normal -0.706741 0.0308263 -0.7068
    outer loop
      vertex -32.1993 6.5 0.564778
      vertex -31.9232 6.75907 0.3
      vertex -31.9345 6.5 0.3
    endloop
  endfacet
  facet normal -0.706737 0.0308175 -0.706805
    outer loop
      vertex -31.9232 6.75907 0.3
      vertex -32.1993 6.5 0.564778
      vertex -32.1084 6.94424 0.493256
    endloop
  endfacet
  facet normal -0.706833 0.0308527 -0.706707
    outer loop
      vertex -32.1993 6.5 0.564778
      vertex -32.2573 7.18126 0.65253
      vertex -32.1084 6.94424 0.493256
    endloop
  endfacet
  facet normal -0.706768 0.0308664 -0.706772
    outer loop
      vertex -32.2573 7.18126 0.65253
      vertex -32.1993 6.5 0.564778
      vertex -32.3097 7.33104 0.711471
    endloop
  endfacet
  facet normal -0.708558 0.0312916 -0.704959
    outer loop
      vertex -32.3811 7.7236 0.799988
      vertex -32.3763 7.83256 0.8
      vertex -32.3734 7.8105 0.796106
    endloop
  endfacet
  facet normal -0.706803 0.0308557 -0.706737
    outer loop
      vertex -32.4345 6.5 0.8
      vertex -32.3097 7.33104 0.711471
      vertex -32.1993 6.5 0.564778
    endloop
  endfacet
  facet normal -0.280023 0.0122301 0.959915
    outer loop
      vertex -32.3811 7.7236 0.799988
      vertex -32.4345 6.5 0.8
      vertex -32.3763 7.83256 0.8
    endloop
  endfacet
  facet normal -0.706362 0.0308199 -0.70718
    outer loop
      vertex -32.3497 7.44547 0.756503
      vertex -32.4345 6.5 0.8
      vertex -32.3811 7.7236 0.799988
    endloop
  endfacet
  facet normal -0.707002 0.0309069 -0.706536
    outer loop
      vertex -32.3097 7.33104 0.711471
      vertex -32.4345 6.5 0.8
      vertex -32.3497 7.44547 0.756503
    endloop
  endfacet
  facet normal 0.706768 0.0309081 -0.70677
    outer loop
      vertex -30 5 0.8
      vertex -30.3057 4.86927 0.488584
      vertex -30.3 5 0.500001
    endloop
  endfacet
  facet normal 0.706807 0.0307412 -0.706738
    outer loop
      vertex -30 5 0.8
      vertex -30.3228 4.73953 0.465839
      vertex -30.3057 4.86927 0.488584
    endloop
  endfacet
  facet normal 0.706692 0.0310155 -0.706841
    outer loop
      vertex -30 5 0.8
      vertex -30.3511 4.61177 0.431939
      vertex -30.3228 4.73953 0.465839
    endloop
  endfacet
  facet normal 0.706993 0.0304796 -0.706563
    outer loop
      vertex -30 5 0.8
      vertex -30.3842 4.5069 0.394295
      vertex -30.3511 4.61177 0.431939
    endloop
  endfacet
  facet normal 0.706742 0.0308681 -0.706798
    outer loop
      vertex -30.3842 4.5069 0.394295
      vertex -30 5 0.8
      vertex -29.8858 2.38533 0.8
    endloop
  endfacet
  facet normal 0.706298 0.0306774 -0.70725
    outer loop
      vertex -29.8858 2.38533 0.8
      vertex -30.3905 4.48697 0.387139
      vertex -30.3842 4.5069 0.394295
    endloop
  endfacet
  facet normal 0.707083 0.031023 -0.70645
    outer loop
      vertex -29.8858 2.38533 0.8
      vertex -30.4405 4.36607 0.331785
      vertex -30.3905 4.48697 0.387139
    endloop
  endfacet
  facet normal 0.706193 0.0305586 -0.70736
    outer loop
      vertex -29.8858 2.38533 0.8
      vertex -30.4699 4.30974 0.3
      vertex -30.4405 4.36607 0.331785
    endloop
  endfacet
  facet normal 0.706766 0.0308853 -0.706773
    outer loop
      vertex -30.4699 4.30974 0.3
      vertex -29.8858 2.38533 0.8
      vertex -30.3839 2.34175 0.3
    endloop
  endfacet
  facet normal 0.999048 0.043635 0
    outer loop
      vertex -29.8858 2.38533 10.3
      vertex -30 5 0.8
      vertex -30 5 10.3
    endloop
  endfacet
  facet normal 0.999048 0.043635 0
    outer loop
      vertex -30 5 0.8
      vertex -29.8858 2.38533 10.3
      vertex -29.8858 2.38533 0.8
    endloop
  endfacet
  facet normal 0 0 1
    outer loop
      vertex -32.5 5 10.3
      vertex -30 5 10.3
      vertex -29.8858 7.61467 10.3
    endloop
  endfacet
  facet normal 0 0 1
    outer loop
      vertex -30 5 10.3
      vertex -31.3926 -3.41162 10.3
      vertex -30.54 -6.11565 10.3
    endloop
  endfacet
  facet normal 0 0 1
    outer loop
      vertex -30 5 10.3
      vertex -32.0063 -0.643565 10.3
      vertex -31.3926 -3.41162 10.3
    endloop
  endfacet
  facet normal 0 0 1
    outer loop
      vertex -32.5 5 10.3
      vertex -29.8858 7.61467 10.3
      vertex -32.3763 7.83256 10.3
    endloop
  endfacet
  facet normal 0 0 1
    outer loop
      vertex -30 5 10.3
      vertex -32.3763 2.16744 10.3
      vertex -32.0063 -0.643565 10.3
    endloop
  endfacet
  facet normal 0 0 1
    outer loop
      vertex -30 5 10.3
      vertex -32.5 5 10.3
      vertex -32.3763 2.16744 10.3
    endloop
  endfacet
  facet normal 0 0 1
    outer loop
      vertex 30 5 10.3
      vertex 32.5 5 10.3
      vertex 32.3763 7.83256 10.3
    endloop
  endfacet
  facet normal 0 0 1
    outer loop
      vertex 32.5 5 10.3
      vertex 30 5 10.3
      vertex 32.3763 2.16744 10.3
    endloop
  endfacet
  facet normal 0 0 1
    outer loop
      vertex 32.3763 2.16744 10.3
      vertex 29.8858 2.38533 10.3
      vertex 32.0063 -0.643565 10.3
    endloop
  endfacet
  facet normal -0 0 1
    outer loop
      vertex 29.5442 -0.209445 10.3
      vertex 32.0063 -0.643565 10.3
      vertex 29.8858 2.38533 10.3
    endloop
  endfacet
  facet normal 0 0 1
    outer loop
      vertex 32.3763 2.16744 10.3
      vertex 30 5 10.3
      vertex 29.8858 2.38533 10.3
    endloop
  endfacet
  facet normal 0 -0 1
    outer loop
      vertex 30 5 10.3
      vertex 32.3763 7.83256 10.3
      vertex 29.8858 7.61467 10.3
    endloop
  endfacet
  facet normal 0 0 1
    outer loop
      vertex 32.0063 -0.643565 10.3
      vertex 29.5442 -0.209445 10.3
      vertex 31.3926 -3.41162 10.3
    endloop
  endfacet
  facet normal -0 0 1
    outer loop
      vertex 28.9778 -2.76457 10.3
      vertex 31.3926 -3.41162 10.3
      vertex 29.5442 -0.209445 10.3
    endloop
  endfacet
  facet normal 0 0 1
    outer loop
      vertex 31.3926 -3.41162 10.3
      vertex 28.9778 -2.76457 10.3
      vertex 30.54 -6.11565 10.3
    endloop
  endfacet
  facet normal -0 0 1
    outer loop
      vertex 28.1908 -5.2606 10.3
      vertex 30.54 -6.11565 10.3
      vertex 28.9778 -2.76457 10.3
    endloop
  endfacet
  facet normal 0 0 1
    outer loop
      vertex 30.54 -6.11565 10.3
      vertex 28.1908 -5.2606 10.3
      vertex 29.455 -8.73509 10.3
    endloop
  endfacet
  facet normal -0 0 1
    outer loop
      vertex 27.1892 -7.67855 10.3
      vertex 29.455 -8.73509 10.3
      vertex 28.1908 -5.2606 10.3
    endloop
  endfacet
  facet normal 0 0 1
    outer loop
      vertex 29.455 -8.73509 10.3
      vertex 27.1892 -7.67855 10.3
      vertex 28.1458 -11.25 10.3
    endloop
  endfacet
  facet normal -0 0 1
    outer loop
      vertex 25.9808 -10 10.3
      vertex 28.1458 -11.25 10.3
      vertex 27.1892 -7.67855 10.3
    endloop
  endfacet
  facet normal 0 0 1
    outer loop
      vertex 28.1458 -11.25 10.3
      vertex 25.9808 -10 10.3
      vertex 26.6224 -13.6412 10.3
    endloop
  endfacet
  facet normal -0 0 1
    outer loop
      vertex 24.5746 -12.2073 10.3
      vertex 26.6224 -13.6412 10.3
      vertex 25.9808 -10 10.3
    endloop
  endfacet
  facet normal 0 0 1
    outer loop
      vertex 26.6224 -13.6412 10.3
      vertex 24.5746 -12.2073 10.3
      vertex 24.8964 -15.8906 10.3
    endloop
  endfacet
  facet normal -0 0 1
    outer loop
      vertex 22.9813 -14.2836 10.3
      vertex 24.8964 -15.8906 10.3
      vertex 24.5746 -12.2073 10.3
    endloop
  endfacet
  facet normal 0 0 1
    outer loop
      vertex 22.9813 -14.2836 10.3
      vertex 22.981 -17.981 10.3
      vertex 24.8964 -15.8906 10.3
    endloop
  endfacet
  facet normal -0 0 1
    outer loop
      vertex 21.2132 -16.2132 10.3
      vertex 22.981 -17.981 10.3
      vertex 22.9813 -14.2836 10.3
    endloop
  endfacet
  facet normal 0 0 1
    outer loop
      vertex 21.2132 -16.2132 10.3
      vertex 20.8906 -19.8964 10.3
      vertex 22.981 -17.981 10.3
    endloop
  endfacet
  facet normal -0 0 1
    outer loop
      vertex 19.2836 -17.9813 10.3
      vertex 20.8906 -19.8964 10.3
      vertex 21.2132 -16.2132 10.3
    endloop
  endfacet
  facet normal 0 0 1
    outer loop
      vertex 19.2836 -17.9813 10.3
      vertex 18.6412 -21.6224 10.3
      vertex 20.8906 -19.8964 10.3
    endloop
  endfacet
  facet normal -0 0 1
    outer loop
      vertex 17.2073 -19.5746 10.3
      vertex 18.6412 -21.6224 10.3
      vertex 19.2836 -17.9813 10.3
    endloop
  endfacet
  facet normal 0 0 1
    outer loop
      vertex 17.2073 -19.5746 10.3
      vertex 16.25 -23.1458 10.3
      vertex 18.6412 -21.6224 10.3
    endloop
  endfacet
  facet normal -0 0 1
    outer loop
      vertex 15 -20.9808 10.3
      vertex 16.25 -23.1458 10.3
      vertex 17.2073 -19.5746 10.3
    endloop
  endfacet
  facet normal 0 0 1
    outer loop
      vertex 15 -20.9808 10.3
      vertex 13.7351 -24.455 10.3
      vertex 16.25 -23.1458 10.3
    endloop
  endfacet
  facet normal -0 0 1
    outer loop
      vertex 12.6785 -22.1892 10.3
      vertex 13.7351 -24.455 10.3
      vertex 15 -20.9808 10.3
    endloop
  endfacet
  facet normal 0 0 1
    outer loop
      vertex 12.6785 -22.1892 10.3
      vertex 11.1157 -25.54 10.3
      vertex 13.7351 -24.455 10.3
    endloop
  endfacet
  facet normal -0 0 1
    outer loop
      vertex 10.2606 -23.1908 10.3
      vertex 11.1157 -25.54 10.3
      vertex 12.6785 -22.1892 10.3
    endloop
  endfacet
  facet normal 0 0 1
    outer loop
      vertex 10.2606 -23.1908 10.3
      vertex 8.41162 -26.3926 10.3
      vertex 11.1157 -25.54 10.3
    endloop
  endfacet
  facet normal -0 0 1
    outer loop
      vertex 7.76457 -23.9778 10.3
      vertex 8.41162 -26.3926 10.3
      vertex 10.2606 -23.1908 10.3
    endloop
  endfacet
  facet normal 0 0 1
    outer loop
      vertex 7.76457 -23.9778 10.3
      vertex 5.64357 -27.0063 10.3
      vertex 8.41162 -26.3926 10.3
    endloop
  endfacet
  facet normal -0 0 1
    outer loop
      vertex 5.20944 -24.5442 10.3
      vertex 5.64357 -27.0063 10.3
      vertex 7.76457 -23.9778 10.3
    endloop
  endfacet
  facet normal 0 0 1
    outer loop
      vertex 5.20944 -24.5442 10.3
      vertex 2.83256 -27.3763 10.3
      vertex 5.64357 -27.0063 10.3
    endloop
  endfacet
  facet normal -0 0 1
    outer loop
      vertex 2.61467 -24.8858 10.3
      vertex 2.83256 -27.3763 10.3
      vertex 5.20944 -24.5442 10.3
    endloop
  endfacet
  facet normal -0 0 1
    outer loop
      vertex 0 -25 10.3
      vertex 2.83256 -27.3763 10.3
      vertex 2.61467 -24.8858 10.3
    endloop
  endfacet
  facet normal 0 0 1
    outer loop
      vertex 0 -25 10.3
      vertex 0 -27.5 10.3
      vertex 2.83256 -27.3763 10.3
    endloop
  endfacet
  facet normal 0 0 1
    outer loop
      vertex -2.61467 -24.8858 10.3
      vertex 0 -27.5 10.3
      vertex 0 -25 10.3
    endloop
  endfacet
  facet normal 0 0 1
    outer loop
      vertex -2.61467 -24.8858 10.3
      vertex -2.83256 -27.3763 10.3
      vertex 0 -27.5 10.3
    endloop
  endfacet
  facet normal 0 0 1
    outer loop
      vertex -5.20944 -24.5442 10.3
      vertex -2.83256 -27.3763 10.3
      vertex -2.61467 -24.8858 10.3
    endloop
  endfacet
  facet normal 0 0 1
    outer loop
      vertex -5.20944 -24.5442 10.3
      vertex -5.64357 -27.0063 10.3
      vertex -2.83256 -27.3763 10.3
    endloop
  endfacet
  facet normal 0 0 1
    outer loop
      vertex -7.76457 -23.9778 10.3
      vertex -5.64357 -27.0063 10.3
      vertex -5.20944 -24.5442 10.3
    endloop
  endfacet
  facet normal 0 0 1
    outer loop
      vertex -7.76457 -23.9778 10.3
      vertex -8.41162 -26.3926 10.3
      vertex -5.64357 -27.0063 10.3
    endloop
  endfacet
  facet normal 0 0 1
    outer loop
      vertex -10.2606 -23.1908 10.3
      vertex -8.41162 -26.3926 10.3
      vertex -7.76457 -23.9778 10.3
    endloop
  endfacet
  facet normal 0 0 1
    outer loop
      vertex -10.2606 -23.1908 10.3
      vertex -11.1157 -25.54 10.3
      vertex -8.41162 -26.3926 10.3
    endloop
  endfacet
  facet normal 0 0 1
    outer loop
      vertex -12.6785 -22.1892 10.3
      vertex -11.1157 -25.54 10.3
      vertex -10.2606 -23.1908 10.3
    endloop
  endfacet
  facet normal 0 0 1
    outer loop
      vertex -12.6785 -22.1892 10.3
      vertex -13.7351 -24.455 10.3
      vertex -11.1157 -25.54 10.3
    endloop
  endfacet
  facet normal 0 0 1
    outer loop
      vertex -15 -20.9808 10.3
      vertex -13.7351 -24.455 10.3
      vertex -12.6785 -22.1892 10.3
    endloop
  endfacet
  facet normal 0 0 1
    outer loop
      vertex -15 -20.9808 10.3
      vertex -16.25 -23.1458 10.3
      vertex -13.7351 -24.455 10.3
    endloop
  endfacet
  facet normal 0 0 1
    outer loop
      vertex -17.2073 -19.5746 10.3
      vertex -16.25 -23.1458 10.3
      vertex -15 -20.9808 10.3
    endloop
  endfacet
  facet normal 0 0 1
    outer loop
      vertex -17.2073 -19.5746 10.3
      vertex -18.6412 -21.6224 10.3
      vertex -16.25 -23.1458 10.3
    endloop
  endfacet
  facet normal 0 0 1
    outer loop
      vertex -19.2836 -17.9813 10.3
      vertex -18.6412 -21.6224 10.3
      vertex -17.2073 -19.5746 10.3
    endloop
  endfacet
  facet normal 0 0 1
    outer loop
      vertex -19.2836 -17.9813 10.3
      vertex -20.8906 -19.8964 10.3
      vertex -18.6412 -21.6224 10.3
    endloop
  endfacet
  facet normal 0 0 1
    outer loop
      vertex -21.2132 -16.2132 10.3
      vertex -20.8906 -19.8964 10.3
      vertex -19.2836 -17.9813 10.3
    endloop
  endfacet
  facet normal 0 0 1
    outer loop
      vertex -21.2132 -16.2132 10.3
      vertex -22.981 -17.981 10.3
      vertex -20.8906 -19.8964 10.3
    endloop
  endfacet
  facet normal 0 0 1
    outer loop
      vertex -22.9813 -14.2836 10.3
      vertex -22.981 -17.981 10.3
      vertex -21.2132 -16.2132 10.3
    endloop
  endfacet
  facet normal 0 0 1
    outer loop
      vertex -24.8964 -15.8906 10.3
      vertex -22.9813 -14.2836 10.3
      vertex -24.5746 -12.2073 10.3
    endloop
  endfacet
  facet normal 0 0 1
    outer loop
      vertex -22.9813 -14.2836 10.3
      vertex -24.8964 -15.8906 10.3
      vertex -22.981 -17.981 10.3
    endloop
  endfacet
  facet normal 0 0 1
    outer loop
      vertex -26.6224 -13.6412 10.3
      vertex -24.5746 -12.2073 10.3
      vertex -25.9808 -10 10.3
    endloop
  endfacet
  facet normal 0 0 1
    outer loop
      vertex -24.5746 -12.2073 10.3
      vertex -26.6224 -13.6412 10.3
      vertex -24.8964 -15.8906 10.3
    endloop
  endfacet
  facet normal 0 0 1
    outer loop
      vertex -28.1458 -11.25 10.3
      vertex -25.9808 -10 10.3
      vertex -27.1892 -7.67855 10.3
    endloop
  endfacet
  facet normal 0 0 1
    outer loop
      vertex -25.9808 -10 10.3
      vertex -28.1458 -11.25 10.3
      vertex -26.6224 -13.6412 10.3
    endloop
  endfacet
  facet normal 0 0 1
    outer loop
      vertex -29.455 -8.73509 10.3
      vertex -27.1892 -7.67855 10.3
      vertex -28.1908 -5.2606 10.3
    endloop
  endfacet
  facet normal 0 0 1
    outer loop
      vertex -30.54 -6.11565 10.3
      vertex -28.1908 -5.2606 10.3
      vertex -28.9778 -2.76457 10.3
    endloop
  endfacet
  facet normal 0 0 1
    outer loop
      vertex -27.1892 -7.67855 10.3
      vertex -29.455 -8.73509 10.3
      vertex -28.1458 -11.25 10.3
    endloop
  endfacet
  facet normal 0 0 1
    outer loop
      vertex -30.54 -6.11565 10.3
      vertex -28.9778 -2.76457 10.3
      vertex -29.5442 -0.209445 10.3
    endloop
  endfacet
  facet normal 0 0 1
    outer loop
      vertex -30.54 -6.11565 10.3
      vertex -29.5442 -0.209445 10.3
      vertex -29.8858 2.38533 10.3
    endloop
  endfacet
  facet normal 0 0 1
    outer loop
      vertex -30.54 -6.11565 10.3
      vertex -29.8858 2.38533 10.3
      vertex -30 5 10.3
    endloop
  endfacet
  facet normal 0 0 1
    outer loop
      vertex -28.1908 -5.2606 10.3
      vertex -30.54 -6.11565 10.3
      vertex -29.455 -8.73509 10.3
    endloop
  endfacet
  facet normal -0 -0 1
    outer loop
      vertex -32.4345 3.5 10.3
      vertex -32.3763 2.16744 10.3
      vertex -32.5 5 10.3
    endloop
  endfacet
  facet normal -0.999048 -0.0436337 -0
    outer loop
      vertex -32.3763 2.16744 10.3
      vertex -32.4345 3.5 10.3
      vertex -32.3763 2.16744 0.8
    endloop
  endfacet
  facet normal -0.999048 -0.0436337 0
    outer loop
      vertex -32.4345 3.5 0.8
      vertex -32.3763 2.16744 0.8
      vertex -32.4345 3.5 10.3
    endloop
  endfacet
  facet normal -0.706747 -0.0308693 -0.706793
    outer loop
      vertex -31.9345 3.5 0.3
      vertex -31.8782 2.21102 0.3
      vertex -32.1656 3.5 0.531085
    endloop
  endfacet
  facet normal -0.706767 -0.0308774 -0.706772
    outer loop
      vertex -32.3763 2.16744 0.8
      vertex -32.1656 3.5 0.531085
      vertex -31.8782 2.21102 0.3
    endloop
  endfacet
  facet normal -0.70679 -0.0308693 -0.70675
    outer loop
      vertex -32.1656 3.5 0.531085
      vertex -32.3763 2.16744 0.8
      vertex -32.4345 3.5 0.8
    endloop
  endfacet
  facet normal 0.701389 0.0923373 -0.706772
    outer loop
      vertex -29.8858 2.38533 0.8
      vertex -29.5442 -0.209445 0.8
      vertex -30.3839 2.34175 0.3
    endloop
  endfacet
  facet normal 0.701394 0.0923398 -0.706767
    outer loop
      vertex -29.5442 -0.209445 0.8
      vertex -30.0366 -0.296269 0.3
      vertex -30.3839 2.34175 0.3
    endloop
  endfacet
  facet normal 0.991445 0.130523 0
    outer loop
      vertex -29.5442 -0.209445 10.3
      vertex -29.8858 2.38533 0.8
      vertex -29.8858 2.38533 10.3
    endloop
  endfacet
  facet normal 0.991445 0.130523 0
    outer loop
      vertex -29.8858 2.38533 0.8
      vertex -29.5442 -0.209445 10.3
      vertex -29.5442 -0.209445 0.8
    endloop
  endfacet
  facet normal -0.991448 -0.1305 0
    outer loop
      vertex -32.0063 -0.643565 0.8
      vertex -32.3763 2.16744 10.3
      vertex -32.3763 2.16744 0.8
    endloop
  endfacet
  facet normal -0.991448 -0.1305 0
    outer loop
      vertex -32.3763 2.16744 10.3
      vertex -32.0063 -0.643565 0.8
      vertex -32.0063 -0.643565 10.3
    endloop
  endfacet
  facet normal -0.701389 -0.092344 -0.706772
    outer loop
      vertex -31.8782 2.21102 0.3
      vertex -31.5138 -0.556741 0.3
      vertex -32.3763 2.16744 0.8
    endloop
  endfacet
  facet normal -0.701327 -0.0923125 -0.706837
    outer loop
      vertex -31.5138 -0.556741 0.3
      vertex -32.0063 -0.643565 0.8
      vertex -32.3763 2.16744 0.8
    endloop
  endfacet
  facet normal 0.69068 0.153104 -0.706768
    outer loop
      vertex -29.5442 -0.209445 0.8
      vertex -28.9778 -2.76457 0.8
      vertex -30.0366 -0.296269 0.3
    endloop
  endfacet
  facet normal 0.690716 0.153128 -0.706727
    outer loop
      vertex -28.9778 -2.76457 0.8
      vertex -29.4607 -2.89398 0.3
      vertex -30.0366 -0.296269 0.3
    endloop
  endfacet
  facet normal 0.976301 0.216419 0
    outer loop
      vertex -28.9778 -2.76457 10.3
      vertex -29.5442 -0.209445 0.8
      vertex -29.5442 -0.209445 10.3
    endloop
  endfacet
  facet normal 0.976301 0.216419 0
    outer loop
      vertex -29.5442 -0.209445 0.8
      vertex -28.9778 -2.76457 10.3
      vertex -28.9778 -2.76457 0.8
    endloop
  endfacet
  facet normal -0.976293 -0.216452 0
    outer loop
      vertex -31.3926 -3.41162 0.8
      vertex -32.0063 -0.643565 10.3
      vertex -32.0063 -0.643565 0.8
    endloop
  endfacet
  facet normal -0.976293 -0.216452 0
    outer loop
      vertex -32.0063 -0.643565 10.3
      vertex -31.3926 -3.41162 0.8
      vertex -31.3926 -3.41162 10.3
    endloop
  endfacet
  facet normal -0.69061 -0.153099 -0.706837
    outer loop
      vertex -31.5138 -0.556741 0.3
      vertex -30.9096 -3.28221 0.3
      vertex -32.0063 -0.643565 0.8
    endloop
  endfacet
  facet normal -0.690647 -0.153122 -0.706796
    outer loop
      vertex -30.9096 -3.28221 0.3
      vertex -31.3926 -3.41162 0.8
      vertex -32.0063 -0.643565 0.8
    endloop
  endfacet
  facet normal 0.674741 0.212746 -0.706728
    outer loop
      vertex -28.9778 -2.76457 0.8
      vertex -28.1908 -5.2606 0.8
      vertex -29.4607 -2.89398 0.3
    endloop
  endfacet
  facet normal 0.674731 0.212739 -0.706739
    outer loop
      vertex -28.1908 -5.2606 0.8
      vertex -28.6606 -5.43161 0.3
      vertex -29.4607 -2.89398 0.3
    endloop
  endfacet
  facet normal 0.953716 0.300707 0
    outer loop
      vertex -28.1908 -5.2606 10.3
      vertex -28.9778 -2.76457 0.8
      vertex -28.9778 -2.76457 10.3
    endloop
  endfacet
  facet normal 0.953716 0.300707 0
    outer loop
      vertex -28.9778 -2.76457 0.8
      vertex -28.1908 -5.2606 10.3
      vertex -28.1908 -5.2606 0.8
    endloop
  endfacet
  facet normal -0.953715 -0.300713 0
    outer loop
      vertex -30.54 -6.11565 0.8
      vertex -31.3926 -3.41162 10.3
      vertex -31.3926 -3.41162 0.8
    endloop
  endfacet
  facet normal -0.953715 -0.300713 0
    outer loop
      vertex -31.3926 -3.41162 10.3
      vertex -30.54 -6.11565 0.8
      vertex -30.54 -6.11565 10.3
    endloop
  endfacet
  facet normal -0.674681 -0.212711 -0.706796
    outer loop
      vertex -30.9096 -3.28221 0.3
      vertex -30.0702 -5.94464 0.3
      vertex -31.3926 -3.41162 0.8
    endloop
  endfacet
  facet normal -0.674729 -0.212747 -0.706739
    outer loop
      vertex -30.0702 -5.94464 0.3
      vertex -30.54 -6.11565 0.8
      vertex -31.3926 -3.41162 0.8
    endloop
  endfacet
  facet normal 0.653616 0.270751 -0.706739
    outer loop
      vertex -28.1908 -5.2606 0.8
      vertex -27.1892 -7.67855 0.8
      vertex -28.6606 -5.43161 0.3
    endloop
  endfacet
  facet normal 0.653568 0.270706 -0.7068
    outer loop
      vertex -27.1892 -7.67855 0.8
      vertex -27.6424 -7.88986 0.3
      vertex -28.6606 -5.43161 0.3
    endloop
  endfacet
  facet normal 0.923872 0.3827 0
    outer loop
      vertex -27.1892 -7.67855 10.3
      vertex -28.1908 -5.2606 0.8
      vertex -28.1908 -5.2606 10.3
    endloop
  endfacet
  facet normal 0.923872 0.3827 0
    outer loop
      vertex -28.1908 -5.2606 0.8
      vertex -27.1892 -7.67855 10.3
      vertex -27.1892 -7.67855 0.8
    endloop
  endfacet
  facet normal -0.92388 -0.382681 0
    outer loop
      vertex -29.455 -8.73509 0.8
      vertex -30.54 -6.11565 10.3
      vertex -30.54 -6.11565 0.8
    endloop
  endfacet
  facet normal -0.92388 -0.382681 0
    outer loop
      vertex -30.54 -6.11565 10.3
      vertex -29.455 -8.73509 0.8
      vertex -29.455 -8.73509 10.3
    endloop
  endfacet
  facet normal -0.653622 -0.270735 -0.70674
    outer loop
      vertex -30.0702 -5.94464 0.3
      vertex -29.0019 -8.52378 0.3
      vertex -30.54 -6.11565 0.8
    endloop
  endfacet
  facet normal -0.653625 -0.270739 -0.706735
    outer loop
      vertex -29.0019 -8.52378 0.3
      vertex -29.455 -8.73509 0.8
      vertex -30.54 -6.11565 0.8
    endloop
  endfacet
  facet normal 0.627491 0.326632 -0.7068
    outer loop
      vertex -27.1892 -7.67855 0.8
      vertex -25.9808 -10 0.8
      vertex -27.6424 -7.88986 0.3
    endloop
  endfacet
  facet normal 0.627518 0.326662 -0.706762
    outer loop
      vertex -25.9808 -10 0.8
      vertex -26.4138 -10.25 0.3
      vertex -27.6424 -7.88986 0.3
    endloop
  endfacet
  facet normal 0.887022 0.461727 0
    outer loop
      vertex -25.9808 -10 10.3
      vertex -27.1892 -7.67855 0.8
      vertex -27.1892 -7.67855 10.3
    endloop
  endfacet
  facet normal 0.887022 0.461727 0
    outer loop
      vertex -27.1892 -7.67855 0.8
      vertex -25.9808 -10 10.3
      vertex -25.9808 -10 0.8
    endloop
  endfacet
  facet normal -0.887008 -0.461754 0
    outer loop
      vertex -28.1458 -11.25 0.8
      vertex -29.455 -8.73509 10.3
      vertex -29.455 -8.73509 0.8
    endloop
  endfacet
  facet normal -0.887008 -0.461754 0
    outer loop
      vertex -29.455 -8.73509 10.3
      vertex -28.1458 -11.25 0.8
      vertex -28.1458 -11.25 10.3
    endloop
  endfacet
  facet normal -0.627534 -0.326689 -0.706736
    outer loop
      vertex -29.0019 -8.52378 0.3
      vertex -27.7128 -11 0.3
      vertex -29.455 -8.73509 0.8
    endloop
  endfacet
  facet normal -0.627515 -0.326669 -0.706762
    outer loop
      vertex -27.7128 -11 0.3
      vertex -28.1458 -11.25 0.8
      vertex -29.455 -8.73509 0.8
    endloop
  endfacet
  facet normal 0.596659 0.380112 -0.706762
    outer loop
      vertex -25.9808 -10 0.8
      vertex -24.5746 -12.2073 0.8
      vertex -26.4138 -10.25 0.3
    endloop
  endfacet
  facet normal 0.59668 0.38014 -0.706729
    outer loop
      vertex -24.5746 -12.2073 0.8
      vertex -24.9841 -12.4941 0.3
      vertex -26.4138 -10.25 0.3
    endloop
  endfacet
  facet normal 0.843392 0.537298 0
    outer loop
      vertex -24.5746 -12.2073 10.3
      vertex -25.9808 -10 0.8
      vertex -25.9808 -10 10.3
    endloop
  endfacet
  facet normal 0.843392 0.537298 0
    outer loop
      vertex -25.9808 -10 0.8
      vertex -24.5746 -12.2073 10.3
      vertex -24.5746 -12.2073 0.8
    endloop
  endfacet
  facet normal -0.843385 -0.537309 0
    outer loop
      vertex -26.6224 -13.6412 0.8
      vertex -28.1458 -11.25 10.3
      vertex -28.1458 -11.25 0.8
    endloop
  endfacet
  facet normal -0.843385 -0.537309 0
    outer loop
      vertex -28.1458 -11.25 10.3
      vertex -26.6224 -13.6412 0.8
      vertex -26.6224 -13.6412 10.3
    endloop
  endfacet
  facet normal -0.59666 -0.38011 -0.706763
    outer loop
      vertex -27.7128 -11 0.3
      vertex -26.2129 -13.3544 0.3
      vertex -28.1458 -11.25 0.8
    endloop
  endfacet
  facet normal -0.596682 -0.380138 -0.706729
    outer loop
      vertex -26.2129 -13.3544 0.3
      vertex -26.6224 -13.6412 0.8
      vertex -28.1458 -11.25 0.8
    endloop
  endfacet
  facet normal 0.56127 0.430704 -0.706732
    outer loop
      vertex -24.5746 -12.2073 0.8
      vertex -22.9813 -14.2836 0.8
      vertex -24.9841 -12.4941 0.3
    endloop
  endfacet
  facet normal 0.561222 0.430628 -0.706816
    outer loop
      vertex -22.9813 -14.2836 0.8
      vertex -23.3644 -14.605 0.3
      vertex -24.9841 -12.4941 0.3
    endloop
  endfacet
  facet normal 0.793335 0.608785 0
    outer loop
      vertex -22.9813 -14.2836 10.3
      vertex -24.5746 -12.2073 0.8
      vertex -24.5746 -12.2073 10.3
    endloop
  endfacet
  facet normal 0.793335 0.608785 0
    outer loop
      vertex -24.5746 -12.2073 0.8
      vertex -22.9813 -14.2836 10.3
      vertex -22.9813 -14.2836 0.8
    endloop
  endfacet
  facet normal -0.793358 -0.608756 0
    outer loop
      vertex -24.8964 -15.8906 0.8
      vertex -26.6224 -13.6412 10.3
      vertex -26.6224 -13.6412 0.8
    endloop
  endfacet
  facet normal -0.793358 -0.608756 0
    outer loop
      vertex -26.6224 -13.6412 10.3
      vertex -24.8964 -15.8906 0.8
      vertex -24.8964 -15.8906 10.3
    endloop
  endfacet
  facet normal -0.56128 -0.430691 -0.706732
    outer loop
      vertex -26.2129 -13.3544 0.3
      vertex -24.5134 -15.5692 0.3
      vertex -26.6224 -13.6412 0.8
    endloop
  endfacet
  facet normal -0.561263 -0.430666 -0.70676
    outer loop
      vertex -24.5134 -15.5692 0.3
      vertex -24.8964 -15.8906 0.8
      vertex -26.6224 -13.6412 0.8
    endloop
  endfacet
  facet normal 0.521557 0.477905 -0.706814
    outer loop
      vertex -22.9813 -14.2836 0.8
      vertex -21.2132 -16.2132 0.8
      vertex -23.3644 -14.605 0.3
    endloop
  endfacet
  facet normal 0.521556 0.477902 -0.706816
    outer loop
      vertex -21.2132 -16.2132 0.8
      vertex -21.5668 -16.5668 0.3
      vertex -23.3644 -14.605 0.3
    endloop
  endfacet
  facet normal 0.737287 0.675579 0
    outer loop
      vertex -21.2132 -16.2132 10.3
      vertex -22.9813 -14.2836 0.8
      vertex -22.9813 -14.2836 10.3
    endloop
  endfacet
  facet normal 0.737287 0.675579 0
    outer loop
      vertex -22.9813 -14.2836 0.8
      vertex -21.2132 -16.2132 10.3
      vertex -21.2132 -16.2132 0.8
    endloop
  endfacet
  facet normal -0.737295 -0.675571 0
    outer loop
      vertex -22.981 -17.981 0.8
      vertex -24.8964 -15.8906 10.3
      vertex -24.8964 -15.8906 0.8
    endloop
  endfacet
  facet normal -0.737295 -0.675571 0
    outer loop
      vertex -24.8964 -15.8906 10.3
      vertex -22.981 -17.981 0.8
      vertex -22.981 -17.981 10.3
    endloop
  endfacet
  facet normal -0.521587 -0.477949 -0.706761
    outer loop
      vertex -24.5134 -15.5692 0.3
      vertex -22.6274 -17.6274 0.3
      vertex -24.8964 -15.8906 0.8
    endloop
  endfacet
  facet normal -0.52156 -0.477897 -0.706816
    outer loop
      vertex -22.6274 -17.6274 0.3
      vertex -22.981 -17.981 0.8
      vertex -24.8964 -15.8906 0.8
    endloop
  endfacet
  facet normal 0.477903 0.521555 -0.706816
    outer loop
      vertex -21.2132 -16.2132 0.8
      vertex -19.2836 -17.9813 0.8
      vertex -21.5668 -16.5668 0.3
    endloop
  endfacet
  facet normal 0.477904 0.521557 -0.706814
    outer loop
      vertex -19.2836 -17.9813 0.8
      vertex -19.605 -18.3644 0.3
      vertex -21.5668 -16.5668 0.3
    endloop
  endfacet
  facet normal 0.675579 0.737287 -0
    outer loop
      vertex -19.2836 -17.9813 0.8
      vertex -21.2132 -16.2132 10.3
      vertex -19.2836 -17.9813 10.3
    endloop
  endfacet
  facet normal 0.675579 0.737287 0
    outer loop
      vertex -21.2132 -16.2132 10.3
      vertex -19.2836 -17.9813 0.8
      vertex -21.2132 -16.2132 0.8
    endloop
  endfacet
  facet normal -0.675571 -0.737295 0
    outer loop
      vertex -22.981 -17.981 0.8
      vertex -20.8906 -19.8964 10.3
      vertex -22.981 -17.981 10.3
    endloop
  endfacet
  facet normal -0.675571 -0.737295 -0
    outer loop
      vertex -20.8906 -19.8964 10.3
      vertex -22.981 -17.981 0.8
      vertex -20.8906 -19.8964 0.8
    endloop
  endfacet
  facet normal -0.477911 -0.521547 -0.706817
    outer loop
      vertex -22.6274 -17.6274 0.3
      vertex -20.5692 -19.5134 0.3
      vertex -22.981 -17.981 0.8
    endloop
  endfacet
  facet normal -0.477934 -0.5216 -0.706762
    outer loop
      vertex -20.5692 -19.5134 0.3
      vertex -20.8906 -19.8964 0.8
      vertex -22.981 -17.981 0.8
    endloop
  endfacet
  facet normal 0.430653 0.561203 -0.706817
    outer loop
      vertex -19.2836 -17.9813 0.8
      vertex -17.2073 -19.5746 0.8
      vertex -19.605 -18.3644 0.3
    endloop
  endfacet
  facet normal 0.430679 0.561289 -0.706733
    outer loop
      vertex -17.2073 -19.5746 0.8
      vertex -17.4941 -19.9841 0.3
      vertex -19.605 -18.3644 0.3
    endloop
  endfacet
  facet normal 0.608785 0.793335 -0
    outer loop
      vertex -17.2073 -19.5746 0.8
      vertex -19.2836 -17.9813 10.3
      vertex -17.2073 -19.5746 10.3
    endloop
  endfacet
  facet normal 0.608785 0.793335 0
    outer loop
      vertex -19.2836 -17.9813 10.3
      vertex -17.2073 -19.5746 0.8
      vertex -19.2836 -17.9813 0.8
    endloop
  endfacet
  facet normal -0.608756 -0.793358 0
    outer loop
      vertex -20.8906 -19.8964 0.8
      vertex -18.6412 -21.6224 10.3
      vertex -20.8906 -19.8964 10.3
    endloop
  endfacet
  facet normal -0.608756 -0.793358 -0
    outer loop
      vertex -18.6412 -21.6224 10.3
      vertex -20.8906 -19.8964 0.8
      vertex -18.6412 -21.6224 0.8
    endloop
  endfacet
  facet normal -0.430674 -0.561257 -0.70676
    outer loop
      vertex -20.5692 -19.5134 0.3
      vertex -18.3544 -21.2129 0.3
      vertex -20.8906 -19.8964 0.8
    endloop
  endfacet
  facet normal -0.430683 -0.561285 -0.706733
    outer loop
      vertex -18.3544 -21.2129 0.3
      vertex -18.6412 -21.6224 0.8
      vertex -20.8906 -19.8964 0.8
    endloop
  endfacet
  facet normal 0.38013 0.596687 -0.706729
    outer loop
      vertex -17.2073 -19.5746 0.8
      vertex -15 -20.9808 0.8
      vertex -17.4941 -19.9841 0.3
    endloop
  endfacet
  facet normal 0.380123 0.596652 -0.706762
    outer loop
      vertex -15 -20.9808 0.8
      vertex -15.25 -21.4138 0.3
      vertex -17.4941 -19.9841 0.3
    endloop
  endfacet
  facet normal 0.537298 0.843392 -0
    outer loop
      vertex -15 -20.9808 0.8
      vertex -17.2073 -19.5746 10.3
      vertex -15 -20.9808 10.3
    endloop
  endfacet
  facet normal 0.537298 0.843392 0
    outer loop
      vertex -17.2073 -19.5746 10.3
      vertex -15 -20.9808 0.8
      vertex -17.2073 -19.5746 0.8
    endloop
  endfacet
  facet normal -0.537309 -0.843385 0
    outer loop
      vertex -18.6412 -21.6224 0.8
      vertex -16.25 -23.1458 10.3
      vertex -18.6412 -21.6224 10.3
    endloop
  endfacet
  facet normal -0.537309 -0.843385 -0
    outer loop
      vertex -16.25 -23.1458 10.3
      vertex -18.6412 -21.6224 0.8
      vertex -16.25 -23.1458 0.8
    endloop
  endfacet
  facet normal -0.380128 -0.596688 -0.706729
    outer loop
      vertex -18.3544 -21.2129 0.3
      vertex -16 -22.7128 0.3
      vertex -18.6412 -21.6224 0.8
    endloop
  endfacet
  facet normal -0.38012 -0.596654 -0.706762
    outer loop
      vertex -16 -22.7128 0.3
      vertex -16.25 -23.1458 0.8
      vertex -18.6412 -21.6224 0.8
    endloop
  endfacet
  facet normal 0.326644 0.627528 -0.706762
    outer loop
      vertex -15 -20.9808 0.8
      vertex -12.6785 -22.1892 0.8
      vertex -15.25 -21.4138 0.3
    endloop
  endfacet
  facet normal 0.326636 0.627457 -0.706829
    outer loop
      vertex -12.6785 -22.1892 0.8
      vertex -12.8899 -22.6424 0.3
      vertex -15.25 -21.4138 0.3
    endloop
  endfacet
  facet normal 0.46172 0.887026 -0
    outer loop
      vertex -12.6785 -22.1892 0.8
      vertex -15 -20.9808 10.3
      vertex -12.6785 -22.1892 10.3
    endloop
  endfacet
  facet normal 0.46172 0.887026 0
    outer loop
      vertex -15 -20.9808 10.3
      vertex -12.6785 -22.1892 0.8
      vertex -15 -20.9808 0.8
    endloop
  endfacet
  facet normal -0.461756 -0.887007 0
    outer loop
      vertex -16.25 -23.1458 0.8
      vertex -13.7351 -24.455 10.3
      vertex -16.25 -23.1458 10.3
    endloop
  endfacet
  facet normal -0.461756 -0.887007 -0
    outer loop
      vertex -13.7351 -24.455 10.3
      vertex -16.25 -23.1458 0.8
      vertex -13.7351 -24.455 0.8
    endloop
  endfacet
  facet normal -0.326679 -0.627509 -0.706762
    outer loop
      vertex -16 -22.7128 0.3
      vertex -13.5238 -24.0019 0.3
      vertex -16.25 -23.1458 0.8
    endloop
  endfacet
  facet normal -0.326683 -0.62754 -0.706733
    outer loop
      vertex -13.5238 -24.0019 0.3
      vertex -13.7351 -24.455 0.8
      vertex -16.25 -23.1458 0.8
    endloop
  endfacet
  facet normal 0.270723 0.653535 -0.706825
    outer loop
      vertex -12.6785 -22.1892 0.8
      vertex -10.2606 -23.1908 0.8
      vertex -12.8899 -22.6424 0.3
    endloop
  endfacet
  facet normal 0.270725 0.653628 -0.706737
    outer loop
      vertex -10.2606 -23.1908 0.8
      vertex -10.4316 -23.6606 0.3
      vertex -12.8899 -22.6424 0.3
    endloop
  endfacet
  facet normal 0.382707 0.92387 -0
    outer loop
      vertex -10.2606 -23.1908 0.8
      vertex -12.6785 -22.1892 10.3
      vertex -10.2606 -23.1908 10.3
    endloop
  endfacet
  facet normal 0.382707 0.92387 0
    outer loop
      vertex -12.6785 -22.1892 10.3
      vertex -10.2606 -23.1908 0.8
      vertex -12.6785 -22.1892 0.8
    endloop
  endfacet
  facet normal -0.382686 -0.923878 0
    outer loop
      vertex -13.7351 -24.455 0.8
      vertex -11.1157 -25.54 10.3
      vertex -13.7351 -24.455 10.3
    endloop
  endfacet
  facet normal -0.382686 -0.923878 -0
    outer loop
      vertex -11.1157 -25.54 10.3
      vertex -13.7351 -24.455 0.8
      vertex -11.1157 -25.54 0.8
    endloop
  endfacet
  facet normal -0.270733 -0.653631 -0.706732
    outer loop
      vertex -13.5238 -24.0019 0.3
      vertex -10.9446 -25.0702 0.3
      vertex -13.7351 -24.455 0.8
    endloop
  endfacet
  facet normal -0.270731 -0.653597 -0.706764
    outer loop
      vertex -10.9446 -25.0702 0.3
      vertex -11.1157 -25.54 0.8
      vertex -13.7351 -24.455 0.8
    endloop
  endfacet
  facet normal 0.212744 0.674732 -0.706737
    outer loop
      vertex -10.2606 -23.1908 0.8
      vertex -7.76457 -23.9778 0.8
      vertex -10.4316 -23.6606 0.3
    endloop
  endfacet
  facet normal 0.212743 0.674742 -0.706728
    outer loop
      vertex -7.76457 -23.9778 0.8
      vertex -7.89398 -24.4607 0.3
      vertex -10.4316 -23.6606 0.3
    endloop
  endfacet
  facet normal 0.300707 0.953716 -0
    outer loop
      vertex -7.76457 -23.9778 0.8
      vertex -10.2606 -23.1908 10.3
      vertex -7.76457 -23.9778 10.3
    endloop
  endfacet
  facet normal 0.300707 0.953716 0
    outer loop
      vertex -10.2606 -23.1908 10.3
      vertex -7.76457 -23.9778 0.8
      vertex -10.2606 -23.1908 0.8
    endloop
  endfacet
  facet normal -0.300708 -0.953716 0
    outer loop
      vertex -11.1157 -25.54 0.8
      vertex -8.41162 -26.3926 10.3
      vertex -11.1157 -25.54 10.3
    endloop
  endfacet
  facet normal -0.300708 -0.953716 -0
    outer loop
      vertex -8.41162 -26.3926 10.3
      vertex -11.1157 -25.54 0.8
      vertex -8.41162 -26.3926 0.8
    endloop
  endfacet
  facet normal -0.212725 -0.674716 -0.706758
    outer loop
      vertex -10.9446 -25.0702 0.3
      vertex -8.28221 -25.9096 0.3
      vertex -11.1157 -25.54 0.8
    endloop
  endfacet
  facet normal -0.212726 -0.674676 -0.706795
    outer loop
      vertex -8.28221 -25.9096 0.3
      vertex -8.41162 -26.3926 0.8
      vertex -11.1157 -25.54 0.8
    endloop
  endfacet
  facet normal 0.153113 0.69072 -0.706726
    outer loop
      vertex -7.76457 -23.9778 0.8
      vertex -5.20944 -24.5442 0.8
      vertex -7.89398 -24.4607 0.3
    endloop
  endfacet
  facet normal 0.15312 0.690676 -0.706768
    outer loop
      vertex -5.20944 -24.5442 0.8
      vertex -5.29627 -25.0366 0.3
      vertex -7.89398 -24.4607 0.3
    endloop
  endfacet
  facet normal 0.216418 0.976301 -0
    outer loop
      vertex -5.20944 -24.5442 0.8
      vertex -7.76457 -23.9778 10.3
      vertex -5.20944 -24.5442 10.3
    endloop
  endfacet
  facet normal 0.216418 0.976301 0
    outer loop
      vertex -7.76457 -23.9778 10.3
      vertex -5.20944 -24.5442 0.8
      vertex -7.76457 -23.9778 0.8
    endloop
  endfacet
  facet normal -0.216452 -0.976293 0
    outer loop
      vertex -8.41162 -26.3926 0.8
      vertex -5.64357 -27.0063 10.3
      vertex -8.41162 -26.3926 10.3
    endloop
  endfacet
  facet normal -0.216452 -0.976293 -0
    outer loop
      vertex -5.64357 -27.0063 10.3
      vertex -8.41162 -26.3926 0.8
      vertex -5.64357 -27.0063 0.8
    endloop
  endfacet
  facet normal -0.153108 -0.69065 -0.706796
    outer loop
      vertex -8.28221 -25.9096 0.3
      vertex -5.55674 -26.5138 0.3
      vertex -8.41162 -26.3926 0.8
    endloop
  endfacet
  facet normal -0.153113 -0.690607 -0.706837
    outer loop
      vertex -5.55674 -26.5138 0.3
      vertex -5.64357 -27.0063 0.8
      vertex -8.41162 -26.3926 0.8
    endloop
  endfacet
  facet normal 0.0923381 0.701394 -0.706768
    outer loop
      vertex -5.20944 -24.5442 0.8
      vertex -2.61467 -24.8858 0.8
      vertex -5.29627 -25.0366 0.3
    endloop
  endfacet
  facet normal 0.0923391 0.701389 -0.706772
    outer loop
      vertex -2.61467 -24.8858 0.8
      vertex -2.65825 -25.3839 0.3
      vertex -5.29627 -25.0366 0.3
    endloop
  endfacet
  facet normal 0.130523 0.991445 -0
    outer loop
      vertex -2.61467 -24.8858 0.8
      vertex -5.20944 -24.5442 10.3
      vertex -2.61467 -24.8858 10.3
    endloop
  endfacet
  facet normal 0.130523 0.991445 0
    outer loop
      vertex -5.20944 -24.5442 10.3
      vertex -2.61467 -24.8858 0.8
      vertex -5.20944 -24.5442 0.8
    endloop
  endfacet
  facet normal 0 0 1
    outer loop
      vertex -5.64357 -27.0063 10.3
      vertex -3.5 -27.2885 10.3
      vertex -2.83256 -27.3763 10.3
    endloop
  endfacet
  facet normal -0.130523 -0.991445 0
    outer loop
      vertex -5.64357 -27.0063 0.8
      vertex -3.5 -27.2885 10.3
      vertex -5.64357 -27.0063 10.3
    endloop
  endfacet
  facet normal -0.130523 -0.991445 -0
    outer loop
      vertex -3.5 -27.2885 10.3
      vertex -5.64357 -27.0063 0.8
      vertex -3.5 -27.2885 0.8
    endloop
  endfacet
  facet normal -0.0923466 -0.701377 -0.706783
    outer loop
      vertex -3.5 -26.9101 0.42454
      vertex -5.55674 -26.5138 0.3
      vertex -3.5 -26.7846 0.3
    endloop
  endfacet
  facet normal -0.0923329 -0.701323 -0.706838
    outer loop
      vertex -5.55674 -26.5138 0.3
      vertex -3.5 -26.9101 0.42454
      vertex -5.64357 -27.0063 0.8
    endloop
  endfacet
  facet normal -0.0923304 -0.701335 -0.706827
    outer loop
      vertex -3.5 -26.9101 0.42454
      vertex -3.5 -27.2885 0.8
      vertex -5.64357 -27.0063 0.8
    endloop
  endfacet
  facet normal 0.0308692 0.706767 -0.706772
    outer loop
      vertex -2.61467 -24.8858 0.8
      vertex 0 -25 0.8
      vertex -2.65825 -25.3839 0.3
    endloop
  endfacet
  facet normal 0.0308684 0.70677 -0.70677
    outer loop
      vertex 0 -25 0.8
      vertex 0 -25.5 0.3
      vertex -2.65825 -25.3839 0.3
    endloop
  endfacet
  facet normal 0.043635 0.999048 -0
    outer loop
      vertex 0 -25 0.8
      vertex -2.61467 -24.8858 10.3
      vertex 0 -25 10.3
    endloop
  endfacet
  facet normal 0.043635 0.999048 0
    outer loop
      vertex -2.61467 -24.8858 10.3
      vertex 0 -25 0.8
      vertex -2.61467 -24.8858 0.8
    endloop
  endfacet
  facet normal -0.087167 0.996194 0
    outer loop
      vertex 32.3763 7.83256 0.8
      vertex 32.3715 7.83214 0.79514
      vertex 32.3715 7.83214 0.8
    endloop
  endfacet
  facet normal -0.086343 0.996265 0
    outer loop
      vertex 29.8933 7.61532 0.8
      vertex 29.8933 7.61532 0.798134
      vertex 29.8858 7.61467 0.8
    endloop
  endfacet
  facet normal -0.0871555 0.996195 -5.51997e-08
    outer loop
      vertex 32.3763 7.83256 10.3
      vertex 32.3715 7.83214 9.3
      vertex 29.8858 7.61467 10.3
    endloop
  endfacet
  facet normal -0.087167 0.996194 0
    outer loop
      vertex 32.3763 7.83256 0.8
      vertex 32.3715 7.83214 9.3
      vertex 32.3763 7.83256 10.3
    endloop
  endfacet
  facet normal -0.087167 0.996194 0
    outer loop
      vertex 32.3715 7.83214 9.3
      vertex 32.3763 7.83256 0.8
      vertex 32.3715 7.83214 0.8
    endloop
  endfacet
  facet normal -0.087158 0.996195 -6.15838e-06
    outer loop
      vertex 29.8933 7.61532 9.3
      vertex 29.8858 7.61467 10.3
      vertex 32.3715 7.83214 9.3
    endloop
  endfacet
  facet normal -0.086343 0.996265 0
    outer loop
      vertex 29.8858 7.61467 0.8
      vertex 29.8933 7.61532 9.3
      vertex 29.8933 7.61532 0.8
    endloop
  endfacet
  facet normal -0.086343 0.996265 0
    outer loop
      vertex 29.8933 7.61532 9.3
      vertex 29.8858 7.61467 0.8
      vertex 29.8858 7.61467 10.3
    endloop
  endfacet
  facet normal -0.086343 0.996265 0
    outer loop
      vertex 29.8933 7.61532 0.798134
      vertex 29.8933 7.61532 0.792538
      vertex 29.8858 7.61467 0.8
    endloop
  endfacet
  facet normal -0.0308693 0.70677 -0.70677
    outer loop
      vertex 0 -25 0.8
      vertex 2.61467 -24.8858 0.8
      vertex 0 -25.5 0.3
    endloop
  endfacet
  facet normal -0.0308683 0.706767 -0.706772
    outer loop
      vertex 2.61467 -24.8858 0.8
      vertex 2.65825 -25.3839 0.3
      vertex 0 -25.5 0.3
    endloop
  endfacet
  facet normal -0.043635 0.999048 0
    outer loop
      vertex 2.61467 -24.8858 0.8
      vertex 0 -25 10.3
      vertex 2.61467 -24.8858 10.3
    endloop
  endfacet
  facet normal -0.043635 0.999048 0
    outer loop
      vertex 0 -25 10.3
      vertex 2.61467 -24.8858 0.8
      vertex 0 -25 0.8
    endloop
  endfacet
  facet normal -0.0923375 0.701389 -0.706772
    outer loop
      vertex 5.20944 -24.5442 0.8
      vertex 2.65825 -25.3839 0.3
      vertex 2.61467 -24.8858 0.8
    endloop
  endfacet
  facet normal -0.0923397 0.701393 -0.706768
    outer loop
      vertex 5.20944 -24.5442 0.8
      vertex 5.29627 -25.0366 0.3
      vertex 2.65825 -25.3839 0.3
    endloop
  endfacet
  facet normal -0.130523 0.991445 0
    outer loop
      vertex 5.20944 -24.5442 0.8
      vertex 2.61467 -24.8858 10.3
      vertex 5.20944 -24.5442 10.3
    endloop
  endfacet
  facet normal -0.130523 0.991445 0
    outer loop
      vertex 2.61467 -24.8858 10.3
      vertex 5.20944 -24.5442 0.8
      vertex 2.61467 -24.8858 0.8
    endloop
  endfacet
  facet normal 0 0 1
    outer loop
      vertex 2.83256 -27.3763 10.3
      vertex 3.5 -27.2885 10.3
      vertex 5.64357 -27.0063 10.3
    endloop
  endfacet
  facet normal 0.130523 -0.991445 0
    outer loop
      vertex 3.5 -27.2885 0.8
      vertex 5.64357 -27.0063 10.3
      vertex 3.5 -27.2885 10.3
    endloop
  endfacet
  facet normal 0.130523 -0.991445 0
    outer loop
      vertex 5.64357 -27.0063 10.3
      vertex 3.5 -27.2885 0.8
      vertex 5.64357 -27.0063 0.8
    endloop
  endfacet
  facet normal 0.0923474 -0.701383 -0.706777
    outer loop
      vertex 3.5 -26.7846 0.3
      vertex 5.55674 -26.5138 0.3
      vertex 3.5 -27.165 0.677497
    endloop
  endfacet
  facet normal 0.0923163 -0.701228 -0.706935
    outer loop
      vertex 3.5 -27.165 0.677497
      vertex 5.64357 -27.0063 0.8
      vertex 3.5 -27.2885 0.8
    endloop
  endfacet
  facet normal 0.092318 -0.701326 -0.706838
    outer loop
      vertex 5.64357 -27.0063 0.8
      vertex 3.5 -27.165 0.677497
      vertex 5.55674 -26.5138 0.3
    endloop
  endfacet
  facet normal -0.153104 0.690679 -0.706769
    outer loop
      vertex 7.76457 -23.9778 0.8
      vertex 5.29627 -25.0366 0.3
      vertex 5.20944 -24.5442 0.8
    endloop
  endfacet
  facet normal -0.153129 0.690716 -0.706727
    outer loop
      vertex 7.76457 -23.9778 0.8
      vertex 7.89398 -24.4607 0.3
      vertex 5.29627 -25.0366 0.3
    endloop
  endfacet
  facet normal -0.216418 0.976301 0
    outer loop
      vertex 7.76457 -23.9778 0.8
      vertex 5.20944 -24.5442 10.3
      vertex 7.76457 -23.9778 10.3
    endloop
  endfacet
  facet normal -0.216418 0.976301 0
    outer loop
      vertex 5.20944 -24.5442 10.3
      vertex 7.76457 -23.9778 0.8
      vertex 5.20944 -24.5442 0.8
    endloop
  endfacet
  facet normal 0.216452 -0.976293 0
    outer loop
      vertex 5.64357 -27.0063 0.8
      vertex 8.41162 -26.3926 10.3
      vertex 5.64357 -27.0063 10.3
    endloop
  endfacet
  facet normal 0.216452 -0.976293 0
    outer loop
      vertex 8.41162 -26.3926 10.3
      vertex 5.64357 -27.0063 0.8
      vertex 8.41162 -26.3926 0.8
    endloop
  endfacet
  facet normal 0.153099 -0.69061 -0.706838
    outer loop
      vertex 8.28221 -25.9096 0.3
      vertex 5.64357 -27.0063 0.8
      vertex 5.55674 -26.5138 0.3
    endloop
  endfacet
  facet normal 0.153122 -0.690647 -0.706796
    outer loop
      vertex 8.28221 -25.9096 0.3
      vertex 8.41162 -26.3926 0.8
      vertex 5.64357 -27.0063 0.8
    endloop
  endfacet
  facet normal -0.212746 0.674741 -0.706728
    outer loop
      vertex 10.2606 -23.1908 0.8
      vertex 7.89398 -24.4607 0.3
      vertex 7.76457 -23.9778 0.8
    endloop
  endfacet
  facet normal -0.21274 0.674733 -0.706737
    outer loop
      vertex 10.2606 -23.1908 0.8
      vertex 10.4316 -23.6606 0.3
      vertex 7.89398 -24.4607 0.3
    endloop
  endfacet
  facet normal -0.300707 0.953716 0
    outer loop
      vertex 10.2606 -23.1908 0.8
      vertex 7.76457 -23.9778 10.3
      vertex 10.2606 -23.1908 10.3
    endloop
  endfacet
  facet normal -0.300707 0.953716 0
    outer loop
      vertex 7.76457 -23.9778 10.3
      vertex 10.2606 -23.1908 0.8
      vertex 7.76457 -23.9778 0.8
    endloop
  endfacet
  facet normal 0.300708 -0.953716 0
    outer loop
      vertex 8.41162 -26.3926 0.8
      vertex 11.1157 -25.54 10.3
      vertex 8.41162 -26.3926 10.3
    endloop
  endfacet
  facet normal 0.300708 -0.953716 0
    outer loop
      vertex 11.1157 -25.54 10.3
      vertex 8.41162 -26.3926 0.8
      vertex 11.1157 -25.54 0.8
    endloop
  endfacet
  facet normal 0.212714 -0.67468 -0.706795
    outer loop
      vertex 10.9446 -25.0702 0.3
      vertex 8.41162 -26.3926 0.8
      vertex 8.28221 -25.9096 0.3
    endloop
  endfacet
  facet normal 0.212738 -0.674712 -0.706758
    outer loop
      vertex 10.9446 -25.0702 0.3
      vertex 11.1157 -25.54 0.8
      vertex 8.41162 -26.3926 0.8
    endloop
  endfacet
  facet normal -0.270756 0.653616 -0.706737
    outer loop
      vertex 12.6785 -22.1892 0.8
      vertex 10.4316 -23.6606 0.3
      vertex 10.2606 -23.1908 0.8
    endloop
  endfacet
  facet normal -0.270692 0.653548 -0.706824
    outer loop
      vertex 12.6785 -22.1892 0.8
      vertex 12.8899 -22.6424 0.3
      vertex 10.4316 -23.6606 0.3
    endloop
  endfacet
  facet normal -0.382707 0.92387 0
    outer loop
      vertex 12.6785 -22.1892 0.8
      vertex 10.2606 -23.1908 10.3
      vertex 12.6785 -22.1892 10.3
    endloop
  endfacet
  facet normal -0.382707 0.92387 0
    outer loop
      vertex 10.2606 -23.1908 10.3
      vertex 12.6785 -22.1892 0.8
      vertex 10.2606 -23.1908 0.8
    endloop
  endfacet
  facet normal 0.382686 -0.923878 0
    outer loop
      vertex 11.1157 -25.54 0.8
      vertex 13.7351 -24.455 10.3
      vertex 11.1157 -25.54 10.3
    endloop
  endfacet
  facet normal 0.382686 -0.923878 0
    outer loop
      vertex 13.7351 -24.455 10.3
      vertex 11.1157 -25.54 0.8
      vertex 13.7351 -24.455 0.8
    endloop
  endfacet
  facet normal 0.27072 -0.653601 -0.706764
    outer loop
      vertex 13.5238 -24.0019 0.3
      vertex 11.1157 -25.54 0.8
      vertex 10.9446 -25.0702 0.3
    endloop
  endfacet
  facet normal 0.270743 -0.653626 -0.706732
    outer loop
      vertex 13.5238 -24.0019 0.3
      vertex 13.7351 -24.455 0.8
      vertex 11.1157 -25.54 0.8
    endloop
  endfacet
  facet normal -0.326613 0.627468 -0.706829
    outer loop
      vertex 15 -20.9808 0.8
      vertex 12.8899 -22.6424 0.3
      vertex 12.6785 -22.1892 0.8
    endloop
  endfacet
  facet normal -0.326667 0.627516 -0.706762
    outer loop
      vertex 15 -20.9808 0.8
      vertex 15.25 -21.4138 0.3
      vertex 12.8899 -22.6424 0.3
    endloop
  endfacet
  facet normal -0.46172 0.887026 0
    outer loop
      vertex 15 -20.9808 0.8
      vertex 12.6785 -22.1892 10.3
      vertex 15 -20.9808 10.3
    endloop
  endfacet
  facet normal -0.46172 0.887026 0
    outer loop
      vertex 12.6785 -22.1892 10.3
      vertex 15 -20.9808 0.8
      vertex 12.6785 -22.1892 0.8
    endloop
  endfacet
  facet normal 0.461756 -0.887007 0
    outer loop
      vertex 13.7351 -24.455 0.8
      vertex 16.25 -23.1458 10.3
      vertex 13.7351 -24.455 10.3
    endloop
  endfacet
  facet normal 0.461756 -0.887007 0
    outer loop
      vertex 16.25 -23.1458 10.3
      vertex 13.7351 -24.455 0.8
      vertex 16.25 -23.1458 0.8
    endloop
  endfacet
  facet normal 0.326692 -0.627535 -0.706733
    outer loop
      vertex 16 -22.7128 0.3
      vertex 13.7351 -24.455 0.8
      vertex 13.5238 -24.0019 0.3
    endloop
  endfacet
  facet normal 0.32667 -0.627514 -0.706762
    outer loop
      vertex 16 -22.7128 0.3
      vertex 16.25 -23.1458 0.8
      vertex 13.7351 -24.455 0.8
    endloop
  endfacet
  facet normal -0.380112 0.596659 -0.706762
    outer loop
      vertex 17.2073 -19.5746 0.8
      vertex 15.25 -21.4138 0.3
      vertex 15 -20.9808 0.8
    endloop
  endfacet
  facet normal -0.38014 0.59668 -0.706729
    outer loop
      vertex 17.2073 -19.5746 0.8
      vertex 17.4941 -19.9841 0.3
      vertex 15.25 -21.4138 0.3
    endloop
  endfacet
  facet normal -0.537298 0.843392 0
    outer loop
      vertex 17.2073 -19.5746 0.8
      vertex 15 -20.9808 10.3
      vertex 17.2073 -19.5746 10.3
    endloop
  endfacet
  facet normal -0.537298 0.843392 0
    outer loop
      vertex 15 -20.9808 10.3
      vertex 17.2073 -19.5746 0.8
      vertex 15 -20.9808 0.8
    endloop
  endfacet
  facet normal 0.537309 -0.843385 0
    outer loop
      vertex 16.25 -23.1458 0.8
      vertex 18.6412 -21.6224 10.3
      vertex 16.25 -23.1458 10.3
    endloop
  endfacet
  facet normal 0.537309 -0.843385 0
    outer loop
      vertex 18.6412 -21.6224 10.3
      vertex 16.25 -23.1458 0.8
      vertex 18.6412 -21.6224 0.8
    endloop
  endfacet
  facet normal 0.38011 -0.59666 -0.706763
    outer loop
      vertex 18.3544 -21.2129 0.3
      vertex 16.25 -23.1458 0.8
      vertex 16 -22.7128 0.3
    endloop
  endfacet
  facet normal 0.380138 -0.596682 -0.706729
    outer loop
      vertex 18.3544 -21.2129 0.3
      vertex 18.6412 -21.6224 0.8
      vertex 16.25 -23.1458 0.8
    endloop
  endfacet
  facet normal -0.430704 0.56127 -0.706732
    outer loop
      vertex 19.2836 -17.9813 0.8
      vertex 17.4941 -19.9841 0.3
      vertex 17.2073 -19.5746 0.8
    endloop
  endfacet
  facet normal -0.430628 0.561222 -0.706816
    outer loop
      vertex 19.2836 -17.9813 0.8
      vertex 19.605 -18.3644 0.3
      vertex 17.4941 -19.9841 0.3
    endloop
  endfacet
  facet normal -0.608785 0.793335 0
    outer loop
      vertex 19.2836 -17.9813 0.8
      vertex 17.2073 -19.5746 10.3
      vertex 19.2836 -17.9813 10.3
    endloop
  endfacet
  facet normal -0.608785 0.793335 0
    outer loop
      vertex 17.2073 -19.5746 10.3
      vertex 19.2836 -17.9813 0.8
      vertex 17.2073 -19.5746 0.8
    endloop
  endfacet
  facet normal 0.608756 -0.793358 0
    outer loop
      vertex 18.6412 -21.6224 0.8
      vertex 20.8906 -19.8964 10.3
      vertex 18.6412 -21.6224 10.3
    endloop
  endfacet
  facet normal 0.608756 -0.793358 0
    outer loop
      vertex 20.8906 -19.8964 10.3
      vertex 18.6412 -21.6224 0.8
      vertex 20.8906 -19.8964 0.8
    endloop
  endfacet
  facet normal 0.430691 -0.56128 -0.706732
    outer loop
      vertex 20.5692 -19.5134 0.3
      vertex 18.6412 -21.6224 0.8
      vertex 18.3544 -21.2129 0.3
    endloop
  endfacet
  facet normal 0.430666 -0.561263 -0.70676
    outer loop
      vertex 20.5692 -19.5134 0.3
      vertex 20.8906 -19.8964 0.8
      vertex 18.6412 -21.6224 0.8
    endloop
  endfacet
  facet normal -0.477905 0.521557 -0.706814
    outer loop
      vertex 21.2132 -16.2132 0.8
      vertex 19.605 -18.3644 0.3
      vertex 19.2836 -17.9813 0.8
    endloop
  endfacet
  facet normal -0.477902 0.521556 -0.706816
    outer loop
      vertex 21.2132 -16.2132 0.8
      vertex 21.5668 -16.5668 0.3
      vertex 19.605 -18.3644 0.3
    endloop
  endfacet
  facet normal -0.675579 0.737287 0
    outer loop
      vertex 21.2132 -16.2132 0.8
      vertex 19.2836 -17.9813 10.3
      vertex 21.2132 -16.2132 10.3
    endloop
  endfacet
  facet normal -0.675579 0.737287 0
    outer loop
      vertex 19.2836 -17.9813 10.3
      vertex 21.2132 -16.2132 0.8
      vertex 19.2836 -17.9813 0.8
    endloop
  endfacet
  facet normal 0.675571 -0.737295 0
    outer loop
      vertex 20.8906 -19.8964 0.8
      vertex 22.981 -17.981 10.3
      vertex 20.8906 -19.8964 10.3
    endloop
  endfacet
  facet normal 0.675571 -0.737295 0
    outer loop
      vertex 22.981 -17.981 10.3
      vertex 20.8906 -19.8964 0.8
      vertex 22.981 -17.981 0.8
    endloop
  endfacet
  facet normal 0.477949 -0.521587 -0.706761
    outer loop
      vertex 22.6274 -17.6274 0.3
      vertex 20.8906 -19.8964 0.8
      vertex 20.5692 -19.5134 0.3
    endloop
  endfacet
  facet normal 0.477897 -0.52156 -0.706816
    outer loop
      vertex 22.6274 -17.6274 0.3
      vertex 22.981 -17.981 0.8
      vertex 20.8906 -19.8964 0.8
    endloop
  endfacet
  facet normal -0.521555 0.477903 -0.706816
    outer loop
      vertex 22.9813 -14.2836 0.8
      vertex 21.5668 -16.5668 0.3
      vertex 21.2132 -16.2132 0.8
    endloop
  endfacet
  facet normal -0.521557 0.477904 -0.706814
    outer loop
      vertex 22.9813 -14.2836 0.8
      vertex 23.3644 -14.605 0.3
      vertex 21.5668 -16.5668 0.3
    endloop
  endfacet
  facet normal -0.737287 0.675579 0
    outer loop
      vertex 21.2132 -16.2132 0.8
      vertex 22.9813 -14.2836 10.3
      vertex 22.9813 -14.2836 0.8
    endloop
  endfacet
  facet normal -0.737287 0.675579 0
    outer loop
      vertex 22.9813 -14.2836 10.3
      vertex 21.2132 -16.2132 0.8
      vertex 21.2132 -16.2132 10.3
    endloop
  endfacet
  facet normal 0.737295 -0.675571 0
    outer loop
      vertex 22.981 -17.981 10.3
      vertex 24.8964 -15.8906 0.8
      vertex 24.8964 -15.8906 10.3
    endloop
  endfacet
  facet normal 0.737295 -0.675571 0
    outer loop
      vertex 24.8964 -15.8906 0.8
      vertex 22.981 -17.981 10.3
      vertex 22.981 -17.981 0.8
    endloop
  endfacet
  facet normal 0.521547 -0.477911 -0.706817
    outer loop
      vertex 24.5134 -15.5692 0.3
      vertex 22.981 -17.981 0.8
      vertex 22.6274 -17.6274 0.3
    endloop
  endfacet
  facet normal 0.5216 -0.477934 -0.706762
    outer loop
      vertex 24.5134 -15.5692 0.3
      vertex 24.8964 -15.8906 0.8
      vertex 22.981 -17.981 0.8
    endloop
  endfacet
  facet normal -0.561203 0.430653 -0.706817
    outer loop
      vertex 24.5746 -12.2073 0.8
      vertex 23.3644 -14.605 0.3
      vertex 22.9813 -14.2836 0.8
    endloop
  endfacet
  facet normal -0.561289 0.430679 -0.706733
    outer loop
      vertex 24.5746 -12.2073 0.8
      vertex 24.9841 -12.4941 0.3
      vertex 23.3644 -14.605 0.3
    endloop
  endfacet
  facet normal -0.793335 0.608785 0
    outer loop
      vertex 22.9813 -14.2836 0.8
      vertex 24.5746 -12.2073 10.3
      vertex 24.5746 -12.2073 0.8
    endloop
  endfacet
  facet normal -0.793335 0.608785 0
    outer loop
      vertex 24.5746 -12.2073 10.3
      vertex 22.9813 -14.2836 0.8
      vertex 22.9813 -14.2836 10.3
    endloop
  endfacet
  facet normal 0.793358 -0.608756 0
    outer loop
      vertex 24.8964 -15.8906 10.3
      vertex 26.6224 -13.6412 0.8
      vertex 26.6224 -13.6412 10.3
    endloop
  endfacet
  facet normal 0.793358 -0.608756 0
    outer loop
      vertex 26.6224 -13.6412 0.8
      vertex 24.8964 -15.8906 10.3
      vertex 24.8964 -15.8906 0.8
    endloop
  endfacet
  facet normal 0.561257 -0.430674 -0.70676
    outer loop
      vertex 26.2129 -13.3544 0.3
      vertex 24.8964 -15.8906 0.8
      vertex 24.5134 -15.5692 0.3
    endloop
  endfacet
  facet normal 0.561285 -0.430683 -0.706733
    outer loop
      vertex 26.2129 -13.3544 0.3
      vertex 26.6224 -13.6412 0.8
      vertex 24.8964 -15.8906 0.8
    endloop
  endfacet
  facet normal -0.596687 0.38013 -0.706729
    outer loop
      vertex 25.9808 -10 0.8
      vertex 24.9841 -12.4941 0.3
      vertex 24.5746 -12.2073 0.8
    endloop
  endfacet
  facet normal -0.596652 0.380123 -0.706762
    outer loop
      vertex 25.9808 -10 0.8
      vertex 26.4138 -10.25 0.3
      vertex 24.9841 -12.4941 0.3
    endloop
  endfacet
  facet normal -0.843392 0.537298 0
    outer loop
      vertex 24.5746 -12.2073 0.8
      vertex 25.9808 -10 10.3
      vertex 25.9808 -10 0.8
    endloop
  endfacet
  facet normal -0.843392 0.537298 0
    outer loop
      vertex 25.9808 -10 10.3
      vertex 24.5746 -12.2073 0.8
      vertex 24.5746 -12.2073 10.3
    endloop
  endfacet
  facet normal 0.843385 -0.537309 0
    outer loop
      vertex 26.6224 -13.6412 10.3
      vertex 28.1458 -11.25 0.8
      vertex 28.1458 -11.25 10.3
    endloop
  endfacet
  facet normal 0.843385 -0.537309 0
    outer loop
      vertex 28.1458 -11.25 0.8
      vertex 26.6224 -13.6412 10.3
      vertex 26.6224 -13.6412 0.8
    endloop
  endfacet
  facet normal 0.596688 -0.380128 -0.706729
    outer loop
      vertex 27.7128 -11 0.3
      vertex 26.6224 -13.6412 0.8
      vertex 26.2129 -13.3544 0.3
    endloop
  endfacet
  facet normal 0.596654 -0.38012 -0.706762
    outer loop
      vertex 27.7128 -11 0.3
      vertex 28.1458 -11.25 0.8
      vertex 26.6224 -13.6412 0.8
    endloop
  endfacet
  facet normal -0.627525 0.32665 -0.706762
    outer loop
      vertex 27.1892 -7.67855 0.8
      vertex 26.4138 -10.25 0.3
      vertex 25.9808 -10 0.8
    endloop
  endfacet
  facet normal -0.627485 0.326645 -0.706799
    outer loop
      vertex 27.1892 -7.67855 0.8
      vertex 27.6424 -7.88986 0.3
      vertex 26.4138 -10.25 0.3
    endloop
  endfacet
  facet normal -0.887022 0.461727 0
    outer loop
      vertex 25.9808 -10 0.8
      vertex 27.1892 -7.67855 10.3
      vertex 27.1892 -7.67855 0.8
    endloop
  endfacet
  facet normal -0.887022 0.461727 0
    outer loop
      vertex 27.1892 -7.67855 10.3
      vertex 25.9808 -10 0.8
      vertex 25.9808 -10 10.3
    endloop
  endfacet
  facet normal 0.887008 -0.461754 0
    outer loop
      vertex 28.1458 -11.25 10.3
      vertex 29.455 -8.73509 0.8
      vertex 29.455 -8.73509 10.3
    endloop
  endfacet
  facet normal 0.887008 -0.461754 0
    outer loop
      vertex 29.455 -8.73509 0.8
      vertex 28.1458 -11.25 10.3
      vertex 28.1458 -11.25 0.8
    endloop
  endfacet
  facet normal 0.62751 -0.326677 -0.706762
    outer loop
      vertex 29.0019 -8.52378 0.3
      vertex 28.1458 -11.25 0.8
      vertex 27.7128 -11 0.3
    endloop
  endfacet
  facet normal 0.627538 -0.326681 -0.706736
    outer loop
      vertex 29.0019 -8.52378 0.3
      vertex 29.455 -8.73509 0.8
      vertex 28.1458 -11.25 0.8
    endloop
  endfacet
  facet normal -0.653559 0.270727 -0.706801
    outer loop
      vertex 28.1908 -5.2606 0.8
      vertex 27.6424 -7.88986 0.3
      vertex 27.1892 -7.67855 0.8
    endloop
  endfacet
  facet normal -0.653624 0.270729 -0.70674
    outer loop
      vertex 28.1908 -5.2606 0.8
      vertex 28.6606 -5.43161 0.3
      vertex 27.6424 -7.88986 0.3
    endloop
  endfacet
  facet normal -0.923872 0.3827 0
    outer loop
      vertex 27.1892 -7.67855 0.8
      vertex 28.1908 -5.2606 10.3
      vertex 28.1908 -5.2606 0.8
    endloop
  endfacet
  facet normal -0.923872 0.3827 0
    outer loop
      vertex 28.1908 -5.2606 10.3
      vertex 27.1892 -7.67855 0.8
      vertex 27.1892 -7.67855 10.3
    endloop
  endfacet
  facet normal 0.92388 -0.382681 0
    outer loop
      vertex 29.455 -8.73509 10.3
      vertex 30.54 -6.11565 0.8
      vertex 30.54 -6.11565 10.3
    endloop
  endfacet
  facet normal 0.92388 -0.382681 0
    outer loop
      vertex 30.54 -6.11565 0.8
      vertex 29.455 -8.73509 10.3
      vertex 29.455 -8.73509 0.8
    endloop
  endfacet
  facet normal 0.653626 -0.270737 -0.706735
    outer loop
      vertex 30.0702 -5.94464 0.3
      vertex 29.455 -8.73509 0.8
      vertex 29.0019 -8.52378 0.3
    endloop
  endfacet
  facet normal 0.653621 -0.270737 -0.70674
    outer loop
      vertex 30.0702 -5.94464 0.3
      vertex 30.54 -6.11565 0.8
      vertex 29.455 -8.73509 0.8
    endloop
  endfacet
  facet normal -0.67473 0.212743 -0.706739
    outer loop
      vertex 28.9778 -2.76457 0.8
      vertex 28.6606 -5.43161 0.3
      vertex 28.1908 -5.2606 0.8
    endloop
  endfacet
  facet normal -0.674742 0.212742 -0.706728
    outer loop
      vertex 28.9778 -2.76457 0.8
      vertex 29.4607 -2.89398 0.3
      vertex 28.6606 -5.43161 0.3
    endloop
  endfacet
  facet normal -0.953716 0.300707 0
    outer loop
      vertex 28.1908 -5.2606 0.8
      vertex 28.9778 -2.76457 10.3
      vertex 28.9778 -2.76457 0.8
    endloop
  endfacet
  facet normal -0.953716 0.300707 0
    outer loop
      vertex 28.9778 -2.76457 10.3
      vertex 28.1908 -5.2606 0.8
      vertex 28.1908 -5.2606 10.3
    endloop
  endfacet
  facet normal 0.953715 -0.300713 0
    outer loop
      vertex 30.54 -6.11565 10.3
      vertex 31.3926 -3.41162 0.8
      vertex 31.3926 -3.41162 10.3
    endloop
  endfacet
  facet normal 0.953715 -0.300713 0
    outer loop
      vertex 31.3926 -3.41162 0.8
      vertex 30.54 -6.11565 10.3
      vertex 30.54 -6.11565 0.8
    endloop
  endfacet
  facet normal 0.674735 -0.212728 -0.706738
    outer loop
      vertex 30.9096 -3.28221 0.3
      vertex 30.54 -6.11565 0.8
      vertex 30.0702 -5.94464 0.3
    endloop
  endfacet
  facet normal 0.674675 -0.21273 -0.706795
    outer loop
      vertex 30.9096 -3.28221 0.3
      vertex 31.3926 -3.41162 0.8
      vertex 30.54 -6.11565 0.8
    endloop
  endfacet
  facet normal -0.69072 0.153113 -0.706726
    outer loop
      vertex 29.5442 -0.209445 0.8
      vertex 29.4607 -2.89398 0.3
      vertex 28.9778 -2.76457 0.8
    endloop
  endfacet
  facet normal -0.690677 0.15312 -0.706767
    outer loop
      vertex 29.5442 -0.209445 0.8
      vertex 30.0366 -0.296269 0.3
      vertex 29.4607 -2.89398 0.3
    endloop
  endfacet
  facet normal -0.976301 0.216419 0
    outer loop
      vertex 28.9778 -2.76457 0.8
      vertex 29.5442 -0.209445 10.3
      vertex 29.5442 -0.209445 0.8
    endloop
  endfacet
  facet normal -0.976301 0.216419 0
    outer loop
      vertex 29.5442 -0.209445 10.3
      vertex 28.9778 -2.76457 0.8
      vertex 28.9778 -2.76457 10.3
    endloop
  endfacet
  facet normal 0.976293 -0.216452 0
    outer loop
      vertex 31.3926 -3.41162 10.3
      vertex 32.0063 -0.643565 0.8
      vertex 32.0063 -0.643565 10.3
    endloop
  endfacet
  facet normal 0.976293 -0.216452 0
    outer loop
      vertex 32.0063 -0.643565 0.8
      vertex 31.3926 -3.41162 10.3
      vertex 31.3926 -3.41162 0.8
    endloop
  endfacet
  facet normal 0.69065 -0.153108 -0.706796
    outer loop
      vertex 31.5138 -0.556741 0.3
      vertex 31.3926 -3.41162 0.8
      vertex 30.9096 -3.28221 0.3
    endloop
  endfacet
  facet normal 0.690608 -0.153113 -0.706836
    outer loop
      vertex 31.5138 -0.556741 0.3
      vertex 32.0063 -0.643565 0.8
      vertex 31.3926 -3.41162 0.8
    endloop
  endfacet
  facet normal -0.701394 0.092338 -0.706767
    outer loop
      vertex 29.8858 2.38533 0.8
      vertex 30.0366 -0.296269 0.3
      vertex 29.5442 -0.209445 0.8
    endloop
  endfacet
  facet normal -0.701389 0.0923392 -0.706772
    outer loop
      vertex 30.3839 2.34175 0.3
      vertex 30.0366 -0.296269 0.3
      vertex 29.8858 2.38533 0.8
    endloop
  endfacet
  facet normal -0.991445 0.130523 0
    outer loop
      vertex 29.5442 -0.209445 0.8
      vertex 29.8858 2.38533 10.3
      vertex 29.8858 2.38533 0.8
    endloop
  endfacet
  facet normal -0.991445 0.130523 0
    outer loop
      vertex 29.8858 2.38533 10.3
      vertex 29.5442 -0.209445 0.8
      vertex 29.5442 -0.209445 10.3
    endloop
  endfacet
  facet normal 0.991448 -0.1305 0
    outer loop
      vertex 32.0063 -0.643565 10.3
      vertex 32.3763 2.16744 0.8
      vertex 32.3763 2.16744 10.3
    endloop
  endfacet
  facet normal 0.991448 -0.1305 0
    outer loop
      vertex 32.3763 2.16744 0.8
      vertex 32.0063 -0.643565 10.3
      vertex 32.0063 -0.643565 0.8
    endloop
  endfacet
  facet normal 0.701324 -0.0923354 -0.706838
    outer loop
      vertex 31.8782 2.21102 0.3
      vertex 32.0063 -0.643565 0.8
      vertex 31.5138 -0.556741 0.3
    endloop
  endfacet
  facet normal 0.701391 -0.092321 -0.706773
    outer loop
      vertex 32.3763 2.16744 0.8
      vertex 32.0063 -0.643565 0.8
      vertex 31.8782 2.21102 0.3
    endloop
  endfacet
  facet normal -0.706767 0.0308692 -0.706772
    outer loop
      vertex 30 5 0.8
      vertex 30.3839 2.34175 0.3
      vertex 29.8858 2.38533 0.8
    endloop
  endfacet
  facet normal -0.706768 0.0309081 -0.70677
    outer loop
      vertex 30.3057 4.86927 0.488584
      vertex 30 5 0.8
      vertex 30.3 5 0.500001
    endloop
  endfacet
  facet normal -0.706807 0.0307412 -0.706738
    outer loop
      vertex 30.3228 4.73953 0.465839
      vertex 30 5 0.8
      vertex 30.3057 4.86927 0.488584
    endloop
  endfacet
  facet normal -0.706692 0.0310155 -0.706841
    outer loop
      vertex 30.3511 4.61177 0.431939
      vertex 30 5 0.8
      vertex 30.3228 4.73953 0.465839
    endloop
  endfacet
  facet normal -0.707036 0.0304034 -0.706524
    outer loop
      vertex 30.3905 4.48697 0.38714
      vertex 30 5 0.8
      vertex 30.3511 4.61177 0.431939
    endloop
  endfacet
  facet normal -0.706025 0.0319321 -0.707467
    outer loop
      vertex 30.4405 4.36607 0.331785
      vertex 30 5 0.8
      vertex 30.3905 4.48697 0.38714
    endloop
  endfacet
  facet normal -0.705919 0.0308483 -0.70762
    outer loop
      vertex 30.3839 2.34175 0.3
      vertex 30.4405 4.36607 0.331785
      vertex 30.4699 4.30974 0.3
    endloop
  endfacet
  facet normal -0.706798 0.030859 -0.706742
    outer loop
      vertex 30.4405 4.36607 0.331785
      vertex 30.3839 2.34175 0.3
      vertex 30 5 0.8
    endloop
  endfacet
  facet normal -0.999048 0.043635 0
    outer loop
      vertex 29.8858 2.38533 0.8
      vertex 30 5 10.3
      vertex 30 5 0.8
    endloop
  endfacet
  facet normal -0.999048 0.043635 0
    outer loop
      vertex 30 5 10.3
      vertex 29.8858 2.38533 0.8
      vertex 29.8858 2.38533 10.3
    endloop
  endfacet
  facet normal 0 0 1
    outer loop
      vertex 32.3763 2.16744 10.3
      vertex 32.4345 3.5 10.3
      vertex 32.5 5 10.3
    endloop
  endfacet
  facet normal 0.999048 -0.0436337 0
    outer loop
      vertex 32.3763 2.16744 10.3
      vertex 32.4345 3.5 0.8
      vertex 32.4345 3.5 10.3
    endloop
  endfacet
  facet normal 0.999048 -0.0436337 0
    outer loop
      vertex 32.4345 3.5 0.8
      vertex 32.3763 2.16744 10.3
      vertex 32.3763 2.16744 0.8
    endloop
  endfacet
  facet normal 0.70674 -0.030869 -0.706799
    outer loop
      vertex 32.1993 3.5 0.564778
      vertex 31.8782 2.21102 0.3
      vertex 31.9345 3.5 0.3
    endloop
  endfacet
  facet normal 0.706767 -0.030881 -0.706772
    outer loop
      vertex 31.8782 2.21102 0.3
      vertex 32.1993 3.5 0.564778
      vertex 32.3763 2.16744 0.8
    endloop
  endfacet
  facet normal 0.706803 -0.0308698 -0.706737
    outer loop
      vertex 32.4345 3.5 0.8
      vertex 32.3763 2.16744 0.8
      vertex 32.1993 3.5 0.564778
    endloop
  endfacet
  facet normal -0.70228 -0.0297522 -0.711279
    outer loop
      vertex 29.9124 7.44547 0.780814
      vertex 29.8858 7.61467 0.8
      vertex 29.9003 7.55324 0.788253
    endloop
  endfacet
  facet normal -0.706753 -0.0308518 -0.706787
    outer loop
      vertex 30 5 0.8
      vertex 29.9525 7.33097 0.745749
      vertex 30.3842 5.4931 0.394294
    endloop
  endfacet
  facet normal -0.706987 -0.0304902 -0.706569
    outer loop
      vertex 30 5 0.8
      vertex 30.3842 5.4931 0.394294
      vertex 30.3511 5.38823 0.431939
    endloop
  endfacet
  facet normal -0.706692 -0.0310155 -0.706841
    outer loop
      vertex 30 5 0.8
      vertex 30.3511 5.38823 0.431939
      vertex 30.3228 5.26047 0.465839
    endloop
  endfacet
  facet normal -0.706807 -0.0307412 -0.706738
    outer loop
      vertex 30 5 0.8
      vertex 30.3228 5.26047 0.465839
      vertex 30.3057 5.13073 0.488584
    endloop
  endfacet
  facet normal -0.706768 -0.0309081 -0.70677
    outer loop
      vertex 30 5 0.8
      vertex 30.3057 5.13073 0.488584
      vertex 30.3 5 0.500001
    endloop
  endfacet
  facet normal -0.70633 -0.0308501 -0.70721
    outer loop
      vertex 29.9124 7.44547 0.780814
      vertex 30 5 0.8
      vertex 29.8858 7.61467 0.8
    endloop
  endfacet
  facet normal -0.706425 -0.0308528 -0.707115
    outer loop
      vertex 29.9525 7.33097 0.745749
      vertex 30 5 0.8
      vertex 29.9124 7.44547 0.780814
    endloop
  endfacet
  facet normal -0.703661 -0.0303441 -0.709888
    outer loop
      vertex 29.8933 7.61532 0.792538
      vertex 29.9003 7.55324 0.788253
      vertex 29.8858 7.61467 0.8
    endloop
  endfacet
  facet normal -0.706628 -0.0308684 -0.706912
    outer loop
      vertex 30.4699 5.69026 0.3
      vertex 30.3517 6.74632 0.372038
      vertex 30.4258 6.69978 0.3
    endloop
  endfacet
  facet normal -0.706834 -0.0309057 -0.706704
    outer loop
      vertex 30.4699 5.69026 0.3
      vertex 30.1538 6.94424 0.561319
      vertex 30.3517 6.74632 0.372038
    endloop
  endfacet
  facet normal -0.70616 -0.0305928 -0.707391
    outer loop
      vertex 30.4405 5.63393 0.331785
      vertex 30.1538 6.94424 0.561319
      vertex 30.4699 5.69026 0.3
    endloop
  endfacet
  facet normal -0.707139 -0.0309811 -0.706396
    outer loop
      vertex 30.3905 5.51303 0.38714
      vertex 30.1538 6.94424 0.561319
      vertex 30.4405 5.63393 0.331785
    endloop
  endfacet
  facet normal -0.706161 -0.0306988 -0.707386
    outer loop
      vertex 30.3842 5.4931 0.394294
      vertex 30.1538 6.94424 0.561319
      vertex 30.3905 5.51303 0.38714
    endloop
  endfacet
  facet normal -0.706859 -0.030891 -0.70668
    outer loop
      vertex 30.1538 6.94424 0.561319
      vertex 30.3842 5.4931 0.394294
      vertex 30.0049 7.18126 0.699896
    endloop
  endfacet
  facet normal -0.706559 -0.0307684 -0.706985
    outer loop
      vertex 30.0049 7.18126 0.699896
      vertex 30.3842 5.4931 0.394294
      vertex 29.9525 7.33097 0.745749
    endloop
  endfacet
  facet normal -0.999048 -0.043635 0
    outer loop
      vertex 30 5 0.8
      vertex 29.8858 7.61467 10.3
      vertex 29.8858 7.61467 0.8
    endloop
  endfacet
  facet normal -0.999048 -0.043635 0
    outer loop
      vertex 29.8858 7.61467 10.3
      vertex 30 5 0.8
      vertex 30 5 10.3
    endloop
  endfacet
  facet normal 0.999048 0.0436337 0
    outer loop
      vertex 32.3763 7.83256 10.3
      vertex 32.4345 6.5 10.3
      vertex 32.3763 7.83256 0.8
    endloop
  endfacet
  facet normal 0 0 1
    outer loop
      vertex 32.5 5 10.3
      vertex 32.4345 6.5 10.3
      vertex 32.3763 7.83256 10.3
    endloop
  endfacet
  facet normal 0.999048 0.0436337 0
    outer loop
      vertex 32.3763 7.83256 0.8
      vertex 32.4345 6.5 10.3
      vertex 32.4345 6.5 0.8
    endloop
  endfacet
  facet normal 0.706744 0.0308197 -0.706798
    outer loop
      vertex 32.1656 6.5 0.531085
      vertex 31.9232 6.75907 0.3
      vertex 32.0742 6.91005 0.457572
    endloop
  endfacet
  facet normal 0.706748 0.0308266 -0.706794
    outer loop
      vertex 31.9232 6.75907 0.3
      vertex 32.1656 6.5 0.531085
      vertex 31.9345 6.5 0.3
    endloop
  endfacet
  facet normal 0.706362 0.0308199 -0.70718
    outer loop
      vertex 32.4345 6.5 0.8
      vertex 32.3497 7.44547 0.756503
      vertex 32.3811 7.7236 0.799988
    endloop
  endfacet
  facet normal 0.706864 0.0308881 -0.706675
    outer loop
      vertex 32.4345 6.5 0.8
      vertex 32.2573 7.18126 0.65253
      vertex 32.3497 7.44547 0.756503
    endloop
  endfacet
  facet normal 0.706791 0.0308228 -0.706751
    outer loop
      vertex 32.1084 6.94424 0.493256
      vertex 32.4345 6.5 0.8
      vertex 32.1656 6.5 0.531085
    endloop
  endfacet
  facet normal 0.706821 0.0308676 -0.706719
    outer loop
      vertex 32.4345 6.5 0.8
      vertex 32.1084 6.94424 0.493256
      vertex 32.2573 7.18126 0.65253
    endloop
  endfacet
  facet normal 0.706708 0.0308052 -0.706834
    outer loop
      vertex 32.1084 6.94424 0.493256
      vertex 32.1656 6.5 0.531085
      vertex 32.0742 6.91005 0.457572
    endloop
  endfacet
  facet normal 0.280023 0.0122301 0.959915
    outer loop
      vertex 32.3811 7.7236 0.799988
      vertex 32.3763 7.83256 0.8
      vertex 32.4345 6.5 0.8
    endloop
  endfacet
  facet normal 0.70978 0.0313453 -0.703726
    outer loop
      vertex 32.3763 7.83256 0.8
      vertex 32.3811 7.7236 0.799988
      vertex 32.3715 7.83214 0.79514
    endloop
  endfacet
  facet normal -0.991426 -0.130672 0
    outer loop
      vertex -49.4772 4.73953 6.3
      vertex -49.4943 4.86927 10.3
      vertex -49.4943 4.86927 6.3
    endloop
  endfacet
  facet normal -0.991426 -0.130672 0
    outer loop
      vertex -49.4943 4.86927 10.3
      vertex -49.4772 4.73953 6.3
      vertex -49.4772 4.73953 10.3
    endloop
  endfacet
  facet normal -0.976334 -0.216267 0
    outer loop
      vertex -49.4489 4.61177 6.3
      vertex -49.4772 4.73953 10.3
      vertex -49.4772 4.73953 6.3
    endloop
  endfacet
  facet normal -0.976334 -0.216267 0
    outer loop
      vertex -49.4772 4.73953 10.3
      vertex -49.4489 4.61177 6.3
      vertex -49.4489 4.61177 10.3
    endloop
  endfacet
  facet normal -0.999051 -0.0435599 0
    outer loop
      vertex -49.4943 4.86927 6.3
      vertex -49.5 5 10.3
      vertex -49.5 5 6.3
    endloop
  endfacet
  facet normal -0.999051 -0.0435599 0
    outer loop
      vertex -49.5 5 10.3
      vertex -49.4943 4.86927 6.3
      vertex -49.4943 4.86927 10.3
    endloop
  endfacet
  facet normal 0 1 0
    outer loop
      vertex -31.8 6.5 0.3
      vertex -31.8 6.5 0.299999
      vertex -31.9345 6.5 0.3
    endloop
  endfacet
  facet normal 0 1 0
    outer loop
      vertex -32.4345 6.5 10.3
      vertex -46 6.5 6.3
      vertex -48 6.5 10.3
    endloop
  endfacet
  facet normal 0 1 -0
    outer loop
      vertex -32.4345 6.5 0.8
      vertex -46 6.5 6.3
      vertex -32.4345 6.5 10.3
    endloop
  endfacet
  facet normal 0 1 0
    outer loop
      vertex -46 6.5 0.299999
      vertex -32.4345 6.5 0.8
      vertex -32.1993 6.5 0.564778
    endloop
  endfacet
  facet normal 0 1 0
    outer loop
      vertex -46 6.5 0.299999
      vertex -32.1993 6.5 0.564778
      vertex -31.9345 6.5 0.3
    endloop
  endfacet
  facet normal 0 1 0
    outer loop
      vertex -32.4345 6.5 0.8
      vertex -46 6.5 0.299999
      vertex -46 6.5 6.3
    endloop
  endfacet
  facet normal 0 1 0
    outer loop
      vertex -46 6.5 0.299999
      vertex -31.9345 6.5 0.3
      vertex -31.8 6.5 0.299999
    endloop
  endfacet
  facet normal 0 1 0
    outer loop
      vertex -48 6.5 10.3
      vertex -46 6.5 6.3
      vertex -48 6.5 6.3
    endloop
  endfacet
  facet normal 0.924091 -0.382172 0
    outer loop
      vertex -30.4405 4.36607 0.331785
      vertex -30.3905 4.48697 0.299999
      vertex -30.3905 4.48697 0.387139
    endloop
  endfacet
  facet normal 0.924091 -0.382172 0
    outer loop
      vertex -30.3905 4.48697 0.299999
      vertex -30.4405 4.36607 0.331785
      vertex -30.4405 4.36607 0.299999
    endloop
  endfacet
  facet normal -0.843416 -0.537261 0
    outer loop
      vertex -49.2287 4.13964 6.3
      vertex -49.299 4.25 10.3
      vertex -49.299 4.25 6.3
    endloop
  endfacet
  facet normal -0.843416 -0.537261 0
    outer loop
      vertex -49.299 4.25 10.3
      vertex -49.2287 4.13964 6.3
      vertex -49.2287 4.13964 10.3
    endloop
  endfacet
  facet normal -0.843416 0.537261 0
    outer loop
      vertex -49.299 5.75 6.3
      vertex -49.2287 5.86036 10.3
      vertex -49.2287 5.86036 6.3
    endloop
  endfacet
  facet normal -0.843416 0.537261 0
    outer loop
      vertex -49.2287 5.86036 10.3
      vertex -49.299 5.75 6.3
      vertex -49.299 5.75 10.3
    endloop
  endfacet
  facet normal -0.130462 0.991453 0
    outer loop
      vertex -48.1307 6.49429 6.3
      vertex -48.2605 6.47721 10.3
      vertex -48.1307 6.49429 10.3
    endloop
  endfacet
  facet normal -0.130462 0.991453 0
    outer loop
      vertex -48.2605 6.47721 10.3
      vertex -48.1307 6.49429 6.3
      vertex -48.2605 6.47721 6.3
    endloop
  endfacet
  facet normal -0.461641 0.887067 0
    outer loop
      vertex -48.6339 6.35946 6.3
      vertex -48.75 6.29904 10.3
      vertex -48.6339 6.35946 10.3
    endloop
  endfacet
  facet normal -0.461641 0.887067 0
    outer loop
      vertex -48.75 6.29904 10.3
      vertex -48.6339 6.35946 6.3
      vertex -48.75 6.29904 6.3
    endloop
  endfacet
  facet normal 0.976334 0.216267 -0
    outer loop
      vertex -30.3228 5.26047 0.299999
      vertex -30.3511 5.38823 0.431939
      vertex -30.3228 5.26047 0.465839
    endloop
  endfacet
  facet normal 0.976334 0.216267 0
    outer loop
      vertex -30.3511 5.38823 0.431939
      vertex -30.3228 5.26047 0.299999
      vertex -30.3511 5.38823 0.299999
    endloop
  endfacet
  facet normal 0.0436462 0.999047 -0
    outer loop
      vertex -31.6693 6.49429 0.299999
      vertex -31.8 6.5 0.3
      vertex -31.6693 6.49429 0.3
    endloop
  endfacet
  facet normal 0.0436462 0.999047 0
    outer loop
      vertex -31.8 6.5 0.3
      vertex -31.6693 6.49429 0.299999
      vertex -31.8 6.5 0.299999
    endloop
  endfacet
  facet normal 0 -1 0
    outer loop
      vertex -46 3.5 6.3
      vertex -48 3.5 10.3
      vertex -48 3.5 6.3
    endloop
  endfacet
  facet normal 0 -1 0
    outer loop
      vertex -48 3.5 10.3
      vertex -46 3.5 6.3
      vertex -32.4345 3.5 10.3
    endloop
  endfacet
  facet normal 0 -1 0
    outer loop
      vertex -46 3.5 6.3
      vertex -32.4345 3.5 0.8
      vertex -32.4345 3.5 10.3
    endloop
  endfacet
  facet normal 0 -1 0
    outer loop
      vertex -46 3.5 0.299999
      vertex -32.4345 3.5 0.8
      vertex -46 3.5 6.3
    endloop
  endfacet
  facet normal 0 -1 -0
    outer loop
      vertex -32.4345 3.5 0.8
      vertex -46 3.5 0.299999
      vertex -32.1656 3.5 0.531085
    endloop
  endfacet
  facet normal 0 -1 -0
    outer loop
      vertex -32.1656 3.5 0.531085
      vertex -46 3.5 0.299999
      vertex -31.9345 3.5 0.3
    endloop
  endfacet
  facet normal 0 -1 0
    outer loop
      vertex -31.8 3.5 0.299999
      vertex -31.9345 3.5 0.3
      vertex -46 3.5 0.299999
    endloop
  endfacet
  facet normal 0 -1 0
    outer loop
      vertex -31.9345 3.5 0.3
      vertex -31.8 3.5 0.299999
      vertex -31.8 3.5 0.3
    endloop
  endfacet
  facet normal -0.130462 -0.991453 0
    outer loop
      vertex -48.2605 3.52279 6.3
      vertex -48.1307 3.50571 10.3
      vertex -48.2605 3.52279 10.3
    endloop
  endfacet
  facet normal -0.130462 -0.991453 -0
    outer loop
      vertex -48.1307 3.50571 10.3
      vertex -48.2605 3.52279 6.3
      vertex -48.1307 3.50571 6.3
    endloop
  endfacet
  facet normal -0.953606 -0.301058 0
    outer loop
      vertex -49.4095 4.48697 6.3
      vertex -49.4489 4.61177 10.3
      vertex -49.4489 4.61177 6.3
    endloop
  endfacet
  facet normal -0.953606 -0.301058 0
    outer loop
      vertex -49.4489 4.61177 10.3
      vertex -49.4095 4.48697 6.3
      vertex -49.4095 4.48697 10.3
    endloop
  endfacet
  facet normal -0.976334 0.216267 0
    outer loop
      vertex -49.4772 5.26047 6.3
      vertex -49.4489 5.38823 10.3
      vertex -49.4489 5.38823 6.3
    endloop
  endfacet
  facet normal -0.976334 0.216267 0
    outer loop
      vertex -49.4489 5.38823 10.3
      vertex -49.4772 5.26047 6.3
      vertex -49.4772 5.26047 10.3
    endloop
  endfacet
  facet normal -0.300711 0.953715 0
    outer loop
      vertex -48.3882 6.44889 6.3
      vertex -48.513 6.40954 10.3
      vertex -48.3882 6.44889 10.3
    endloop
  endfacet
  facet normal -0.300711 0.953715 0
    outer loop
      vertex -48.513 6.40954 10.3
      vertex -48.3882 6.44889 6.3
      vertex -48.513 6.40954 6.3
    endloop
  endfacet
  facet normal -0.382694 0.923875 0
    outer loop
      vertex -48.513 6.40954 6.3
      vertex -48.6339 6.35946 10.3
      vertex -48.513 6.40954 10.3
    endloop
  endfacet
  facet normal -0.382694 0.923875 0
    outer loop
      vertex -48.6339 6.35946 10.3
      vertex -48.513 6.40954 6.3
      vertex -48.6339 6.35946 6.3
    endloop
  endfacet
  facet normal 0.382694 0.923875 -0
    outer loop
      vertex -31.1661 6.35946 0.299999
      vertex -31.287 6.40954 0.3
      vertex -31.1661 6.35946 0.3
    endloop
  endfacet
  facet normal 0.382694 0.923875 0
    outer loop
      vertex -31.287 6.40954 0.3
      vertex -31.1661 6.35946 0.299999
      vertex -31.287 6.40954 0.299999
    endloop
  endfacet
  facet normal 0.461641 0.887067 -0
    outer loop
      vertex -31.05 6.29904 0.299999
      vertex -31.1661 6.35946 0.3
      vertex -31.05 6.29904 0.3
    endloop
  endfacet
  facet normal 0.461641 0.887067 0
    outer loop
      vertex -31.1661 6.35946 0.3
      vertex -31.05 6.29904 0.299999
      vertex -31.1661 6.35946 0.299999
    endloop
  endfacet
  facet normal 0.991426 0.130672 -0
    outer loop
      vertex -30.3057 5.13073 0.299999
      vertex -30.3228 5.26047 0.465839
      vertex -30.3057 5.13073 0.488584
    endloop
  endfacet
  facet normal 0.991426 0.130672 0
    outer loop
      vertex -30.3228 5.26047 0.465839
      vertex -30.3057 5.13073 0.299999
      vertex -30.3228 5.26047 0.299999
    endloop
  endfacet
  facet normal 0.886517 -0.462695 0
    outer loop
      vertex -30.4699 4.30974 0.3
      vertex -30.4405 4.36607 0.299999
      vertex -30.4405 4.36607 0.331785
    endloop
  endfacet
  facet normal 0.887003 -0.461764 0
    outer loop
      vertex -30.501 4.25 0.299999
      vertex -30.4699 4.30974 0.3
      vertex -30.501 4.25 0.3
    endloop
  endfacet
  facet normal 0.0258226 -0.0134597 0.999576
    outer loop
      vertex -30.4699 4.30974 0.3
      vertex -30.501 4.25 0.299999
      vertex -30.4405 4.36607 0.299999
    endloop
  endfacet
  facet normal 0.461641 -0.887067 0
    outer loop
      vertex -31.1661 3.64054 0.299999
      vertex -31.05 3.70096 0.3
      vertex -31.1661 3.64054 0.3
    endloop
  endfacet
  facet normal 0.461641 -0.887067 0
    outer loop
      vertex -31.05 3.70096 0.3
      vertex -31.1661 3.64054 0.299999
      vertex -31.05 3.70096 0.299999
    endloop
  endfacet
  facet normal -0.793589 -0.608454 0
    outer loop
      vertex -49.1491 4.03582 6.3
      vertex -49.2287 4.13964 10.3
      vertex -49.2287 4.13964 6.3
    endloop
  endfacet
  facet normal -0.793589 -0.608454 0
    outer loop
      vertex -49.2287 4.13964 10.3
      vertex -49.1491 4.03582 6.3
      vertex -49.1491 4.03582 10.3
    endloop
  endfacet
  facet normal -0.999051 0.0435599 0
    outer loop
      vertex -49.5 5 6.3
      vertex -49.4943 5.13073 10.3
      vertex -49.4943 5.13073 6.3
    endloop
  endfacet
  facet normal -0.999051 0.0435599 0
    outer loop
      vertex -49.4943 5.13073 10.3
      vertex -49.5 5 6.3
      vertex -49.5 5 10.3
    endloop
  endfacet
  facet normal -0.793589 0.608454 0
    outer loop
      vertex -49.2287 5.86036 6.3
      vertex -49.1491 5.96418 10.3
      vertex -49.1491 5.96418 6.3
    endloop
  endfacet
  facet normal -0.793589 0.608454 0
    outer loop
      vertex -49.1491 5.96418 10.3
      vertex -49.2287 5.86036 6.3
      vertex -49.2287 5.86036 10.3
    endloop
  endfacet
  facet normal -0.886767 0.462216 0
    outer loop
      vertex -49.3595 5.63393 6.3
      vertex -49.299 5.75 10.3
      vertex -49.299 5.75 6.3
    endloop
  endfacet
  facet normal -0.886767 0.462216 0
    outer loop
      vertex -49.299 5.75 10.3
      vertex -49.3595 5.63393 6.3
      vertex -49.3595 5.63393 10.3
    endloop
  endfacet
  facet normal -0.0436462 0.999047 0
    outer loop
      vertex -48 6.5 6.3
      vertex -48.1307 6.49429 10.3
      vertex -48 6.5 10.3
    endloop
  endfacet
  facet normal -0.0436462 0.999047 0
    outer loop
      vertex -48.1307 6.49429 10.3
      vertex -48 6.5 6.3
      vertex -48.1307 6.49429 6.3
    endloop
  endfacet
  facet normal -0.21651 0.976281 0
    outer loop
      vertex -48.2605 6.47721 6.3
      vertex -48.3882 6.44889 10.3
      vertex -48.2605 6.47721 10.3
    endloop
  endfacet
  facet normal -0.21651 0.976281 0
    outer loop
      vertex -48.3882 6.44889 10.3
      vertex -48.2605 6.47721 6.3
      vertex -48.3882 6.44889 6.3
    endloop
  endfacet
  facet normal -0.608817 0.793311 0
    outer loop
      vertex -48.8604 6.22873 6.3
      vertex -48.9642 6.14907 10.3
      vertex -48.8604 6.22873 10.3
    endloop
  endfacet
  facet normal -0.608817 0.793311 0
    outer loop
      vertex -48.9642 6.14907 10.3
      vertex -48.8604 6.22873 6.3
      vertex -48.9642 6.14907 6.3
    endloop
  endfacet
  facet normal -0.737306 0.675559 0
    outer loop
      vertex -49.1491 5.96418 6.3
      vertex -49.0607 6.06066 10.3
      vertex -49.0607 6.06066 6.3
    endloop
  endfacet
  facet normal -0.737306 0.675559 0
    outer loop
      vertex -49.0607 6.06066 10.3
      vertex -49.1491 5.96418 6.3
      vertex -49.1491 5.96418 10.3
    endloop
  endfacet
  facet normal -0.675524 0.737338 0
    outer loop
      vertex -48.9642 6.14907 6.3
      vertex -49.0607 6.06066 10.3
      vertex -48.9642 6.14907 10.3
    endloop
  endfacet
  facet normal -0.675524 0.737338 0
    outer loop
      vertex -49.0607 6.06066 10.3
      vertex -48.9642 6.14907 6.3
      vertex -49.0607 6.06066 6.3
    endloop
  endfacet
  facet normal 0.21651 0.976281 -0
    outer loop
      vertex -31.4118 6.44889 0.299999
      vertex -31.5395 6.47721 0.3
      vertex -31.4118 6.44889 0.3
    endloop
  endfacet
  facet normal 0.21651 0.976281 0
    outer loop
      vertex -31.5395 6.47721 0.3
      vertex -31.4118 6.44889 0.299999
      vertex -31.5395 6.47721 0.299999
    endloop
  endfacet
  facet normal 0.675524 0.737338 -0
    outer loop
      vertex -30.7393 6.06066 0.299999
      vertex -30.8358 6.14907 0.3
      vertex -30.7393 6.06066 0.3
    endloop
  endfacet
  facet normal 0.675524 0.737338 0
    outer loop
      vertex -30.8358 6.14907 0.3
      vertex -30.7393 6.06066 0.299999
      vertex -30.8358 6.14907 0.299999
    endloop
  endfacet
  facet normal 0.737306 0.675559 0
    outer loop
      vertex -30.6509 5.96418 0.3
      vertex -30.7393 6.06066 0.299999
      vertex -30.7393 6.06066 0.3
    endloop
  endfacet
  facet normal 0.737306 0.675559 0
    outer loop
      vertex -30.7393 6.06066 0.299999
      vertex -30.6509 5.96418 0.3
      vertex -30.6509 5.96418 0.299999
    endloop
  endfacet
  facet normal 0.953606 0.301058 -0
    outer loop
      vertex -30.3511 5.38823 0.299999
      vertex -30.3905 5.51303 0.38714
      vertex -30.3511 5.38823 0.431939
    endloop
  endfacet
  facet normal 0.953606 0.301058 0
    outer loop
      vertex -30.3905 5.51303 0.38714
      vertex -30.3511 5.38823 0.299999
      vertex -30.3905 5.51303 0.299999
    endloop
  endfacet
  facet normal 0.793589 0.608454 0
    outer loop
      vertex -30.5713 5.86036 0.3
      vertex -30.6509 5.96418 0.299999
      vertex -30.6509 5.96418 0.3
    endloop
  endfacet
  facet normal 0.793589 0.608454 0
    outer loop
      vertex -30.6509 5.96418 0.299999
      vertex -30.5713 5.86036 0.3
      vertex -30.5713 5.86036 0.299999
    endloop
  endfacet
  facet normal 0.793589 -0.608454 0
    outer loop
      vertex -30.6509 4.03582 0.3
      vertex -30.5713 4.13964 0.299999
      vertex -30.5713 4.13964 0.3
    endloop
  endfacet
  facet normal 0.793589 -0.608454 0
    outer loop
      vertex -30.5713 4.13964 0.299999
      vertex -30.6509 4.03582 0.3
      vertex -30.6509 4.03582 0.299999
    endloop
  endfacet
  facet normal 0.843416 -0.537261 0
    outer loop
      vertex -30.5713 4.13964 0.3
      vertex -30.501 4.25 0.299999
      vertex -30.501 4.25 0.3
    endloop
  endfacet
  facet normal 0.843416 -0.537261 0
    outer loop
      vertex -30.501 4.25 0.299999
      vertex -30.5713 4.13964 0.3
      vertex -30.5713 4.13964 0.299999
    endloop
  endfacet
  facet normal 0.953627 -0.300992 0
    outer loop
      vertex -30.3842 4.5069 0.394295
      vertex -30.3511 4.61177 0.299999
      vertex -30.3511 4.61177 0.431939
    endloop
  endfacet
  facet normal 0.953496 -0.301406 0
    outer loop
      vertex -30.3905 4.48697 0.299999
      vertex -30.3842 4.5069 0.394295
      vertex -30.3905 4.48697 0.387139
    endloop
  endfacet
  facet normal 0.953606 -0.301058 -8.08708e-05
    outer loop
      vertex -30.3842 4.5069 0.394295
      vertex -30.3905 4.48697 0.299999
      vertex -30.3511 4.61177 0.299999
    endloop
  endfacet
  facet normal 0.976334 -0.216267 0
    outer loop
      vertex -30.3511 4.61177 0.431939
      vertex -30.3228 4.73953 0.299999
      vertex -30.3228 4.73953 0.465839
    endloop
  endfacet
  facet normal 0.976334 -0.216267 0
    outer loop
      vertex -30.3228 4.73953 0.299999
      vertex -30.3511 4.61177 0.431939
      vertex -30.3511 4.61177 0.299999
    endloop
  endfacet
  facet normal 0.999051 -0.0435599 0
    outer loop
      vertex -30.3057 4.86927 0.488584
      vertex -30.3 5 0.299999
      vertex -30.3 5 0.500001
    endloop
  endfacet
  facet normal 0.999051 -0.0435599 0
    outer loop
      vertex -30.3 5 0.299999
      vertex -30.3057 4.86927 0.488584
      vertex -30.3057 4.86927 0.299999
    endloop
  endfacet
  facet normal 0.999051 0.0435599 -0
    outer loop
      vertex -30.3 5 0.299999
      vertex -30.3057 5.13073 0.488584
      vertex -30.3 5 0.500001
    endloop
  endfacet
  facet normal 0.999051 0.0435599 0
    outer loop
      vertex -30.3057 5.13073 0.488584
      vertex -30.3 5 0.299999
      vertex -30.3057 5.13073 0.299999
    endloop
  endfacet
  facet normal 0.675524 -0.737338 0
    outer loop
      vertex -30.8358 3.85093 0.299999
      vertex -30.7393 3.93934 0.3
      vertex -30.8358 3.85093 0.3
    endloop
  endfacet
  facet normal 0.675524 -0.737338 0
    outer loop
      vertex -30.7393 3.93934 0.3
      vertex -30.8358 3.85093 0.299999
      vertex -30.7393 3.93934 0.299999
    endloop
  endfacet
  facet normal 0.0436462 -0.999047 0
    outer loop
      vertex -31.8 3.5 0.299999
      vertex -31.6693 3.50571 0.3
      vertex -31.8 3.5 0.3
    endloop
  endfacet
  facet normal 0.0436462 -0.999047 0
    outer loop
      vertex -31.6693 3.50571 0.3
      vertex -31.8 3.5 0.299999
      vertex -31.6693 3.50571 0.299999
    endloop
  endfacet
  facet normal -0.0436462 -0.999047 0
    outer loop
      vertex -48.1307 3.50571 6.3
      vertex -48 3.5 10.3
      vertex -48.1307 3.50571 10.3
    endloop
  endfacet
  facet normal -0.0436462 -0.999047 -0
    outer loop
      vertex -48 3.5 10.3
      vertex -48.1307 3.50571 6.3
      vertex -48 3.5 6.3
    endloop
  endfacet
  facet normal -0.300711 -0.953715 0
    outer loop
      vertex -48.513 3.59046 6.3
      vertex -48.3882 3.55111 10.3
      vertex -48.513 3.59046 10.3
    endloop
  endfacet
  facet normal -0.300711 -0.953715 -0
    outer loop
      vertex -48.3882 3.55111 10.3
      vertex -48.513 3.59046 6.3
      vertex -48.3882 3.55111 6.3
    endloop
  endfacet
  facet normal -0.737306 -0.675559 0
    outer loop
      vertex -49.0607 3.93934 6.3
      vertex -49.1491 4.03582 10.3
      vertex -49.1491 4.03582 6.3
    endloop
  endfacet
  facet normal -0.737306 -0.675559 0
    outer loop
      vertex -49.1491 4.03582 10.3
      vertex -49.0607 3.93934 6.3
      vertex -49.0607 3.93934 10.3
    endloop
  endfacet
  facet normal -0.886767 -0.462216 0
    outer loop
      vertex -49.299 4.25 6.3
      vertex -49.3595 4.36607 10.3
      vertex -49.3595 4.36607 6.3
    endloop
  endfacet
  facet normal -0.886767 -0.462216 0
    outer loop
      vertex -49.3595 4.36607 10.3
      vertex -49.299 4.25 6.3
      vertex -49.299 4.25 10.3
    endloop
  endfacet
  facet normal -0.991426 0.130672 0
    outer loop
      vertex -49.4943 5.13073 6.3
      vertex -49.4772 5.26047 10.3
      vertex -49.4772 5.26047 6.3
    endloop
  endfacet
  facet normal -0.991426 0.130672 0
    outer loop
      vertex -49.4772 5.26047 10.3
      vertex -49.4943 5.13073 6.3
      vertex -49.4943 5.13073 10.3
    endloop
  endfacet
  facet normal 0 0 1
    outer loop
      vertex -32.4345 6.5 10.3
      vertex -48 6.5 10.3
      vertex -32.5 5 10.3
    endloop
  endfacet
  facet normal 0 0 1
    outer loop
      vertex -48 3.5 10.3
      vertex -32.5 5 10.3
      vertex -48 6.5 10.3
    endloop
  endfacet
  facet normal 0 0 1
    outer loop
      vertex -32.5 5 10.3
      vertex -48 3.5 10.3
      vertex -32.4345 3.5 10.3
    endloop
  endfacet
  facet normal -0 0 1
    outer loop
      vertex -48.1307 6.49429 10.3
      vertex -48 3.5 10.3
      vertex -48 6.5 10.3
    endloop
  endfacet
  facet normal 0 0 1
    outer loop
      vertex -48.1307 6.49429 10.3
      vertex -48.1307 3.50571 10.3
      vertex -48 3.5 10.3
    endloop
  endfacet
  facet normal -0 0 1
    outer loop
      vertex -48.2605 6.47721 10.3
      vertex -48.1307 3.50571 10.3
      vertex -48.1307 6.49429 10.3
    endloop
  endfacet
  facet normal 0 0 1
    outer loop
      vertex -48.2605 6.47721 10.3
      vertex -48.2605 3.52279 10.3
      vertex -48.1307 3.50571 10.3
    endloop
  endfacet
  facet normal -0 0 1
    outer loop
      vertex -48.3882 6.44889 10.3
      vertex -48.2605 3.52279 10.3
      vertex -48.2605 6.47721 10.3
    endloop
  endfacet
  facet normal 0 0 1
    outer loop
      vertex -48.3882 6.44889 10.3
      vertex -48.3882 3.55111 10.3
      vertex -48.2605 3.52279 10.3
    endloop
  endfacet
  facet normal -0 0 1
    outer loop
      vertex -48.513 6.40954 10.3
      vertex -48.3882 3.55111 10.3
      vertex -48.3882 6.44889 10.3
    endloop
  endfacet
  facet normal 0 0 1
    outer loop
      vertex -48.513 6.40954 10.3
      vertex -48.513 3.59046 10.3
      vertex -48.3882 3.55111 10.3
    endloop
  endfacet
  facet normal -0 0 1
    outer loop
      vertex -48.6339 6.35946 10.3
      vertex -48.513 3.59046 10.3
      vertex -48.513 6.40954 10.3
    endloop
  endfacet
  facet normal 0 0 1
    outer loop
      vertex -48.6339 6.35946 10.3
      vertex -48.6339 3.64054 10.3
      vertex -48.513 3.59046 10.3
    endloop
  endfacet
  facet normal -0 0 1
    outer loop
      vertex -48.75 6.29904 10.3
      vertex -48.6339 3.64054 10.3
      vertex -48.6339 6.35946 10.3
    endloop
  endfacet
  facet normal 0 0 1
    outer loop
      vertex -48.75 6.29904 10.3
      vertex -48.75 3.70096 10.3
      vertex -48.6339 3.64054 10.3
    endloop
  endfacet
  facet normal -0 0 1
    outer loop
      vertex -48.8604 6.22873 10.3
      vertex -48.75 3.70096 10.3
      vertex -48.75 6.29904 10.3
    endloop
  endfacet
  facet normal 0 0 1
    outer loop
      vertex -48.8604 6.22873 10.3
      vertex -48.8604 3.77127 10.3
      vertex -48.75 3.70096 10.3
    endloop
  endfacet
  facet normal -0 0 1
    outer loop
      vertex -48.9642 6.14907 10.3
      vertex -48.8604 3.77127 10.3
      vertex -48.8604 6.22873 10.3
    endloop
  endfacet
  facet normal 0 0 1
    outer loop
      vertex -48.9642 6.14907 10.3
      vertex -48.9642 3.85093 10.3
      vertex -48.8604 3.77127 10.3
    endloop
  endfacet
  facet normal -0 0 1
    outer loop
      vertex -49.0607 6.06066 10.3
      vertex -48.9642 3.85093 10.3
      vertex -48.9642 6.14907 10.3
    endloop
  endfacet
  facet normal 0 0 1
    outer loop
      vertex -49.0607 6.06066 10.3
      vertex -49.0607 3.93934 10.3
      vertex -48.9642 3.85093 10.3
    endloop
  endfacet
  facet normal -0 0 1
    outer loop
      vertex -49.1491 5.96418 10.3
      vertex -49.0607 3.93934 10.3
      vertex -49.0607 6.06066 10.3
    endloop
  endfacet
  facet normal 0 0 1
    outer loop
      vertex -49.1491 5.96418 10.3
      vertex -49.1491 4.03582 10.3
      vertex -49.0607 3.93934 10.3
    endloop
  endfacet
  facet normal -0 0 1
    outer loop
      vertex -49.2287 5.86036 10.3
      vertex -49.1491 4.03582 10.3
      vertex -49.1491 5.96418 10.3
    endloop
  endfacet
  facet normal 0 0 1
    outer loop
      vertex -49.2287 5.86036 10.3
      vertex -49.2287 4.13964 10.3
      vertex -49.1491 4.03582 10.3
    endloop
  endfacet
  facet normal -0 0 1
    outer loop
      vertex -49.299 5.75 10.3
      vertex -49.2287 4.13964 10.3
      vertex -49.2287 5.86036 10.3
    endloop
  endfacet
  facet normal 0 0 1
    outer loop
      vertex -49.299 5.75 10.3
      vertex -49.299 4.25 10.3
      vertex -49.2287 4.13964 10.3
    endloop
  endfacet
  facet normal -0 0 1
    outer loop
      vertex -49.3595 5.63393 10.3
      vertex -49.299 4.25 10.3
      vertex -49.299 5.75 10.3
    endloop
  endfacet
  facet normal 0 0 1
    outer loop
      vertex -49.3595 5.63393 10.3
      vertex -49.3595 4.36607 10.3
      vertex -49.299 4.25 10.3
    endloop
  endfacet
  facet normal -0 0 1
    outer loop
      vertex -49.4095 5.51303 10.3
      vertex -49.3595 4.36607 10.3
      vertex -49.3595 5.63393 10.3
    endloop
  endfacet
  facet normal 0 0 1
    outer loop
      vertex -49.4095 5.51303 10.3
      vertex -49.4095 4.48697 10.3
      vertex -49.3595 4.36607 10.3
    endloop
  endfacet
  facet normal -0 0 1
    outer loop
      vertex -49.4489 5.38823 10.3
      vertex -49.4095 4.48697 10.3
      vertex -49.4095 5.51303 10.3
    endloop
  endfacet
  facet normal 0 0 1
    outer loop
      vertex -49.4489 5.38823 10.3
      vertex -49.4489 4.61177 10.3
      vertex -49.4095 4.48697 10.3
    endloop
  endfacet
  facet normal -0 0 1
    outer loop
      vertex -49.4772 5.26047 10.3
      vertex -49.4489 4.61177 10.3
      vertex -49.4489 5.38823 10.3
    endloop
  endfacet
  facet normal 0 0 1
    outer loop
      vertex -49.4772 5.26047 10.3
      vertex -49.4772 4.73953 10.3
      vertex -49.4489 4.61177 10.3
    endloop
  endfacet
  facet normal -0 0 1
    outer loop
      vertex -49.4943 5.13073 10.3
      vertex -49.4772 4.73953 10.3
      vertex -49.4772 5.26047 10.3
    endloop
  endfacet
  facet normal 0 0 1
    outer loop
      vertex -49.4943 5.13073 10.3
      vertex -49.4943 4.86927 10.3
      vertex -49.4772 4.73953 10.3
    endloop
  endfacet
  facet normal 0 -0 1
    outer loop
      vertex -49.4943 4.86927 10.3
      vertex -49.4943 5.13073 10.3
      vertex -49.5 5 10.3
    endloop
  endfacet
  facet normal -0.924091 0.382172 0
    outer loop
      vertex -49.4095 5.51303 6.3
      vertex -49.3595 5.63393 10.3
      vertex -49.3595 5.63393 6.3
    endloop
  endfacet
  facet normal -0.924091 0.382172 0
    outer loop
      vertex -49.3595 5.63393 10.3
      vertex -49.4095 5.51303 6.3
      vertex -49.4095 5.51303 10.3
    endloop
  endfacet
  facet normal -0.537177 0.84347 0
    outer loop
      vertex -48.75 6.29904 6.3
      vertex -48.8604 6.22873 10.3
      vertex -48.75 6.29904 10.3
    endloop
  endfacet
  facet normal -0.537177 0.84347 0
    outer loop
      vertex -48.8604 6.22873 10.3
      vertex -48.75 6.29904 6.3
      vertex -48.8604 6.22873 6.3
    endloop
  endfacet
  facet normal 0.130462 0.991453 -0
    outer loop
      vertex -31.5395 6.47721 0.299999
      vertex -31.6693 6.49429 0.3
      vertex -31.5395 6.47721 0.3
    endloop
  endfacet
  facet normal 0.130462 0.991453 0
    outer loop
      vertex -31.6693 6.49429 0.3
      vertex -31.5395 6.47721 0.299999
      vertex -31.6693 6.49429 0.299999
    endloop
  endfacet
  facet normal 0.537177 0.84347 -0
    outer loop
      vertex -30.9396 6.22873 0.299999
      vertex -31.05 6.29904 0.3
      vertex -30.9396 6.22873 0.3
    endloop
  endfacet
  facet normal 0.537177 0.84347 0
    outer loop
      vertex -31.05 6.29904 0.3
      vertex -30.9396 6.22873 0.299999
      vertex -31.05 6.29904 0.299999
    endloop
  endfacet
  facet normal 0.608817 0.793311 -0
    outer loop
      vertex -30.8358 6.14907 0.299999
      vertex -30.9396 6.22873 0.3
      vertex -30.8358 6.14907 0.3
    endloop
  endfacet
  facet normal 0.608817 0.793311 0
    outer loop
      vertex -30.9396 6.22873 0.3
      vertex -30.8358 6.14907 0.299999
      vertex -30.9396 6.22873 0.299999
    endloop
  endfacet
  facet normal 0.843416 0.537261 0
    outer loop
      vertex -30.501 5.75 0.3
      vertex -30.5713 5.86036 0.299999
      vertex -30.5713 5.86036 0.3
    endloop
  endfacet
  facet normal 0.843416 0.537261 0
    outer loop
      vertex -30.5713 5.86036 0.299999
      vertex -30.501 5.75 0.3
      vertex -30.501 5.75 0.299999
    endloop
  endfacet
  facet normal 0.887003 0.461764 0
    outer loop
      vertex -30.4699 5.69026 0.3
      vertex -30.501 5.75 0.299999
      vertex -30.501 5.75 0.3
    endloop
  endfacet
  facet normal 0.0258226 0.0134597 0.999576
    outer loop
      vertex -30.4699 5.69026 0.3
      vertex -30.4405 5.63393 0.299999
      vertex -30.501 5.75 0.299999
    endloop
  endfacet
  facet normal 0.886517 0.462695 -0
    outer loop
      vertex -30.4405 5.63393 0.299999
      vertex -30.4699 5.69026 0.3
      vertex -30.4405 5.63393 0.331785
    endloop
  endfacet
  facet normal 0.924091 0.382172 -0
    outer loop
      vertex -30.3905 5.51303 0.299999
      vertex -30.4405 5.63393 0.331785
      vertex -30.3905 5.51303 0.38714
    endloop
  endfacet
  facet normal 0.924091 0.382172 0
    outer loop
      vertex -30.4405 5.63393 0.331785
      vertex -30.3905 5.51303 0.299999
      vertex -30.4405 5.63393 0.299999
    endloop
  endfacet
  facet normal 0.991426 -0.130672 0
    outer loop
      vertex -30.3228 4.73953 0.465839
      vertex -30.3057 4.86927 0.299999
      vertex -30.3057 4.86927 0.488584
    endloop
  endfacet
  facet normal 0.991426 -0.130672 0
    outer loop
      vertex -30.3057 4.86927 0.299999
      vertex -30.3228 4.73953 0.465839
      vertex -30.3228 4.73953 0.299999
    endloop
  endfacet
  facet normal 0.130462 -0.991453 0
    outer loop
      vertex -31.6693 3.50571 0.299999
      vertex -31.5395 3.52279 0.3
      vertex -31.6693 3.50571 0.3
    endloop
  endfacet
  facet normal 0.130462 -0.991453 0
    outer loop
      vertex -31.5395 3.52279 0.3
      vertex -31.6693 3.50571 0.299999
      vertex -31.5395 3.52279 0.299999
    endloop
  endfacet
  facet normal 0.382694 -0.923875 0
    outer loop
      vertex -31.287 3.59046 0.299999
      vertex -31.1661 3.64054 0.3
      vertex -31.287 3.59046 0.3
    endloop
  endfacet
  facet normal 0.382694 -0.923875 0
    outer loop
      vertex -31.1661 3.64054 0.3
      vertex -31.287 3.59046 0.299999
      vertex -31.1661 3.64054 0.299999
    endloop
  endfacet
  facet normal -0.21651 -0.976281 0
    outer loop
      vertex -48.3882 3.55111 6.3
      vertex -48.2605 3.52279 10.3
      vertex -48.3882 3.55111 10.3
    endloop
  endfacet
  facet normal -0.21651 -0.976281 -0
    outer loop
      vertex -48.2605 3.52279 10.3
      vertex -48.3882 3.55111 6.3
      vertex -48.2605 3.52279 6.3
    endloop
  endfacet
  facet normal -0.924091 -0.382172 0
    outer loop
      vertex -49.3595 4.36607 6.3
      vertex -49.4095 4.48697 10.3
      vertex -49.4095 4.48697 6.3
    endloop
  endfacet
  facet normal -0.924091 -0.382172 0
    outer loop
      vertex -49.4095 4.48697 10.3
      vertex -49.3595 4.36607 6.3
      vertex -49.3595 4.36607 10.3
    endloop
  endfacet
  facet normal -0.953606 0.301058 0
    outer loop
      vertex -49.4489 5.38823 6.3
      vertex -49.4095 5.51303 10.3
      vertex -49.4095 5.51303 6.3
    endloop
  endfacet
  facet normal -0.953606 0.301058 0
    outer loop
      vertex -49.4095 5.51303 10.3
      vertex -49.4489 5.38823 6.3
      vertex -49.4489 5.38823 10.3
    endloop
  endfacet
  facet normal 0.300711 0.953715 -0
    outer loop
      vertex -31.287 6.40954 0.299999
      vertex -31.4118 6.44889 0.3
      vertex -31.287 6.40954 0.3
    endloop
  endfacet
  facet normal 0.300711 0.953715 0
    outer loop
      vertex -31.4118 6.44889 0.3
      vertex -31.287 6.40954 0.299999
      vertex -31.4118 6.44889 0.299999
    endloop
  endfacet
  facet normal 0.537177 -0.84347 0
    outer loop
      vertex -31.05 3.70096 0.299999
      vertex -30.9396 3.77127 0.3
      vertex -31.05 3.70096 0.3
    endloop
  endfacet
  facet normal 0.537177 -0.84347 0
    outer loop
      vertex -30.9396 3.77127 0.3
      vertex -31.05 3.70096 0.299999
      vertex -30.9396 3.77127 0.299999
    endloop
  endfacet
  facet normal 0.737306 -0.675559 0
    outer loop
      vertex -30.7393 3.93934 0.3
      vertex -30.6509 4.03582 0.299999
      vertex -30.6509 4.03582 0.3
    endloop
  endfacet
  facet normal 0.737306 -0.675559 0
    outer loop
      vertex -30.6509 4.03582 0.299999
      vertex -30.7393 3.93934 0.3
      vertex -30.7393 3.93934 0.299999
    endloop
  endfacet
  facet normal 0.300711 -0.953715 0
    outer loop
      vertex -31.4118 3.55111 0.299999
      vertex -31.287 3.59046 0.3
      vertex -31.4118 3.55111 0.3
    endloop
  endfacet
  facet normal 0.300711 -0.953715 0
    outer loop
      vertex -31.287 3.59046 0.3
      vertex -31.4118 3.55111 0.299999
      vertex -31.287 3.59046 0.299999
    endloop
  endfacet
  facet normal 0.21651 -0.976281 0
    outer loop
      vertex -31.5395 3.52279 0.299999
      vertex -31.4118 3.55111 0.3
      vertex -31.5395 3.52279 0.3
    endloop
  endfacet
  facet normal 0.21651 -0.976281 0
    outer loop
      vertex -31.4118 3.55111 0.3
      vertex -31.5395 3.52279 0.299999
      vertex -31.4118 3.55111 0.299999
    endloop
  endfacet
  facet normal -0.537177 -0.84347 0
    outer loop
      vertex -48.8604 3.77127 6.3
      vertex -48.75 3.70096 10.3
      vertex -48.8604 3.77127 10.3
    endloop
  endfacet
  facet normal -0.537177 -0.84347 -0
    outer loop
      vertex -48.75 3.70096 10.3
      vertex -48.8604 3.77127 6.3
      vertex -48.75 3.70096 6.3
    endloop
  endfacet
  facet normal -0.608817 -0.793311 0
    outer loop
      vertex -48.9642 3.85093 6.3
      vertex -48.8604 3.77127 10.3
      vertex -48.9642 3.85093 10.3
    endloop
  endfacet
  facet normal -0.608817 -0.793311 -0
    outer loop
      vertex -48.8604 3.77127 10.3
      vertex -48.9642 3.85093 6.3
      vertex -48.8604 3.77127 6.3
    endloop
  endfacet
  facet normal -0.461641 -0.887067 0
    outer loop
      vertex -48.75 3.70096 6.3
      vertex -48.6339 3.64054 10.3
      vertex -48.75 3.70096 10.3
    endloop
  endfacet
  facet normal -0.461641 -0.887067 -0
    outer loop
      vertex -48.6339 3.64054 10.3
      vertex -48.75 3.70096 6.3
      vertex -48.6339 3.64054 6.3
    endloop
  endfacet
  facet normal 0.608817 -0.793311 0
    outer loop
      vertex -30.9396 3.77127 0.299999
      vertex -30.8358 3.85093 0.3
      vertex -30.9396 3.77127 0.3
    endloop
  endfacet
  facet normal 0.608817 -0.793311 0
    outer loop
      vertex -30.8358 3.85093 0.3
      vertex -30.9396 3.77127 0.299999
      vertex -30.8358 3.85093 0.299999
    endloop
  endfacet
  facet normal -0.675524 -0.737338 0
    outer loop
      vertex -49.0607 3.93934 6.3
      vertex -48.9642 3.85093 10.3
      vertex -49.0607 3.93934 10.3
    endloop
  endfacet
  facet normal -0.675524 -0.737338 -0
    outer loop
      vertex -48.9642 3.85093 10.3
      vertex -49.0607 3.93934 6.3
      vertex -48.9642 3.85093 6.3
    endloop
  endfacet
  facet normal -0.382694 -0.923875 0
    outer loop
      vertex -48.6339 3.64054 6.3
      vertex -48.513 3.59046 10.3
      vertex -48.6339 3.64054 10.3
    endloop
  endfacet
  facet normal -0.382694 -0.923875 -0
    outer loop
      vertex -48.513 3.59046 10.3
      vertex -48.6339 3.64054 6.3
      vertex -48.513 3.59046 6.3
    endloop
  endfacet
  facet normal -0.991426 -0.130672 -0
    outer loop
      vertex 30.3228 4.73953 0.465839
      vertex 30.3057 4.86927 0.299999
      vertex 30.3228 4.73953 0.299999
    endloop
  endfacet
  facet normal -0.991426 -0.130672 0
    outer loop
      vertex 30.3057 4.86927 0.299999
      vertex 30.3228 4.73953 0.465839
      vertex 30.3057 4.86927 0.488584
    endloop
  endfacet
  facet normal -0.999051 0.0435599 0
    outer loop
      vertex 30.3 5 0.299999
      vertex 30.3057 5.13073 0.488584
      vertex 30.3057 5.13073 0.299999
    endloop
  endfacet
  facet normal -0.999051 0.0435599 0
    outer loop
      vertex 30.3057 5.13073 0.488584
      vertex 30.3 5 0.299999
      vertex 30.3 5 0.500001
    endloop
  endfacet
  facet normal 0.999051 0.0435599 0
    outer loop
      vertex 49.5 5 10.3
      vertex 49.4943 5.13073 6.3
      vertex 49.4943 5.13073 10.3
    endloop
  endfacet
  facet normal 0.999051 0.0435599 0
    outer loop
      vertex 49.4943 5.13073 6.3
      vertex 49.5 5 10.3
      vertex 49.5 5 6.3
    endloop
  endfacet
  facet normal -0.999051 -0.0435599 -0
    outer loop
      vertex 30.3057 4.86927 0.488584
      vertex 30.3 5 0.299999
      vertex 30.3057 4.86927 0.299999
    endloop
  endfacet
  facet normal -0.999051 -0.0435599 0
    outer loop
      vertex 30.3 5 0.299999
      vertex 30.3057 4.86927 0.488584
      vertex 30.3 5 0.500001
    endloop
  endfacet
  facet normal 0 1 0
    outer loop
      vertex 46 6.5 6.3
      vertex 48 6.5 10.3
      vertex 48 6.5 6.3
    endloop
  endfacet
  facet normal 0 1 0
    outer loop
      vertex 48 6.5 10.3
      vertex 46 6.5 6.3
      vertex 32.4345 6.5 10.3
    endloop
  endfacet
  facet normal 0 1 0
    outer loop
      vertex 46 6.5 6.3
      vertex 32.4345 6.5 0.8
      vertex 32.4345 6.5 10.3
    endloop
  endfacet
  facet normal 0 1 -0
    outer loop
      vertex 46 6.5 0.299999
      vertex 32.4345 6.5 0.8
      vertex 46 6.5 6.3
    endloop
  endfacet
  facet normal 0 1 0
    outer loop
      vertex 32.4345 6.5 0.8
      vertex 46 6.5 0.299999
      vertex 32.1656 6.5 0.531085
    endloop
  endfacet
  facet normal 0 1 0
    outer loop
      vertex 32.1656 6.5 0.531085
      vertex 46 6.5 0.299999
      vertex 31.9345 6.5 0.3
    endloop
  endfacet
  facet normal 0 1 0
    outer loop
      vertex 31.8 6.5 0.299999
      vertex 31.9345 6.5 0.3
      vertex 46 6.5 0.299999
    endloop
  endfacet
  facet normal 0 1 0
    outer loop
      vertex 31.9345 6.5 0.3
      vertex 31.8 6.5 0.299999
      vertex 31.8 6.5 0.3
    endloop
  endfacet
  facet normal -0.675524 0.737338 0
    outer loop
      vertex 30.8358 6.14907 0.299999
      vertex 30.7393 6.06066 0.3
      vertex 30.8358 6.14907 0.3
    endloop
  endfacet
  facet normal -0.675524 0.737338 0
    outer loop
      vertex 30.7393 6.06066 0.3
      vertex 30.8358 6.14907 0.299999
      vertex 30.7393 6.06066 0.299999
    endloop
  endfacet
  facet normal 0.0436462 0.999047 -0
    outer loop
      vertex 48.1307 6.49429 6.3
      vertex 48 6.5 10.3
      vertex 48.1307 6.49429 10.3
    endloop
  endfacet
  facet normal 0.0436462 0.999047 0
    outer loop
      vertex 48 6.5 10.3
      vertex 48.1307 6.49429 6.3
      vertex 48 6.5 6.3
    endloop
  endfacet
  facet normal -0.130462 0.991453 0
    outer loop
      vertex 31.6693 6.49429 0.299999
      vertex 31.5395 6.47721 0.3
      vertex 31.6693 6.49429 0.3
    endloop
  endfacet
  facet normal -0.130462 0.991453 0
    outer loop
      vertex 31.5395 6.47721 0.3
      vertex 31.6693 6.49429 0.299999
      vertex 31.5395 6.47721 0.299999
    endloop
  endfacet
  facet normal -0.0436462 -0.999047 0
    outer loop
      vertex 31.6693 3.50571 0.299999
      vertex 31.8 3.5 0.3
      vertex 31.6693 3.50571 0.3
    endloop
  endfacet
  facet normal -0.0436462 -0.999047 -0
    outer loop
      vertex 31.8 3.5 0.3
      vertex 31.6693 3.50571 0.299999
      vertex 31.8 3.5 0.299999
    endloop
  endfacet
  facet normal -0.843416 0.537261 0
    outer loop
      vertex 30.501 5.75 0.299999
      vertex 30.5713 5.86036 0.3
      vertex 30.5713 5.86036 0.299999
    endloop
  endfacet
  facet normal -0.843416 0.537261 0
    outer loop
      vertex 30.5713 5.86036 0.3
      vertex 30.501 5.75 0.299999
      vertex 30.501 5.75 0.3
    endloop
  endfacet
  facet normal 0.886767 0.462216 0
    outer loop
      vertex 49.3595 5.63393 10.3
      vertex 49.299 5.75 6.3
      vertex 49.299 5.75 10.3
    endloop
  endfacet
  facet normal 0.886767 0.462216 0
    outer loop
      vertex 49.299 5.75 6.3
      vertex 49.3595 5.63393 10.3
      vertex 49.3595 5.63393 6.3
    endloop
  endfacet
  facet normal -0.21651 0.976281 0
    outer loop
      vertex 31.5395 6.47721 0.299999
      vertex 31.4118 6.44889 0.3
      vertex 31.5395 6.47721 0.3
    endloop
  endfacet
  facet normal -0.21651 0.976281 0
    outer loop
      vertex 31.4118 6.44889 0.3
      vertex 31.5395 6.47721 0.299999
      vertex 31.4118 6.44889 0.299999
    endloop
  endfacet
  facet normal -0.793589 0.608454 0
    outer loop
      vertex 30.5713 5.86036 0.299999
      vertex 30.6509 5.96418 0.3
      vertex 30.6509 5.96418 0.299999
    endloop
  endfacet
  facet normal -0.793589 0.608454 0
    outer loop
      vertex 30.6509 5.96418 0.3
      vertex 30.5713 5.86036 0.299999
      vertex 30.5713 5.86036 0.3
    endloop
  endfacet
  facet normal 0.886767 -0.462216 0
    outer loop
      vertex 49.299 4.25 10.3
      vertex 49.3595 4.36607 6.3
      vertex 49.3595 4.36607 10.3
    endloop
  endfacet
  facet normal 0.886767 -0.462216 0
    outer loop
      vertex 49.3595 4.36607 6.3
      vertex 49.299 4.25 10.3
      vertex 49.299 4.25 6.3
    endloop
  endfacet
  facet normal 0.21651 -0.976281 0
    outer loop
      vertex 48.2605 3.52279 6.3
      vertex 48.3882 3.55111 10.3
      vertex 48.2605 3.52279 10.3
    endloop
  endfacet
  facet normal 0.21651 -0.976281 0
    outer loop
      vertex 48.3882 3.55111 10.3
      vertex 48.2605 3.52279 6.3
      vertex 48.3882 3.55111 6.3
    endloop
  endfacet
  facet normal 0.737306 -0.675559 0
    outer loop
      vertex 49.0607 3.93934 10.3
      vertex 49.1491 4.03582 6.3
      vertex 49.1491 4.03582 10.3
    endloop
  endfacet
  facet normal 0.737306 -0.675559 0
    outer loop
      vertex 49.1491 4.03582 6.3
      vertex 49.0607 3.93934 10.3
      vertex 49.0607 3.93934 6.3
    endloop
  endfacet
  facet normal 0 -1 0
    outer loop
      vertex 31.8 3.5 0.3
      vertex 31.8 3.5 0.299999
      vertex 31.9345 3.5 0.3
    endloop
  endfacet
  facet normal 0 -1 0
    outer loop
      vertex 32.4345 3.5 10.3
      vertex 46 3.5 6.3
      vertex 48 3.5 10.3
    endloop
  endfacet
  facet normal 0 -1 0
    outer loop
      vertex 32.4345 3.5 0.8
      vertex 46 3.5 6.3
      vertex 32.4345 3.5 10.3
    endloop
  endfacet
  facet normal 0 -1 0
    outer loop
      vertex 46 3.5 0.299999
      vertex 32.4345 3.5 0.8
      vertex 32.1993 3.5 0.564778
    endloop
  endfacet
  facet normal 0 -1 0
    outer loop
      vertex 46 3.5 0.299999
      vertex 32.1993 3.5 0.564778
      vertex 31.9345 3.5 0.3
    endloop
  endfacet
  facet normal 0 -1 0
    outer loop
      vertex 32.4345 3.5 0.8
      vertex 46 3.5 0.299999
      vertex 46 3.5 6.3
    endloop
  endfacet
  facet normal 0 -1 0
    outer loop
      vertex 46 3.5 0.299999
      vertex 31.9345 3.5 0.3
      vertex 31.8 3.5 0.299999
    endloop
  endfacet
  facet normal 0 -1 -0
    outer loop
      vertex 48 3.5 10.3
      vertex 46 3.5 6.3
      vertex 48 3.5 6.3
    endloop
  endfacet
  facet normal -0.461641 -0.887067 0
    outer loop
      vertex 31.05 3.70096 0.299999
      vertex 31.1661 3.64054 0.3
      vertex 31.05 3.70096 0.3
    endloop
  endfacet
  facet normal -0.461641 -0.887067 -0
    outer loop
      vertex 31.1661 3.64054 0.3
      vertex 31.05 3.70096 0.299999
      vertex 31.1661 3.64054 0.299999
    endloop
  endfacet
  facet normal 0.608817 0.793311 -0
    outer loop
      vertex 48.9642 6.14907 6.3
      vertex 48.8604 6.22873 10.3
      vertex 48.9642 6.14907 10.3
    endloop
  endfacet
  facet normal 0.608817 0.793311 0
    outer loop
      vertex 48.8604 6.22873 10.3
      vertex 48.9642 6.14907 6.3
      vertex 48.8604 6.22873 6.3
    endloop
  endfacet
  facet normal 0.300711 0.953715 -0
    outer loop
      vertex 48.513 6.40954 6.3
      vertex 48.3882 6.44889 10.3
      vertex 48.513 6.40954 10.3
    endloop
  endfacet
  facet normal 0.300711 0.953715 0
    outer loop
      vertex 48.3882 6.44889 10.3
      vertex 48.513 6.40954 6.3
      vertex 48.3882 6.44889 6.3
    endloop
  endfacet
  facet normal -0.300711 0.953715 0
    outer loop
      vertex 31.4118 6.44889 0.299999
      vertex 31.287 6.40954 0.3
      vertex 31.4118 6.44889 0.3
    endloop
  endfacet
  facet normal -0.300711 0.953715 0
    outer loop
      vertex 31.287 6.40954 0.3
      vertex 31.4118 6.44889 0.299999
      vertex 31.287 6.40954 0.299999
    endloop
  endfacet
  facet normal -0.382694 0.923875 0
    outer loop
      vertex 31.287 6.40954 0.299999
      vertex 31.1661 6.35946 0.3
      vertex 31.287 6.40954 0.3
    endloop
  endfacet
  facet normal -0.382694 0.923875 0
    outer loop
      vertex 31.1661 6.35946 0.3
      vertex 31.287 6.40954 0.299999
      vertex 31.1661 6.35946 0.299999
    endloop
  endfacet
  facet normal -0.608817 0.793311 0
    outer loop
      vertex 30.9396 6.22873 0.299999
      vertex 30.8358 6.14907 0.3
      vertex 30.9396 6.22873 0.3
    endloop
  endfacet
  facet normal -0.608817 0.793311 0
    outer loop
      vertex 30.8358 6.14907 0.3
      vertex 30.9396 6.22873 0.299999
      vertex 30.8358 6.14907 0.299999
    endloop
  endfacet
  facet normal -0.461641 0.887067 0
    outer loop
      vertex 31.1661 6.35946 0.299999
      vertex 31.05 6.29904 0.3
      vertex 31.1661 6.35946 0.3
    endloop
  endfacet
  facet normal -0.461641 0.887067 0
    outer loop
      vertex 31.05 6.29904 0.3
      vertex 31.1661 6.35946 0.299999
      vertex 31.05 6.29904 0.299999
    endloop
  endfacet
  facet normal -0.887003 0.461764 0
    outer loop
      vertex 30.501 5.75 0.299999
      vertex 30.4699 5.69026 0.3
      vertex 30.501 5.75 0.3
    endloop
  endfacet
  facet normal -0.0258226 0.0134597 0.999576
    outer loop
      vertex 30.4405 5.63393 0.299999
      vertex 30.4699 5.69026 0.3
      vertex 30.501 5.75 0.299999
    endloop
  endfacet
  facet normal -0.886517 0.462695 0
    outer loop
      vertex 30.4699 5.69026 0.3
      vertex 30.4405 5.63393 0.299999
      vertex 30.4405 5.63393 0.331785
    endloop
  endfacet
  facet normal -0.953496 0.301406 0
    outer loop
      vertex 30.3905 5.51303 0.299999
      vertex 30.3842 5.4931 0.394294
      vertex 30.3905 5.51303 0.38714
    endloop
  endfacet
  facet normal -0.953606 0.301058 -8.08716e-05
    outer loop
      vertex 30.3511 5.38823 0.299999
      vertex 30.3842 5.4931 0.394294
      vertex 30.3905 5.51303 0.299999
    endloop
  endfacet
  facet normal -0.953627 0.300992 0
    outer loop
      vertex 30.3842 5.4931 0.394294
      vertex 30.3511 5.38823 0.299999
      vertex 30.3511 5.38823 0.431939
    endloop
  endfacet
  facet normal -0.991426 0.130672 0
    outer loop
      vertex 30.3057 5.13073 0.299999
      vertex 30.3228 5.26047 0.465839
      vertex 30.3228 5.26047 0.299999
    endloop
  endfacet
  facet normal -0.991426 0.130672 0
    outer loop
      vertex 30.3228 5.26047 0.465839
      vertex 30.3057 5.13073 0.299999
      vertex 30.3057 5.13073 0.488584
    endloop
  endfacet
  facet normal 0.991426 -0.130672 0
    outer loop
      vertex 49.4772 4.73953 10.3
      vertex 49.4943 4.86927 6.3
      vertex 49.4943 4.86927 10.3
    endloop
  endfacet
  facet normal 0.991426 -0.130672 0
    outer loop
      vertex 49.4943 4.86927 6.3
      vertex 49.4772 4.73953 10.3
      vertex 49.4772 4.73953 6.3
    endloop
  endfacet
  facet normal 0.0436462 -0.999047 0
    outer loop
      vertex 48 3.5 6.3
      vertex 48.1307 3.50571 10.3
      vertex 48 3.5 10.3
    endloop
  endfacet
  facet normal 0.0436462 -0.999047 0
    outer loop
      vertex 48.1307 3.50571 10.3
      vertex 48 3.5 6.3
      vertex 48.1307 3.50571 6.3
    endloop
  endfacet
  facet normal 0.130462 -0.991453 0
    outer loop
      vertex 48.1307 3.50571 6.3
      vertex 48.2605 3.52279 10.3
      vertex 48.1307 3.50571 10.3
    endloop
  endfacet
  facet normal 0.130462 -0.991453 0
    outer loop
      vertex 48.2605 3.52279 10.3
      vertex 48.1307 3.50571 6.3
      vertex 48.2605 3.52279 6.3
    endloop
  endfacet
  facet normal 0.461641 -0.887067 0
    outer loop
      vertex 48.6339 3.64054 6.3
      vertex 48.75 3.70096 10.3
      vertex 48.6339 3.64054 10.3
    endloop
  endfacet
  facet normal 0.461641 -0.887067 0
    outer loop
      vertex 48.75 3.70096 10.3
      vertex 48.6339 3.64054 6.3
      vertex 48.75 3.70096 6.3
    endloop
  endfacet
  facet normal 0.675524 -0.737338 0
    outer loop
      vertex 48.9642 3.85093 6.3
      vertex 49.0607 3.93934 10.3
      vertex 48.9642 3.85093 10.3
    endloop
  endfacet
  facet normal 0.675524 -0.737338 0
    outer loop
      vertex 49.0607 3.93934 10.3
      vertex 48.9642 3.85093 6.3
      vertex 49.0607 3.93934 6.3
    endloop
  endfacet
  facet normal 0.793589 -0.608454 0
    outer loop
      vertex 49.1491 4.03582 10.3
      vertex 49.2287 4.13964 6.3
      vertex 49.2287 4.13964 10.3
    endloop
  endfacet
  facet normal 0.793589 -0.608454 0
    outer loop
      vertex 49.2287 4.13964 6.3
      vertex 49.1491 4.03582 10.3
      vertex 49.1491 4.03582 6.3
    endloop
  endfacet
  facet normal 0.843416 -0.537261 0
    outer loop
      vertex 49.2287 4.13964 10.3
      vertex 49.299 4.25 6.3
      vertex 49.299 4.25 10.3
    endloop
  endfacet
  facet normal 0.843416 -0.537261 0
    outer loop
      vertex 49.299 4.25 6.3
      vertex 49.2287 4.13964 10.3
      vertex 49.2287 4.13964 6.3
    endloop
  endfacet
  facet normal 0.999051 -0.0435599 0
    outer loop
      vertex 49.4943 4.86927 10.3
      vertex 49.5 5 6.3
      vertex 49.5 5 10.3
    endloop
  endfacet
  facet normal 0.999051 -0.0435599 0
    outer loop
      vertex 49.5 5 6.3
      vertex 49.4943 4.86927 10.3
      vertex 49.4943 4.86927 6.3
    endloop
  endfacet
  facet normal -0.21651 -0.976281 0
    outer loop
      vertex 31.4118 3.55111 0.299999
      vertex 31.5395 3.52279 0.3
      vertex 31.4118 3.55111 0.3
    endloop
  endfacet
  facet normal -0.21651 -0.976281 -0
    outer loop
      vertex 31.5395 3.52279 0.3
      vertex 31.4118 3.55111 0.299999
      vertex 31.5395 3.52279 0.299999
    endloop
  endfacet
  facet normal -0.675524 -0.737338 0
    outer loop
      vertex 30.7393 3.93934 0.299999
      vertex 30.8358 3.85093 0.3
      vertex 30.7393 3.93934 0.3
    endloop
  endfacet
  facet normal -0.675524 -0.737338 -0
    outer loop
      vertex 30.8358 3.85093 0.3
      vertex 30.7393 3.93934 0.299999
      vertex 30.8358 3.85093 0.299999
    endloop
  endfacet
  facet normal -0.976334 -0.216267 -0
    outer loop
      vertex 30.3511 4.61177 0.431939
      vertex 30.3228 4.73953 0.299999
      vertex 30.3511 4.61177 0.299999
    endloop
  endfacet
  facet normal -0.976334 -0.216267 0
    outer loop
      vertex 30.3228 4.73953 0.299999
      vertex 30.3511 4.61177 0.431939
      vertex 30.3228 4.73953 0.465839
    endloop
  endfacet
  facet normal 0.991426 0.130672 0
    outer loop
      vertex 49.4943 5.13073 10.3
      vertex 49.4772 5.26047 6.3
      vertex 49.4772 5.26047 10.3
    endloop
  endfacet
  facet normal 0.991426 0.130672 0
    outer loop
      vertex 49.4772 5.26047 6.3
      vertex 49.4943 5.13073 10.3
      vertex 49.4943 5.13073 6.3
    endloop
  endfacet
  facet normal 0.843416 0.537261 0
    outer loop
      vertex 49.299 5.75 10.3
      vertex 49.2287 5.86036 6.3
      vertex 49.2287 5.86036 10.3
    endloop
  endfacet
  facet normal 0.843416 0.537261 0
    outer loop
      vertex 49.2287 5.86036 6.3
      vertex 49.299 5.75 10.3
      vertex 49.299 5.75 6.3
    endloop
  endfacet
  facet normal 0.737306 0.675559 0
    outer loop
      vertex 49.1491 5.96418 10.3
      vertex 49.0607 6.06066 6.3
      vertex 49.0607 6.06066 10.3
    endloop
  endfacet
  facet normal 0.737306 0.675559 0
    outer loop
      vertex 49.0607 6.06066 6.3
      vertex 49.1491 5.96418 10.3
      vertex 49.1491 5.96418 6.3
    endloop
  endfacet
  facet normal 0.130462 0.991453 -0
    outer loop
      vertex 48.2605 6.47721 6.3
      vertex 48.1307 6.49429 10.3
      vertex 48.2605 6.47721 10.3
    endloop
  endfacet
  facet normal 0.130462 0.991453 0
    outer loop
      vertex 48.1307 6.49429 10.3
      vertex 48.2605 6.47721 6.3
      vertex 48.1307 6.49429 6.3
    endloop
  endfacet
  facet normal 0.382694 0.923875 -0
    outer loop
      vertex 48.6339 6.35946 6.3
      vertex 48.513 6.40954 10.3
      vertex 48.6339 6.35946 10.3
    endloop
  endfacet
  facet normal 0.382694 0.923875 0
    outer loop
      vertex 48.513 6.40954 10.3
      vertex 48.6339 6.35946 6.3
      vertex 48.513 6.40954 6.3
    endloop
  endfacet
  facet normal 0.537177 0.84347 -0
    outer loop
      vertex 48.8604 6.22873 6.3
      vertex 48.75 6.29904 10.3
      vertex 48.8604 6.22873 10.3
    endloop
  endfacet
  facet normal 0.537177 0.84347 0
    outer loop
      vertex 48.75 6.29904 10.3
      vertex 48.8604 6.22873 6.3
      vertex 48.75 6.29904 6.3
    endloop
  endfacet
  facet normal 0.675524 0.737338 -0
    outer loop
      vertex 49.0607 6.06066 6.3
      vertex 48.9642 6.14907 10.3
      vertex 49.0607 6.06066 10.3
    endloop
  endfacet
  facet normal 0.675524 0.737338 0
    outer loop
      vertex 48.9642 6.14907 10.3
      vertex 49.0607 6.06066 6.3
      vertex 48.9642 6.14907 6.3
    endloop
  endfacet
  facet normal 0.461641 0.887067 -0
    outer loop
      vertex 48.75 6.29904 6.3
      vertex 48.6339 6.35946 10.3
      vertex 48.75 6.29904 10.3
    endloop
  endfacet
  facet normal 0.461641 0.887067 0
    outer loop
      vertex 48.6339 6.35946 10.3
      vertex 48.75 6.29904 6.3
      vertex 48.6339 6.35946 6.3
    endloop
  endfacet
  facet normal -0.0436462 0.999047 0
    outer loop
      vertex 31.8 6.5 0.299999
      vertex 31.6693 6.49429 0.3
      vertex 31.8 6.5 0.3
    endloop
  endfacet
  facet normal -0.0436462 0.999047 0
    outer loop
      vertex 31.6693 6.49429 0.3
      vertex 31.8 6.5 0.299999
      vertex 31.6693 6.49429 0.299999
    endloop
  endfacet
  facet normal -0.537177 0.84347 0
    outer loop
      vertex 31.05 6.29904 0.299999
      vertex 30.9396 6.22873 0.3
      vertex 31.05 6.29904 0.3
    endloop
  endfacet
  facet normal -0.537177 0.84347 0
    outer loop
      vertex 30.9396 6.22873 0.3
      vertex 31.05 6.29904 0.299999
      vertex 30.9396 6.22873 0.299999
    endloop
  endfacet
  facet normal -0.737306 0.675559 0
    outer loop
      vertex 30.6509 5.96418 0.299999
      vertex 30.7393 6.06066 0.3
      vertex 30.7393 6.06066 0.299999
    endloop
  endfacet
  facet normal -0.737306 0.675559 0
    outer loop
      vertex 30.7393 6.06066 0.3
      vertex 30.6509 5.96418 0.299999
      vertex 30.6509 5.96418 0.3
    endloop
  endfacet
  facet normal 0 0 1
    outer loop
      vertex 49.4943 5.13073 10.3
      vertex 49.4943 4.86927 10.3
      vertex 49.5 5 10.3
    endloop
  endfacet
  facet normal 0 0 1
    outer loop
      vertex 49.4772 5.26047 10.3
      vertex 49.4943 4.86927 10.3
      vertex 49.4943 5.13073 10.3
    endloop
  endfacet
  facet normal 0 0 1
    outer loop
      vertex 49.4772 5.26047 10.3
      vertex 49.4772 4.73953 10.3
      vertex 49.4943 4.86927 10.3
    endloop
  endfacet
  facet normal 0 0 1
    outer loop
      vertex 49.4489 5.38823 10.3
      vertex 49.4772 4.73953 10.3
      vertex 49.4772 5.26047 10.3
    endloop
  endfacet
  facet normal 0 0 1
    outer loop
      vertex 49.4489 5.38823 10.3
      vertex 49.4489 4.61177 10.3
      vertex 49.4772 4.73953 10.3
    endloop
  endfacet
  facet normal 0 0 1
    outer loop
      vertex 49.4095 5.51303 10.3
      vertex 49.4489 4.61177 10.3
      vertex 49.4489 5.38823 10.3
    endloop
  endfacet
  facet normal 0 0 1
    outer loop
      vertex 49.4095 5.51303 10.3
      vertex 49.4095 4.48697 10.3
      vertex 49.4489 4.61177 10.3
    endloop
  endfacet
  facet normal 0 0 1
    outer loop
      vertex 49.3595 5.63393 10.3
      vertex 49.4095 4.48697 10.3
      vertex 49.4095 5.51303 10.3
    endloop
  endfacet
  facet normal 0 0 1
    outer loop
      vertex 49.3595 5.63393 10.3
      vertex 49.3595 4.36607 10.3
      vertex 49.4095 4.48697 10.3
    endloop
  endfacet
  facet normal 0 0 1
    outer loop
      vertex 49.299 5.75 10.3
      vertex 49.3595 4.36607 10.3
      vertex 49.3595 5.63393 10.3
    endloop
  endfacet
  facet normal 0 0 1
    outer loop
      vertex 49.299 5.75 10.3
      vertex 49.299 4.25 10.3
      vertex 49.3595 4.36607 10.3
    endloop
  endfacet
  facet normal 0 0 1
    outer loop
      vertex 49.2287 5.86036 10.3
      vertex 49.299 4.25 10.3
      vertex 49.299 5.75 10.3
    endloop
  endfacet
  facet normal 0 0 1
    outer loop
      vertex 49.2287 5.86036 10.3
      vertex 49.2287 4.13964 10.3
      vertex 49.299 4.25 10.3
    endloop
  endfacet
  facet normal 0 0 1
    outer loop
      vertex 49.1491 5.96418 10.3
      vertex 49.2287 4.13964 10.3
      vertex 49.2287 5.86036 10.3
    endloop
  endfacet
  facet normal 0 0 1
    outer loop
      vertex 49.1491 5.96418 10.3
      vertex 49.1491 4.03582 10.3
      vertex 49.2287 4.13964 10.3
    endloop
  endfacet
  facet normal 0 0 1
    outer loop
      vertex 49.0607 6.06066 10.3
      vertex 49.1491 4.03582 10.3
      vertex 49.1491 5.96418 10.3
    endloop
  endfacet
  facet normal 0 0 1
    outer loop
      vertex 49.0607 6.06066 10.3
      vertex 49.0607 3.93934 10.3
      vertex 49.1491 4.03582 10.3
    endloop
  endfacet
  facet normal 0 0 1
    outer loop
      vertex 48.9642 6.14907 10.3
      vertex 49.0607 3.93934 10.3
      vertex 49.0607 6.06066 10.3
    endloop
  endfacet
  facet normal 0 0 1
    outer loop
      vertex 48.9642 6.14907 10.3
      vertex 48.9642 3.85093 10.3
      vertex 49.0607 3.93934 10.3
    endloop
  endfacet
  facet normal 0 0 1
    outer loop
      vertex 48.8604 6.22873 10.3
      vertex 48.9642 3.85093 10.3
      vertex 48.9642 6.14907 10.3
    endloop
  endfacet
  facet normal 0 0 1
    outer loop
      vertex 48.8604 6.22873 10.3
      vertex 48.8604 3.77127 10.3
      vertex 48.9642 3.85093 10.3
    endloop
  endfacet
  facet normal 0 0 1
    outer loop
      vertex 48.75 6.29904 10.3
      vertex 48.8604 3.77127 10.3
      vertex 48.8604 6.22873 10.3
    endloop
  endfacet
  facet normal 0 0 1
    outer loop
      vertex 48.75 6.29904 10.3
      vertex 48.75 3.70096 10.3
      vertex 48.8604 3.77127 10.3
    endloop
  endfacet
  facet normal 0 0 1
    outer loop
      vertex 48.6339 6.35946 10.3
      vertex 48.75 3.70096 10.3
      vertex 48.75 6.29904 10.3
    endloop
  endfacet
  facet normal 0 0 1
    outer loop
      vertex 48.6339 6.35946 10.3
      vertex 48.6339 3.64054 10.3
      vertex 48.75 3.70096 10.3
    endloop
  endfacet
  facet normal 0 0 1
    outer loop
      vertex 48.513 6.40954 10.3
      vertex 48.6339 3.64054 10.3
      vertex 48.6339 6.35946 10.3
    endloop
  endfacet
  facet normal 0 0 1
    outer loop
      vertex 48.513 6.40954 10.3
      vertex 48.513 3.59046 10.3
      vertex 48.6339 3.64054 10.3
    endloop
  endfacet
  facet normal 0 0 1
    outer loop
      vertex 48.3882 6.44889 10.3
      vertex 48.513 3.59046 10.3
      vertex 48.513 6.40954 10.3
    endloop
  endfacet
  facet normal 0 0 1
    outer loop
      vertex 48.3882 6.44889 10.3
      vertex 48.3882 3.55111 10.3
      vertex 48.513 3.59046 10.3
    endloop
  endfacet
  facet normal 0 0 1
    outer loop
      vertex 48.2605 6.47721 10.3
      vertex 48.3882 3.55111 10.3
      vertex 48.3882 6.44889 10.3
    endloop
  endfacet
  facet normal 0 0 1
    outer loop
      vertex 48.2605 6.47721 10.3
      vertex 48.2605 3.52279 10.3
      vertex 48.3882 3.55111 10.3
    endloop
  endfacet
  facet normal 0 0 1
    outer loop
      vertex 48.1307 6.49429 10.3
      vertex 48.2605 3.52279 10.3
      vertex 48.2605 6.47721 10.3
    endloop
  endfacet
  facet normal 0 0 1
    outer loop
      vertex 48.1307 6.49429 10.3
      vertex 48.1307 3.50571 10.3
      vertex 48.2605 3.52279 10.3
    endloop
  endfacet
  facet normal 0 0 1
    outer loop
      vertex 48 6.5 10.3
      vertex 48.1307 3.50571 10.3
      vertex 48.1307 6.49429 10.3
    endloop
  endfacet
  facet normal 0 0 1
    outer loop
      vertex 48 6.5 10.3
      vertex 48 3.5 10.3
      vertex 48.1307 3.50571 10.3
    endloop
  endfacet
  facet normal 0 0 1
    outer loop
      vertex 48 6.5 10.3
      vertex 32.5 5 10.3
      vertex 48 3.5 10.3
    endloop
  endfacet
  facet normal 0 -0 1
    outer loop
      vertex 32.5 5 10.3
      vertex 48 6.5 10.3
      vertex 32.4345 6.5 10.3
    endloop
  endfacet
  facet normal 0 0 1
    outer loop
      vertex 48 3.5 10.3
      vertex 32.5 5 10.3
      vertex 32.4345 3.5 10.3
    endloop
  endfacet
  facet normal -0.924091 0.382172 0
    outer loop
      vertex 30.3905 5.51303 0.299999
      vertex 30.4405 5.63393 0.331785
      vertex 30.4405 5.63393 0.299999
    endloop
  endfacet
  facet normal -0.924091 0.382172 0
    outer loop
      vertex 30.4405 5.63393 0.331785
      vertex 30.3905 5.51303 0.299999
      vertex 30.3905 5.51303 0.38714
    endloop
  endfacet
  facet normal -0.976334 0.216267 0
    outer loop
      vertex 30.3228 5.26047 0.299999
      vertex 30.3511 5.38823 0.431939
      vertex 30.3511 5.38823 0.299999
    endloop
  endfacet
  facet normal -0.976334 0.216267 0
    outer loop
      vertex 30.3511 5.38823 0.431939
      vertex 30.3228 5.26047 0.299999
      vertex 30.3228 5.26047 0.465839
    endloop
  endfacet
  facet normal 0.382694 -0.923875 0
    outer loop
      vertex 48.513 3.59046 6.3
      vertex 48.6339 3.64054 10.3
      vertex 48.513 3.59046 10.3
    endloop
  endfacet
  facet normal 0.382694 -0.923875 0
    outer loop
      vertex 48.6339 3.64054 10.3
      vertex 48.513 3.59046 6.3
      vertex 48.6339 3.64054 6.3
    endloop
  endfacet
  facet normal 0.537177 -0.84347 0
    outer loop
      vertex 48.75 3.70096 6.3
      vertex 48.8604 3.77127 10.3
      vertex 48.75 3.70096 10.3
    endloop
  endfacet
  facet normal 0.537177 -0.84347 0
    outer loop
      vertex 48.8604 3.77127 10.3
      vertex 48.75 3.70096 6.3
      vertex 48.8604 3.77127 6.3
    endloop
  endfacet
  facet normal 0.608817 -0.793311 0
    outer loop
      vertex 48.8604 3.77127 6.3
      vertex 48.9642 3.85093 10.3
      vertex 48.8604 3.77127 10.3
    endloop
  endfacet
  facet normal 0.608817 -0.793311 0
    outer loop
      vertex 48.9642 3.85093 10.3
      vertex 48.8604 3.77127 6.3
      vertex 48.9642 3.85093 6.3
    endloop
  endfacet
  facet normal 0.924091 -0.382172 0
    outer loop
      vertex 49.3595 4.36607 10.3
      vertex 49.4095 4.48697 6.3
      vertex 49.4095 4.48697 10.3
    endloop
  endfacet
  facet normal 0.924091 -0.382172 0
    outer loop
      vertex 49.4095 4.48697 6.3
      vertex 49.3595 4.36607 10.3
      vertex 49.3595 4.36607 6.3
    endloop
  endfacet
  facet normal 0.953606 -0.301058 0
    outer loop
      vertex 49.4095 4.48697 10.3
      vertex 49.4489 4.61177 6.3
      vertex 49.4489 4.61177 10.3
    endloop
  endfacet
  facet normal 0.953606 -0.301058 0
    outer loop
      vertex 49.4489 4.61177 6.3
      vertex 49.4095 4.48697 10.3
      vertex 49.4095 4.48697 6.3
    endloop
  endfacet
  facet normal 0.976334 -0.216267 0
    outer loop
      vertex 49.4489 4.61177 10.3
      vertex 49.4772 4.73953 6.3
      vertex 49.4772 4.73953 10.3
    endloop
  endfacet
  facet normal 0.976334 -0.216267 0
    outer loop
      vertex 49.4772 4.73953 6.3
      vertex 49.4489 4.61177 10.3
      vertex 49.4489 4.61177 6.3
    endloop
  endfacet
  facet normal -0.130462 -0.991453 0
    outer loop
      vertex 31.5395 3.52279 0.299999
      vertex 31.6693 3.50571 0.3
      vertex 31.5395 3.52279 0.3
    endloop
  endfacet
  facet normal -0.130462 -0.991453 -0
    outer loop
      vertex 31.6693 3.50571 0.3
      vertex 31.5395 3.52279 0.299999
      vertex 31.6693 3.50571 0.299999
    endloop
  endfacet
  facet normal -0.382694 -0.923875 0
    outer loop
      vertex 31.1661 3.64054 0.299999
      vertex 31.287 3.59046 0.3
      vertex 31.1661 3.64054 0.3
    endloop
  endfacet
  facet normal -0.382694 -0.923875 -0
    outer loop
      vertex 31.287 3.59046 0.3
      vertex 31.1661 3.64054 0.299999
      vertex 31.287 3.59046 0.299999
    endloop
  endfacet
  facet normal -0.537177 -0.84347 0
    outer loop
      vertex 30.9396 3.77127 0.299999
      vertex 31.05 3.70096 0.3
      vertex 30.9396 3.77127 0.3
    endloop
  endfacet
  facet normal -0.537177 -0.84347 -0
    outer loop
      vertex 31.05 3.70096 0.3
      vertex 30.9396 3.77127 0.299999
      vertex 31.05 3.70096 0.299999
    endloop
  endfacet
  facet normal -0.953606 -0.301058 -0
    outer loop
      vertex 30.3905 4.48697 0.38714
      vertex 30.3511 4.61177 0.299999
      vertex 30.3905 4.48697 0.299999
    endloop
  endfacet
  facet normal -0.953606 -0.301058 0
    outer loop
      vertex 30.3511 4.61177 0.299999
      vertex 30.3905 4.48697 0.38714
      vertex 30.3511 4.61177 0.431939
    endloop
  endfacet
  facet normal -0.793589 -0.608454 0
    outer loop
      vertex 30.6509 4.03582 0.299999
      vertex 30.5713 4.13964 0.3
      vertex 30.5713 4.13964 0.299999
    endloop
  endfacet
  facet normal -0.793589 -0.608454 0
    outer loop
      vertex 30.5713 4.13964 0.3
      vertex 30.6509 4.03582 0.299999
      vertex 30.6509 4.03582 0.3
    endloop
  endfacet
  facet normal -0.886517 -0.462695 0
    outer loop
      vertex 30.4405 4.36607 0.299999
      vertex 30.4699 4.30974 0.3
      vertex 30.4405 4.36607 0.331785
    endloop
  endfacet
  facet normal -0.0258226 -0.0134597 0.999576
    outer loop
      vertex 30.501 4.25 0.299999
      vertex 30.4699 4.30974 0.3
      vertex 30.4405 4.36607 0.299999
    endloop
  endfacet
  facet normal -0.887003 -0.461764 0
    outer loop
      vertex 30.4699 4.30974 0.3
      vertex 30.501 4.25 0.299999
      vertex 30.501 4.25 0.3
    endloop
  endfacet
  facet normal -0.737306 -0.675559 0
    outer loop
      vertex 30.7393 3.93934 0.299999
      vertex 30.6509 4.03582 0.3
      vertex 30.6509 4.03582 0.299999
    endloop
  endfacet
  facet normal -0.737306 -0.675559 0
    outer loop
      vertex 30.6509 4.03582 0.3
      vertex 30.7393 3.93934 0.299999
      vertex 30.7393 3.93934 0.3
    endloop
  endfacet
  facet normal 0.924091 0.382172 0
    outer loop
      vertex 49.4095 5.51303 10.3
      vertex 49.3595 5.63393 6.3
      vertex 49.3595 5.63393 10.3
    endloop
  endfacet
  facet normal 0.924091 0.382172 0
    outer loop
      vertex 49.3595 5.63393 6.3
      vertex 49.4095 5.51303 10.3
      vertex 49.4095 5.51303 6.3
    endloop
  endfacet
  facet normal 0.953606 0.301058 0
    outer loop
      vertex 49.4489 5.38823 10.3
      vertex 49.4095 5.51303 6.3
      vertex 49.4095 5.51303 10.3
    endloop
  endfacet
  facet normal 0.953606 0.301058 0
    outer loop
      vertex 49.4095 5.51303 6.3
      vertex 49.4489 5.38823 10.3
      vertex 49.4489 5.38823 6.3
    endloop
  endfacet
  facet normal 0.793589 0.608454 0
    outer loop
      vertex 49.2287 5.86036 10.3
      vertex 49.1491 5.96418 6.3
      vertex 49.1491 5.96418 10.3
    endloop
  endfacet
  facet normal 0.793589 0.608454 0
    outer loop
      vertex 49.1491 5.96418 6.3
      vertex 49.2287 5.86036 10.3
      vertex 49.2287 5.86036 6.3
    endloop
  endfacet
  facet normal 0.21651 0.976281 -0
    outer loop
      vertex 48.3882 6.44889 6.3
      vertex 48.2605 6.47721 10.3
      vertex 48.3882 6.44889 10.3
    endloop
  endfacet
  facet normal 0.21651 0.976281 0
    outer loop
      vertex 48.2605 6.47721 10.3
      vertex 48.3882 6.44889 6.3
      vertex 48.2605 6.47721 6.3
    endloop
  endfacet
  facet normal 0.300711 -0.953715 0
    outer loop
      vertex 48.3882 3.55111 6.3
      vertex 48.513 3.59046 10.3
      vertex 48.3882 3.55111 10.3
    endloop
  endfacet
  facet normal 0.300711 -0.953715 0
    outer loop
      vertex 48.513 3.59046 10.3
      vertex 48.3882 3.55111 6.3
      vertex 48.513 3.59046 6.3
    endloop
  endfacet
  facet normal -0.300711 -0.953715 0
    outer loop
      vertex 31.287 3.59046 0.299999
      vertex 31.4118 3.55111 0.3
      vertex 31.287 3.59046 0.3
    endloop
  endfacet
  facet normal -0.300711 -0.953715 -0
    outer loop
      vertex 31.4118 3.55111 0.3
      vertex 31.287 3.59046 0.299999
      vertex 31.4118 3.55111 0.299999
    endloop
  endfacet
  facet normal -0.608817 -0.793311 0
    outer loop
      vertex 30.8358 3.85093 0.299999
      vertex 30.9396 3.77127 0.3
      vertex 30.8358 3.85093 0.3
    endloop
  endfacet
  facet normal -0.608817 -0.793311 -0
    outer loop
      vertex 30.9396 3.77127 0.3
      vertex 30.8358 3.85093 0.299999
      vertex 30.9396 3.77127 0.299999
    endloop
  endfacet
  facet normal -0.924091 -0.382172 -0
    outer loop
      vertex 30.4405 4.36607 0.331785
      vertex 30.3905 4.48697 0.299999
      vertex 30.4405 4.36607 0.299999
    endloop
  endfacet
  facet normal -0.924091 -0.382172 0
    outer loop
      vertex 30.3905 4.48697 0.299999
      vertex 30.4405 4.36607 0.331785
      vertex 30.3905 4.48697 0.38714
    endloop
  endfacet
  facet normal -0.843416 -0.537261 0
    outer loop
      vertex 30.5713 4.13964 0.299999
      vertex 30.501 4.25 0.3
      vertex 30.501 4.25 0.299999
    endloop
  endfacet
  facet normal -0.843416 -0.537261 0
    outer loop
      vertex 30.501 4.25 0.3
      vertex 30.5713 4.13964 0.299999
      vertex 30.5713 4.13964 0.3
    endloop
  endfacet
  facet normal 0.976334 0.216267 0
    outer loop
      vertex 49.4772 5.26047 10.3
      vertex 49.4489 5.38823 6.3
      vertex 49.4489 5.38823 10.3
    endloop
  endfacet
  facet normal 0.976334 0.216267 0
    outer loop
      vertex 49.4489 5.38823 6.3
      vertex 49.4772 5.26047 10.3
      vertex 49.4772 5.26047 6.3
    endloop
  endfacet
  facet normal 0 0 1
    outer loop
      vertex -29.6695 12.5919 9.3
      vertex -32.1614 12.4317 9.3
      vertex -32.1383 11.9731 9.3
    endloop
  endfacet
  facet normal 0 0 1
    outer loop
      vertex -30.5905 15.2271 9.3
      vertex -32.2014 12.6345 9.3
      vertex -32.1614 12.4317 9.3
    endloop
  endfacet
  facet normal 0 0 1
    outer loop
      vertex -33.716 15.9458 9.3
      vertex -31.4636 17.0305 9.3
      vertex -32.4678 18.936 9.3
    endloop
  endfacet
  facet normal 0 0 1
    outer loop
      vertex -30.5905 15.2271 9.3
      vertex -32.8429 14.1424 9.3
      vertex -32.2014 12.6345 9.3
    endloop
  endfacet
  facet normal 0 0 1
    outer loop
      vertex -34.7202 17.8513 9.3
      vertex -32.4678 18.936 9.3
      vertex -33.5775 20.9274 9.3
    endloop
  endfacet
  facet normal 0 0 1
    outer loop
      vertex -31.4636 17.0305 9.3
      vertex -33.716 15.9458 9.3
      vertex -32.8429 14.1424 9.3
    endloop
  endfacet
  facet normal 0 0 1
    outer loop
      vertex -32.4678 18.936 9.3
      vertex -34.7202 17.8513 9.3
      vertex -33.716 15.9458 9.3
    endloop
  endfacet
  facet normal 0 0 1
    outer loop
      vertex -35.83 19.8426 9.3
      vertex -33.5775 20.9274 9.3
      vertex -34.7674 22.9881 9.3
    endloop
  endfacet
  facet normal 0 0 1
    outer loop
      vertex -33.5775 20.9274 9.3
      vertex -35.83 19.8426 9.3
      vertex -34.7202 17.8513 9.3
    endloop
  endfacet
  facet normal 0 0 1
    outer loop
      vertex -37.0199 21.9033 9.3
      vertex -34.7674 22.9881 9.3
      vertex -36.0121 25.1017 9.3
    endloop
  endfacet
  facet normal 0 0 1
    outer loop
      vertex -34.7674 22.9881 9.3
      vertex -37.0199 21.9033 9.3
      vertex -35.83 19.8426 9.3
    endloop
  endfacet
  facet normal 0 0 1
    outer loop
      vertex -38.2645 24.017 9.3
      vertex -36.0121 25.1017 9.3
      vertex -37.286 27.252 9.3
    endloop
  endfacet
  facet normal 0 0 1
    outer loop
      vertex -36.0121 25.1017 9.3
      vertex -38.2645 24.017 9.3
      vertex -37.0199 21.9033 9.3
    endloop
  endfacet
  facet normal 0 0 1
    outer loop
      vertex -39.5384 26.1673 9.3
      vertex -37.286 27.252 9.3
      vertex -38.5638 29.4223 9.3
    endloop
  endfacet
  facet normal 0 0 1
    outer loop
      vertex -37.286 27.252 9.3
      vertex -39.5384 26.1673 9.3
      vertex -38.2645 24.017 9.3
    endloop
  endfacet
  facet normal 0 0 1
    outer loop
      vertex -40.8162 28.3376 9.3
      vertex -38.5638 29.4223 9.3
      vertex -39.82 31.5965 9.3
    endloop
  endfacet
  facet normal 0 0 1
    outer loop
      vertex -38.5638 29.4223 9.3
      vertex -40.8162 28.3376 9.3
      vertex -39.5384 26.1673 9.3
    endloop
  endfacet
  facet normal 0 0 1
    outer loop
      vertex -42.0724 30.5118 9.3
      vertex -39.82 31.5965 9.3
      vertex -41.0293 33.758 9.3
    endloop
  endfacet
  facet normal 0 0 1
    outer loop
      vertex -39.82 31.5965 9.3
      vertex -42.0724 30.5118 9.3
      vertex -40.8162 28.3376 9.3
    endloop
  endfacet
  facet normal 0 0 1
    outer loop
      vertex -43.2817 32.6733 9.3
      vertex -41.0293 33.758 9.3
      vertex -42.1661 35.8904 9.3
    endloop
  endfacet
  facet normal 0 0 1
    outer loop
      vertex -44 35.7678 9.3
      vertex -42.1661 35.8904 9.3
      vertex -43.205 37.9773 9.3
    endloop
  endfacet
  facet normal 0 0 1
    outer loop
      vertex -41.0293 33.758 9.3
      vertex -43.2817 32.6733 9.3
      vertex -42.0724 30.5118 9.3
    endloop
  endfacet
  facet normal 0 0 1
    outer loop
      vertex -44 35.7678 9.3
      vertex -43.205 37.9773 9.3
      vertex -44 39.7355 9.3
    endloop
  endfacet
  facet normal 0 0 1
    outer loop
      vertex -44.4185 34.8057 9.3
      vertex -42.1661 35.8904 9.3
      vertex -44 35.7678 9.3
    endloop
  endfacet
  facet normal 0 0 1
    outer loop
      vertex -42.1661 35.8904 9.3
      vertex -44.4185 34.8057 9.3
      vertex -43.2817 32.6733 9.3
    endloop
  endfacet
  facet normal 0 -0 1
    outer loop
      vertex -44.4185 34.8057 9.3
      vertex -44 35.7678 9.3
      vertex -44.8975 35.7678 9.3
    endloop
  endfacet
  facet normal 0 0 1
    outer loop
      vertex -32.1383 11.9731 9.3
      vertex -29.6383 11.9731 9.3
      vertex -29.6695 12.5919 9.3
    endloop
  endfacet
  facet normal 0 0 1
    outer loop
      vertex -29.6383 11.9731 9.3
      vertex -32.1383 11.9731 9.3
      vertex -29.6457 11.213 9.3
    endloop
  endfacet
  facet normal 0 0 1
    outer loop
      vertex -32.1614 12.4317 9.3
      vertex -29.6695 12.5919 9.3
      vertex -29.7009 12.87 9.3
    endloop
  endfacet
  facet normal 0 0 1
    outer loop
      vertex -29.6457 11.213 9.3
      vertex -32.1383 11.9731 9.3
      vertex -32.1457 11.213 9.3
    endloop
  endfacet
  facet normal 0 0 1
    outer loop
      vertex -32.1614 12.4317 9.3
      vertex -29.7009 12.87 9.3
      vertex -29.7813 13.2781 9.3
    endloop
  endfacet
  facet normal 0 0 1
    outer loop
      vertex -32.1806 10.3811 9.3
      vertex -29.6806 10.3811 9.3
      vertex -32.1457 11.213 9.3
    endloop
  endfacet
  facet normal 0 0 1
    outer loop
      vertex -29.6806 10.3811 9.3
      vertex -32.1806 10.3811 9.3
      vertex -29.7325 9.54672 9.3
    endloop
  endfacet
  facet normal 0 0 1
    outer loop
      vertex -32.1614 12.4317 9.3
      vertex -29.7813 13.2781 9.3
      vertex -29.8738 13.5423 9.3
    endloop
  endfacet
  facet normal 0 0 1
    outer loop
      vertex -32.2325 9.54672 9.3
      vertex -29.7325 9.54672 9.3
      vertex -32.1806 10.3811 9.3
    endloop
  endfacet
  facet normal 0 0 1
    outer loop
      vertex -32.2904 8.7794 9.3
      vertex -29.7904 8.7794 9.3
      vertex -32.2325 9.54672 9.3
    endloop
  endfacet
  facet normal 0 0 1
    outer loop
      vertex -32.1614 12.4317 9.3
      vertex -29.8738 13.5423 9.3
      vertex -30.5905 15.2271 9.3
    endloop
  endfacet
  facet normal 0 0 1
    outer loop
      vertex -32.8429 14.1424 9.3
      vertex -30.5905 15.2271 9.3
      vertex -31.4636 17.0305 9.3
    endloop
  endfacet
  facet normal 0 0 1
    outer loop
      vertex -29.6457 11.213 9.3
      vertex -32.1457 11.213 9.3
      vertex -29.6806 10.3811 9.3
    endloop
  endfacet
  facet normal 0 0 1
    outer loop
      vertex -29.7325 9.54672 9.3
      vertex -32.2325 9.54672 9.3
      vertex -29.7904 8.7794 9.3
    endloop
  endfacet
  facet normal 0 0 1
    outer loop
      vertex -29.7904 8.7794 9.3
      vertex -32.2904 8.7794 9.3
      vertex -29.8435 8.14856 9.3
    endloop
  endfacet
  facet normal 0 0 1
    outer loop
      vertex -32.3435 8.14856 9.3
      vertex -29.8435 8.14856 9.3
      vertex -32.2904 8.7794 9.3
    endloop
  endfacet
  facet normal 0 0 1
    outer loop
      vertex -29.8435 8.14856 9.3
      vertex -32.3435 8.14856 9.3
      vertex -29.8811 7.7236 9.3
    endloop
  endfacet
  facet normal -0 0 1
    outer loop
      vertex -32.3715 7.83214 9.3
      vertex -29.8811 7.7236 9.3
      vertex -32.3435 8.14856 9.3
    endloop
  endfacet
  facet normal 0 0 1
    outer loop
      vertex -29.8811 7.7236 9.3
      vertex -32.3715 7.83214 9.3
      vertex -29.8933 7.61532 9.3
    endloop
  endfacet
  facet normal 0 0 1
    outer loop
      vertex -44.0369 45.4693 9.3
      vertex -44.0369 44.5307 9.3
      vertex -44 45 9.3
    endloop
  endfacet
  facet normal 0 0 1
    outer loop
      vertex -44.1468 45.927 9.3
      vertex -44.0369 44.5307 9.3
      vertex -44.0369 45.4693 9.3
    endloop
  endfacet
  facet normal 0 0 1
    outer loop
      vertex -44.2732 43.7678 9.3
      vertex -44.0369 44.5307 9.3
      vertex -44.1468 45.927 9.3
    endloop
  endfacet
  facet normal 0 0 1
    outer loop
      vertex -44.0369 44.5307 9.3
      vertex -44.2732 43.7678 9.3
      vertex -44.1468 44.0729 9.3
    endloop
  endfacet
  facet normal 0 0 1
    outer loop
      vertex -44.327 46.362 9.3
      vertex -44.2732 43.7678 9.3
      vertex -44.1468 45.927 9.3
    endloop
  endfacet
  facet normal 0 0 1
    outer loop
      vertex -44.5729 46.7634 9.3
      vertex -44.2732 43.7678 9.3
      vertex -44.327 46.362 9.3
    endloop
  endfacet
  facet normal 0 0 1
    outer loop
      vertex -44.8787 47.1213 9.3
      vertex -44.2732 43.7678 9.3
      vertex -44.5729 46.7634 9.3
    endloop
  endfacet
  facet normal 0 0 1
    outer loop
      vertex -45.2366 47.427 9.3
      vertex -44.2732 43.7678 9.3
      vertex -44.8787 47.1213 9.3
    endloop
  endfacet
  facet normal 0 0 1
    outer loop
      vertex -45.638 47.673 9.3
      vertex -44.2732 43.7678 9.3
      vertex -45.2366 47.427 9.3
    endloop
  endfacet
  facet normal 0 0 1
    outer loop
      vertex -46.0729 47.8532 9.3
      vertex -44.2732 43.7678 9.3
      vertex -45.638 47.673 9.3
    endloop
  endfacet
  facet normal 0 0 1
    outer loop
      vertex -46.5307 47.9631 9.3
      vertex -44.2732 43.7678 9.3
      vertex -46.0729 47.8532 9.3
    endloop
  endfacet
  facet normal 0 0 1
    outer loop
      vertex -47 48 9.3
      vertex -44.2732 43.7678 9.3
      vertex -46.5307 47.9631 9.3
    endloop
  endfacet
  facet normal -0 0 1
    outer loop
      vertex -47.4693 47.9631 9.3
      vertex -44.2732 43.7678 9.3
      vertex -47 48 9.3
    endloop
  endfacet
  facet normal -0 0 1
    outer loop
      vertex -47.927 47.8532 9.3
      vertex -44.2732 43.7678 9.3
      vertex -47.4693 47.9631 9.3
    endloop
  endfacet
  facet normal -0 0 1
    outer loop
      vertex -48.362 47.673 9.3
      vertex -44.2732 43.7678 9.3
      vertex -47.927 47.8532 9.3
    endloop
  endfacet
  facet normal -0 0 1
    outer loop
      vertex -48.7634 47.427 9.3
      vertex -44.2732 43.7678 9.3
      vertex -48.362 47.673 9.3
    endloop
  endfacet
  facet normal -0 0 1
    outer loop
      vertex -49.1213 47.1213 9.3
      vertex -44.2732 43.7678 9.3
      vertex -48.7634 47.427 9.3
    endloop
  endfacet
  facet normal -0 0 1
    outer loop
      vertex -49.427 46.7634 9.3
      vertex -44.2732 43.7678 9.3
      vertex -49.1213 47.1213 9.3
    endloop
  endfacet
  facet normal -0 0 1
    outer loop
      vertex -49.673 46.362 9.3
      vertex -44.2732 43.7678 9.3
      vertex -49.427 46.7634 9.3
    endloop
  endfacet
  facet normal 0 0 1
    outer loop
      vertex -49.673 46.362 9.3
      vertex -49.7268 43.7678 9.3
      vertex -44.2732 43.7678 9.3
    endloop
  endfacet
  facet normal -0 0 1
    outer loop
      vertex -49.8532 45.927 9.3
      vertex -49.7268 43.7678 9.3
      vertex -49.673 46.362 9.3
    endloop
  endfacet
  facet normal -0 0 1
    outer loop
      vertex -49.9631 45.4693 9.3
      vertex -49.7268 43.7678 9.3
      vertex -49.8532 45.927 9.3
    endloop
  endfacet
  facet normal -0 0 1
    outer loop
      vertex -49.9631 44.5307 9.3
      vertex -49.7268 43.7678 9.3
      vertex -49.9631 45.4693 9.3
    endloop
  endfacet
  facet normal 0 0 1
    outer loop
      vertex -49.7268 43.7678 9.3
      vertex -49.9631 44.5307 9.3
      vertex -49.8532 44.0729 9.3
    endloop
  endfacet
  facet normal 0 -0 1
    outer loop
      vertex -49.9631 44.5307 9.3
      vertex -49.9631 45.4693 9.3
      vertex -50 45 9.3
    endloop
  endfacet
  facet normal 0.330319 -0.943869 0
    outer loop
      vertex -30.8529 6.50494 0.299999
      vertex -30.5887 6.5974 0.3
      vertex -30.8529 6.50494 0.3
    endloop
  endfacet
  facet normal 0.330319 -0.943869 0
    outer loop
      vertex -30.5887 6.5974 0.3
      vertex -30.8529 6.50494 0.299999
      vertex -30.5887 6.5974 0.299999
    endloop
  endfacet
  facet normal 0.532118 -0.84667 0
    outer loop
      vertex -30.5887 6.5974 0.3
      vertex -30.5887 6.5974 0.299999
      vertex -30.4258 6.69978 0.3
    endloop
  endfacet
  facet normal 0.531867 -0.846828 0
    outer loop
      vertex -30.4258 6.69978 0.3
      vertex -30.3517 6.74632 0.299999
      vertex -30.3517 6.74632 0.372039
    endloop
  endfacet
  facet normal 0.0297849 -0.0474015 0.998432
    outer loop
      vertex -30.3517 6.74632 0.299999
      vertex -30.4258 6.69978 0.3
      vertex -30.5887 6.5974 0.299999
    endloop
  endfacet
  facet normal 0.707043 -0.70717 0
    outer loop
      vertex -30.2648 6.83326 0.455176
      vertex -30.1538 6.94424 0.299999
      vertex -30.1538 6.94424 0.561319
    endloop
  endfacet
  facet normal 0.707177 -0.707036 0.000192315
    outer loop
      vertex -30.3517 6.74632 0.372039
      vertex -30.1538 6.94424 0.299999
      vertex -30.2648 6.83326 0.455176
    endloop
  endfacet
  facet normal 0.707143 -0.707071 0
    outer loop
      vertex -30.1538 6.94424 0.299999
      vertex -30.3517 6.74632 0.372039
      vertex -30.3517 6.74632 0.299999
    endloop
  endfacet
  facet normal 0.846772 -0.531956 0
    outer loop
      vertex -30.1538 6.94424 0.561319
      vertex -30.0049 7.18126 0.299999
      vertex -30.0049 7.18126 0.699896
    endloop
  endfacet
  facet normal 0.846772 -0.531956 0
    outer loop
      vertex -30.0049 7.18126 0.299999
      vertex -30.1538 6.94424 0.561319
      vertex -30.1538 6.94424 0.299999
    endloop
  endfacet
  facet normal 0.943829 -0.330435 0
    outer loop
      vertex -30.0049 7.18126 0.699896
      vertex -29.9124 7.44547 0.299999
      vertex -29.9124 7.44547 0.780814
    endloop
  endfacet
  facet normal 0.943829 -0.330435 0
    outer loop
      vertex -29.9124 7.44547 0.299999
      vertex -30.0049 7.18126 0.699896
      vertex -30.0049 7.18126 0.299999
    endloop
  endfacet
  facet normal 0.993712 -0.111962 0
    outer loop
      vertex -29.8933 7.61532 0.8
      vertex -29.8811 7.7236 9.3
      vertex -29.8933 7.61532 9.3
    endloop
  endfacet
  facet normal 0.993712 -0.111962 0
    outer loop
      vertex -29.8811 7.7236 9.3
      vertex -29.8933 7.61532 0.8
      vertex -29.8811 7.7236 0.299999
    endloop
  endfacet
  facet normal 0.993712 -0.111962 0
    outer loop
      vertex -29.8933 7.61532 0.798134
      vertex -29.8811 7.7236 0.299999
      vertex -29.8933 7.61532 0.8
    endloop
  endfacet
  facet normal 0.993712 -0.111962 0
    outer loop
      vertex -29.8933 7.61532 0.792538
      vertex -29.8811 7.7236 0.299999
      vertex -29.8933 7.61532 0.798134
    endloop
  endfacet
  facet normal 0.993737 -0.111748 0
    outer loop
      vertex -29.9124 7.44547 0.299999
      vertex -29.8933 7.61532 0.792538
      vertex -29.9124 7.44547 0.780814
    endloop
  endfacet
  facet normal 0.993727 -0.111831 2.91757e-05
    outer loop
      vertex -29.8933 7.61532 0.792538
      vertex -29.9124 7.44547 0.299999
      vertex -29.8811 7.7236 0.299999
    endloop
  endfacet
  facet normal 0.996109 -0.0881346 0
    outer loop
      vertex -29.8811 7.7236 9.3
      vertex -29.8435 8.14856 0.299999
      vertex -29.8435 8.14856 9.3
    endloop
  endfacet
  facet normal 0.996109 -0.0881346 0
    outer loop
      vertex -29.8435 8.14856 0.299999
      vertex -29.8811 7.7236 9.3
      vertex -29.8811 7.7236 0.299999
    endloop
  endfacet
  facet normal 0.996476 -0.0838769 0
    outer loop
      vertex -29.8435 8.14856 9.3
      vertex -29.7904 8.7794 0.299999
      vertex -29.7904 8.7794 9.3
    endloop
  endfacet
  facet normal 0.996476 -0.0838769 0
    outer loop
      vertex -29.7904 8.7794 0.299999
      vertex -29.8435 8.14856 9.3
      vertex -29.8435 8.14856 0.299999
    endloop
  endfacet
  facet normal 0.997165 -0.0752435 0
    outer loop
      vertex -29.7904 8.7794 9.3
      vertex -29.7325 9.54672 0.299999
      vertex -29.7325 9.54672 9.3
    endloop
  endfacet
  facet normal 0.997165 -0.0752435 0
    outer loop
      vertex -29.7325 9.54672 0.299999
      vertex -29.7904 8.7794 9.3
      vertex -29.7904 8.7794 0.299999
    endloop
  endfacet
  facet normal 0.998071 -0.0620819 0
    outer loop
      vertex -29.7325 9.54672 9.3
      vertex -29.6806 10.3811 0.299999
      vertex -29.6806 10.3811 9.3
    endloop
  endfacet
  facet normal 0.998071 -0.0620819 0
    outer loop
      vertex -29.6806 10.3811 0.299999
      vertex -29.7325 9.54672 9.3
      vertex -29.7325 9.54672 0.299999
    endloop
  endfacet
  facet normal 0.999121 -0.0419153 0
    outer loop
      vertex -29.6806 10.3811 9.3
      vertex -29.6457 11.213 0.299999
      vertex -29.6457 11.213 9.3
    endloop
  endfacet
  facet normal 0.999121 -0.0419153 0
    outer loop
      vertex -29.6457 11.213 0.299999
      vertex -29.6806 10.3811 9.3
      vertex -29.6806 10.3811 0.299999
    endloop
  endfacet
  facet normal 0.999953 -0.0097351 0
    outer loop
      vertex -29.6457 11.213 9.3
      vertex -29.6383 11.9731 0.299999
      vertex -29.6383 11.9731 9.3
    endloop
  endfacet
  facet normal 0.999953 -0.0097351 0
    outer loop
      vertex -29.6383 11.9731 0.299999
      vertex -29.6457 11.213 9.3
      vertex -29.6457 11.213 0.299999
    endloop
  endfacet
  facet normal 0.998731 0.0503562 0
    outer loop
      vertex -29.6383 11.9731 9.3
      vertex -29.6695 12.5919 0.299999
      vertex -29.6695 12.5919 9.3
    endloop
  endfacet
  facet normal 0.998731 0.0503562 0
    outer loop
      vertex -29.6695 12.5919 0.299999
      vertex -29.6383 11.9731 9.3
      vertex -29.6383 11.9731 0.299999
    endloop
  endfacet
  facet normal 0.993686 0.112196 0
    outer loop
      vertex -29.6695 12.5919 9.3
      vertex -29.7009 12.87 0.299999
      vertex -29.7009 12.87 9.3
    endloop
  endfacet
  facet normal 0.993686 0.112196 0
    outer loop
      vertex -29.7009 12.87 0.299999
      vertex -29.6695 12.5919 9.3
      vertex -29.6695 12.5919 0.299999
    endloop
  endfacet
  facet normal 0.981141 0.193295 0
    outer loop
      vertex -29.7009 12.87 9.3
      vertex -29.7813 13.2781 0.299999
      vertex -29.7813 13.2781 9.3
    endloop
  endfacet
  facet normal 0.981141 0.193295 0
    outer loop
      vertex -29.7813 13.2781 0.299999
      vertex -29.7009 12.87 9.3
      vertex -29.7009 12.87 0.299999
    endloop
  endfacet
  facet normal 0.943825 0.330446 0
    outer loop
      vertex -29.7813 13.2781 9.3
      vertex -29.8738 13.5423 0.299999
      vertex -29.8738 13.5423 9.3
    endloop
  endfacet
  facet normal 0.943825 0.330446 0
    outer loop
      vertex -29.8738 13.5423 0.299999
      vertex -29.7813 13.2781 9.3
      vertex -29.7813 13.2781 0.299999
    endloop
  endfacet
  facet normal 0.920201 0.391446 0
    outer loop
      vertex -29.8738 13.5423 9.3
      vertex -30.5905 15.2271 0.299999
      vertex -30.5905 15.2271 9.3
    endloop
  endfacet
  facet normal 0.920201 0.391446 0
    outer loop
      vertex -30.5905 15.2271 0.299999
      vertex -29.8738 13.5423 9.3
      vertex -29.8738 13.5423 0.299999
    endloop
  endfacet
  facet normal 0.900064 0.435758 0
    outer loop
      vertex -30.5905 15.2271 9.3
      vertex -31.4636 17.0305 0.299999
      vertex -31.4636 17.0305 9.3
    endloop
  endfacet
  facet normal 0.900064 0.435758 0
    outer loop
      vertex -31.4636 17.0305 0.299999
      vertex -30.5905 15.2271 9.3
      vertex -30.5905 15.2271 0.299999
    endloop
  endfacet
  facet normal 0.884668 0.466221 0
    outer loop
      vertex -31.4636 17.0305 9.3
      vertex -32.4678 18.936 0.299999
      vertex -32.4678 18.936 9.3
    endloop
  endfacet
  facet normal 0.884668 0.466221 0
    outer loop
      vertex -32.4678 18.936 0.299999
      vertex -31.4636 17.0305 9.3
      vertex -31.4636 17.0305 0.299999
    endloop
  endfacet
  facet normal 0.87353 0.486771 0
    outer loop
      vertex -32.4678 18.936 9.3
      vertex -33.5775 20.9274 0.299999
      vertex -33.5775 20.9274 9.3
    endloop
  endfacet
  facet normal 0.87353 0.486771 0
    outer loop
      vertex -33.5775 20.9274 0.299999
      vertex -32.4678 18.936 9.3
      vertex -32.4678 18.936 0.299999
    endloop
  endfacet
  facet normal 0.865997 0.500049 0
    outer loop
      vertex -33.5775 20.9274 9.3
      vertex -34.7674 22.9881 0.299999
      vertex -34.7674 22.9881 9.3
    endloop
  endfacet
  facet normal 0.865997 0.500049 0
    outer loop
      vertex -34.7674 22.9881 0.299999
      vertex -33.5775 20.9274 9.3
      vertex -33.5775 20.9274 0.299999
    endloop
  endfacet
  facet normal 0.861684 0.507446 0
    outer loop
      vertex -34.7674 22.9881 9.3
      vertex -36.0121 25.1017 0.299999
      vertex -36.0121 25.1017 9.3
    endloop
  endfacet
  facet normal 0.861684 0.507446 0
    outer loop
      vertex -36.0121 25.1017 0.299999
      vertex -34.7674 22.9881 9.3
      vertex -34.7674 22.9881 0.299999
    endloop
  endfacet
  facet normal 0.860353 0.509698 0
    outer loop
      vertex -36.0121 25.1017 9.3
      vertex -37.286 27.252 0.299999
      vertex -37.286 27.252 9.3
    endloop
  endfacet
  facet normal 0.860353 0.509698 0
    outer loop
      vertex -37.286 27.252 0.299999
      vertex -36.0121 25.1017 9.3
      vertex -36.0121 25.1017 0.299999
    endloop
  endfacet
  facet normal 0.861734 0.50736 0
    outer loop
      vertex -37.286 27.252 9.3
      vertex -38.5638 29.4223 0.299999
      vertex -38.5638 29.4223 9.3
    endloop
  endfacet
  facet normal 0.861734 0.50736 0
    outer loop
      vertex -38.5638 29.4223 0.299999
      vertex -37.286 27.252 9.3
      vertex -37.286 27.252 0.299999
    endloop
  endfacet
  facet normal 0.865866 0.500276 0
    outer loop
      vertex -38.5638 29.4223 9.3
      vertex -39.82 31.5965 0.299999
      vertex -39.82 31.5965 9.3
    endloop
  endfacet
  facet normal 0.865866 0.500276 0
    outer loop
      vertex -39.82 31.5965 0.299999
      vertex -38.5638 29.4223 9.3
      vertex -38.5638 29.4223 0.299999
    endloop
  endfacet
  facet normal 0.872702 0.488253 0
    outer loop
      vertex -39.82 31.5965 9.3
      vertex -41.0293 33.758 0.299999
      vertex -41.0293 33.758 9.3
    endloop
  endfacet
  facet normal 0.872702 0.488253 0
    outer loop
      vertex -41.0293 33.758 0.299999
      vertex -39.82 31.5965 9.3
      vertex -39.82 31.5965 0.299999
    endloop
  endfacet
  facet normal 0.882435 0.470434 0
    outer loop
      vertex -41.0293 33.758 9.3
      vertex -42.1661 35.8904 0.299999
      vertex -42.1661 35.8904 9.3
    endloop
  endfacet
  facet normal 0.882435 0.470434 0
    outer loop
      vertex -42.1661 35.8904 0.299999
      vertex -41.0293 33.758 9.3
      vertex -41.0293 33.758 0.299999
    endloop
  endfacet
  facet normal 0.895207 0.445651 0
    outer loop
      vertex -42.1661 35.8904 9.3
      vertex -43.205 37.9773 0.299999
      vertex -43.205 37.9773 9.3
    endloop
  endfacet
  facet normal 0.895207 0.445651 0
    outer loop
      vertex -43.205 37.9773 0.299999
      vertex -42.1661 35.8904 9.3
      vertex -42.1661 35.8904 0.299999
    endloop
  endfacet
  facet normal 0.911181 0.412006 0
    outer loop
      vertex -43.205 37.9773 9.3
      vertex -44 39.7355 0.299999
      vertex -44 39.7355 9.3
    endloop
  endfacet
  facet normal 0.911181 0.412006 0
    outer loop
      vertex -44 39.7355 0.299999
      vertex -43.205 37.9773 9.3
      vertex -43.205 37.9773 0.299999
    endloop
  endfacet
  facet normal 0.923854 -0.382744 0
    outer loop
      vertex -44.2732 43.7678 9.3
      vertex -44.1468 44.0729 0.299999
      vertex -44.1468 44.0729 9.3
    endloop
  endfacet
  facet normal 0.923854 -0.382744 0
    outer loop
      vertex -44.1468 44.0729 0.299999
      vertex -44.2732 43.7678 9.3
      vertex -44.2732 43.7678 0.299999
    endloop
  endfacet
  facet normal 0.972374 -0.233429 0
    outer loop
      vertex -44.1468 44.0729 9.3
      vertex -44.0369 44.5307 0.299999
      vertex -44.0369 44.5307 9.3
    endloop
  endfacet
  facet normal 0.972374 -0.233429 0
    outer loop
      vertex -44.0369 44.5307 0.299999
      vertex -44.1468 44.0729 9.3
      vertex -44.1468 44.0729 0.299999
    endloop
  endfacet
  facet normal 0.996923 -0.0783858 0
    outer loop
      vertex -44.0369 44.5307 9.3
      vertex -44 45 0.299999
      vertex -44 45 9.3
    endloop
  endfacet
  facet normal 0.996923 -0.0783858 0
    outer loop
      vertex -44 45 0.299999
      vertex -44.0369 44.5307 9.3
      vertex -44.0369 44.5307 0.299999
    endloop
  endfacet
  facet normal 0.996923 0.0783858 0
    outer loop
      vertex -44 45 9.3
      vertex -44.0369 45.4693 0.299999
      vertex -44.0369 45.4693 9.3
    endloop
  endfacet
  facet normal 0.996923 0.0783858 0
    outer loop
      vertex -44.0369 45.4693 0.299999
      vertex -44 45 9.3
      vertex -44 45 0.299999
    endloop
  endfacet
  facet normal 0.972362 0.233477 0
    outer loop
      vertex -44.0369 45.4693 9.3
      vertex -44.1468 45.927 0.299999
      vertex -44.1468 45.927 9.3
    endloop
  endfacet
  facet normal 0.972362 0.233477 0
    outer loop
      vertex -44.1468 45.927 0.299999
      vertex -44.0369 45.4693 9.3
      vertex -44.0369 45.4693 0.299999
    endloop
  endfacet
  facet normal 0.923867 0.382714 0
    outer loop
      vertex -44.1468 45.927 9.3
      vertex -44.327 46.362 0.299999
      vertex -44.327 46.362 9.3
    endloop
  endfacet
  facet normal 0.923867 0.382714 0
    outer loop
      vertex -44.327 46.362 0.299999
      vertex -44.1468 45.927 9.3
      vertex -44.1468 45.927 0.299999
    endloop
  endfacet
  facet normal 0.852714 0.522378 0
    outer loop
      vertex -44.327 46.362 9.3
      vertex -44.5729 46.7634 0.299999
      vertex -44.5729 46.7634 9.3
    endloop
  endfacet
  facet normal 0.852714 0.522378 0
    outer loop
      vertex -44.5729 46.7634 0.299999
      vertex -44.327 46.362 9.3
      vertex -44.327 46.362 0.299999
    endloop
  endfacet
  facet normal 0.760275 0.649601 0
    outer loop
      vertex -44.5729 46.7634 9.3
      vertex -44.8787 47.1213 0.299999
      vertex -44.8787 47.1213 9.3
    endloop
  endfacet
  facet normal 0.760275 0.649601 0
    outer loop
      vertex -44.8787 47.1213 0.299999
      vertex -44.5729 46.7634 9.3
      vertex -44.5729 46.7634 0.299999
    endloop
  endfacet
  facet normal 0.649478 0.76038 -0
    outer loop
      vertex -44.8787 47.1213 0.299999
      vertex -45.2366 47.427 9.3
      vertex -44.8787 47.1213 9.3
    endloop
  endfacet
  facet normal 0.649478 0.76038 0
    outer loop
      vertex -45.2366 47.427 9.3
      vertex -44.8787 47.1213 0.299999
      vertex -45.2366 47.427 0.299999
    endloop
  endfacet
  facet normal 0.522532 0.85262 -0
    outer loop
      vertex -45.2366 47.427 0.299999
      vertex -45.638 47.673 9.3
      vertex -45.2366 47.427 9.3
    endloop
  endfacet
  facet normal 0.522532 0.85262 0
    outer loop
      vertex -45.638 47.673 9.3
      vertex -45.2366 47.427 0.299999
      vertex -45.638 47.673 0.299999
    endloop
  endfacet
  facet normal 0.38279 0.923836 1.84102e-06
    outer loop
      vertex -45.638 47.673 9.3
      vertex -46 47.823 6.3
      vertex -46.0729 47.8532 9.3
    endloop
  endfacet
  facet normal 0.382803 0.92383 -0
    outer loop
      vertex -45.638 47.673 0.299999
      vertex -46 47.823 6.3
      vertex -45.638 47.673 9.3
    endloop
  endfacet
  facet normal 0.382803 0.92383 0
    outer loop
      vertex -46 47.823 6.3
      vertex -45.638 47.673 0.299999
      vertex -46 47.823 0.299999
    endloop
  endfacet
  facet normal 0.382725 0.923862 0
    outer loop
      vertex -46.0729 47.8532 9.3
      vertex -46 47.823 6.3
      vertex -46.0729 47.8532 6.3
    endloop
  endfacet
  facet normal 0.233429 0.972374 -0
    outer loop
      vertex -46.0729 47.8532 6.3
      vertex -46.5307 47.9631 9.3
      vertex -46.0729 47.8532 9.3
    endloop
  endfacet
  facet normal 0.233429 0.972374 0
    outer loop
      vertex -46.5307 47.9631 9.3
      vertex -46.0729 47.8532 6.3
      vertex -46.5307 47.9631 6.3
    endloop
  endfacet
  facet normal 0.0783858 0.996923 -0
    outer loop
      vertex -46.5307 47.9631 6.3
      vertex -47 48 9.3
      vertex -46.5307 47.9631 9.3
    endloop
  endfacet
  facet normal 0.0783858 0.996923 0
    outer loop
      vertex -47 48 9.3
      vertex -46.5307 47.9631 6.3
      vertex -47 48 6.3
    endloop
  endfacet
  facet normal -0.0783858 0.996923 0
    outer loop
      vertex -47 48 6.3
      vertex -47.4693 47.9631 9.3
      vertex -47 48 9.3
    endloop
  endfacet
  facet normal -0.0783858 0.996923 0
    outer loop
      vertex -47.4693 47.9631 9.3
      vertex -47 48 6.3
      vertex -47.4693 47.9631 6.3
    endloop
  endfacet
  facet normal -0.233477 0.972362 0
    outer loop
      vertex -47.4693 47.9631 6.3
      vertex -47.927 47.8532 9.3
      vertex -47.4693 47.9631 9.3
    endloop
  endfacet
  facet normal -0.233477 0.972362 0
    outer loop
      vertex -47.927 47.8532 9.3
      vertex -47.4693 47.9631 6.3
      vertex -47.927 47.8532 6.3
    endloop
  endfacet
  facet normal -0.382714 0.923867 0
    outer loop
      vertex -47.927 47.8532 6.3
      vertex -48.362 47.673 9.3
      vertex -47.927 47.8532 9.3
    endloop
  endfacet
  facet normal -0.382714 0.923867 0
    outer loop
      vertex -48.362 47.673 9.3
      vertex -47.927 47.8532 6.3
      vertex -48.362 47.673 6.3
    endloop
  endfacet
  facet normal -0.522532 0.85262 0
    outer loop
      vertex -48.362 47.673 6.3
      vertex -48.7634 47.427 9.3
      vertex -48.362 47.673 9.3
    endloop
  endfacet
  facet normal -0.522532 0.85262 0
    outer loop
      vertex -48.7634 47.427 9.3
      vertex -48.362 47.673 6.3
      vertex -48.7634 47.427 6.3
    endloop
  endfacet
  facet normal -0.649478 0.76038 0
    outer loop
      vertex -48.7634 47.427 6.3
      vertex -49.1213 47.1213 9.3
      vertex -48.7634 47.427 9.3
    endloop
  endfacet
  facet normal -0.649478 0.76038 0
    outer loop
      vertex -49.1213 47.1213 9.3
      vertex -48.7634 47.427 6.3
      vertex -49.1213 47.1213 6.3
    endloop
  endfacet
  facet normal -0.76038 0.649478 0
    outer loop
      vertex -49.427 46.7634 6.3
      vertex -49.1213 47.1213 9.3
      vertex -49.1213 47.1213 6.3
    endloop
  endfacet
  facet normal -0.76038 0.649478 0
    outer loop
      vertex -49.1213 47.1213 9.3
      vertex -49.427 46.7634 6.3
      vertex -49.427 46.7634 9.3
    endloop
  endfacet
  facet normal -0.85262 0.522532 0
    outer loop
      vertex -49.673 46.362 6.3
      vertex -49.427 46.7634 9.3
      vertex -49.427 46.7634 6.3
    endloop
  endfacet
  facet normal -0.85262 0.522532 0
    outer loop
      vertex -49.427 46.7634 9.3
      vertex -49.673 46.362 6.3
      vertex -49.673 46.362 9.3
    endloop
  endfacet
  facet normal -0.923867 0.382714 0
    outer loop
      vertex -49.8532 45.927 6.3
      vertex -49.673 46.362 9.3
      vertex -49.673 46.362 6.3
    endloop
  endfacet
  facet normal -0.923867 0.382714 0
    outer loop
      vertex -49.673 46.362 9.3
      vertex -49.8532 45.927 6.3
      vertex -49.8532 45.927 9.3
    endloop
  endfacet
  facet normal -0.972362 0.233477 0
    outer loop
      vertex -49.9631 45.4693 6.3
      vertex -49.8532 45.927 9.3
      vertex -49.8532 45.927 6.3
    endloop
  endfacet
  facet normal -0.972362 0.233477 0
    outer loop
      vertex -49.8532 45.927 9.3
      vertex -49.9631 45.4693 6.3
      vertex -49.9631 45.4693 9.3
    endloop
  endfacet
  facet normal -0.996923 0.0783858 0
    outer loop
      vertex -50 45 6.3
      vertex -49.9631 45.4693 9.3
      vertex -49.9631 45.4693 6.3
    endloop
  endfacet
  facet normal -0.996923 0.0783858 0
    outer loop
      vertex -49.9631 45.4693 9.3
      vertex -50 45 6.3
      vertex -50 45 9.3
    endloop
  endfacet
  facet normal -0.996923 -0.0783858 0
    outer loop
      vertex -49.9631 44.5307 6.3
      vertex -50 45 9.3
      vertex -50 45 6.3
    endloop
  endfacet
  facet normal -0.996923 -0.0783858 0
    outer loop
      vertex -50 45 9.3
      vertex -49.9631 44.5307 6.3
      vertex -49.9631 44.5307 9.3
    endloop
  endfacet
  facet normal -0.972374 -0.233429 0
    outer loop
      vertex -49.8532 44.0729 6.3
      vertex -49.9631 44.5307 9.3
      vertex -49.9631 44.5307 6.3
    endloop
  endfacet
  facet normal -0.972374 -0.233429 0
    outer loop
      vertex -49.9631 44.5307 9.3
      vertex -49.8532 44.0729 6.3
      vertex -49.8532 44.0729 9.3
    endloop
  endfacet
  facet normal -0.923854 -0.382744 0
    outer loop
      vertex -49.7268 43.7678 6.3
      vertex -49.8532 44.0729 9.3
      vertex -49.8532 44.0729 6.3
    endloop
  endfacet
  facet normal -0.923854 -0.382744 0
    outer loop
      vertex -49.8532 44.0729 9.3
      vertex -49.7268 43.7678 6.3
      vertex -49.7268 43.7678 9.3
    endloop
  endfacet
  facet normal -0.895151 -0.445762 0
    outer loop
      vertex -44.75 35.4716 1.5
      vertex -44.8975 35.7678 9.3
      vertex -44.8975 35.7678 1.5
    endloop
  endfacet
  facet normal -0.895206 -0.445653 -0
    outer loop
      vertex -44.4185 34.8057 9.3
      vertex -44.75 35.4716 1.5
      vertex -44.4185 34.8057 0.299999
    endloop
  endfacet
  facet normal -0.895189 -0.445687 -3.5727e-06
    outer loop
      vertex -44.75 35.4716 1.5
      vertex -44.4185 34.8057 9.3
      vertex -44.8975 35.7678 9.3
    endloop
  endfacet
  facet normal -0.895206 -0.445653 0
    outer loop
      vertex -44.75 35.4716 0.299999
      vertex -44.4185 34.8057 0.299999
      vertex -44.75 35.4716 1.5
    endloop
  endfacet
  facet normal -0.882435 -0.470434 0
    outer loop
      vertex -43.2817 32.6733 0.299999
      vertex -44.4185 34.8057 9.3
      vertex -44.4185 34.8057 0.299999
    endloop
  endfacet
  facet normal -0.882435 -0.470434 0
    outer loop
      vertex -44.4185 34.8057 9.3
      vertex -43.2817 32.6733 0.299999
      vertex -43.2817 32.6733 9.3
    endloop
  endfacet
  facet normal -0.872702 -0.488253 0
    outer loop
      vertex -42.0724 30.5118 0.299999
      vertex -43.2817 32.6733 9.3
      vertex -43.2817 32.6733 0.299999
    endloop
  endfacet
  facet normal -0.872702 -0.488253 0
    outer loop
      vertex -43.2817 32.6733 9.3
      vertex -42.0724 30.5118 0.299999
      vertex -42.0724 30.5118 9.3
    endloop
  endfacet
  facet normal -0.865866 -0.500276 0
    outer loop
      vertex -40.8162 28.3376 0.299999
      vertex -42.0724 30.5118 9.3
      vertex -42.0724 30.5118 0.299999
    endloop
  endfacet
  facet normal -0.865866 -0.500276 0
    outer loop
      vertex -42.0724 30.5118 9.3
      vertex -40.8162 28.3376 0.299999
      vertex -40.8162 28.3376 9.3
    endloop
  endfacet
  facet normal -0.861734 -0.50736 0
    outer loop
      vertex -39.5384 26.1673 0.299999
      vertex -40.8162 28.3376 9.3
      vertex -40.8162 28.3376 0.299999
    endloop
  endfacet
  facet normal -0.861734 -0.50736 0
    outer loop
      vertex -40.8162 28.3376 9.3
      vertex -39.5384 26.1673 0.299999
      vertex -39.5384 26.1673 9.3
    endloop
  endfacet
  facet normal -0.860353 -0.509698 0
    outer loop
      vertex -38.2645 24.017 0.299999
      vertex -39.5384 26.1673 9.3
      vertex -39.5384 26.1673 0.299999
    endloop
  endfacet
  facet normal -0.860353 -0.509698 0
    outer loop
      vertex -39.5384 26.1673 9.3
      vertex -38.2645 24.017 0.299999
      vertex -38.2645 24.017 9.3
    endloop
  endfacet
  facet normal -0.861712 -0.507398 0
    outer loop
      vertex -37.0199 21.9033 0.299999
      vertex -38.2645 24.017 9.3
      vertex -38.2645 24.017 0.299999
    endloop
  endfacet
  facet normal -0.861712 -0.507398 0
    outer loop
      vertex -38.2645 24.017 9.3
      vertex -37.0199 21.9033 0.299999
      vertex -37.0199 21.9033 9.3
    endloop
  endfacet
  facet normal -0.865997 -0.500049 0
    outer loop
      vertex -35.83 19.8426 0.299999
      vertex -37.0199 21.9033 9.3
      vertex -37.0199 21.9033 0.299999
    endloop
  endfacet
  facet normal -0.865997 -0.500049 0
    outer loop
      vertex -37.0199 21.9033 9.3
      vertex -35.83 19.8426 0.299999
      vertex -35.83 19.8426 9.3
    endloop
  endfacet
  facet normal -0.873501 -0.486823 0
    outer loop
      vertex -34.7202 17.8513 0.299999
      vertex -35.83 19.8426 9.3
      vertex -35.83 19.8426 0.299999
    endloop
  endfacet
  facet normal -0.873501 -0.486823 0
    outer loop
      vertex -35.83 19.8426 9.3
      vertex -34.7202 17.8513 0.299999
      vertex -34.7202 17.8513 9.3
    endloop
  endfacet
  facet normal -0.884668 -0.466221 0
    outer loop
      vertex -33.716 15.9458 0.299999
      vertex -34.7202 17.8513 9.3
      vertex -34.7202 17.8513 0.299999
    endloop
  endfacet
  facet normal -0.884668 -0.466221 0
    outer loop
      vertex -34.7202 17.8513 9.3
      vertex -33.716 15.9458 0.299999
      vertex -33.716 15.9458 9.3
    endloop
  endfacet
  facet normal -0.900064 -0.435758 0
    outer loop
      vertex -32.8429 14.1424 0.299999
      vertex -33.716 15.9458 9.3
      vertex -33.716 15.9458 0.299999
    endloop
  endfacet
  facet normal -0.900064 -0.435758 0
    outer loop
      vertex -33.716 15.9458 9.3
      vertex -32.8429 14.1424 0.299999
      vertex -32.8429 14.1424 9.3
    endloop
  endfacet
  facet normal -0.92019 -0.391473 0
    outer loop
      vertex -32.2014 12.6345 0.299999
      vertex -32.8429 14.1424 9.3
      vertex -32.8429 14.1424 0.299999
    endloop
  endfacet
  facet normal -0.92019 -0.391473 0
    outer loop
      vertex -32.8429 14.1424 9.3
      vertex -32.2014 12.6345 0.299999
      vertex -32.2014 12.6345 9.3
    endloop
  endfacet
  facet normal -0.981098 -0.19351 0
    outer loop
      vertex -32.1614 12.4317 0.299999
      vertex -32.2014 12.6345 9.3
      vertex -32.2014 12.6345 0.299999
    endloop
  endfacet
  facet normal -0.981098 -0.19351 0
    outer loop
      vertex -32.2014 12.6345 9.3
      vertex -32.1614 12.4317 0.299999
      vertex -32.1614 12.4317 9.3
    endloop
  endfacet
  facet normal -0.998734 -0.0503069 0
    outer loop
      vertex -32.1383 11.9731 0.299999
      vertex -32.1614 12.4317 9.3
      vertex -32.1614 12.4317 0.299999
    endloop
  endfacet
  facet normal -0.998734 -0.0503069 0
    outer loop
      vertex -32.1614 12.4317 9.3
      vertex -32.1383 11.9731 0.299999
      vertex -32.1383 11.9731 9.3
    endloop
  endfacet
  facet normal -0.999953 0.0097351 0
    outer loop
      vertex -32.1457 11.213 0.299999
      vertex -32.1383 11.9731 9.3
      vertex -32.1383 11.9731 0.299999
    endloop
  endfacet
  facet normal -0.999953 0.0097351 0
    outer loop
      vertex -32.1383 11.9731 9.3
      vertex -32.1457 11.213 0.299999
      vertex -32.1457 11.213 9.3
    endloop
  endfacet
  facet normal -0.999121 0.0419153 0
    outer loop
      vertex -32.1806 10.3811 0.299999
      vertex -32.1457 11.213 9.3
      vertex -32.1457 11.213 0.299999
    endloop
  endfacet
  facet normal -0.999121 0.0419153 0
    outer loop
      vertex -32.1457 11.213 9.3
      vertex -32.1806 10.3811 0.299999
      vertex -32.1806 10.3811 9.3
    endloop
  endfacet
  facet normal -0.998071 0.0620819 0
    outer loop
      vertex -32.2325 9.54672 0.299999
      vertex -32.1806 10.3811 9.3
      vertex -32.1806 10.3811 0.299999
    endloop
  endfacet
  facet normal -0.998071 0.0620819 0
    outer loop
      vertex -32.1806 10.3811 9.3
      vertex -32.2325 9.54672 0.299999
      vertex -32.2325 9.54672 9.3
    endloop
  endfacet
  facet normal -0.997165 0.0752435 0
    outer loop
      vertex -32.2904 8.7794 0.299999
      vertex -32.2325 9.54672 9.3
      vertex -32.2325 9.54672 0.299999
    endloop
  endfacet
  facet normal -0.997165 0.0752435 0
    outer loop
      vertex -32.2325 9.54672 9.3
      vertex -32.2904 8.7794 0.299999
      vertex -32.2904 8.7794 9.3
    endloop
  endfacet
  facet normal -0.996476 0.0838769 0
    outer loop
      vertex -32.3435 8.14856 0.299999
      vertex -32.2904 8.7794 9.3
      vertex -32.2904 8.7794 0.299999
    endloop
  endfacet
  facet normal -0.996476 0.0838769 0
    outer loop
      vertex -32.2904 8.7794 9.3
      vertex -32.3435 8.14856 0.299999
      vertex -32.3435 8.14856 9.3
    endloop
  endfacet
  facet normal -0.996108 0.0881455 0
    outer loop
      vertex -32.3715 7.83214 0.8
      vertex -32.3435 8.14856 0.299999
      vertex -32.3715 7.83214 0.79514
    endloop
  endfacet
  facet normal -0.996109 0.0881346 -7.04422e-06
    outer loop
      vertex -32.3811 7.7236 0.299999
      vertex -32.3715 7.83214 0.79514
      vertex -32.3435 8.14856 0.299999
    endloop
  endfacet
  facet normal -0.996167 0.0874701 0.000139762
    outer loop
      vertex -32.3715 7.83214 0.79514
      vertex -32.3811 7.7236 0.299999
      vertex -32.3734 7.8105 0.796106
    endloop
  endfacet
  facet normal -0.996097 0.0882618 0
    outer loop
      vertex -32.3734 7.8105 0.796106
      vertex -32.3811 7.7236 0.299999
      vertex -32.3811 7.7236 0.799988
    endloop
  endfacet
  facet normal -0.996108 0.0881455 0
    outer loop
      vertex -32.3435 8.14856 0.299999
      vertex -32.3715 7.83214 0.8
      vertex -32.3435 8.14856 9.3
    endloop
  endfacet
  facet normal -0.996108 0.0881455 0
    outer loop
      vertex -32.3435 8.14856 9.3
      vertex -32.3715 7.83214 0.8
      vertex -32.3715 7.83214 9.3
    endloop
  endfacet
  facet normal -0.993687 -0.112184 -0
    outer loop
      vertex -32.3497 7.44547 0.756503
      vertex -32.3811 7.7236 0.299999
      vertex -32.3497 7.44547 0.299999
    endloop
  endfacet
  facet normal -0.993687 -0.112184 0
    outer loop
      vertex -32.3811 7.7236 0.299999
      vertex -32.3497 7.44547 0.756503
      vertex -32.3811 7.7236 0.799988
    endloop
  endfacet
  facet normal -0.943988 -0.329979 0
    outer loop
      vertex -32.3497 7.44547 0.299999
      vertex -32.3097 7.33104 0.711471
      vertex -32.3497 7.44547 0.756503
    endloop
  endfacet
  facet normal -0.94394 -0.330116 -0
    outer loop
      vertex -32.2573 7.18126 0.65253
      vertex -32.3497 7.44547 0.299999
      vertex -32.2573 7.18126 0.299999
    endloop
  endfacet
  facet normal -0.943912 -0.330197 -6.8086e-05
    outer loop
      vertex -32.3497 7.44547 0.299999
      vertex -32.2573 7.18126 0.65253
      vertex -32.3097 7.33104 0.711471
    endloop
  endfacet
  facet normal -0.846772 -0.531956 -0
    outer loop
      vertex -32.1084 6.94424 0.493256
      vertex -32.2573 7.18126 0.299999
      vertex -32.1084 6.94424 0.299999
    endloop
  endfacet
  facet normal -0.846772 -0.531956 0
    outer loop
      vertex -32.2573 7.18126 0.299999
      vertex -32.1084 6.94424 0.493256
      vertex -32.2573 7.18126 0.65253
    endloop
  endfacet
  facet normal -0.70705 -0.707164 0
    outer loop
      vertex -32.1084 6.94424 0.299999
      vertex -31.9232 6.75907 0.3
      vertex -32.1084 6.94424 0.493256
    endloop
  endfacet
  facet normal -0.0222872 -0.0222963 -0.999503
    outer loop
      vertex -31.9104 6.74632 0.299999
      vertex -31.9232 6.75907 0.3
      vertex -32.1084 6.94424 0.299999
    endloop
  endfacet
  facet normal -0.705722 -0.708489 0
    outer loop
      vertex -31.9232 6.75907 0.3
      vertex -31.9104 6.74632 0.299999
      vertex -31.9104 6.74632 0.3
    endloop
  endfacet
  facet normal -0.53204 -0.846719 0
    outer loop
      vertex -31.9104 6.74632 0.299999
      vertex -31.6734 6.5974 0.3
      vertex -31.9104 6.74632 0.3
    endloop
  endfacet
  facet normal -0.53204 -0.846719 -0
    outer loop
      vertex -31.6734 6.5974 0.3
      vertex -31.9104 6.74632 0.299999
      vertex -31.6734 6.5974 0.299999
    endloop
  endfacet
  facet normal -0.330319 -0.943869 0
    outer loop
      vertex -31.6734 6.5974 0.299999
      vertex -31.4092 6.50494 0.3
      vertex -31.6734 6.5974 0.3
    endloop
  endfacet
  facet normal -0.330319 -0.943869 -0
    outer loop
      vertex -31.4092 6.50494 0.3
      vertex -31.6734 6.5974 0.299999
      vertex -31.4092 6.50494 0.299999
    endloop
  endfacet
  facet normal -0.111984 -0.99371 0
    outer loop
      vertex -31.4092 6.50494 0.299999
      vertex -31.1311 6.4736 0.3
      vertex -31.4092 6.50494 0.3
    endloop
  endfacet
  facet normal -0.111984 -0.99371 -0
    outer loop
      vertex -31.1311 6.4736 0.3
      vertex -31.4092 6.50494 0.299999
      vertex -31.1311 6.4736 0.299999
    endloop
  endfacet
  facet normal 0.111945 -0.993714 0
    outer loop
      vertex -31.1311 6.4736 0.299999
      vertex -30.8529 6.50494 0.3
      vertex -31.1311 6.4736 0.3
    endloop
  endfacet
  facet normal 0.111945 -0.993714 0
    outer loop
      vertex -30.8529 6.50494 0.3
      vertex -31.1311 6.4736 0.299999
      vertex -30.8529 6.50494 0.299999
    endloop
  endfacet
  facet normal -0 0 1
    outer loop
      vertex 43.205 37.9773 9.3
      vertex 44 35.7678 9.3
      vertex 44 39.7355 9.3
    endloop
  endfacet
  facet normal -0 0 1
    outer loop
      vertex 42.1661 35.8904 9.3
      vertex 44 35.7678 9.3
      vertex 43.205 37.9773 9.3
    endloop
  endfacet
  facet normal 0 0 1
    outer loop
      vertex 44 35.7678 9.3
      vertex 42.1661 35.8904 9.3
      vertex 43.2817 32.6733 9.3
    endloop
  endfacet
  facet normal -0 0 1
    outer loop
      vertex 41.0293 33.758 9.3
      vertex 43.2817 32.6733 9.3
      vertex 42.1661 35.8904 9.3
    endloop
  endfacet
  facet normal 0 0 1
    outer loop
      vertex 43.2817 32.6733 9.3
      vertex 41.0293 33.758 9.3
      vertex 42.0724 30.5118 9.3
    endloop
  endfacet
  facet normal -0 0 1
    outer loop
      vertex 39.82 31.5965 9.3
      vertex 42.0724 30.5118 9.3
      vertex 41.0293 33.758 9.3
    endloop
  endfacet
  facet normal 0 0 1
    outer loop
      vertex 42.0724 30.5118 9.3
      vertex 39.82 31.5965 9.3
      vertex 40.8162 28.3376 9.3
    endloop
  endfacet
  facet normal -0 0 1
    outer loop
      vertex 38.5638 29.4223 9.3
      vertex 40.8162 28.3376 9.3
      vertex 39.82 31.5965 9.3
    endloop
  endfacet
  facet normal 0 0 1
    outer loop
      vertex 40.8162 28.3376 9.3
      vertex 38.5638 29.4223 9.3
      vertex 39.5384 26.1673 9.3
    endloop
  endfacet
  facet normal -0 0 1
    outer loop
      vertex 37.286 27.252 9.3
      vertex 39.5384 26.1673 9.3
      vertex 38.5638 29.4223 9.3
    endloop
  endfacet
  facet normal 0 0 1
    outer loop
      vertex 39.5384 26.1673 9.3
      vertex 37.286 27.252 9.3
      vertex 38.2645 24.017 9.3
    endloop
  endfacet
  facet normal -0 0 1
    outer loop
      vertex 36.0121 25.1017 9.3
      vertex 38.2645 24.017 9.3
      vertex 37.286 27.252 9.3
    endloop
  endfacet
  facet normal 0 0 1
    outer loop
      vertex 38.2645 24.017 9.3
      vertex 36.0121 25.1017 9.3
      vertex 37.0199 21.9033 9.3
    endloop
  endfacet
  facet normal -0 0 1
    outer loop
      vertex 34.7674 22.9881 9.3
      vertex 37.0199 21.9033 9.3
      vertex 36.0121 25.1017 9.3
    endloop
  endfacet
  facet normal 0 0 1
    outer loop
      vertex 37.0199 21.9033 9.3
      vertex 34.7674 22.9881 9.3
      vertex 35.83 19.8426 9.3
    endloop
  endfacet
  facet normal -0 0 1
    outer loop
      vertex 33.5775 20.9274 9.3
      vertex 35.83 19.8426 9.3
      vertex 34.7674 22.9881 9.3
    endloop
  endfacet
  facet normal 0 0 1
    outer loop
      vertex 35.83 19.8426 9.3
      vertex 33.5775 20.9274 9.3
      vertex 34.7202 17.8513 9.3
    endloop
  endfacet
  facet normal -0 0 1
    outer loop
      vertex 32.4678 18.936 9.3
      vertex 34.7202 17.8513 9.3
      vertex 33.5775 20.9274 9.3
    endloop
  endfacet
  facet normal 0 0 1
    outer loop
      vertex 34.7202 17.8513 9.3
      vertex 32.4678 18.936 9.3
      vertex 33.716 15.9458 9.3
    endloop
  endfacet
  facet normal -0 0 1
    outer loop
      vertex 31.4636 17.0305 9.3
      vertex 33.716 15.9458 9.3
      vertex 32.4678 18.936 9.3
    endloop
  endfacet
  facet normal 0 0 1
    outer loop
      vertex 33.716 15.9458 9.3
      vertex 31.4636 17.0305 9.3
      vertex 32.8429 14.1424 9.3
    endloop
  endfacet
  facet normal -0 0 1
    outer loop
      vertex 30.5905 15.2271 9.3
      vertex 32.8429 14.1424 9.3
      vertex 31.4636 17.0305 9.3
    endloop
  endfacet
  facet normal 0 0 1
    outer loop
      vertex 29.8738 13.5423 9.3
      vertex 32.8429 14.1424 9.3
      vertex 30.5905 15.2271 9.3
    endloop
  endfacet
  facet normal 0 0 1
    outer loop
      vertex 32.8429 14.1424 9.3
      vertex 29.8738 13.5423 9.3
      vertex 32.2014 12.6345 9.3
    endloop
  endfacet
  facet normal -0 0 1
    outer loop
      vertex 44 35.7678 9.3
      vertex 44.4185 34.8057 9.3
      vertex 44.8975 35.7678 9.3
    endloop
  endfacet
  facet normal 0 0 1
    outer loop
      vertex 44.4185 34.8057 9.3
      vertex 44 35.7678 9.3
      vertex 43.2817 32.6733 9.3
    endloop
  endfacet
  facet normal -0 0 1
    outer loop
      vertex 29.7813 13.2781 9.3
      vertex 32.2014 12.6345 9.3
      vertex 29.8738 13.5423 9.3
    endloop
  endfacet
  facet normal -0 0 1
    outer loop
      vertex 29.7009 12.87 9.3
      vertex 32.2014 12.6345 9.3
      vertex 29.7813 13.2781 9.3
    endloop
  endfacet
  facet normal 0 0 1
    outer loop
      vertex 32.2014 12.6345 9.3
      vertex 29.7009 12.87 9.3
      vertex 32.1614 12.4317 9.3
    endloop
  endfacet
  facet normal -0 0 1
    outer loop
      vertex 29.6695 12.5919 9.3
      vertex 32.1614 12.4317 9.3
      vertex 29.7009 12.87 9.3
    endloop
  endfacet
  facet normal 0 0 1
    outer loop
      vertex 32.1614 12.4317 9.3
      vertex 29.6695 12.5919 9.3
      vertex 32.1383 11.9731 9.3
    endloop
  endfacet
  facet normal 0 -0 1
    outer loop
      vertex 29.6457 11.213 9.3
      vertex 32.1383 11.9731 9.3
      vertex 29.6383 11.9731 9.3
    endloop
  endfacet
  facet normal 0 -0 1
    outer loop
      vertex 29.6806 10.3811 9.3
      vertex 32.1457 11.213 9.3
      vertex 29.6457 11.213 9.3
    endloop
  endfacet
  facet normal 0 0 1
    outer loop
      vertex 32.1457 11.213 9.3
      vertex 29.6806 10.3811 9.3
      vertex 32.1806 10.3811 9.3
    endloop
  endfacet
  facet normal 0 0 1
    outer loop
      vertex 32.3435 8.14856 9.3
      vertex 29.8811 7.7236 9.3
      vertex 32.3715 7.83214 9.3
    endloop
  endfacet
  facet normal 0 0 1
    outer loop
      vertex 32.1806 10.3811 9.3
      vertex 29.7325 9.54672 9.3
      vertex 32.2325 9.54672 9.3
    endloop
  endfacet
  facet normal 0 0 1
    outer loop
      vertex 32.3715 7.83214 9.3
      vertex 29.8811 7.7236 9.3
      vertex 29.8933 7.61532 9.3
    endloop
  endfacet
  facet normal 0 -0 1
    outer loop
      vertex 29.8811 7.7236 9.3
      vertex 32.3435 8.14856 9.3
      vertex 29.8435 8.14856 9.3
    endloop
  endfacet
  facet normal 0 0 1
    outer loop
      vertex 29.6383 11.9731 9.3
      vertex 32.1383 11.9731 9.3
      vertex 29.6695 12.5919 9.3
    endloop
  endfacet
  facet normal 0 0 1
    outer loop
      vertex 32.2904 8.7794 9.3
      vertex 29.8435 8.14856 9.3
      vertex 32.3435 8.14856 9.3
    endloop
  endfacet
  facet normal 0 0 1
    outer loop
      vertex 32.1383 11.9731 9.3
      vertex 29.6457 11.213 9.3
      vertex 32.1457 11.213 9.3
    endloop
  endfacet
  facet normal 0 -0 1
    outer loop
      vertex 29.8435 8.14856 9.3
      vertex 32.2904 8.7794 9.3
      vertex 29.7904 8.7794 9.3
    endloop
  endfacet
  facet normal 0 -0 1
    outer loop
      vertex 29.7325 9.54672 9.3
      vertex 32.1806 10.3811 9.3
      vertex 29.6806 10.3811 9.3
    endloop
  endfacet
  facet normal 0 0 1
    outer loop
      vertex 32.2325 9.54672 9.3
      vertex 29.7904 8.7794 9.3
      vertex 32.2904 8.7794 9.3
    endloop
  endfacet
  facet normal 0 -0 1
    outer loop
      vertex 29.7904 8.7794 9.3
      vertex 32.2325 9.54672 9.3
      vertex 29.7325 9.54672 9.3
    endloop
  endfacet
  facet normal 0 0 1
    outer loop
      vertex 49.9631 45.4693 9.3
      vertex 49.9631 44.5307 9.3
      vertex 50 45 9.3
    endloop
  endfacet
  facet normal 0 0 1
    outer loop
      vertex 49.8532 45.927 9.3
      vertex 49.9631 44.5307 9.3
      vertex 49.9631 45.4693 9.3
    endloop
  endfacet
  facet normal 0 0 1
    outer loop
      vertex 49.7268 43.7678 9.3
      vertex 49.9631 44.5307 9.3
      vertex 49.8532 45.927 9.3
    endloop
  endfacet
  facet normal 0 0 1
    outer loop
      vertex 49.9631 44.5307 9.3
      vertex 49.7268 43.7678 9.3
      vertex 49.8532 44.0729 9.3
    endloop
  endfacet
  facet normal 0 0 1
    outer loop
      vertex 49.673 46.362 9.3
      vertex 49.7268 43.7678 9.3
      vertex 49.8532 45.927 9.3
    endloop
  endfacet
  facet normal 0 0 1
    outer loop
      vertex 49.427 46.7634 9.3
      vertex 49.7268 43.7678 9.3
      vertex 49.673 46.362 9.3
    endloop
  endfacet
  facet normal 0 0 1
    outer loop
      vertex 49.1213 47.1213 9.3
      vertex 49.7268 43.7678 9.3
      vertex 49.427 46.7634 9.3
    endloop
  endfacet
  facet normal 0 0 1
    outer loop
      vertex 48.7634 47.427 9.3
      vertex 49.7268 43.7678 9.3
      vertex 49.1213 47.1213 9.3
    endloop
  endfacet
  facet normal 0 0 1
    outer loop
      vertex 48.362 47.673 9.3
      vertex 49.7268 43.7678 9.3
      vertex 48.7634 47.427 9.3
    endloop
  endfacet
  facet normal 0 0 1
    outer loop
      vertex 47.927 47.8532 9.3
      vertex 49.7268 43.7678 9.3
      vertex 48.362 47.673 9.3
    endloop
  endfacet
  facet normal 0 0 1
    outer loop
      vertex 47.4693 47.9631 9.3
      vertex 49.7268 43.7678 9.3
      vertex 47.927 47.8532 9.3
    endloop
  endfacet
  facet normal 0 0 1
    outer loop
      vertex 47 48 9.3
      vertex 49.7268 43.7678 9.3
      vertex 47.4693 47.9631 9.3
    endloop
  endfacet
  facet normal -0 0 1
    outer loop
      vertex 46.5307 47.9631 9.3
      vertex 49.7268 43.7678 9.3
      vertex 47 48 9.3
    endloop
  endfacet
  facet normal -0 0 1
    outer loop
      vertex 46.0729 47.8532 9.3
      vertex 49.7268 43.7678 9.3
      vertex 46.5307 47.9631 9.3
    endloop
  endfacet
  facet normal -0 0 1
    outer loop
      vertex 45.638 47.673 9.3
      vertex 49.7268 43.7678 9.3
      vertex 46.0729 47.8532 9.3
    endloop
  endfacet
  facet normal -0 0 1
    outer loop
      vertex 45.2366 47.427 9.3
      vertex 49.7268 43.7678 9.3
      vertex 45.638 47.673 9.3
    endloop
  endfacet
  facet normal -0 0 1
    outer loop
      vertex 44.8787 47.1213 9.3
      vertex 49.7268 43.7678 9.3
      vertex 45.2366 47.427 9.3
    endloop
  endfacet
  facet normal -0 0 1
    outer loop
      vertex 44.5729 46.7634 9.3
      vertex 49.7268 43.7678 9.3
      vertex 44.8787 47.1213 9.3
    endloop
  endfacet
  facet normal -0 0 1
    outer loop
      vertex 44.327 46.362 9.3
      vertex 49.7268 43.7678 9.3
      vertex 44.5729 46.7634 9.3
    endloop
  endfacet
  facet normal 0 0 1
    outer loop
      vertex 44.327 46.362 9.3
      vertex 44.2732 43.7678 9.3
      vertex 49.7268 43.7678 9.3
    endloop
  endfacet
  facet normal -0 0 1
    outer loop
      vertex 44.1468 45.927 9.3
      vertex 44.2732 43.7678 9.3
      vertex 44.327 46.362 9.3
    endloop
  endfacet
  facet normal -0 0 1
    outer loop
      vertex 44.0369 45.4693 9.3
      vertex 44.2732 43.7678 9.3
      vertex 44.1468 45.927 9.3
    endloop
  endfacet
  facet normal -0 0 1
    outer loop
      vertex 44.0369 44.5307 9.3
      vertex 44.2732 43.7678 9.3
      vertex 44.0369 45.4693 9.3
    endloop
  endfacet
  facet normal 0 0 1
    outer loop
      vertex 44.2732 43.7678 9.3
      vertex 44.0369 44.5307 9.3
      vertex 44.1468 44.0729 9.3
    endloop
  endfacet
  facet normal 0 -0 1
    outer loop
      vertex 44.0369 44.5307 9.3
      vertex 44.0369 45.4693 9.3
      vertex 44 45 9.3
    endloop
  endfacet
  facet normal 0.330319 -0.943869 0
    outer loop
      vertex 31.4092 6.50494 0.299999
      vertex 31.6734 6.5974 0.3
      vertex 31.4092 6.50494 0.3
    endloop
  endfacet
  facet normal 0.330319 -0.943869 0
    outer loop
      vertex 31.6734 6.5974 0.3
      vertex 31.4092 6.50494 0.299999
      vertex 31.6734 6.5974 0.299999
    endloop
  endfacet
  facet normal 0.53204 -0.846719 0
    outer loop
      vertex 31.6734 6.5974 0.299999
      vertex 31.9104 6.74632 0.3
      vertex 31.6734 6.5974 0.3
    endloop
  endfacet
  facet normal 0.53204 -0.846719 0
    outer loop
      vertex 31.9104 6.74632 0.3
      vertex 31.6734 6.5974 0.299999
      vertex 31.9104 6.74632 0.299999
    endloop
  endfacet
  facet normal 0.707003 -0.70721 0
    outer loop
      vertex 32.0742 6.91005 0.457572
      vertex 32.1084 6.94424 0.299999
      vertex 32.1084 6.94424 0.493256
    endloop
  endfacet
  facet normal 0.70705 -0.707164 2.0016e-05
    outer loop
      vertex 31.9232 6.75907 0.3
      vertex 32.1084 6.94424 0.299999
      vertex 32.0742 6.91005 0.457572
    endloop
  endfacet
  facet normal 0.705722 -0.708489 0
    outer loop
      vertex 31.9104 6.74632 0.299999
      vertex 31.9232 6.75907 0.3
      vertex 31.9104 6.74632 0.3
    endloop
  endfacet
  facet normal 0.0222872 -0.0222963 -0.999503
    outer loop
      vertex 31.9232 6.75907 0.3
      vertex 31.9104 6.74632 0.299999
      vertex 32.1084 6.94424 0.299999
    endloop
  endfacet
  facet normal 0.846772 -0.531956 0
    outer loop
      vertex 32.1084 6.94424 0.493256
      vertex 32.2573 7.18126 0.299999
      vertex 32.2573 7.18126 0.65253
    endloop
  endfacet
  facet normal 0.846772 -0.531956 0
    outer loop
      vertex 32.2573 7.18126 0.299999
      vertex 32.1084 6.94424 0.493256
      vertex 32.1084 6.94424 0.299999
    endloop
  endfacet
  facet normal 0.94394 -0.330116 0
    outer loop
      vertex 32.2573 7.18126 0.65253
      vertex 32.3497 7.44547 0.299999
      vertex 32.3497 7.44547 0.756503
    endloop
  endfacet
  facet normal 0.94394 -0.330116 0
    outer loop
      vertex 32.3497 7.44547 0.299999
      vertex 32.2573 7.18126 0.65253
      vertex 32.2573 7.18126 0.299999
    endloop
  endfacet
  facet normal 0.993687 -0.112184 0
    outer loop
      vertex 32.3497 7.44547 0.756503
      vertex 32.3811 7.7236 0.299999
      vertex 32.3811 7.7236 0.799988
    endloop
  endfacet
  facet normal 0.993687 -0.112184 0
    outer loop
      vertex 32.3811 7.7236 0.299999
      vertex 32.3497 7.44547 0.756503
      vertex 32.3497 7.44547 0.299999
    endloop
  endfacet
  facet normal 0.996108 0.0881455 -0
    outer loop
      vertex 32.3715 7.83214 0.8
      vertex 32.3435 8.14856 9.3
      vertex 32.3715 7.83214 9.3
    endloop
  endfacet
  facet normal 0.996108 0.0881455 0
    outer loop
      vertex 32.3435 8.14856 9.3
      vertex 32.3715 7.83214 0.8
      vertex 32.3435 8.14856 0.299999
    endloop
  endfacet
  facet normal 0.996108 0.0881455 -0
    outer loop
      vertex 32.3715 7.83214 0.79514
      vertex 32.3435 8.14856 0.299999
      vertex 32.3715 7.83214 0.8
    endloop
  endfacet
  facet normal 0.996111 0.0881027 -0
    outer loop
      vertex 32.3811 7.7236 0.299999
      vertex 32.3715 7.83214 0.79514
      vertex 32.3811 7.7236 0.799988
    endloop
  endfacet
  facet normal 0.996109 0.0881346 -7.04422e-06
    outer loop
      vertex 32.3715 7.83214 0.79514
      vertex 32.3811 7.7236 0.299999
      vertex 32.3435 8.14856 0.299999
    endloop
  endfacet
  facet normal 0.996476 0.0838769 0
    outer loop
      vertex 32.3435 8.14856 9.3
      vertex 32.2904 8.7794 0.299999
      vertex 32.2904 8.7794 9.3
    endloop
  endfacet
  facet normal 0.996476 0.0838769 0
    outer loop
      vertex 32.2904 8.7794 0.299999
      vertex 32.3435 8.14856 9.3
      vertex 32.3435 8.14856 0.299999
    endloop
  endfacet
  facet normal 0.997165 0.0752435 0
    outer loop
      vertex 32.2904 8.7794 9.3
      vertex 32.2325 9.54672 0.299999
      vertex 32.2325 9.54672 9.3
    endloop
  endfacet
  facet normal 0.997165 0.0752435 0
    outer loop
      vertex 32.2325 9.54672 0.299999
      vertex 32.2904 8.7794 9.3
      vertex 32.2904 8.7794 0.299999
    endloop
  endfacet
  facet normal 0.998071 0.0620819 0
    outer loop
      vertex 32.2325 9.54672 9.3
      vertex 32.1806 10.3811 0.299999
      vertex 32.1806 10.3811 9.3
    endloop
  endfacet
  facet normal 0.998071 0.0620819 0
    outer loop
      vertex 32.1806 10.3811 0.299999
      vertex 32.2325 9.54672 9.3
      vertex 32.2325 9.54672 0.299999
    endloop
  endfacet
  facet normal 0.999121 0.0419153 0
    outer loop
      vertex 32.1806 10.3811 9.3
      vertex 32.1457 11.213 0.299999
      vertex 32.1457 11.213 9.3
    endloop
  endfacet
  facet normal 0.999121 0.0419153 0
    outer loop
      vertex 32.1457 11.213 0.299999
      vertex 32.1806 10.3811 9.3
      vertex 32.1806 10.3811 0.299999
    endloop
  endfacet
  facet normal 0.999953 0.0097351 0
    outer loop
      vertex 32.1457 11.213 9.3
      vertex 32.1383 11.9731 0.299999
      vertex 32.1383 11.9731 9.3
    endloop
  endfacet
  facet normal 0.999953 0.0097351 0
    outer loop
      vertex 32.1383 11.9731 0.299999
      vertex 32.1457 11.213 9.3
      vertex 32.1457 11.213 0.299999
    endloop
  endfacet
  facet normal 0.998734 -0.0503069 0
    outer loop
      vertex 32.1383 11.9731 9.3
      vertex 32.1614 12.4317 0.299999
      vertex 32.1614 12.4317 9.3
    endloop
  endfacet
  facet normal 0.998734 -0.0503069 0
    outer loop
      vertex 32.1614 12.4317 0.299999
      vertex 32.1383 11.9731 9.3
      vertex 32.1383 11.9731 0.299999
    endloop
  endfacet
  facet normal 0.981098 -0.19351 0
    outer loop
      vertex 32.1614 12.4317 9.3
      vertex 32.2014 12.6345 0.299999
      vertex 32.2014 12.6345 9.3
    endloop
  endfacet
  facet normal 0.981098 -0.19351 0
    outer loop
      vertex 32.2014 12.6345 0.299999
      vertex 32.1614 12.4317 9.3
      vertex 32.1614 12.4317 0.299999
    endloop
  endfacet
  facet normal 0.92019 -0.391473 0
    outer loop
      vertex 32.2014 12.6345 9.3
      vertex 32.8429 14.1424 0.299999
      vertex 32.8429 14.1424 9.3
    endloop
  endfacet
  facet normal 0.92019 -0.391473 0
    outer loop
      vertex 32.8429 14.1424 0.299999
      vertex 32.2014 12.6345 9.3
      vertex 32.2014 12.6345 0.299999
    endloop
  endfacet
  facet normal 0.900064 -0.435758 0
    outer loop
      vertex 32.8429 14.1424 9.3
      vertex 33.716 15.9458 0.299999
      vertex 33.716 15.9458 9.3
    endloop
  endfacet
  facet normal 0.900064 -0.435758 0
    outer loop
      vertex 33.716 15.9458 0.299999
      vertex 32.8429 14.1424 9.3
      vertex 32.8429 14.1424 0.299999
    endloop
  endfacet
  facet normal 0.884668 -0.466221 0
    outer loop
      vertex 33.716 15.9458 9.3
      vertex 34.7202 17.8513 0.299999
      vertex 34.7202 17.8513 9.3
    endloop
  endfacet
  facet normal 0.884668 -0.466221 0
    outer loop
      vertex 34.7202 17.8513 0.299999
      vertex 33.716 15.9458 9.3
      vertex 33.716 15.9458 0.299999
    endloop
  endfacet
  facet normal 0.873501 -0.486823 0
    outer loop
      vertex 34.7202 17.8513 9.3
      vertex 35.83 19.8426 0.299999
      vertex 35.83 19.8426 9.3
    endloop
  endfacet
  facet normal 0.873501 -0.486823 0
    outer loop
      vertex 35.83 19.8426 0.299999
      vertex 34.7202 17.8513 9.3
      vertex 34.7202 17.8513 0.299999
    endloop
  endfacet
  facet normal 0.865997 -0.500049 0
    outer loop
      vertex 35.83 19.8426 9.3
      vertex 37.0199 21.9033 0.299999
      vertex 37.0199 21.9033 9.3
    endloop
  endfacet
  facet normal 0.865997 -0.500049 0
    outer loop
      vertex 37.0199 21.9033 0.299999
      vertex 35.83 19.8426 9.3
      vertex 35.83 19.8426 0.299999
    endloop
  endfacet
  facet normal 0.861712 -0.507398 0
    outer loop
      vertex 37.0199 21.9033 9.3
      vertex 38.2645 24.017 0.299999
      vertex 38.2645 24.017 9.3
    endloop
  endfacet
  facet normal 0.861712 -0.507398 0
    outer loop
      vertex 38.2645 24.017 0.299999
      vertex 37.0199 21.9033 9.3
      vertex 37.0199 21.9033 0.299999
    endloop
  endfacet
  facet normal 0.860353 -0.509698 0
    outer loop
      vertex 38.2645 24.017 9.3
      vertex 39.5384 26.1673 0.299999
      vertex 39.5384 26.1673 9.3
    endloop
  endfacet
  facet normal 0.860353 -0.509698 0
    outer loop
      vertex 39.5384 26.1673 0.299999
      vertex 38.2645 24.017 9.3
      vertex 38.2645 24.017 0.299999
    endloop
  endfacet
  facet normal 0.861734 -0.50736 0
    outer loop
      vertex 39.5384 26.1673 9.3
      vertex 40.8162 28.3376 0.299999
      vertex 40.8162 28.3376 9.3
    endloop
  endfacet
  facet normal 0.861734 -0.50736 0
    outer loop
      vertex 40.8162 28.3376 0.299999
      vertex 39.5384 26.1673 9.3
      vertex 39.5384 26.1673 0.299999
    endloop
  endfacet
  facet normal 0.865866 -0.500276 0
    outer loop
      vertex 40.8162 28.3376 9.3
      vertex 42.0724 30.5118 0.299999
      vertex 42.0724 30.5118 9.3
    endloop
  endfacet
  facet normal 0.865866 -0.500276 0
    outer loop
      vertex 42.0724 30.5118 0.299999
      vertex 40.8162 28.3376 9.3
      vertex 40.8162 28.3376 0.299999
    endloop
  endfacet
  facet normal 0.872702 -0.488253 0
    outer loop
      vertex 42.0724 30.5118 9.3
      vertex 43.2817 32.6733 0.299999
      vertex 43.2817 32.6733 9.3
    endloop
  endfacet
  facet normal 0.872702 -0.488253 0
    outer loop
      vertex 43.2817 32.6733 0.299999
      vertex 42.0724 30.5118 9.3
      vertex 42.0724 30.5118 0.299999
    endloop
  endfacet
  facet normal 0.882435 -0.470434 0
    outer loop
      vertex 43.2817 32.6733 9.3
      vertex 44.4185 34.8057 0.299999
      vertex 44.4185 34.8057 9.3
    endloop
  endfacet
  facet normal 0.882435 -0.470434 0
    outer loop
      vertex 44.4185 34.8057 0.299999
      vertex 43.2817 32.6733 9.3
      vertex 43.2817 32.6733 0.299999
    endloop
  endfacet
  facet normal 0.895151 -0.445762 0
    outer loop
      vertex 44.8975 35.7678 9.3
      vertex 44.75 35.4716 1.5
      vertex 44.8975 35.7678 1.5
    endloop
  endfacet
  facet normal 0.895189 -0.445687 -3.5727e-06
    outer loop
      vertex 44.4185 34.8057 9.3
      vertex 44.75 35.4716 1.5
      vertex 44.8975 35.7678 9.3
    endloop
  endfacet
  facet normal 0.895206 -0.445653 0
    outer loop
      vertex 44.4185 34.8057 0.299999
      vertex 44.75 35.4716 1.5
      vertex 44.4185 34.8057 9.3
    endloop
  endfacet
  facet normal 0.895206 -0.445653 0
    outer loop
      vertex 44.75 35.4716 1.5
      vertex 44.4185 34.8057 0.299999
      vertex 44.75 35.4716 0.299999
    endloop
  endfacet
  facet normal 0.923854 -0.382744 0
    outer loop
      vertex 49.7268 43.7678 9.3
      vertex 49.8532 44.0729 6.3
      vertex 49.8532 44.0729 9.3
    endloop
  endfacet
  facet normal 0.923854 -0.382744 0
    outer loop
      vertex 49.8532 44.0729 6.3
      vertex 49.7268 43.7678 9.3
      vertex 49.7268 43.7678 6.3
    endloop
  endfacet
  facet normal 0.972374 -0.233429 0
    outer loop
      vertex 49.8532 44.0729 9.3
      vertex 49.9631 44.5307 6.3
      vertex 49.9631 44.5307 9.3
    endloop
  endfacet
  facet normal 0.972374 -0.233429 0
    outer loop
      vertex 49.9631 44.5307 6.3
      vertex 49.8532 44.0729 9.3
      vertex 49.8532 44.0729 6.3
    endloop
  endfacet
  facet normal 0.996923 -0.0783858 0
    outer loop
      vertex 49.9631 44.5307 9.3
      vertex 50 45 6.3
      vertex 50 45 9.3
    endloop
  endfacet
  facet normal 0.996923 -0.0783858 0
    outer loop
      vertex 50 45 6.3
      vertex 49.9631 44.5307 9.3
      vertex 49.9631 44.5307 6.3
    endloop
  endfacet
  facet normal 0.996923 0.0783858 0
    outer loop
      vertex 50 45 9.3
      vertex 49.9631 45.4693 6.3
      vertex 49.9631 45.4693 9.3
    endloop
  endfacet
  facet normal 0.996923 0.0783858 0
    outer loop
      vertex 49.9631 45.4693 6.3
      vertex 50 45 9.3
      vertex 50 45 6.3
    endloop
  endfacet
  facet normal 0.972362 0.233477 0
    outer loop
      vertex 49.9631 45.4693 9.3
      vertex 49.8532 45.927 6.3
      vertex 49.8532 45.927 9.3
    endloop
  endfacet
  facet normal 0.972362 0.233477 0
    outer loop
      vertex 49.8532 45.927 6.3
      vertex 49.9631 45.4693 9.3
      vertex 49.9631 45.4693 6.3
    endloop
  endfacet
  facet normal 0.923867 0.382714 0
    outer loop
      vertex 49.8532 45.927 9.3
      vertex 49.673 46.362 6.3
      vertex 49.673 46.362 9.3
    endloop
  endfacet
  facet normal 0.923867 0.382714 0
    outer loop
      vertex 49.673 46.362 6.3
      vertex 49.8532 45.927 9.3
      vertex 49.8532 45.927 6.3
    endloop
  endfacet
  facet normal 0.85262 0.522532 0
    outer loop
      vertex 49.673 46.362 9.3
      vertex 49.427 46.7634 6.3
      vertex 49.427 46.7634 9.3
    endloop
  endfacet
  facet normal 0.85262 0.522532 0
    outer loop
      vertex 49.427 46.7634 6.3
      vertex 49.673 46.362 9.3
      vertex 49.673 46.362 6.3
    endloop
  endfacet
  facet normal 0.76038 0.649478 0
    outer loop
      vertex 49.427 46.7634 9.3
      vertex 49.1213 47.1213 6.3
      vertex 49.1213 47.1213 9.3
    endloop
  endfacet
  facet normal 0.76038 0.649478 0
    outer loop
      vertex 49.1213 47.1213 6.3
      vertex 49.427 46.7634 9.3
      vertex 49.427 46.7634 6.3
    endloop
  endfacet
  facet normal 0.649478 0.76038 -0
    outer loop
      vertex 49.1213 47.1213 6.3
      vertex 48.7634 47.427 9.3
      vertex 49.1213 47.1213 9.3
    endloop
  endfacet
  facet normal 0.649478 0.76038 0
    outer loop
      vertex 48.7634 47.427 9.3
      vertex 49.1213 47.1213 6.3
      vertex 48.7634 47.427 6.3
    endloop
  endfacet
  facet normal 0.522532 0.85262 -0
    outer loop
      vertex 48.7634 47.427 6.3
      vertex 48.362 47.673 9.3
      vertex 48.7634 47.427 9.3
    endloop
  endfacet
  facet normal 0.522532 0.85262 0
    outer loop
      vertex 48.362 47.673 9.3
      vertex 48.7634 47.427 6.3
      vertex 48.362 47.673 6.3
    endloop
  endfacet
  facet normal 0.382714 0.923867 -0
    outer loop
      vertex 48.362 47.673 6.3
      vertex 47.927 47.8532 9.3
      vertex 48.362 47.673 9.3
    endloop
  endfacet
  facet normal 0.382714 0.923867 0
    outer loop
      vertex 47.927 47.8532 9.3
      vertex 48.362 47.673 6.3
      vertex 47.927 47.8532 6.3
    endloop
  endfacet
  facet normal 0.233477 0.972362 -0
    outer loop
      vertex 47.927 47.8532 6.3
      vertex 47.4693 47.9631 9.3
      vertex 47.927 47.8532 9.3
    endloop
  endfacet
  facet normal 0.233477 0.972362 0
    outer loop
      vertex 47.4693 47.9631 9.3
      vertex 47.927 47.8532 6.3
      vertex 47.4693 47.9631 6.3
    endloop
  endfacet
  facet normal 0.0783858 0.996923 -0
    outer loop
      vertex 47.4693 47.9631 6.3
      vertex 47 48 9.3
      vertex 47.4693 47.9631 9.3
    endloop
  endfacet
  facet normal 0.0783858 0.996923 0
    outer loop
      vertex 47 48 9.3
      vertex 47.4693 47.9631 6.3
      vertex 47 48 6.3
    endloop
  endfacet
  facet normal -0.0783858 0.996923 0
    outer loop
      vertex 47 48 6.3
      vertex 46.5307 47.9631 9.3
      vertex 47 48 9.3
    endloop
  endfacet
  facet normal -0.0783858 0.996923 0
    outer loop
      vertex 46.5307 47.9631 9.3
      vertex 47 48 6.3
      vertex 46.5307 47.9631 6.3
    endloop
  endfacet
  facet normal -0.233429 0.972374 0
    outer loop
      vertex 46.5307 47.9631 6.3
      vertex 46.0729 47.8532 9.3
      vertex 46.5307 47.9631 9.3
    endloop
  endfacet
  facet normal -0.233429 0.972374 0
    outer loop
      vertex 46.0729 47.8532 9.3
      vertex 46.5307 47.9631 6.3
      vertex 46.0729 47.8532 6.3
    endloop
  endfacet
  facet normal -0.382725 0.923862 0
    outer loop
      vertex 46 47.823 6.3
      vertex 46.0729 47.8532 9.3
      vertex 46.0729 47.8532 6.3
    endloop
  endfacet
  facet normal -0.38279 0.923836 1.84102e-06
    outer loop
      vertex 46.0729 47.8532 9.3
      vertex 46 47.823 6.3
      vertex 45.638 47.673 9.3
    endloop
  endfacet
  facet normal -0.382803 0.92383 0
    outer loop
      vertex 45.638 47.673 0.299999
      vertex 46 47.823 6.3
      vertex 46 47.823 0.299999
    endloop
  endfacet
  facet normal -0.382803 0.92383 0
    outer loop
      vertex 46 47.823 6.3
      vertex 45.638 47.673 0.299999
      vertex 45.638 47.673 9.3
    endloop
  endfacet
  facet normal -0.522532 0.85262 0
    outer loop
      vertex 45.638 47.673 0.299999
      vertex 45.2366 47.427 9.3
      vertex 45.638 47.673 9.3
    endloop
  endfacet
  facet normal -0.522532 0.85262 0
    outer loop
      vertex 45.2366 47.427 9.3
      vertex 45.638 47.673 0.299999
      vertex 45.2366 47.427 0.299999
    endloop
  endfacet
  facet normal -0.649478 0.76038 0
    outer loop
      vertex 45.2366 47.427 0.299999
      vertex 44.8787 47.1213 9.3
      vertex 45.2366 47.427 9.3
    endloop
  endfacet
  facet normal -0.649478 0.76038 0
    outer loop
      vertex 44.8787 47.1213 9.3
      vertex 45.2366 47.427 0.299999
      vertex 44.8787 47.1213 0.299999
    endloop
  endfacet
  facet normal -0.760275 0.649601 0
    outer loop
      vertex 44.5729 46.7634 0.299999
      vertex 44.8787 47.1213 9.3
      vertex 44.8787 47.1213 0.299999
    endloop
  endfacet
  facet normal -0.760275 0.649601 0
    outer loop
      vertex 44.8787 47.1213 9.3
      vertex 44.5729 46.7634 0.299999
      vertex 44.5729 46.7634 9.3
    endloop
  endfacet
  facet normal -0.852714 0.522378 0
    outer loop
      vertex 44.327 46.362 0.299999
      vertex 44.5729 46.7634 9.3
      vertex 44.5729 46.7634 0.299999
    endloop
  endfacet
  facet normal -0.852714 0.522378 0
    outer loop
      vertex 44.5729 46.7634 9.3
      vertex 44.327 46.362 0.299999
      vertex 44.327 46.362 9.3
    endloop
  endfacet
  facet normal -0.923867 0.382714 0
    outer loop
      vertex 44.1468 45.927 0.299999
      vertex 44.327 46.362 9.3
      vertex 44.327 46.362 0.299999
    endloop
  endfacet
  facet normal -0.923867 0.382714 0
    outer loop
      vertex 44.327 46.362 9.3
      vertex 44.1468 45.927 0.299999
      vertex 44.1468 45.927 9.3
    endloop
  endfacet
  facet normal -0.972362 0.233477 0
    outer loop
      vertex 44.0369 45.4693 0.299999
      vertex 44.1468 45.927 9.3
      vertex 44.1468 45.927 0.299999
    endloop
  endfacet
  facet normal -0.972362 0.233477 0
    outer loop
      vertex 44.1468 45.927 9.3
      vertex 44.0369 45.4693 0.299999
      vertex 44.0369 45.4693 9.3
    endloop
  endfacet
  facet normal -0.996923 0.0783858 0
    outer loop
      vertex 44 45 0.299999
      vertex 44.0369 45.4693 9.3
      vertex 44.0369 45.4693 0.299999
    endloop
  endfacet
  facet normal -0.996923 0.0783858 0
    outer loop
      vertex 44.0369 45.4693 9.3
      vertex 44 45 0.299999
      vertex 44 45 9.3
    endloop
  endfacet
  facet normal -0.996923 -0.0783858 0
    outer loop
      vertex 44.0369 44.5307 0.299999
      vertex 44 45 9.3
      vertex 44 45 0.299999
    endloop
  endfacet
  facet normal -0.996923 -0.0783858 0
    outer loop
      vertex 44 45 9.3
      vertex 44.0369 44.5307 0.299999
      vertex 44.0369 44.5307 9.3
    endloop
  endfacet
  facet normal -0.972374 -0.233429 0
    outer loop
      vertex 44.1468 44.0729 0.299999
      vertex 44.0369 44.5307 9.3
      vertex 44.0369 44.5307 0.299999
    endloop
  endfacet
  facet normal -0.972374 -0.233429 0
    outer loop
      vertex 44.0369 44.5307 9.3
      vertex 44.1468 44.0729 0.299999
      vertex 44.1468 44.0729 9.3
    endloop
  endfacet
  facet normal -0.923854 -0.382744 0
    outer loop
      vertex 44.2732 43.7678 0.299999
      vertex 44.1468 44.0729 9.3
      vertex 44.1468 44.0729 0.299999
    endloop
  endfacet
  facet normal -0.923854 -0.382744 0
    outer loop
      vertex 44.1468 44.0729 9.3
      vertex 44.2732 43.7678 0.299999
      vertex 44.2732 43.7678 9.3
    endloop
  endfacet
  facet normal -0.911181 0.412006 0
    outer loop
      vertex 43.205 37.9773 0.299999
      vertex 44 39.7355 9.3
      vertex 44 39.7355 0.299999
    endloop
  endfacet
  facet normal -0.911181 0.412006 0
    outer loop
      vertex 44 39.7355 9.3
      vertex 43.205 37.9773 0.299999
      vertex 43.205 37.9773 9.3
    endloop
  endfacet
  facet normal -0.895207 0.445651 0
    outer loop
      vertex 42.1661 35.8904 0.299999
      vertex 43.205 37.9773 9.3
      vertex 43.205 37.9773 0.299999
    endloop
  endfacet
  facet normal -0.895207 0.445651 0
    outer loop
      vertex 43.205 37.9773 9.3
      vertex 42.1661 35.8904 0.299999
      vertex 42.1661 35.8904 9.3
    endloop
  endfacet
  facet normal -0.882435 0.470434 0
    outer loop
      vertex 41.0293 33.758 0.299999
      vertex 42.1661 35.8904 9.3
      vertex 42.1661 35.8904 0.299999
    endloop
  endfacet
  facet normal -0.882435 0.470434 0
    outer loop
      vertex 42.1661 35.8904 9.3
      vertex 41.0293 33.758 0.299999
      vertex 41.0293 33.758 9.3
    endloop
  endfacet
  facet normal -0.872702 0.488253 0
    outer loop
      vertex 39.82 31.5965 0.299999
      vertex 41.0293 33.758 9.3
      vertex 41.0293 33.758 0.299999
    endloop
  endfacet
  facet normal -0.872702 0.488253 0
    outer loop
      vertex 41.0293 33.758 9.3
      vertex 39.82 31.5965 0.299999
      vertex 39.82 31.5965 9.3
    endloop
  endfacet
  facet normal -0.865866 0.500276 0
    outer loop
      vertex 38.5638 29.4223 0.299999
      vertex 39.82 31.5965 9.3
      vertex 39.82 31.5965 0.299999
    endloop
  endfacet
  facet normal -0.865866 0.500276 0
    outer loop
      vertex 39.82 31.5965 9.3
      vertex 38.5638 29.4223 0.299999
      vertex 38.5638 29.4223 9.3
    endloop
  endfacet
  facet normal -0.861734 0.50736 0
    outer loop
      vertex 37.286 27.252 0.299999
      vertex 38.5638 29.4223 9.3
      vertex 38.5638 29.4223 0.299999
    endloop
  endfacet
  facet normal -0.861734 0.50736 0
    outer loop
      vertex 38.5638 29.4223 9.3
      vertex 37.286 27.252 0.299999
      vertex 37.286 27.252 9.3
    endloop
  endfacet
  facet normal -0.860353 0.509698 0
    outer loop
      vertex 36.0121 25.1017 0.299999
      vertex 37.286 27.252 9.3
      vertex 37.286 27.252 0.299999
    endloop
  endfacet
  facet normal -0.860353 0.509698 0
    outer loop
      vertex 37.286 27.252 9.3
      vertex 36.0121 25.1017 0.299999
      vertex 36.0121 25.1017 9.3
    endloop
  endfacet
  facet normal -0.861684 0.507446 0
    outer loop
      vertex 34.7674 22.9881 0.299999
      vertex 36.0121 25.1017 9.3
      vertex 36.0121 25.1017 0.299999
    endloop
  endfacet
  facet normal -0.861684 0.507446 0
    outer loop
      vertex 36.0121 25.1017 9.3
      vertex 34.7674 22.9881 0.299999
      vertex 34.7674 22.9881 9.3
    endloop
  endfacet
  facet normal -0.865997 0.500049 0
    outer loop
      vertex 33.5775 20.9274 0.299999
      vertex 34.7674 22.9881 9.3
      vertex 34.7674 22.9881 0.299999
    endloop
  endfacet
  facet normal -0.865997 0.500049 0
    outer loop
      vertex 34.7674 22.9881 9.3
      vertex 33.5775 20.9274 0.299999
      vertex 33.5775 20.9274 9.3
    endloop
  endfacet
  facet normal -0.87353 0.486771 0
    outer loop
      vertex 32.4678 18.936 0.299999
      vertex 33.5775 20.9274 9.3
      vertex 33.5775 20.9274 0.299999
    endloop
  endfacet
  facet normal -0.87353 0.486771 0
    outer loop
      vertex 33.5775 20.9274 9.3
      vertex 32.4678 18.936 0.299999
      vertex 32.4678 18.936 9.3
    endloop
  endfacet
  facet normal -0.884668 0.466221 0
    outer loop
      vertex 31.4636 17.0305 0.299999
      vertex 32.4678 18.936 9.3
      vertex 32.4678 18.936 0.299999
    endloop
  endfacet
  facet normal -0.884668 0.466221 0
    outer loop
      vertex 32.4678 18.936 9.3
      vertex 31.4636 17.0305 0.299999
      vertex 31.4636 17.0305 9.3
    endloop
  endfacet
  facet normal -0.900064 0.435758 0
    outer loop
      vertex 30.5905 15.2271 0.299999
      vertex 31.4636 17.0305 9.3
      vertex 31.4636 17.0305 0.299999
    endloop
  endfacet
  facet normal -0.900064 0.435758 0
    outer loop
      vertex 31.4636 17.0305 9.3
      vertex 30.5905 15.2271 0.299999
      vertex 30.5905 15.2271 9.3
    endloop
  endfacet
  facet normal -0.920201 0.391446 0
    outer loop
      vertex 29.8738 13.5423 0.299999
      vertex 30.5905 15.2271 9.3
      vertex 30.5905 15.2271 0.299999
    endloop
  endfacet
  facet normal -0.920201 0.391446 0
    outer loop
      vertex 30.5905 15.2271 9.3
      vertex 29.8738 13.5423 0.299999
      vertex 29.8738 13.5423 9.3
    endloop
  endfacet
  facet normal -0.943825 0.330446 0
    outer loop
      vertex 29.7813 13.2781 0.299999
      vertex 29.8738 13.5423 9.3
      vertex 29.8738 13.5423 0.299999
    endloop
  endfacet
  facet normal -0.943825 0.330446 0
    outer loop
      vertex 29.8738 13.5423 9.3
      vertex 29.7813 13.2781 0.299999
      vertex 29.7813 13.2781 9.3
    endloop
  endfacet
  facet normal -0.981141 0.193295 0
    outer loop
      vertex 29.7009 12.87 0.299999
      vertex 29.7813 13.2781 9.3
      vertex 29.7813 13.2781 0.299999
    endloop
  endfacet
  facet normal -0.981141 0.193295 0
    outer loop
      vertex 29.7813 13.2781 9.3
      vertex 29.7009 12.87 0.299999
      vertex 29.7009 12.87 9.3
    endloop
  endfacet
  facet normal -0.993686 0.112196 0
    outer loop
      vertex 29.6695 12.5919 0.299999
      vertex 29.7009 12.87 9.3
      vertex 29.7009 12.87 0.299999
    endloop
  endfacet
  facet normal -0.993686 0.112196 0
    outer loop
      vertex 29.7009 12.87 9.3
      vertex 29.6695 12.5919 0.299999
      vertex 29.6695 12.5919 9.3
    endloop
  endfacet
  facet normal -0.998731 0.0503562 0
    outer loop
      vertex 29.6383 11.9731 0.299999
      vertex 29.6695 12.5919 9.3
      vertex 29.6695 12.5919 0.299999
    endloop
  endfacet
  facet normal -0.998731 0.0503562 0
    outer loop
      vertex 29.6695 12.5919 9.3
      vertex 29.6383 11.9731 0.299999
      vertex 29.6383 11.9731 9.3
    endloop
  endfacet
  facet normal -0.999953 -0.0097351 0
    outer loop
      vertex 29.6457 11.213 0.299999
      vertex 29.6383 11.9731 9.3
      vertex 29.6383 11.9731 0.299999
    endloop
  endfacet
  facet normal -0.999953 -0.0097351 0
    outer loop
      vertex 29.6383 11.9731 9.3
      vertex 29.6457 11.213 0.299999
      vertex 29.6457 11.213 9.3
    endloop
  endfacet
  facet normal -0.999121 -0.0419153 0
    outer loop
      vertex 29.6806 10.3811 0.299999
      vertex 29.6457 11.213 9.3
      vertex 29.6457 11.213 0.299999
    endloop
  endfacet
  facet normal -0.999121 -0.0419153 0
    outer loop
      vertex 29.6457 11.213 9.3
      vertex 29.6806 10.3811 0.299999
      vertex 29.6806 10.3811 9.3
    endloop
  endfacet
  facet normal -0.998071 -0.0620819 0
    outer loop
      vertex 29.7325 9.54672 0.299999
      vertex 29.6806 10.3811 9.3
      vertex 29.6806 10.3811 0.299999
    endloop
  endfacet
  facet normal -0.998071 -0.0620819 0
    outer loop
      vertex 29.6806 10.3811 9.3
      vertex 29.7325 9.54672 0.299999
      vertex 29.7325 9.54672 9.3
    endloop
  endfacet
  facet normal -0.997165 -0.0752435 0
    outer loop
      vertex 29.7904 8.7794 0.299999
      vertex 29.7325 9.54672 9.3
      vertex 29.7325 9.54672 0.299999
    endloop
  endfacet
  facet normal -0.997165 -0.0752435 0
    outer loop
      vertex 29.7325 9.54672 9.3
      vertex 29.7904 8.7794 0.299999
      vertex 29.7904 8.7794 9.3
    endloop
  endfacet
  facet normal -0.996476 -0.0838769 0
    outer loop
      vertex 29.8435 8.14856 0.299999
      vertex 29.7904 8.7794 9.3
      vertex 29.7904 8.7794 0.299999
    endloop
  endfacet
  facet normal -0.996476 -0.0838769 0
    outer loop
      vertex 29.7904 8.7794 9.3
      vertex 29.8435 8.14856 0.299999
      vertex 29.8435 8.14856 9.3
    endloop
  endfacet
  facet normal -0.996109 -0.0881346 0
    outer loop
      vertex 29.8811 7.7236 0.299999
      vertex 29.8435 8.14856 9.3
      vertex 29.8435 8.14856 0.299999
    endloop
  endfacet
  facet normal -0.996109 -0.0881346 0
    outer loop
      vertex 29.8435 8.14856 9.3
      vertex 29.8811 7.7236 0.299999
      vertex 29.8811 7.7236 9.3
    endloop
  endfacet
  facet normal -0.993712 -0.111962 -0
    outer loop
      vertex 29.8933 7.61532 0.798134
      vertex 29.8811 7.7236 0.299999
      vertex 29.8933 7.61532 0.792538
    endloop
  endfacet
  facet normal -0.993703 -0.112046 -1.86955e-05
    outer loop
      vertex 29.8811 7.7236 0.299999
      vertex 29.9003 7.55324 0.788253
      vertex 29.8933 7.61532 0.792538
    endloop
  endfacet
  facet normal -0.993727 -0.111831 5.72828e-05
    outer loop
      vertex 29.9124 7.44547 0.299999
      vertex 29.9003 7.55324 0.788253
      vertex 29.8811 7.7236 0.299999
    endloop
  endfacet
  facet normal -0.993756 -0.111575 0
    outer loop
      vertex 29.9003 7.55324 0.788253
      vertex 29.9124 7.44547 0.299999
      vertex 29.9124 7.44547 0.780814
    endloop
  endfacet
  facet normal -0.993712 -0.111962 -0
    outer loop
      vertex 29.8933 7.61532 0.8
      vertex 29.8811 7.7236 0.299999
      vertex 29.8933 7.61532 0.798134
    endloop
  endfacet
  facet normal -0.993712 -0.111962 0
    outer loop
      vertex 29.8811 7.7236 0.299999
      vertex 29.8933 7.61532 0.8
      vertex 29.8811 7.7236 9.3
    endloop
  endfacet
  facet normal -0.993712 -0.111962 0
    outer loop
      vertex 29.8811 7.7236 9.3
      vertex 29.8933 7.61532 0.8
      vertex 29.8933 7.61532 9.3
    endloop
  endfacet
  facet normal -0.943794 -0.330534 0
    outer loop
      vertex 29.9124 7.44547 0.299999
      vertex 29.9525 7.33097 0.745749
      vertex 29.9124 7.44547 0.780814
    endloop
  endfacet
  facet normal -0.943829 -0.330435 -0
    outer loop
      vertex 30.0049 7.18126 0.699896
      vertex 29.9124 7.44547 0.299999
      vertex 30.0049 7.18126 0.299999
    endloop
  endfacet
  facet normal -0.943851 -0.330372 4.68232e-05
    outer loop
      vertex 29.9124 7.44547 0.299999
      vertex 30.0049 7.18126 0.699896
      vertex 29.9525 7.33097 0.745749
    endloop
  endfacet
  facet normal -0.846772 -0.531956 -0
    outer loop
      vertex 30.1538 6.94424 0.561319
      vertex 30.0049 7.18126 0.299999
      vertex 30.1538 6.94424 0.299999
    endloop
  endfacet
  facet normal -0.846772 -0.531956 0
    outer loop
      vertex 30.0049 7.18126 0.299999
      vertex 30.1538 6.94424 0.561319
      vertex 30.0049 7.18126 0.699896
    endloop
  endfacet
  facet normal -0.707143 -0.707071 -0
    outer loop
      vertex 30.3517 6.74632 0.372038
      vertex 30.1538 6.94424 0.299999
      vertex 30.3517 6.74632 0.299999
    endloop
  endfacet
  facet normal -0.707143 -0.707071 0
    outer loop
      vertex 30.1538 6.94424 0.299999
      vertex 30.3517 6.74632 0.372038
      vertex 30.1538 6.94424 0.561319
    endloop
  endfacet
  facet normal -0.531867 -0.846828 0
    outer loop
      vertex 30.3517 6.74632 0.299999
      vertex 30.4258 6.69978 0.3
      vertex 30.3517 6.74632 0.372038
    endloop
  endfacet
  facet normal -0.0297849 -0.0474015 0.998432
    outer loop
      vertex 30.5887 6.5974 0.299999
      vertex 30.4258 6.69978 0.3
      vertex 30.3517 6.74632 0.299999
    endloop
  endfacet
  facet normal -0.532118 -0.84667 0
    outer loop
      vertex 30.4258 6.69978 0.3
      vertex 30.5887 6.5974 0.299999
      vertex 30.5887 6.5974 0.3
    endloop
  endfacet
  facet normal -0.330319 -0.943869 0
    outer loop
      vertex 30.5887 6.5974 0.299999
      vertex 30.8529 6.50494 0.3
      vertex 30.5887 6.5974 0.3
    endloop
  endfacet
  facet normal -0.330319 -0.943869 -0
    outer loop
      vertex 30.8529 6.50494 0.3
      vertex 30.5887 6.5974 0.299999
      vertex 30.8529 6.50494 0.299999
    endloop
  endfacet
  facet normal -0.111945 -0.993714 0
    outer loop
      vertex 30.8529 6.50494 0.299999
      vertex 31.1311 6.4736 0.3
      vertex 30.8529 6.50494 0.3
    endloop
  endfacet
  facet normal -0.111945 -0.993714 -0
    outer loop
      vertex 31.1311 6.4736 0.3
      vertex 30.8529 6.50494 0.299999
      vertex 31.1311 6.4736 0.299999
    endloop
  endfacet
  facet normal 0.111984 -0.99371 0
    outer loop
      vertex 31.1311 6.4736 0.299999
      vertex 31.4092 6.50494 0.3
      vertex 31.1311 6.4736 0.3
    endloop
  endfacet
  facet normal 0.111984 -0.99371 0
    outer loop
      vertex 31.4092 6.50494 0.3
      vertex 31.1311 6.4736 0.299999
      vertex 31.4092 6.50494 0.299999
    endloop
  endfacet
  facet normal -1 0 0
    outer loop
      vertex -3.5 -26.5 0.299999
      vertex -3.5 -26.7846 0.3
      vertex -3.5 -26.5 0.3
    endloop
  endfacet
  facet normal -1 0 0
    outer loop
      vertex -3.5 -31.5 0.299999
      vertex -3.5 -26.7846 0.3
      vertex -3.5 -26.5 0.299999
    endloop
  endfacet
  facet normal -1 0 0
    outer loop
      vertex -3.5 -31.5 0.299999
      vertex -3.5 -26.9101 0.42454
      vertex -3.5 -26.7846 0.3
    endloop
  endfacet
  facet normal -1 0 0
    outer loop
      vertex -3.5 -31.5 0.299999
      vertex -3.5 -27.2885 0.8
      vertex -3.5 -26.9101 0.42454
    endloop
  endfacet
  facet normal -1 0 0
    outer loop
      vertex -3.5 -31.5 10.3
      vertex -3.5 -27.2885 0.8
      vertex -3.5 -31.5 0.299999
    endloop
  endfacet
  facet normal -1 0 0
    outer loop
      vertex -3.5 -27.2885 0.8
      vertex -3.5 -31.5 10.3
      vertex -3.5 -27.2885 10.3
    endloop
  endfacet
  facet normal -0 0 1
    outer loop
      vertex 2.83256 -27.3763 10.3
      vertex 3.5 -31.5 10.3
      vertex 3.5 -27.2885 10.3
    endloop
  endfacet
  facet normal -0 0 1
    outer loop
      vertex 0 -27.5 10.3
      vertex 3.5 -31.5 10.3
      vertex 2.83256 -27.3763 10.3
    endloop
  endfacet
  facet normal 0 0 1
    outer loop
      vertex -3.5 -31.5 10.3
      vertex 0 -27.5 10.3
      vertex -2.83256 -27.3763 10.3
    endloop
  endfacet
  facet normal 0 0 1
    outer loop
      vertex -3.5 -31.5 10.3
      vertex -2.83256 -27.3763 10.3
      vertex -3.5 -27.2885 10.3
    endloop
  endfacet
  facet normal 0 0 1
    outer loop
      vertex 0 -27.5 10.3
      vertex -3.5 -31.5 10.3
      vertex 3.5 -31.5 10.3
    endloop
  endfacet
  facet normal 1 0 0
    outer loop
      vertex 3.5 -27.2885 10.3
      vertex 3.5 -31.5 10.3
      vertex 3.5 -27.2885 0.8
    endloop
  endfacet
  facet normal 1 -0 0
    outer loop
      vertex 3.5 -26.7846 0.3
      vertex 3.5 -26.5 0.299999
      vertex 3.5 -26.5 0.3
    endloop
  endfacet
  facet normal 1 0 0
    outer loop
      vertex 3.5 -26.7846 0.3
      vertex 3.5 -31.5 0.299999
      vertex 3.5 -26.5 0.299999
    endloop
  endfacet
  facet normal 1 0 0
    outer loop
      vertex 3.5 -27.165 0.677497
      vertex 3.5 -31.5 0.299999
      vertex 3.5 -26.7846 0.3
    endloop
  endfacet
  facet normal 1 0 0
    outer loop
      vertex 3.5 -27.2885 0.8
      vertex 3.5 -31.5 0.299999
      vertex 3.5 -27.165 0.677497
    endloop
  endfacet
  facet normal 1 0 0
    outer loop
      vertex 3.5 -31.5 0.299999
      vertex 3.5 -27.2885 0.8
      vertex 3.5 -31.5 10.3
    endloop
  endfacet
  facet normal 0 0 -1
    outer loop
      vertex -3.5 -31.5 0.299999
      vertex 3.5 -26.5 0.299999
      vertex 3.5 -31.5 0.299999
    endloop
  endfacet
  facet normal -0 0 -1
    outer loop
      vertex 3.5 -26.5 0.299999
      vertex -3.5 -31.5 0.299999
      vertex -3.5 -26.5 0.299999
    endloop
  endfacet
  facet normal 0 -1 0
    outer loop
      vertex -3.5 -31.5 0.299999
      vertex 3.5 -31.5 10.3
      vertex -3.5 -31.5 10.3
    endloop
  endfacet
  facet normal 0 -1 -0
    outer loop
      vertex 3.5 -31.5 10.3
      vertex -3.5 -31.5 0.299999
      vertex 3.5 -31.5 0.299999
    endloop
  endfacet
  facet normal 0 1 -0
    outer loop
      vertex 3.5 -26.5 0.299999
      vertex -3.5 -26.5 0.3
      vertex 3.5 -26.5 0.3
    endloop
  endfacet
  facet normal 0 1 0
    outer loop
      vertex -3.5 -26.5 0.3
      vertex 3.5 -26.5 0.299999
      vertex -3.5 -26.5 0.299999
    endloop
  endfacet
  facet normal 1 -0 0
    outer loop
      vertex -38 11 6.3
      vertex -38 23 0.299999
      vertex -38 23 6.3
    endloop
  endfacet
  facet normal 1 0 0
    outer loop
      vertex -38 23 0.299999
      vertex -38 11 6.3
      vertex -38 11 0.299999
    endloop
  endfacet
  facet normal 0 1 -0
    outer loop
      vertex -38 23 0.299999
      vertex -44 23 6.3
      vertex -38 23 6.3
    endloop
  endfacet
  facet normal 0 1 0
    outer loop
      vertex -44 23 6.3
      vertex -38 23 0.299999
      vertex -44 23 0.299999
    endloop
  endfacet
  facet normal 0 -1 0
    outer loop
      vertex -46 11 0.299999
      vertex -38 11 6.3
      vertex -46 11 6.3
    endloop
  endfacet
  facet normal 0 -1 -0
    outer loop
      vertex -38 11 6.3
      vertex -46 11 0.299999
      vertex -38 11 0.299999
    endloop
  endfacet
  facet normal 1 -0 0
    outer loop
      vertex -38 -44 6.3
      vertex -38 -32 0.299999
      vertex -38 -32 6.3
    endloop
  endfacet
  facet normal 1 0 0
    outer loop
      vertex -38 -32 0.299999
      vertex -38 -44 6.3
      vertex -38 -44 0.299999
    endloop
  endfacet
  facet normal 0 1 -0
    outer loop
      vertex -38 -32 0.299999
      vertex -46 -32 6.3
      vertex -38 -32 6.3
    endloop
  endfacet
  facet normal 0 1 0
    outer loop
      vertex -46 -32 6.3
      vertex -38 -32 0.299999
      vertex -46 -32 0.299999
    endloop
  endfacet
  facet normal 0 -1 0
    outer loop
      vertex -46 -44 0.299999
      vertex -38 -44 6.3
      vertex -46 -44 6.3
    endloop
  endfacet
  facet normal 0 -1 -0
    outer loop
      vertex -38 -44 6.3
      vertex -46 -44 0.299999
      vertex -38 -44 0.299999
    endloop
  endfacet
  facet normal -1 0 0
    outer loop
      vertex 38 11 0.299999
      vertex 38 23 6.3
      vertex 38 23 0.299999
    endloop
  endfacet
  facet normal -1 -0 0
    outer loop
      vertex 38 23 6.3
      vertex 38 11 0.299999
      vertex 38 11 6.3
    endloop
  endfacet
  facet normal 0 -1 0
    outer loop
      vertex 38 11 0.299999
      vertex 46 11 6.3
      vertex 38 11 6.3
    endloop
  endfacet
  facet normal 0 -1 -0
    outer loop
      vertex 46 11 6.3
      vertex 38 11 0.299999
      vertex 46 11 0.299999
    endloop
  endfacet
  facet normal 0 1 -0
    outer loop
      vertex 44 23 0.299999
      vertex 38 23 6.3
      vertex 44 23 6.3
    endloop
  endfacet
  facet normal 0 1 0
    outer loop
      vertex 38 23 6.3
      vertex 44 23 0.299999
      vertex 38 23 0.299999
    endloop
  endfacet
  facet normal -1 0 0
    outer loop
      vertex 38 -44 0.299999
      vertex 38 -32 6.3
      vertex 38 -32 0.299999
    endloop
  endfacet
  facet normal -1 -0 0
    outer loop
      vertex 38 -32 6.3
      vertex 38 -44 0.299999
      vertex 38 -44 6.3
    endloop
  endfacet
  facet normal 0 1 -0
    outer loop
      vertex 46 -32 0.299999
      vertex 38 -32 6.3
      vertex 46 -32 6.3
    endloop
  endfacet
  facet normal 0 1 0
    outer loop
      vertex 38 -32 6.3
      vertex 46 -32 0.299999
      vertex 38 -32 0.299999
    endloop
  endfacet
  facet normal 0 -1 0
    outer loop
      vertex 38 -44 0.299999
      vertex 46 -44 6.3
      vertex 38 -44 6.3
    endloop
  endfacet
  facet normal 0 -1 -0
    outer loop
      vertex 46 -44 6.3
      vertex 38 -44 0.299999
      vertex 46 -44 0.299999
    endloop
  endfacet
  facet normal -0.881912 -0.471413 0
    outer loop
      vertex -42.4294 17.6506 1.9
      vertex -42.5865 17.9445 6.3
      vertex -42.5865 17.9445 1.9
    endloop
  endfacet
  facet normal -0.881912 -0.471413 0
    outer loop
      vertex -42.5865 17.9445 6.3
      vertex -42.4294 17.6506 1.9
      vertex -42.4294 17.6506 6.3
    endloop
  endfacet
  facet normal 0.995176 -0.0981075 0
    outer loop
      vertex -45.7 17 6.3
      vertex -45.6673 17.3317 1.9
      vertex -45.6673 17.3317 6.3
    endloop
  endfacet
  facet normal 0.995176 -0.0981075 0
    outer loop
      vertex -45.6673 17.3317 1.9
      vertex -45.7 17 6.3
      vertex -45.7 17 1.9
    endloop
  endfacet
  facet normal -0.773021 -0.634381 0
    outer loop
      vertex -42.5865 17.9445 1.9
      vertex -42.7979 18.2021 6.3
      vertex -42.7979 18.2021 1.9
    endloop
  endfacet
  facet normal -0.773021 -0.634381 0
    outer loop
      vertex -42.7979 18.2021 6.3
      vertex -42.5865 17.9445 1.9
      vertex -42.5865 17.9445 6.3
    endloop
  endfacet
  facet normal -0.0981075 -0.995176 0
    outer loop
      vertex -44 18.7 1.9
      vertex -43.6683 18.6673 6.3
      vertex -44 18.7 6.3
    endloop
  endfacet
  facet normal -0.0981075 -0.995176 -0
    outer loop
      vertex -43.6683 18.6673 6.3
      vertex -44 18.7 1.9
      vertex -43.6683 18.6673 1.9
    endloop
  endfacet
  facet normal -0.290182 -0.956971 0
    outer loop
      vertex -43.6683 18.6673 1.9
      vertex -43.3494 18.5706 6.3
      vertex -43.6683 18.6673 6.3
    endloop
  endfacet
  facet normal -0.290182 -0.956971 -0
    outer loop
      vertex -43.3494 18.5706 6.3
      vertex -43.6683 18.6673 1.9
      vertex -43.3494 18.5706 1.9
    endloop
  endfacet
  facet normal 0.471413 -0.881912 0
    outer loop
      vertex -44.9445 18.4135 1.9
      vertex -44.6506 18.5706 6.3
      vertex -44.9445 18.4135 6.3
    endloop
  endfacet
  facet normal 0.471413 -0.881912 0
    outer loop
      vertex -44.6506 18.5706 6.3
      vertex -44.9445 18.4135 1.9
      vertex -44.6506 18.5706 1.9
    endloop
  endfacet
  facet normal 0.956971 -0.290182 0
    outer loop
      vertex -45.6673 17.3317 6.3
      vertex -45.5706 17.6506 1.9
      vertex -45.5706 17.6506 6.3
    endloop
  endfacet
  facet normal 0.956971 -0.290182 0
    outer loop
      vertex -45.5706 17.6506 1.9
      vertex -45.6673 17.3317 6.3
      vertex -45.6673 17.3317 1.9
    endloop
  endfacet
  facet normal -0.995176 0.0981075 0
    outer loop
      vertex -42.3327 16.6683 1.9
      vertex -42.3 17 6.3
      vertex -42.3 17 1.9
    endloop
  endfacet
  facet normal -0.995176 0.0981075 0
    outer loop
      vertex -42.3 17 6.3
      vertex -42.3327 16.6683 1.9
      vertex -42.3327 16.6683 6.3
    endloop
  endfacet
  facet normal -0.634381 -0.773021 0
    outer loop
      vertex -43.0555 18.4135 1.9
      vertex -42.7979 18.2021 6.3
      vertex -43.0555 18.4135 6.3
    endloop
  endfacet
  facet normal -0.634381 -0.773021 -0
    outer loop
      vertex -42.7979 18.2021 6.3
      vertex -43.0555 18.4135 1.9
      vertex -42.7979 18.2021 1.9
    endloop
  endfacet
  facet normal 0.0981075 -0.995176 0
    outer loop
      vertex -44.3317 18.6673 1.9
      vertex -44 18.7 6.3
      vertex -44.3317 18.6673 6.3
    endloop
  endfacet
  facet normal 0.0981075 -0.995176 0
    outer loop
      vertex -44 18.7 6.3
      vertex -44.3317 18.6673 1.9
      vertex -44 18.7 1.9
    endloop
  endfacet
  facet normal -0.471413 -0.881912 0
    outer loop
      vertex -43.3494 18.5706 1.9
      vertex -43.0555 18.4135 6.3
      vertex -43.3494 18.5706 6.3
    endloop
  endfacet
  facet normal -0.471413 -0.881912 -0
    outer loop
      vertex -43.0555 18.4135 6.3
      vertex -43.3494 18.5706 1.9
      vertex -43.0555 18.4135 1.9
    endloop
  endfacet
  facet normal 0.995176 0.0981075 0
    outer loop
      vertex -45.6673 16.6683 6.3
      vertex -45.7 17 1.9
      vertex -45.7 17 6.3
    endloop
  endfacet
  facet normal 0.995176 0.0981075 0
    outer loop
      vertex -45.7 17 1.9
      vertex -45.6673 16.6683 6.3
      vertex -45.6673 16.6683 1.9
    endloop
  endfacet
  facet normal 0.881912 -0.471413 0
    outer loop
      vertex -45.5706 17.6506 6.3
      vertex -45.4135 17.9445 1.9
      vertex -45.4135 17.9445 6.3
    endloop
  endfacet
  facet normal 0.881912 -0.471413 0
    outer loop
      vertex -45.4135 17.9445 1.9
      vertex -45.5706 17.6506 6.3
      vertex -45.5706 17.6506 1.9
    endloop
  endfacet
  facet normal 0.634381 -0.773021 0
    outer loop
      vertex -45.2021 18.2021 1.9
      vertex -44.9445 18.4135 6.3
      vertex -45.2021 18.2021 6.3
    endloop
  endfacet
  facet normal 0.634381 -0.773021 0
    outer loop
      vertex -44.9445 18.4135 6.3
      vertex -45.2021 18.2021 1.9
      vertex -44.9445 18.4135 1.9
    endloop
  endfacet
  facet normal 0.290182 -0.956971 0
    outer loop
      vertex -44.6506 18.5706 1.9
      vertex -44.3317 18.6673 6.3
      vertex -44.6506 18.5706 6.3
    endloop
  endfacet
  facet normal 0.290182 -0.956971 0
    outer loop
      vertex -44.3317 18.6673 6.3
      vertex -44.6506 18.5706 1.9
      vertex -44.3317 18.6673 1.9
    endloop
  endfacet
  facet normal 0.773021 -0.634381 0
    outer loop
      vertex -45.4135 17.9445 6.3
      vertex -45.2021 18.2021 1.9
      vertex -45.2021 18.2021 6.3
    endloop
  endfacet
  facet normal 0.773021 -0.634381 0
    outer loop
      vertex -45.2021 18.2021 1.9
      vertex -45.4135 17.9445 6.3
      vertex -45.4135 17.9445 1.9
    endloop
  endfacet
  facet normal -0.995176 -0.0981075 0
    outer loop
      vertex -42.3 17 1.9
      vertex -42.3327 17.3317 6.3
      vertex -42.3327 17.3317 1.9
    endloop
  endfacet
  facet normal -0.995176 -0.0981075 0
    outer loop
      vertex -42.3327 17.3317 6.3
      vertex -42.3 17 1.9
      vertex -42.3 17 6.3
    endloop
  endfacet
  facet normal 0.471413 0.881912 -0
    outer loop
      vertex -44.6506 15.4294 1.9
      vertex -44.9445 15.5865 6.3
      vertex -44.6506 15.4294 6.3
    endloop
  endfacet
  facet normal 0.471413 0.881912 0
    outer loop
      vertex -44.9445 15.5865 6.3
      vertex -44.6506 15.4294 1.9
      vertex -44.9445 15.5865 1.9
    endloop
  endfacet
  facet normal 0.773021 0.634381 0
    outer loop
      vertex -45.2021 15.7979 6.3
      vertex -45.4135 16.0555 1.9
      vertex -45.4135 16.0555 6.3
    endloop
  endfacet
  facet normal 0.773021 0.634381 0
    outer loop
      vertex -45.4135 16.0555 1.9
      vertex -45.2021 15.7979 6.3
      vertex -45.2021 15.7979 1.9
    endloop
  endfacet
  facet normal -0.634381 0.773021 0
    outer loop
      vertex -42.7979 15.7979 1.9
      vertex -43.0555 15.5865 6.3
      vertex -42.7979 15.7979 6.3
    endloop
  endfacet
  facet normal -0.634381 0.773021 0
    outer loop
      vertex -43.0555 15.5865 6.3
      vertex -42.7979 15.7979 1.9
      vertex -43.0555 15.5865 1.9
    endloop
  endfacet
  facet normal -0.956971 -0.290182 0
    outer loop
      vertex -42.3327 17.3317 1.9
      vertex -42.4294 17.6506 6.3
      vertex -42.4294 17.6506 1.9
    endloop
  endfacet
  facet normal -0.956971 -0.290182 0
    outer loop
      vertex -42.4294 17.6506 6.3
      vertex -42.3327 17.3317 1.9
      vertex -42.3327 17.3317 6.3
    endloop
  endfacet
  facet normal -0.881912 0.471413 0
    outer loop
      vertex -42.5865 16.0555 1.9
      vertex -42.4294 16.3494 6.3
      vertex -42.4294 16.3494 1.9
    endloop
  endfacet
  facet normal -0.881912 0.471413 0
    outer loop
      vertex -42.4294 16.3494 6.3
      vertex -42.5865 16.0555 1.9
      vertex -42.5865 16.0555 6.3
    endloop
  endfacet
  facet normal -0.0981075 0.995176 0
    outer loop
      vertex -43.6683 15.3327 1.9
      vertex -44 15.3 6.3
      vertex -43.6683 15.3327 6.3
    endloop
  endfacet
  facet normal -0.0981075 0.995176 0
    outer loop
      vertex -44 15.3 6.3
      vertex -43.6683 15.3327 1.9
      vertex -44 15.3 1.9
    endloop
  endfacet
  facet normal 0.634381 0.773021 -0
    outer loop
      vertex -44.9445 15.5865 1.9
      vertex -45.2021 15.7979 6.3
      vertex -44.9445 15.5865 6.3
    endloop
  endfacet
  facet normal 0.634381 0.773021 0
    outer loop
      vertex -45.2021 15.7979 6.3
      vertex -44.9445 15.5865 1.9
      vertex -45.2021 15.7979 1.9
    endloop
  endfacet
  facet normal -0.290182 0.956971 0
    outer loop
      vertex -43.3494 15.4294 1.9
      vertex -43.6683 15.3327 6.3
      vertex -43.3494 15.4294 6.3
    endloop
  endfacet
  facet normal -0.290182 0.956971 0
    outer loop
      vertex -43.6683 15.3327 6.3
      vertex -43.3494 15.4294 1.9
      vertex -43.6683 15.3327 1.9
    endloop
  endfacet
  facet normal -0.471413 0.881912 0
    outer loop
      vertex -43.0555 15.5865 1.9
      vertex -43.3494 15.4294 6.3
      vertex -43.0555 15.5865 6.3
    endloop
  endfacet
  facet normal -0.471413 0.881912 0
    outer loop
      vertex -43.3494 15.4294 6.3
      vertex -43.0555 15.5865 1.9
      vertex -43.3494 15.4294 1.9
    endloop
  endfacet
  facet normal -0.956971 0.290182 0
    outer loop
      vertex -42.4294 16.3494 1.9
      vertex -42.3327 16.6683 6.3
      vertex -42.3327 16.6683 1.9
    endloop
  endfacet
  facet normal -0.956971 0.290182 0
    outer loop
      vertex -42.3327 16.6683 6.3
      vertex -42.4294 16.3494 1.9
      vertex -42.4294 16.3494 6.3
    endloop
  endfacet
  facet normal 0.290182 0.956971 -0
    outer loop
      vertex -44.3317 15.3327 1.9
      vertex -44.6506 15.4294 6.3
      vertex -44.3317 15.3327 6.3
    endloop
  endfacet
  facet normal 0.290182 0.956971 0
    outer loop
      vertex -44.6506 15.4294 6.3
      vertex -44.3317 15.3327 1.9
      vertex -44.6506 15.4294 1.9
    endloop
  endfacet
  facet normal 0.0981075 0.995176 -0
    outer loop
      vertex -44 15.3 1.9
      vertex -44.3317 15.3327 6.3
      vertex -44 15.3 6.3
    endloop
  endfacet
  facet normal 0.0981075 0.995176 0
    outer loop
      vertex -44.3317 15.3327 6.3
      vertex -44 15.3 1.9
      vertex -44.3317 15.3327 1.9
    endloop
  endfacet
  facet normal 0.881912 0.471413 0
    outer loop
      vertex -45.4135 16.0555 6.3
      vertex -45.5706 16.3494 1.9
      vertex -45.5706 16.3494 6.3
    endloop
  endfacet
  facet normal 0.881912 0.471413 0
    outer loop
      vertex -45.5706 16.3494 1.9
      vertex -45.4135 16.0555 6.3
      vertex -45.4135 16.0555 1.9
    endloop
  endfacet
  facet normal 0.956971 0.290182 0
    outer loop
      vertex -45.5706 16.3494 6.3
      vertex -45.6673 16.6683 1.9
      vertex -45.6673 16.6683 6.3
    endloop
  endfacet
  facet normal 0.956971 0.290182 0
    outer loop
      vertex -45.6673 16.6683 1.9
      vertex -45.5706 16.3494 6.3
      vertex -45.5706 16.3494 1.9
    endloop
  endfacet
  facet normal -0.773021 0.634381 0
    outer loop
      vertex -42.7979 15.7979 1.9
      vertex -42.5865 16.0555 6.3
      vertex -42.5865 16.0555 1.9
    endloop
  endfacet
  facet normal -0.773021 0.634381 0
    outer loop
      vertex -42.5865 16.0555 6.3
      vertex -42.7979 15.7979 1.9
      vertex -42.7979 15.7979 6.3
    endloop
  endfacet
  facet normal -0.471413 -0.881912 0
    outer loop
      vertex -43.3494 -36.4294 1.9
      vertex -43.0555 -36.5865 6.3
      vertex -43.3494 -36.4294 6.3
    endloop
  endfacet
  facet normal -0.471413 -0.881912 -0
    outer loop
      vertex -43.0555 -36.5865 6.3
      vertex -43.3494 -36.4294 1.9
      vertex -43.0555 -36.5865 1.9
    endloop
  endfacet
  facet normal -0.995176 0.0981075 0
    outer loop
      vertex -42.3327 -38.3317 1.9
      vertex -42.3 -38 6.3
      vertex -42.3 -38 1.9
    endloop
  endfacet
  facet normal -0.995176 0.0981075 0
    outer loop
      vertex -42.3 -38 6.3
      vertex -42.3327 -38.3317 1.9
      vertex -42.3327 -38.3317 6.3
    endloop
  endfacet
  facet normal 0.290182 0.956971 -0
    outer loop
      vertex -44.3317 -39.6673 1.9
      vertex -44.6506 -39.5706 6.3
      vertex -44.3317 -39.6673 6.3
    endloop
  endfacet
  facet normal 0.290182 0.956971 0
    outer loop
      vertex -44.6506 -39.5706 6.3
      vertex -44.3317 -39.6673 1.9
      vertex -44.6506 -39.5706 1.9
    endloop
  endfacet
  facet normal 0.290182 -0.956971 0
    outer loop
      vertex -44.6506 -36.4294 1.9
      vertex -44.3317 -36.3327 6.3
      vertex -44.6506 -36.4294 6.3
    endloop
  endfacet
  facet normal 0.290182 -0.956971 0
    outer loop
      vertex -44.3317 -36.3327 6.3
      vertex -44.6506 -36.4294 1.9
      vertex -44.3317 -36.3327 1.9
    endloop
  endfacet
  facet normal 0.881912 -0.471413 0
    outer loop
      vertex -45.5706 -37.3494 6.3
      vertex -45.4135 -37.0555 1.9
      vertex -45.4135 -37.0555 6.3
    endloop
  endfacet
  facet normal 0.881912 -0.471413 0
    outer loop
      vertex -45.4135 -37.0555 1.9
      vertex -45.5706 -37.3494 6.3
      vertex -45.5706 -37.3494 1.9
    endloop
  endfacet
  facet normal -0.956971 -0.290182 0
    outer loop
      vertex -42.3327 -37.6683 1.9
      vertex -42.4294 -37.3494 6.3
      vertex -42.4294 -37.3494 1.9
    endloop
  endfacet
  facet normal -0.956971 -0.290182 0
    outer loop
      vertex -42.4294 -37.3494 6.3
      vertex -42.3327 -37.6683 1.9
      vertex -42.3327 -37.6683 6.3
    endloop
  endfacet
  facet normal -0.881912 -0.471413 0
    outer loop
      vertex -42.4294 -37.3494 1.9
      vertex -42.5865 -37.0555 6.3
      vertex -42.5865 -37.0555 1.9
    endloop
  endfacet
  facet normal -0.881912 -0.471413 0
    outer loop
      vertex -42.5865 -37.0555 6.3
      vertex -42.4294 -37.3494 1.9
      vertex -42.4294 -37.3494 6.3
    endloop
  endfacet
  facet normal -0.773021 -0.634381 0
    outer loop
      vertex -42.5865 -37.0555 1.9
      vertex -42.7979 -36.7979 6.3
      vertex -42.7979 -36.7979 1.9
    endloop
  endfacet
  facet normal -0.773021 -0.634381 0
    outer loop
      vertex -42.7979 -36.7979 6.3
      vertex -42.5865 -37.0555 1.9
      vertex -42.5865 -37.0555 6.3
    endloop
  endfacet
  facet normal -0.634381 -0.773021 0
    outer loop
      vertex -43.0555 -36.5865 1.9
      vertex -42.7979 -36.7979 6.3
      vertex -43.0555 -36.5865 6.3
    endloop
  endfacet
  facet normal -0.634381 -0.773021 -0
    outer loop
      vertex -42.7979 -36.7979 6.3
      vertex -43.0555 -36.5865 1.9
      vertex -42.7979 -36.7979 1.9
    endloop
  endfacet
  facet normal -0.0981075 -0.995176 0
    outer loop
      vertex -44 -36.3 1.9
      vertex -43.6683 -36.3327 6.3
      vertex -44 -36.3 6.3
    endloop
  endfacet
  facet normal -0.0981075 -0.995176 -0
    outer loop
      vertex -43.6683 -36.3327 6.3
      vertex -44 -36.3 1.9
      vertex -43.6683 -36.3327 1.9
    endloop
  endfacet
  facet normal 0.995176 -0.0981075 0
    outer loop
      vertex -45.7 -38 6.3
      vertex -45.6673 -37.6683 1.9
      vertex -45.6673 -37.6683 6.3
    endloop
  endfacet
  facet normal 0.995176 -0.0981075 0
    outer loop
      vertex -45.6673 -37.6683 1.9
      vertex -45.7 -38 6.3
      vertex -45.7 -38 1.9
    endloop
  endfacet
  facet normal 0.773021 -0.634381 0
    outer loop
      vertex -45.4135 -37.0555 6.3
      vertex -45.2021 -36.7979 1.9
      vertex -45.2021 -36.7979 6.3
    endloop
  endfacet
  facet normal 0.773021 -0.634381 0
    outer loop
      vertex -45.2021 -36.7979 1.9
      vertex -45.4135 -37.0555 6.3
      vertex -45.4135 -37.0555 1.9
    endloop
  endfacet
  facet normal 0.471413 -0.881912 0
    outer loop
      vertex -44.9445 -36.5865 1.9
      vertex -44.6506 -36.4294 6.3
      vertex -44.9445 -36.5865 6.3
    endloop
  endfacet
  facet normal 0.471413 -0.881912 0
    outer loop
      vertex -44.6506 -36.4294 6.3
      vertex -44.9445 -36.5865 1.9
      vertex -44.6506 -36.4294 1.9
    endloop
  endfacet
  facet normal 0.0981075 -0.995176 0
    outer loop
      vertex -44.3317 -36.3327 1.9
      vertex -44 -36.3 6.3
      vertex -44.3317 -36.3327 6.3
    endloop
  endfacet
  facet normal 0.0981075 -0.995176 0
    outer loop
      vertex -44 -36.3 6.3
      vertex -44.3317 -36.3327 1.9
      vertex -44 -36.3 1.9
    endloop
  endfacet
  facet normal 0.634381 -0.773021 0
    outer loop
      vertex -45.2021 -36.7979 1.9
      vertex -44.9445 -36.5865 6.3
      vertex -45.2021 -36.7979 6.3
    endloop
  endfacet
  facet normal 0.634381 -0.773021 0
    outer loop
      vertex -44.9445 -36.5865 6.3
      vertex -45.2021 -36.7979 1.9
      vertex -44.9445 -36.5865 1.9
    endloop
  endfacet
  facet normal -0.995176 -0.0981075 0
    outer loop
      vertex -42.3 -38 1.9
      vertex -42.3327 -37.6683 6.3
      vertex -42.3327 -37.6683 1.9
    endloop
  endfacet
  facet normal -0.995176 -0.0981075 0
    outer loop
      vertex -42.3327 -37.6683 6.3
      vertex -42.3 -38 1.9
      vertex -42.3 -38 6.3
    endloop
  endfacet
  facet normal -0.0981075 0.995176 0
    outer loop
      vertex -43.6683 -39.6673 1.9
      vertex -44 -39.7 6.3
      vertex -43.6683 -39.6673 6.3
    endloop
  endfacet
  facet normal -0.0981075 0.995176 0
    outer loop
      vertex -44 -39.7 6.3
      vertex -43.6683 -39.6673 1.9
      vertex -44 -39.7 1.9
    endloop
  endfacet
  facet normal -0.881912 0.471413 0
    outer loop
      vertex -42.5865 -38.9445 1.9
      vertex -42.4294 -38.6506 6.3
      vertex -42.4294 -38.6506 1.9
    endloop
  endfacet
  facet normal -0.881912 0.471413 0
    outer loop
      vertex -42.4294 -38.6506 6.3
      vertex -42.5865 -38.9445 1.9
      vertex -42.5865 -38.9445 6.3
    endloop
  endfacet
  facet normal -0.956971 0.290182 0
    outer loop
      vertex -42.4294 -38.6506 1.9
      vertex -42.3327 -38.3317 6.3
      vertex -42.3327 -38.3317 1.9
    endloop
  endfacet
  facet normal -0.956971 0.290182 0
    outer loop
      vertex -42.3327 -38.3317 6.3
      vertex -42.4294 -38.6506 1.9
      vertex -42.4294 -38.6506 6.3
    endloop
  endfacet
  facet normal -0.290182 0.956971 0
    outer loop
      vertex -43.3494 -39.5706 1.9
      vertex -43.6683 -39.6673 6.3
      vertex -43.3494 -39.5706 6.3
    endloop
  endfacet
  facet normal -0.290182 0.956971 0
    outer loop
      vertex -43.6683 -39.6673 6.3
      vertex -43.3494 -39.5706 1.9
      vertex -43.6683 -39.6673 1.9
    endloop
  endfacet
  facet normal -0.471413 0.881912 0
    outer loop
      vertex -43.0555 -39.4135 1.9
      vertex -43.3494 -39.5706 6.3
      vertex -43.0555 -39.4135 6.3
    endloop
  endfacet
  facet normal -0.471413 0.881912 0
    outer loop
      vertex -43.3494 -39.5706 6.3
      vertex -43.0555 -39.4135 1.9
      vertex -43.3494 -39.5706 1.9
    endloop
  endfacet
  facet normal 0.0981075 0.995176 -0
    outer loop
      vertex -44 -39.7 1.9
      vertex -44.3317 -39.6673 6.3
      vertex -44 -39.7 6.3
    endloop
  endfacet
  facet normal 0.0981075 0.995176 0
    outer loop
      vertex -44.3317 -39.6673 6.3
      vertex -44 -39.7 1.9
      vertex -44.3317 -39.6673 1.9
    endloop
  endfacet
  facet normal 0.634381 0.773021 -0
    outer loop
      vertex -44.9445 -39.4135 1.9
      vertex -45.2021 -39.2021 6.3
      vertex -44.9445 -39.4135 6.3
    endloop
  endfacet
  facet normal 0.634381 0.773021 0
    outer loop
      vertex -45.2021 -39.2021 6.3
      vertex -44.9445 -39.4135 1.9
      vertex -45.2021 -39.2021 1.9
    endloop
  endfacet
  facet normal 0.881912 0.471413 0
    outer loop
      vertex -45.4135 -38.9445 6.3
      vertex -45.5706 -38.6506 1.9
      vertex -45.5706 -38.6506 6.3
    endloop
  endfacet
  facet normal 0.881912 0.471413 0
    outer loop
      vertex -45.5706 -38.6506 1.9
      vertex -45.4135 -38.9445 6.3
      vertex -45.4135 -38.9445 1.9
    endloop
  endfacet
  facet normal 0.995176 0.0981075 0
    outer loop
      vertex -45.6673 -38.3317 6.3
      vertex -45.7 -38 1.9
      vertex -45.7 -38 6.3
    endloop
  endfacet
  facet normal 0.995176 0.0981075 0
    outer loop
      vertex -45.7 -38 1.9
      vertex -45.6673 -38.3317 6.3
      vertex -45.6673 -38.3317 1.9
    endloop
  endfacet
  facet normal 0.773021 0.634381 0
    outer loop
      vertex -45.2021 -39.2021 6.3
      vertex -45.4135 -38.9445 1.9
      vertex -45.4135 -38.9445 6.3
    endloop
  endfacet
  facet normal 0.773021 0.634381 0
    outer loop
      vertex -45.4135 -38.9445 1.9
      vertex -45.2021 -39.2021 6.3
      vertex -45.2021 -39.2021 1.9
    endloop
  endfacet
  facet normal -0.290182 -0.956971 0
    outer loop
      vertex -43.6683 -36.3327 1.9
      vertex -43.3494 -36.4294 6.3
      vertex -43.6683 -36.3327 6.3
    endloop
  endfacet
  facet normal -0.290182 -0.956971 -0
    outer loop
      vertex -43.3494 -36.4294 6.3
      vertex -43.6683 -36.3327 1.9
      vertex -43.3494 -36.4294 1.9
    endloop
  endfacet
  facet normal 0.956971 -0.290182 0
    outer loop
      vertex -45.6673 -37.6683 6.3
      vertex -45.5706 -37.3494 1.9
      vertex -45.5706 -37.3494 6.3
    endloop
  endfacet
  facet normal 0.956971 -0.290182 0
    outer loop
      vertex -45.5706 -37.3494 1.9
      vertex -45.6673 -37.6683 6.3
      vertex -45.6673 -37.6683 1.9
    endloop
  endfacet
  facet normal -0.773021 0.634381 0
    outer loop
      vertex -42.7979 -39.2021 1.9
      vertex -42.5865 -38.9445 6.3
      vertex -42.5865 -38.9445 1.9
    endloop
  endfacet
  facet normal -0.773021 0.634381 0
    outer loop
      vertex -42.5865 -38.9445 6.3
      vertex -42.7979 -39.2021 1.9
      vertex -42.7979 -39.2021 6.3
    endloop
  endfacet
  facet normal -0.634381 0.773021 0
    outer loop
      vertex -42.7979 -39.2021 1.9
      vertex -43.0555 -39.4135 6.3
      vertex -42.7979 -39.2021 6.3
    endloop
  endfacet
  facet normal -0.634381 0.773021 0
    outer loop
      vertex -43.0555 -39.4135 6.3
      vertex -42.7979 -39.2021 1.9
      vertex -43.0555 -39.4135 1.9
    endloop
  endfacet
  facet normal 0.471413 0.881912 -0
    outer loop
      vertex -44.6506 -39.5706 1.9
      vertex -44.9445 -39.4135 6.3
      vertex -44.6506 -39.5706 6.3
    endloop
  endfacet
  facet normal 0.471413 0.881912 0
    outer loop
      vertex -44.9445 -39.4135 6.3
      vertex -44.6506 -39.5706 1.9
      vertex -44.9445 -39.4135 1.9
    endloop
  endfacet
  facet normal 0.956971 0.290182 0
    outer loop
      vertex -45.5706 -38.6506 6.3
      vertex -45.6673 -38.3317 1.9
      vertex -45.6673 -38.3317 6.3
    endloop
  endfacet
  facet normal 0.956971 0.290182 0
    outer loop
      vertex -45.6673 -38.3317 1.9
      vertex -45.5706 -38.6506 6.3
      vertex -45.5706 -38.6506 1.9
    endloop
  endfacet
  facet normal -0.881912 -0.471413 0
    outer loop
      vertex 45.5706 17.6506 1.9
      vertex 45.4135 17.9445 6.3
      vertex 45.4135 17.9445 1.9
    endloop
  endfacet
  facet normal -0.881912 -0.471413 0
    outer loop
      vertex 45.4135 17.9445 6.3
      vertex 45.5706 17.6506 1.9
      vertex 45.5706 17.6506 6.3
    endloop
  endfacet
  facet normal -0.773021 -0.634381 0
    outer loop
      vertex 45.4135 17.9445 1.9
      vertex 45.2021 18.2021 6.3
      vertex 45.2021 18.2021 1.9
    endloop
  endfacet
  facet normal -0.773021 -0.634381 0
    outer loop
      vertex 45.2021 18.2021 6.3
      vertex 45.4135 17.9445 1.9
      vertex 45.4135 17.9445 6.3
    endloop
  endfacet
  facet normal -0.290182 -0.956971 0
    outer loop
      vertex 44.3317 18.6673 1.9
      vertex 44.6506 18.5706 6.3
      vertex 44.3317 18.6673 6.3
    endloop
  endfacet
  facet normal -0.290182 -0.956971 -0
    outer loop
      vertex 44.6506 18.5706 6.3
      vertex 44.3317 18.6673 1.9
      vertex 44.6506 18.5706 1.9
    endloop
  endfacet
  facet normal 0.471413 -0.881912 0
    outer loop
      vertex 43.0555 18.4135 1.9
      vertex 43.3494 18.5706 6.3
      vertex 43.0555 18.4135 6.3
    endloop
  endfacet
  facet normal 0.471413 -0.881912 0
    outer loop
      vertex 43.3494 18.5706 6.3
      vertex 43.0555 18.4135 1.9
      vertex 43.3494 18.5706 1.9
    endloop
  endfacet
  facet normal 0.956971 -0.290182 0
    outer loop
      vertex 42.3327 17.3317 6.3
      vertex 42.4294 17.6506 1.9
      vertex 42.4294 17.6506 6.3
    endloop
  endfacet
  facet normal 0.956971 -0.290182 0
    outer loop
      vertex 42.4294 17.6506 1.9
      vertex 42.3327 17.3317 6.3
      vertex 42.3327 17.3317 1.9
    endloop
  endfacet
  facet normal -0.995176 0.0981075 0
    outer loop
      vertex 45.6673 16.6683 1.9
      vertex 45.7 17 6.3
      vertex 45.7 17 1.9
    endloop
  endfacet
  facet normal -0.995176 0.0981075 0
    outer loop
      vertex 45.7 17 6.3
      vertex 45.6673 16.6683 1.9
      vertex 45.6673 16.6683 6.3
    endloop
  endfacet
  facet normal -0.956971 -0.290182 0
    outer loop
      vertex 45.6673 17.3317 1.9
      vertex 45.5706 17.6506 6.3
      vertex 45.5706 17.6506 1.9
    endloop
  endfacet
  facet normal -0.956971 -0.290182 0
    outer loop
      vertex 45.5706 17.6506 6.3
      vertex 45.6673 17.3317 1.9
      vertex 45.6673 17.3317 6.3
    endloop
  endfacet
  facet normal -0.634381 -0.773021 0
    outer loop
      vertex 44.9445 18.4135 1.9
      vertex 45.2021 18.2021 6.3
      vertex 44.9445 18.4135 6.3
    endloop
  endfacet
  facet normal -0.634381 -0.773021 -0
    outer loop
      vertex 45.2021 18.2021 6.3
      vertex 44.9445 18.4135 1.9
      vertex 45.2021 18.2021 1.9
    endloop
  endfacet
  facet normal 0.0981075 -0.995176 0
    outer loop
      vertex 43.6683 18.6673 1.9
      vertex 44 18.7 6.3
      vertex 43.6683 18.6673 6.3
    endloop
  endfacet
  facet normal 0.0981075 -0.995176 0
    outer loop
      vertex 44 18.7 6.3
      vertex 43.6683 18.6673 1.9
      vertex 44 18.7 1.9
    endloop
  endfacet
  facet normal -0.471413 -0.881912 0
    outer loop
      vertex 44.6506 18.5706 1.9
      vertex 44.9445 18.4135 6.3
      vertex 44.6506 18.5706 6.3
    endloop
  endfacet
  facet normal -0.471413 -0.881912 -0
    outer loop
      vertex 44.9445 18.4135 6.3
      vertex 44.6506 18.5706 1.9
      vertex 44.9445 18.4135 1.9
    endloop
  endfacet
  facet normal 0.995176 0.0981075 0
    outer loop
      vertex 42.3327 16.6683 6.3
      vertex 42.3 17 1.9
      vertex 42.3 17 6.3
    endloop
  endfacet
  facet normal 0.995176 0.0981075 0
    outer loop
      vertex 42.3 17 1.9
      vertex 42.3327 16.6683 6.3
      vertex 42.3327 16.6683 1.9
    endloop
  endfacet
  facet normal 0.881912 -0.471413 0
    outer loop
      vertex 42.4294 17.6506 6.3
      vertex 42.5865 17.9445 1.9
      vertex 42.5865 17.9445 6.3
    endloop
  endfacet
  facet normal 0.881912 -0.471413 0
    outer loop
      vertex 42.5865 17.9445 1.9
      vertex 42.4294 17.6506 6.3
      vertex 42.4294 17.6506 1.9
    endloop
  endfacet
  facet normal 0.634381 -0.773021 0
    outer loop
      vertex 42.7979 18.2021 1.9
      vertex 43.0555 18.4135 6.3
      vertex 42.7979 18.2021 6.3
    endloop
  endfacet
  facet normal 0.634381 -0.773021 0
    outer loop
      vertex 43.0555 18.4135 6.3
      vertex 42.7979 18.2021 1.9
      vertex 43.0555 18.4135 1.9
    endloop
  endfacet
  facet normal 0.290182 -0.956971 0
    outer loop
      vertex 43.3494 18.5706 1.9
      vertex 43.6683 18.6673 6.3
      vertex 43.3494 18.5706 6.3
    endloop
  endfacet
  facet normal 0.290182 -0.956971 0
    outer loop
      vertex 43.6683 18.6673 6.3
      vertex 43.3494 18.5706 1.9
      vertex 43.6683 18.6673 1.9
    endloop
  endfacet
  facet normal 0.773021 -0.634381 0
    outer loop
      vertex 42.5865 17.9445 6.3
      vertex 42.7979 18.2021 1.9
      vertex 42.7979 18.2021 6.3
    endloop
  endfacet
  facet normal 0.773021 -0.634381 0
    outer loop
      vertex 42.7979 18.2021 1.9
      vertex 42.5865 17.9445 6.3
      vertex 42.5865 17.9445 1.9
    endloop
  endfacet
  facet normal -0.995176 -0.0981075 0
    outer loop
      vertex 45.7 17 1.9
      vertex 45.6673 17.3317 6.3
      vertex 45.6673 17.3317 1.9
    endloop
  endfacet
  facet normal -0.995176 -0.0981075 0
    outer loop
      vertex 45.6673 17.3317 6.3
      vertex 45.7 17 1.9
      vertex 45.7 17 6.3
    endloop
  endfacet
  facet normal 0.471413 0.881912 -0
    outer loop
      vertex 43.3494 15.4294 1.9
      vertex 43.0555 15.5865 6.3
      vertex 43.3494 15.4294 6.3
    endloop
  endfacet
  facet normal 0.471413 0.881912 0
    outer loop
      vertex 43.0555 15.5865 6.3
      vertex 43.3494 15.4294 1.9
      vertex 43.0555 15.5865 1.9
    endloop
  endfacet
  facet normal 0.773021 0.634381 0
    outer loop
      vertex 42.7979 15.7979 6.3
      vertex 42.5865 16.0555 1.9
      vertex 42.5865 16.0555 6.3
    endloop
  endfacet
  facet normal 0.773021 0.634381 0
    outer loop
      vertex 42.5865 16.0555 1.9
      vertex 42.7979 15.7979 6.3
      vertex 42.7979 15.7979 1.9
    endloop
  endfacet
  facet normal -0.634381 0.773021 0
    outer loop
      vertex 45.2021 15.7979 1.9
      vertex 44.9445 15.5865 6.3
      vertex 45.2021 15.7979 6.3
    endloop
  endfacet
  facet normal -0.634381 0.773021 0
    outer loop
      vertex 44.9445 15.5865 6.3
      vertex 45.2021 15.7979 1.9
      vertex 44.9445 15.5865 1.9
    endloop
  endfacet
  facet normal -0.0981075 -0.995176 0
    outer loop
      vertex 44 18.7 1.9
      vertex 44.3317 18.6673 6.3
      vertex 44 18.7 6.3
    endloop
  endfacet
  facet normal -0.0981075 -0.995176 -0
    outer loop
      vertex 44.3317 18.6673 6.3
      vertex 44 18.7 1.9
      vertex 44.3317 18.6673 1.9
    endloop
  endfacet
  facet normal 0.995176 -0.0981075 0
    outer loop
      vertex 42.3 17 6.3
      vertex 42.3327 17.3317 1.9
      vertex 42.3327 17.3317 6.3
    endloop
  endfacet
  facet normal 0.995176 -0.0981075 0
    outer loop
      vertex 42.3327 17.3317 1.9
      vertex 42.3 17 6.3
      vertex 42.3 17 1.9
    endloop
  endfacet
  facet normal -0.881912 0.471413 0
    outer loop
      vertex 45.4135 16.0555 1.9
      vertex 45.5706 16.3494 6.3
      vertex 45.5706 16.3494 1.9
    endloop
  endfacet
  facet normal -0.881912 0.471413 0
    outer loop
      vertex 45.5706 16.3494 6.3
      vertex 45.4135 16.0555 1.9
      vertex 45.4135 16.0555 6.3
    endloop
  endfacet
  facet normal -0.0981075 0.995176 0
    outer loop
      vertex 44.3317 15.3327 1.9
      vertex 44 15.3 6.3
      vertex 44.3317 15.3327 6.3
    endloop
  endfacet
  facet normal -0.0981075 0.995176 0
    outer loop
      vertex 44 15.3 6.3
      vertex 44.3317 15.3327 1.9
      vertex 44 15.3 1.9
    endloop
  endfacet
  facet normal 0.956971 0.290182 0
    outer loop
      vertex 42.4294 16.3494 6.3
      vertex 42.3327 16.6683 1.9
      vertex 42.3327 16.6683 6.3
    endloop
  endfacet
  facet normal 0.956971 0.290182 0
    outer loop
      vertex 42.3327 16.6683 1.9
      vertex 42.4294 16.3494 6.3
      vertex 42.4294 16.3494 1.9
    endloop
  endfacet
  facet normal 0.634381 0.773021 -0
    outer loop
      vertex 43.0555 15.5865 1.9
      vertex 42.7979 15.7979 6.3
      vertex 43.0555 15.5865 6.3
    endloop
  endfacet
  facet normal 0.634381 0.773021 0
    outer loop
      vertex 42.7979 15.7979 6.3
      vertex 43.0555 15.5865 1.9
      vertex 42.7979 15.7979 1.9
    endloop
  endfacet
  facet normal -0.290182 0.956971 0
    outer loop
      vertex 44.6506 15.4294 1.9
      vertex 44.3317 15.3327 6.3
      vertex 44.6506 15.4294 6.3
    endloop
  endfacet
  facet normal -0.290182 0.956971 0
    outer loop
      vertex 44.3317 15.3327 6.3
      vertex 44.6506 15.4294 1.9
      vertex 44.3317 15.3327 1.9
    endloop
  endfacet
  facet normal -0.471413 0.881912 0
    outer loop
      vertex 44.9445 15.5865 1.9
      vertex 44.6506 15.4294 6.3
      vertex 44.9445 15.5865 6.3
    endloop
  endfacet
  facet normal -0.471413 0.881912 0
    outer loop
      vertex 44.6506 15.4294 6.3
      vertex 44.9445 15.5865 1.9
      vertex 44.6506 15.4294 1.9
    endloop
  endfacet
  facet normal -0.956971 0.290182 0
    outer loop
      vertex 45.5706 16.3494 1.9
      vertex 45.6673 16.6683 6.3
      vertex 45.6673 16.6683 1.9
    endloop
  endfacet
  facet normal -0.956971 0.290182 0
    outer loop
      vertex 45.6673 16.6683 6.3
      vertex 45.5706 16.3494 1.9
      vertex 45.5706 16.3494 6.3
    endloop
  endfacet
  facet normal 0.290182 0.956971 -0
    outer loop
      vertex 43.6683 15.3327 1.9
      vertex 43.3494 15.4294 6.3
      vertex 43.6683 15.3327 6.3
    endloop
  endfacet
  facet normal 0.290182 0.956971 0
    outer loop
      vertex 43.3494 15.4294 6.3
      vertex 43.6683 15.3327 1.9
      vertex 43.3494 15.4294 1.9
    endloop
  endfacet
  facet normal 0.0981075 0.995176 -0
    outer loop
      vertex 44 15.3 1.9
      vertex 43.6683 15.3327 6.3
      vertex 44 15.3 6.3
    endloop
  endfacet
  facet normal 0.0981075 0.995176 0
    outer loop
      vertex 43.6683 15.3327 6.3
      vertex 44 15.3 1.9
      vertex 43.6683 15.3327 1.9
    endloop
  endfacet
  facet normal 0.881912 0.471413 0
    outer loop
      vertex 42.5865 16.0555 6.3
      vertex 42.4294 16.3494 1.9
      vertex 42.4294 16.3494 6.3
    endloop
  endfacet
  facet normal 0.881912 0.471413 0
    outer loop
      vertex 42.4294 16.3494 1.9
      vertex 42.5865 16.0555 6.3
      vertex 42.5865 16.0555 1.9
    endloop
  endfacet
  facet normal -0.773021 0.634381 0
    outer loop
      vertex 45.2021 15.7979 1.9
      vertex 45.4135 16.0555 6.3
      vertex 45.4135 16.0555 1.9
    endloop
  endfacet
  facet normal -0.773021 0.634381 0
    outer loop
      vertex 45.4135 16.0555 6.3
      vertex 45.2021 15.7979 1.9
      vertex 45.2021 15.7979 6.3
    endloop
  endfacet
  facet normal -0.471413 -0.881912 0
    outer loop
      vertex 44.6506 -36.4294 1.9
      vertex 44.9445 -36.5865 6.3
      vertex 44.6506 -36.4294 6.3
    endloop
  endfacet
  facet normal -0.471413 -0.881912 -0
    outer loop
      vertex 44.9445 -36.5865 6.3
      vertex 44.6506 -36.4294 1.9
      vertex 44.9445 -36.5865 1.9
    endloop
  endfacet
  facet normal -0.995176 0.0981075 0
    outer loop
      vertex 45.6673 -38.3317 1.9
      vertex 45.7 -38 6.3
      vertex 45.7 -38 1.9
    endloop
  endfacet
  facet normal -0.995176 0.0981075 0
    outer loop
      vertex 45.7 -38 6.3
      vertex 45.6673 -38.3317 1.9
      vertex 45.6673 -38.3317 6.3
    endloop
  endfacet
  facet normal 0.290182 0.956971 -0
    outer loop
      vertex 43.6683 -39.6673 1.9
      vertex 43.3494 -39.5706 6.3
      vertex 43.6683 -39.6673 6.3
    endloop
  endfacet
  facet normal 0.290182 0.956971 0
    outer loop
      vertex 43.3494 -39.5706 6.3
      vertex 43.6683 -39.6673 1.9
      vertex 43.3494 -39.5706 1.9
    endloop
  endfacet
  facet normal 0.290182 -0.956971 0
    outer loop
      vertex 43.3494 -36.4294 1.9
      vertex 43.6683 -36.3327 6.3
      vertex 43.3494 -36.4294 6.3
    endloop
  endfacet
  facet normal 0.290182 -0.956971 0
    outer loop
      vertex 43.6683 -36.3327 6.3
      vertex 43.3494 -36.4294 1.9
      vertex 43.6683 -36.3327 1.9
    endloop
  endfacet
  facet normal 0.881912 -0.471413 0
    outer loop
      vertex 42.4294 -37.3494 6.3
      vertex 42.5865 -37.0555 1.9
      vertex 42.5865 -37.0555 6.3
    endloop
  endfacet
  facet normal 0.881912 -0.471413 0
    outer loop
      vertex 42.5865 -37.0555 1.9
      vertex 42.4294 -37.3494 6.3
      vertex 42.4294 -37.3494 1.9
    endloop
  endfacet
  facet normal -0.956971 -0.290182 0
    outer loop
      vertex 45.6673 -37.6683 1.9
      vertex 45.5706 -37.3494 6.3
      vertex 45.5706 -37.3494 1.9
    endloop
  endfacet
  facet normal -0.956971 -0.290182 0
    outer loop
      vertex 45.5706 -37.3494 6.3
      vertex 45.6673 -37.6683 1.9
      vertex 45.6673 -37.6683 6.3
    endloop
  endfacet
  facet normal -0.881912 -0.471413 0
    outer loop
      vertex 45.5706 -37.3494 1.9
      vertex 45.4135 -37.0555 6.3
      vertex 45.4135 -37.0555 1.9
    endloop
  endfacet
  facet normal -0.881912 -0.471413 0
    outer loop
      vertex 45.4135 -37.0555 6.3
      vertex 45.5706 -37.3494 1.9
      vertex 45.5706 -37.3494 6.3
    endloop
  endfacet
  facet normal -0.773021 -0.634381 0
    outer loop
      vertex 45.4135 -37.0555 1.9
      vertex 45.2021 -36.7979 6.3
      vertex 45.2021 -36.7979 1.9
    endloop
  endfacet
  facet normal -0.773021 -0.634381 0
    outer loop
      vertex 45.2021 -36.7979 6.3
      vertex 45.4135 -37.0555 1.9
      vertex 45.4135 -37.0555 6.3
    endloop
  endfacet
  facet normal -0.634381 -0.773021 0
    outer loop
      vertex 44.9445 -36.5865 1.9
      vertex 45.2021 -36.7979 6.3
      vertex 44.9445 -36.5865 6.3
    endloop
  endfacet
  facet normal -0.634381 -0.773021 -0
    outer loop
      vertex 45.2021 -36.7979 6.3
      vertex 44.9445 -36.5865 1.9
      vertex 45.2021 -36.7979 1.9
    endloop
  endfacet
  facet normal -0.0981075 -0.995176 0
    outer loop
      vertex 44 -36.3 1.9
      vertex 44.3317 -36.3327 6.3
      vertex 44 -36.3 6.3
    endloop
  endfacet
  facet normal -0.0981075 -0.995176 -0
    outer loop
      vertex 44.3317 -36.3327 6.3
      vertex 44 -36.3 1.9
      vertex 44.3317 -36.3327 1.9
    endloop
  endfacet
  facet normal 0.995176 -0.0981075 0
    outer loop
      vertex 42.3 -38 6.3
      vertex 42.3327 -37.6683 1.9
      vertex 42.3327 -37.6683 6.3
    endloop
  endfacet
  facet normal 0.995176 -0.0981075 0
    outer loop
      vertex 42.3327 -37.6683 1.9
      vertex 42.3 -38 6.3
      vertex 42.3 -38 1.9
    endloop
  endfacet
  facet normal 0.773021 -0.634381 0
    outer loop
      vertex 42.5865 -37.0555 6.3
      vertex 42.7979 -36.7979 1.9
      vertex 42.7979 -36.7979 6.3
    endloop
  endfacet
  facet normal 0.773021 -0.634381 0
    outer loop
      vertex 42.7979 -36.7979 1.9
      vertex 42.5865 -37.0555 6.3
      vertex 42.5865 -37.0555 1.9
    endloop
  endfacet
  facet normal 0.471413 -0.881912 0
    outer loop
      vertex 43.0555 -36.5865 1.9
      vertex 43.3494 -36.4294 6.3
      vertex 43.0555 -36.5865 6.3
    endloop
  endfacet
  facet normal 0.471413 -0.881912 0
    outer loop
      vertex 43.3494 -36.4294 6.3
      vertex 43.0555 -36.5865 1.9
      vertex 43.3494 -36.4294 1.9
    endloop
  endfacet
  facet normal 0.0981075 -0.995176 0
    outer loop
      vertex 43.6683 -36.3327 1.9
      vertex 44 -36.3 6.3
      vertex 43.6683 -36.3327 6.3
    endloop
  endfacet
  facet normal 0.0981075 -0.995176 0
    outer loop
      vertex 44 -36.3 6.3
      vertex 43.6683 -36.3327 1.9
      vertex 44 -36.3 1.9
    endloop
  endfacet
  facet normal 0.634381 -0.773021 0
    outer loop
      vertex 42.7979 -36.7979 1.9
      vertex 43.0555 -36.5865 6.3
      vertex 42.7979 -36.7979 6.3
    endloop
  endfacet
  facet normal 0.634381 -0.773021 0
    outer loop
      vertex 43.0555 -36.5865 6.3
      vertex 42.7979 -36.7979 1.9
      vertex 43.0555 -36.5865 1.9
    endloop
  endfacet
  facet normal -0.995176 -0.0981075 0
    outer loop
      vertex 45.7 -38 1.9
      vertex 45.6673 -37.6683 6.3
      vertex 45.6673 -37.6683 1.9
    endloop
  endfacet
  facet normal -0.995176 -0.0981075 0
    outer loop
      vertex 45.6673 -37.6683 6.3
      vertex 45.7 -38 1.9
      vertex 45.7 -38 6.3
    endloop
  endfacet
  facet normal -0.0981075 0.995176 0
    outer loop
      vertex 44.3317 -39.6673 1.9
      vertex 44 -39.7 6.3
      vertex 44.3317 -39.6673 6.3
    endloop
  endfacet
  facet normal -0.0981075 0.995176 0
    outer loop
      vertex 44 -39.7 6.3
      vertex 44.3317 -39.6673 1.9
      vertex 44 -39.7 1.9
    endloop
  endfacet
  facet normal -0.881912 0.471413 0
    outer loop
      vertex 45.4135 -38.9445 1.9
      vertex 45.5706 -38.6506 6.3
      vertex 45.5706 -38.6506 1.9
    endloop
  endfacet
  facet normal -0.881912 0.471413 0
    outer loop
      vertex 45.5706 -38.6506 6.3
      vertex 45.4135 -38.9445 1.9
      vertex 45.4135 -38.9445 6.3
    endloop
  endfacet
  facet normal -0.956971 0.290182 0
    outer loop
      vertex 45.5706 -38.6506 1.9
      vertex 45.6673 -38.3317 6.3
      vertex 45.6673 -38.3317 1.9
    endloop
  endfacet
  facet normal -0.956971 0.290182 0
    outer loop
      vertex 45.6673 -38.3317 6.3
      vertex 45.5706 -38.6506 1.9
      vertex 45.5706 -38.6506 6.3
    endloop
  endfacet
  facet normal -0.290182 0.956971 0
    outer loop
      vertex 44.6506 -39.5706 1.9
      vertex 44.3317 -39.6673 6.3
      vertex 44.6506 -39.5706 6.3
    endloop
  endfacet
  facet normal -0.290182 0.956971 0
    outer loop
      vertex 44.3317 -39.6673 6.3
      vertex 44.6506 -39.5706 1.9
      vertex 44.3317 -39.6673 1.9
    endloop
  endfacet
  facet normal -0.471413 0.881912 0
    outer loop
      vertex 44.9445 -39.4135 1.9
      vertex 44.6506 -39.5706 6.3
      vertex 44.9445 -39.4135 6.3
    endloop
  endfacet
  facet normal -0.471413 0.881912 0
    outer loop
      vertex 44.6506 -39.5706 6.3
      vertex 44.9445 -39.4135 1.9
      vertex 44.6506 -39.5706 1.9
    endloop
  endfacet
  facet normal 0.0981075 0.995176 -0
    outer loop
      vertex 44 -39.7 1.9
      vertex 43.6683 -39.6673 6.3
      vertex 44 -39.7 6.3
    endloop
  endfacet
  facet normal 0.0981075 0.995176 0
    outer loop
      vertex 43.6683 -39.6673 6.3
      vertex 44 -39.7 1.9
      vertex 43.6683 -39.6673 1.9
    endloop
  endfacet
  facet normal 0.634381 0.773021 -0
    outer loop
      vertex 43.0555 -39.4135 1.9
      vertex 42.7979 -39.2021 6.3
      vertex 43.0555 -39.4135 6.3
    endloop
  endfacet
  facet normal 0.634381 0.773021 0
    outer loop
      vertex 42.7979 -39.2021 6.3
      vertex 43.0555 -39.4135 1.9
      vertex 42.7979 -39.2021 1.9
    endloop
  endfacet
  facet normal 0.881912 0.471413 0
    outer loop
      vertex 42.5865 -38.9445 6.3
      vertex 42.4294 -38.6506 1.9
      vertex 42.4294 -38.6506 6.3
    endloop
  endfacet
  facet normal 0.881912 0.471413 0
    outer loop
      vertex 42.4294 -38.6506 1.9
      vertex 42.5865 -38.9445 6.3
      vertex 42.5865 -38.9445 1.9
    endloop
  endfacet
  facet normal 0.995176 0.0981075 0
    outer loop
      vertex 42.3327 -38.3317 6.3
      vertex 42.3 -38 1.9
      vertex 42.3 -38 6.3
    endloop
  endfacet
  facet normal 0.995176 0.0981075 0
    outer loop
      vertex 42.3 -38 1.9
      vertex 42.3327 -38.3317 6.3
      vertex 42.3327 -38.3317 1.9
    endloop
  endfacet
  facet normal 0.773021 0.634381 0
    outer loop
      vertex 42.7979 -39.2021 6.3
      vertex 42.5865 -38.9445 1.9
      vertex 42.5865 -38.9445 6.3
    endloop
  endfacet
  facet normal 0.773021 0.634381 0
    outer loop
      vertex 42.5865 -38.9445 1.9
      vertex 42.7979 -39.2021 6.3
      vertex 42.7979 -39.2021 1.9
    endloop
  endfacet
  facet normal -0.290182 -0.956971 0
    outer loop
      vertex 44.3317 -36.3327 1.9
      vertex 44.6506 -36.4294 6.3
      vertex 44.3317 -36.3327 6.3
    endloop
  endfacet
  facet normal -0.290182 -0.956971 -0
    outer loop
      vertex 44.6506 -36.4294 6.3
      vertex 44.3317 -36.3327 1.9
      vertex 44.6506 -36.4294 1.9
    endloop
  endfacet
  facet normal 0.956971 -0.290182 0
    outer loop
      vertex 42.3327 -37.6683 6.3
      vertex 42.4294 -37.3494 1.9
      vertex 42.4294 -37.3494 6.3
    endloop
  endfacet
  facet normal 0.956971 -0.290182 0
    outer loop
      vertex 42.4294 -37.3494 1.9
      vertex 42.3327 -37.6683 6.3
      vertex 42.3327 -37.6683 1.9
    endloop
  endfacet
  facet normal -0.773021 0.634381 0
    outer loop
      vertex 45.2021 -39.2021 1.9
      vertex 45.4135 -38.9445 6.3
      vertex 45.4135 -38.9445 1.9
    endloop
  endfacet
  facet normal -0.773021 0.634381 0
    outer loop
      vertex 45.4135 -38.9445 6.3
      vertex 45.2021 -39.2021 1.9
      vertex 45.2021 -39.2021 6.3
    endloop
  endfacet
  facet normal -0.634381 0.773021 0
    outer loop
      vertex 45.2021 -39.2021 1.9
      vertex 44.9445 -39.4135 6.3
      vertex 45.2021 -39.2021 6.3
    endloop
  endfacet
  facet normal -0.634381 0.773021 0
    outer loop
      vertex 44.9445 -39.4135 6.3
      vertex 45.2021 -39.2021 1.9
      vertex 44.9445 -39.4135 1.9
    endloop
  endfacet
  facet normal 0.471413 0.881912 -0
    outer loop
      vertex 43.3494 -39.5706 1.9
      vertex 43.0555 -39.4135 6.3
      vertex 43.3494 -39.5706 6.3
    endloop
  endfacet
  facet normal 0.471413 0.881912 0
    outer loop
      vertex 43.0555 -39.4135 6.3
      vertex 43.3494 -39.5706 1.9
      vertex 43.0555 -39.4135 1.9
    endloop
  endfacet
  facet normal 0.956971 0.290182 0
    outer loop
      vertex 42.4294 -38.6506 6.3
      vertex 42.3327 -38.3317 1.9
      vertex 42.3327 -38.3317 6.3
    endloop
  endfacet
  facet normal 0.956971 0.290182 0
    outer loop
      vertex 42.3327 -38.3317 1.9
      vertex 42.4294 -38.6506 6.3
      vertex 42.4294 -38.6506 1.9
    endloop
  endfacet
  facet normal -0.707574 -0.0696736 -0.703196
    outer loop
      vertex -40.7729 17.6398 0.299999
      vertex -40.7099 17 0.299999
      vertex -42.3 17 1.9
    endloop
  endfacet
  facet normal -0.680412 -0.206346 -0.703179
    outer loop
      vertex -40.9604 18.2591 0.299999
      vertex -40.7738 17.6438 0.299999
      vertex -42.4294 17.6506 1.9
    endloop
  endfacet
  facet normal -0.627082 0.335107 -0.703186
    outer loop
      vertex -40.9614 15.7391 0.299999
      vertex -41.2644 15.1721 0.299999
      vertex -42.5865 16.0555 1.9
    endloop
  endfacet
  facet normal 0.627082 -0.335107 -0.703186
    outer loop
      vertex -46.7356 18.8279 0.299999
      vertex -45.4135 17.9445 1.9
      vertex -47.0386 18.2609 0.299999
    endloop
  endfacet
  facet normal 0.335183 -0.627055 -0.703174
    outer loop
      vertex -45.2609 20.0386 0.299999
      vertex -44.6506 18.5706 1.9
      vertex -44.9445 18.4135 1.9
    endloop
  endfacet
  facet normal 0.345592 -0.622066 -0.702567
    outer loop
      vertex -44.6506 18.5706 1.9
      vertex -45.2609 20.0386 0.299999
      vertex -45.2591 20.0396 0.299999
    endloop
  endfacet
  facet normal 0.627055 -0.335183 -0.703174
    outer loop
      vertex -45.5706 17.6506 1.9
      vertex -47.0386 18.2609 0.299999
      vertex -45.4135 17.9445 1.9
    endloop
  endfacet
  facet normal 0.622066 -0.345592 -0.702567
    outer loop
      vertex -47.0386 18.2609 0.299999
      vertex -45.5706 17.6506 1.9
      vertex -47.0396 18.2591 0.299999
    endloop
  endfacet
  facet normal 0.707576 0.069755 -0.703186
    outer loop
      vertex -45.6673 16.6683 1.9
      vertex -47.227 16.3602 0.299999
      vertex -45.7 17 1.9
    endloop
  endfacet
  facet normal 0.707918 0.0674208 -0.703069
    outer loop
      vertex -47.227 16.3602 0.299999
      vertex -45.6673 16.6683 1.9
      vertex -47.2268 16.3581 0.299999
    endloop
  endfacet
  facet normal -0.214232 0.678401 -0.702763
    outer loop
      vertex -43.6683 15.3327 1.9
      vertex -43.3562 13.7738 0.299999
      vertex -43.3581 13.7732 0.299999
    endloop
  endfacet
  facet normal -0.206322 0.680416 -0.703183
    outer loop
      vertex -43.3562 13.7738 0.299999
      vertex -43.6683 15.3327 1.9
      vertex -43.3494 15.4294 1.9
    endloop
  endfacet
  facet normal -0.551967 0.448473 -0.702996
    outer loop
      vertex -42.7979 15.7979 1.9
      vertex -41.6723 14.6752 0.299999
      vertex -41.6736 14.6736 0.299999
    endloop
  endfacet
  facet normal -0.549635 0.451059 -0.70317
    outer loop
      vertex -41.6723 14.6752 0.299999
      vertex -42.7979 15.7979 1.9
      vertex -42.5865 16.0555 1.9
    endloop
  endfacet
  facet normal 0.214232 -0.678401 -0.702763
    outer loop
      vertex -44.3317 18.6673 1.9
      vertex -44.6438 20.2262 0.299999
      vertex -44.6419 20.2268 0.299999
    endloop
  endfacet
  facet normal 0.206322 -0.680416 -0.703183
    outer loop
      vertex -44.6438 20.2262 0.299999
      vertex -44.3317 18.6673 1.9
      vertex -44.6506 18.5706 1.9
    endloop
  endfacet
  facet normal -0.335107 -0.627082 -0.703186
    outer loop
      vertex -42.7391 20.0386 0.299999
      vertex -42.1721 19.7356 0.299999
      vertex -43.0555 18.4135 1.9
    endloop
  endfacet
  facet normal -0.627082 -0.335107 -0.703186
    outer loop
      vertex -41.2644 18.8279 0.299999
      vertex -40.9614 18.2609 0.299999
      vertex -42.5865 17.9445 1.9
    endloop
  endfacet
  facet normal -0.622066 -0.345592 -0.702567
    outer loop
      vertex -42.4294 17.6506 1.9
      vertex -40.9614 18.2609 0.299999
      vertex -40.9604 18.2591 0.299999
    endloop
  endfacet
  facet normal -0.627055 -0.335183 -0.703174
    outer loop
      vertex -40.9614 18.2609 0.299999
      vertex -42.4294 17.6506 1.9
      vertex -42.5865 17.9445 1.9
    endloop
  endfacet
  facet normal -0.549559 0.451127 -0.703185
    outer loop
      vertex -41.2644 15.1721 0.299999
      vertex -41.6723 14.6752 0.299999
      vertex -42.5865 16.0555 1.9
    endloop
  endfacet
  facet normal -0.707574 0.0696736 -0.703196
    outer loop
      vertex -40.7099 17 0.299999
      vertex -40.7729 16.3602 0.299999
      vertex -42.3 17 1.9
    endloop
  endfacet
  facet normal 0.680412 -0.206346 -0.703179
    outer loop
      vertex -47.0396 18.2591 0.299999
      vertex -45.5706 17.6506 1.9
      vertex -47.2262 17.6438 0.299999
    endloop
  endfacet
  facet normal 0.549559 -0.451127 -0.703185
    outer loop
      vertex -46.3277 19.3248 0.299999
      vertex -45.4135 17.9445 1.9
      vertex -46.7356 18.8279 0.299999
    endloop
  endfacet
  facet normal 0.707918 -0.0674208 -0.703069
    outer loop
      vertex -45.6673 17.3317 1.9
      vertex -47.227 17.6398 0.299999
      vertex -47.2268 17.6419 0.299999
    endloop
  endfacet
  facet normal 0.707576 -0.069755 -0.703186
    outer loop
      vertex -47.227 17.6398 0.299999
      vertex -45.6673 17.3317 1.9
      vertex -45.7 17 1.9
    endloop
  endfacet
  facet normal 0.335107 0.627082 -0.703186
    outer loop
      vertex -44.9445 15.5865 1.9
      vertex -45.2609 13.9614 0.299999
      vertex -45.8279 14.2644 0.299999
    endloop
  endfacet
  facet normal -0.206346 0.680412 -0.703179
    outer loop
      vertex -43.3494 15.4294 1.9
      vertex -42.7409 13.9604 0.299999
      vertex -43.3562 13.7738 0.299999
    endloop
  endfacet
  facet normal -0.069755 -0.707576 -0.703186
    outer loop
      vertex -43.3602 20.227 0.299999
      vertex -43.6683 18.6673 1.9
      vertex -44 18.7 1.9
    endloop
  endfacet
  facet normal -0.0674208 -0.707918 -0.703069
    outer loop
      vertex -43.6683 18.6673 1.9
      vertex -43.3602 20.227 0.299999
      vertex -43.3581 20.2268 0.299999
    endloop
  endfacet
  facet normal -0.206346 -0.680412 -0.703179
    outer loop
      vertex -42.7409 20.0396 0.299999
      vertex -43.3494 18.5706 1.9
      vertex -43.3562 20.2262 0.299999
    endloop
  endfacet
  facet normal -0.206322 -0.680416 -0.703183
    outer loop
      vertex -43.6683 18.6673 1.9
      vertex -43.3562 20.2262 0.299999
      vertex -43.3494 18.5706 1.9
    endloop
  endfacet
  facet normal -0.214232 -0.678401 -0.702763
    outer loop
      vertex -43.3562 20.2262 0.299999
      vertex -43.6683 18.6673 1.9
      vertex -43.3581 20.2268 0.299999
    endloop
  endfacet
  facet normal 0.335107 -0.627082 -0.703186
    outer loop
      vertex -45.2609 20.0386 0.299999
      vertex -44.9445 18.4135 1.9
      vertex -45.8279 19.7356 0.299999
    endloop
  endfacet
  facet normal 0.206346 -0.680412 -0.703179
    outer loop
      vertex -44.6438 20.2262 0.299999
      vertex -44.6506 18.5706 1.9
      vertex -45.2591 20.0396 0.299999
    endloop
  endfacet
  facet normal -0.0697837 -0.707569 -0.70319
    outer loop
      vertex -44 20.2901 0.299999
      vertex -43.3602 20.227 0.299999
      vertex -44 18.7 1.9
    endloop
  endfacet
  facet normal 0.0697837 -0.707569 -0.70319
    outer loop
      vertex -44 20.2901 0.299999
      vertex -44 18.7 1.9
      vertex -44.6398 20.227 0.299999
    endloop
  endfacet
  facet normal -0.549559 -0.451127 -0.703185
    outer loop
      vertex -41.6723 19.3248 0.299999
      vertex -41.2644 18.8279 0.299999
      vertex -42.5865 17.9445 1.9
    endloop
  endfacet
  facet normal -0.549635 -0.451059 -0.70317
    outer loop
      vertex -42.7979 18.2021 1.9
      vertex -41.6723 19.3248 0.299999
      vertex -42.5865 17.9445 1.9
    endloop
  endfacet
  facet normal -0.551967 -0.448473 -0.702996
    outer loop
      vertex -41.6723 19.3248 0.299999
      vertex -42.7979 18.2021 1.9
      vertex -41.6736 19.3264 0.299999
    endloop
  endfacet
  facet normal -0.622066 0.345592 -0.702567
    outer loop
      vertex -40.9614 15.7391 0.299999
      vertex -42.4294 16.3494 1.9
      vertex -40.9604 15.7409 0.299999
    endloop
  endfacet
  facet normal -0.627055 0.335183 -0.703174
    outer loop
      vertex -42.4294 16.3494 1.9
      vertex -40.9614 15.7391 0.299999
      vertex -42.5865 16.0555 1.9
    endloop
  endfacet
  facet normal 0.451127 -0.549559 -0.703185
    outer loop
      vertex -45.8279 19.7356 0.299999
      vertex -44.9445 18.4135 1.9
      vertex -46.3248 19.3277 0.299999
    endloop
  endfacet
  facet normal 0.451059 0.549635 -0.70317
    outer loop
      vertex -46.3248 14.6723 0.299999
      vertex -45.2021 15.7979 1.9
      vertex -44.9445 15.5865 1.9
    endloop
  endfacet
  facet normal 0.448473 0.551967 -0.702996
    outer loop
      vertex -45.2021 15.7979 1.9
      vertex -46.3248 14.6723 0.299999
      vertex -46.3264 14.6736 0.299999
    endloop
  endfacet
  facet normal 0.627082 0.335107 -0.703186
    outer loop
      vertex -45.4135 16.0555 1.9
      vertex -46.7356 15.1721 0.299999
      vertex -47.0386 15.7391 0.299999
    endloop
  endfacet
  facet normal 0.551967 0.448473 -0.702996
    outer loop
      vertex -46.3277 14.6752 0.299999
      vertex -45.2021 15.7979 1.9
      vertex -46.3264 14.6736 0.299999
    endloop
  endfacet
  facet normal 0.549635 0.451059 -0.70317
    outer loop
      vertex -45.2021 15.7979 1.9
      vertex -46.3277 14.6752 0.299999
      vertex -45.4135 16.0555 1.9
    endloop
  endfacet
  facet normal 0.549559 0.451127 -0.703185
    outer loop
      vertex -45.4135 16.0555 1.9
      vertex -46.3277 14.6752 0.299999
      vertex -46.7356 15.1721 0.299999
    endloop
  endfacet
  facet normal 0.680416 0.206322 -0.703183
    outer loop
      vertex -47.2262 16.3562 0.299999
      vertex -45.6673 16.6683 1.9
      vertex -45.5706 16.3494 1.9
    endloop
  endfacet
  facet normal 0.678401 0.214232 -0.702763
    outer loop
      vertex -45.6673 16.6683 1.9
      vertex -47.2262 16.3562 0.299999
      vertex -47.2268 16.3581 0.299999
    endloop
  endfacet
  facet normal 0.680416 -0.206322 -0.703183
    outer loop
      vertex -45.6673 17.3317 1.9
      vertex -47.2262 17.6438 0.299999
      vertex -45.5706 17.6506 1.9
    endloop
  endfacet
  facet normal 0.678401 -0.214232 -0.702763
    outer loop
      vertex -47.2262 17.6438 0.299999
      vertex -45.6673 17.3317 1.9
      vertex -47.2268 17.6419 0.299999
    endloop
  endfacet
  facet normal 0.707569 -0.0697837 -0.70319
    outer loop
      vertex -47.227 17.6398 0.299999
      vertex -45.7 17 1.9
      vertex -47.2901 17 0.299999
    endloop
  endfacet
  facet normal 0.707569 0.0697837 -0.70319
    outer loop
      vertex -45.7 17 1.9
      vertex -47.227 16.3602 0.299999
      vertex -47.2901 17 0.299999
    endloop
  endfacet
  facet normal -0.0697837 0.707569 -0.70319
    outer loop
      vertex -44 15.3 1.9
      vertex -43.3602 13.773 0.299999
      vertex -44 13.7099 0.299999
    endloop
  endfacet
  facet normal 0.345592 0.622066 -0.702567
    outer loop
      vertex -45.2609 13.9614 0.299999
      vertex -44.6506 15.4294 1.9
      vertex -45.2591 13.9604 0.299999
    endloop
  endfacet
  facet normal 0.335183 0.627055 -0.703174
    outer loop
      vertex -44.6506 15.4294 1.9
      vertex -45.2609 13.9614 0.299999
      vertex -44.9445 15.5865 1.9
    endloop
  endfacet
  facet normal 0.206346 0.680412 -0.703179
    outer loop
      vertex -44.6506 15.4294 1.9
      vertex -44.6438 13.7738 0.299999
      vertex -45.2591 13.9604 0.299999
    endloop
  endfacet
  facet normal -0.345592 0.622066 -0.702567
    outer loop
      vertex -43.3494 15.4294 1.9
      vertex -42.7391 13.9614 0.299999
      vertex -42.7409 13.9604 0.299999
    endloop
  endfacet
  facet normal -0.335183 0.627055 -0.703174
    outer loop
      vertex -42.7391 13.9614 0.299999
      vertex -43.3494 15.4294 1.9
      vertex -43.0555 15.5865 1.9
    endloop
  endfacet
  facet normal -0.335183 -0.627055 -0.703174
    outer loop
      vertex -43.3494 18.5706 1.9
      vertex -42.7391 20.0386 0.299999
      vertex -43.0555 18.4135 1.9
    endloop
  endfacet
  facet normal -0.345592 -0.622066 -0.702567
    outer loop
      vertex -42.7391 20.0386 0.299999
      vertex -43.3494 18.5706 1.9
      vertex -42.7409 20.0396 0.299999
    endloop
  endfacet
  facet normal 0.0674208 -0.707918 -0.703069
    outer loop
      vertex -44.6398 20.227 0.299999
      vertex -44.3317 18.6673 1.9
      vertex -44.6419 20.2268 0.299999
    endloop
  endfacet
  facet normal 0.069755 -0.707576 -0.703186
    outer loop
      vertex -44.3317 18.6673 1.9
      vertex -44.6398 20.227 0.299999
      vertex -44 18.7 1.9
    endloop
  endfacet
  facet normal -0.678401 -0.214232 -0.702763
    outer loop
      vertex -42.3327 17.3317 1.9
      vertex -40.7738 17.6438 0.299999
      vertex -40.7732 17.6419 0.299999
    endloop
  endfacet
  facet normal -0.680416 -0.206322 -0.703183
    outer loop
      vertex -40.7738 17.6438 0.299999
      vertex -42.3327 17.3317 1.9
      vertex -42.4294 17.6506 1.9
    endloop
  endfacet
  facet normal -0.335107 0.627082 -0.703186
    outer loop
      vertex -42.1721 14.2644 0.299999
      vertex -42.7391 13.9614 0.299999
      vertex -43.0555 15.5865 1.9
    endloop
  endfacet
  facet normal -0.451127 0.549559 -0.703185
    outer loop
      vertex -41.6752 14.6723 0.299999
      vertex -42.1721 14.2644 0.299999
      vertex -43.0555 15.5865 1.9
    endloop
  endfacet
  facet normal -0.680412 0.206346 -0.703179
    outer loop
      vertex -40.7738 16.3562 0.299999
      vertex -40.9604 15.7409 0.299999
      vertex -42.4294 16.3494 1.9
    endloop
  endfacet
  facet normal 0.451059 -0.549635 -0.70317
    outer loop
      vertex -45.2021 18.2021 1.9
      vertex -46.3248 19.3277 0.299999
      vertex -44.9445 18.4135 1.9
    endloop
  endfacet
  facet normal 0.448473 -0.551967 -0.702996
    outer loop
      vertex -46.3248 19.3277 0.299999
      vertex -45.2021 18.2021 1.9
      vertex -46.3264 19.3264 0.299999
    endloop
  endfacet
  facet normal 0.549635 -0.451059 -0.70317
    outer loop
      vertex -46.3277 19.3248 0.299999
      vertex -45.2021 18.2021 1.9
      vertex -45.4135 17.9445 1.9
    endloop
  endfacet
  facet normal 0.551967 -0.448473 -0.702996
    outer loop
      vertex -45.2021 18.2021 1.9
      vertex -46.3277 19.3248 0.299999
      vertex -46.3264 19.3264 0.299999
    endloop
  endfacet
  facet normal 0.451127 0.549559 -0.703185
    outer loop
      vertex -44.9445 15.5865 1.9
      vertex -45.8279 14.2644 0.299999
      vertex -46.3248 14.6723 0.299999
    endloop
  endfacet
  facet normal 0.627055 0.335183 -0.703174
    outer loop
      vertex -47.0386 15.7391 0.299999
      vertex -45.5706 16.3494 1.9
      vertex -45.4135 16.0555 1.9
    endloop
  endfacet
  facet normal 0.622066 0.345592 -0.702567
    outer loop
      vertex -45.5706 16.3494 1.9
      vertex -47.0386 15.7391 0.299999
      vertex -47.0396 15.7409 0.299999
    endloop
  endfacet
  facet normal 0.680412 0.206346 -0.703179
    outer loop
      vertex -45.5706 16.3494 1.9
      vertex -47.0396 15.7409 0.299999
      vertex -47.2262 16.3562 0.299999
    endloop
  endfacet
  facet normal -0.0674208 0.707918 -0.703069
    outer loop
      vertex -43.3602 13.773 0.299999
      vertex -43.6683 15.3327 1.9
      vertex -43.3581 13.7732 0.299999
    endloop
  endfacet
  facet normal -0.069755 0.707576 -0.703186
    outer loop
      vertex -43.6683 15.3327 1.9
      vertex -43.3602 13.773 0.299999
      vertex -44 15.3 1.9
    endloop
  endfacet
  facet normal 0.0697837 0.707569 -0.70319
    outer loop
      vertex -44 15.3 1.9
      vertex -44 13.7099 0.299999
      vertex -44.6398 13.773 0.299999
    endloop
  endfacet
  facet normal -0.448473 -0.551967 -0.702996
    outer loop
      vertex -42.7979 18.2021 1.9
      vertex -41.6752 19.3277 0.299999
      vertex -41.6736 19.3264 0.299999
    endloop
  endfacet
  facet normal -0.451059 -0.549635 -0.70317
    outer loop
      vertex -41.6752 19.3277 0.299999
      vertex -42.7979 18.2021 1.9
      vertex -43.0555 18.4135 1.9
    endloop
  endfacet
  facet normal -0.451127 -0.549559 -0.703185
    outer loop
      vertex -42.1721 19.7356 0.299999
      vertex -41.6752 19.3277 0.299999
      vertex -43.0555 18.4135 1.9
    endloop
  endfacet
  facet normal -0.702697 -0.100385 -0.704372
    outer loop
      vertex -40.7729 17.6398 0.299999
      vertex -42.3327 17.3317 1.9
      vertex -40.7732 17.6419 0.299999
    endloop
  endfacet
  facet normal -0.707554 -0.0697528 -0.703208
    outer loop
      vertex -42.3327 17.3317 1.9
      vertex -40.7729 17.6398 0.299999
      vertex -42.3 17 1.9
    endloop
  endfacet
  facet normal -0.448473 0.551967 -0.702996
    outer loop
      vertex -41.6752 14.6723 0.299999
      vertex -42.7979 15.7979 1.9
      vertex -41.6736 14.6736 0.299999
    endloop
  endfacet
  facet normal -0.451059 0.549635 -0.70317
    outer loop
      vertex -42.7979 15.7979 1.9
      vertex -41.6752 14.6723 0.299999
      vertex -43.0555 15.5865 1.9
    endloop
  endfacet
  facet normal -0.678401 0.214232 -0.702763
    outer loop
      vertex -40.7738 16.3562 0.299999
      vertex -42.3327 16.6683 1.9
      vertex -40.7732 16.3581 0.299999
    endloop
  endfacet
  facet normal -0.680416 0.206322 -0.703183
    outer loop
      vertex -42.3327 16.6683 1.9
      vertex -40.7738 16.3562 0.299999
      vertex -42.4294 16.3494 1.9
    endloop
  endfacet
  facet normal -0.707554 0.0697528 -0.703208
    outer loop
      vertex -40.7729 16.3602 0.299999
      vertex -42.3327 16.6683 1.9
      vertex -42.3 17 1.9
    endloop
  endfacet
  facet normal -0.702697 0.100385 -0.704372
    outer loop
      vertex -42.3327 16.6683 1.9
      vertex -40.7729 16.3602 0.299999
      vertex -40.7732 16.3581 0.299999
    endloop
  endfacet
  facet normal 0.214232 0.678401 -0.702763
    outer loop
      vertex -44.6438 13.7738 0.299999
      vertex -44.3317 15.3327 1.9
      vertex -44.6419 13.7732 0.299999
    endloop
  endfacet
  facet normal 0.206322 0.680416 -0.703183
    outer loop
      vertex -44.3317 15.3327 1.9
      vertex -44.6438 13.7738 0.299999
      vertex -44.6506 15.4294 1.9
    endloop
  endfacet
  facet normal 0.069755 0.707576 -0.703186
    outer loop
      vertex -44.6398 13.773 0.299999
      vertex -44.3317 15.3327 1.9
      vertex -44 15.3 1.9
    endloop
  endfacet
  facet normal 0.0674208 0.707918 -0.703069
    outer loop
      vertex -44.3317 15.3327 1.9
      vertex -44.6398 13.773 0.299999
      vertex -44.6419 13.7732 0.299999
    endloop
  endfacet
  facet normal -0.707574 -0.0696736 -0.703196
    outer loop
      vertex -40.7729 -37.3602 0.299999
      vertex -40.7099 -38 0.299999
      vertex -42.3 -38 1.9
    endloop
  endfacet
  facet normal -0.206346 0.680412 -0.703179
    outer loop
      vertex -43.3494 -39.5706 1.9
      vertex -42.7409 -41.0396 0.299999
      vertex -43.3562 -41.2262 0.299999
    endloop
  endfacet
  facet normal 0.206346 -0.680412 -0.703179
    outer loop
      vertex -44.6438 -34.7738 0.299999
      vertex -44.6506 -36.4294 1.9
      vertex -45.2591 -34.9604 0.299999
    endloop
  endfacet
  facet normal -0.335107 -0.627082 -0.703186
    outer loop
      vertex -42.7391 -34.9614 0.299999
      vertex -42.1721 -35.2644 0.299999
      vertex -43.0555 -36.5865 1.9
    endloop
  endfacet
  facet normal -0.622066 0.345592 -0.702567
    outer loop
      vertex -40.9614 -39.2609 0.299999
      vertex -42.4294 -38.6506 1.9
      vertex -40.9604 -39.2591 0.299999
    endloop
  endfacet
  facet normal -0.627055 0.335183 -0.703174
    outer loop
      vertex -42.4294 -38.6506 1.9
      vertex -40.9614 -39.2609 0.299999
      vertex -42.5865 -38.9445 1.9
    endloop
  endfacet
  facet normal 0.549559 -0.451127 -0.703185
    outer loop
      vertex -46.3277 -35.6752 0.299999
      vertex -45.4135 -37.0555 1.9
      vertex -46.7356 -36.1721 0.299999
    endloop
  endfacet
  facet normal 0.451127 -0.549559 -0.703185
    outer loop
      vertex -45.8279 -35.2644 0.299999
      vertex -44.9445 -36.5865 1.9
      vertex -46.3248 -35.6723 0.299999
    endloop
  endfacet
  facet normal 0.627055 -0.335183 -0.703174
    outer loop
      vertex -45.5706 -37.3494 1.9
      vertex -47.0386 -36.7391 0.299999
      vertex -45.4135 -37.0555 1.9
    endloop
  endfacet
  facet normal 0.622066 -0.345592 -0.702567
    outer loop
      vertex -47.0386 -36.7391 0.299999
      vertex -45.5706 -37.3494 1.9
      vertex -47.0396 -36.7409 0.299999
    endloop
  endfacet
  facet normal -0.551967 0.448473 -0.702996
    outer loop
      vertex -42.7979 -39.2021 1.9
      vertex -41.6723 -40.3248 0.299999
      vertex -41.6736 -40.3264 0.299999
    endloop
  endfacet
  facet normal -0.549635 0.451059 -0.70317
    outer loop
      vertex -41.6723 -40.3248 0.299999
      vertex -42.7979 -39.2021 1.9
      vertex -42.5865 -38.9445 1.9
    endloop
  endfacet
  facet normal -0.549559 -0.451127 -0.703185
    outer loop
      vertex -41.6723 -35.6752 0.299999
      vertex -41.2644 -36.1721 0.299999
      vertex -42.5865 -37.0555 1.9
    endloop
  endfacet
  facet normal -0.549559 0.451127 -0.703185
    outer loop
      vertex -41.2644 -39.8279 0.299999
      vertex -41.6723 -40.3248 0.299999
      vertex -42.5865 -38.9445 1.9
    endloop
  endfacet
  facet normal -0.707574 0.0696736 -0.703196
    outer loop
      vertex -40.7099 -38 0.299999
      vertex -40.7729 -38.6398 0.299999
      vertex -42.3 -38 1.9
    endloop
  endfacet
  facet normal 0.627082 -0.335107 -0.703186
    outer loop
      vertex -46.7356 -36.1721 0.299999
      vertex -45.4135 -37.0555 1.9
      vertex -47.0386 -36.7391 0.299999
    endloop
  endfacet
  facet normal 0.335183 -0.627055 -0.703174
    outer loop
      vertex -45.2609 -34.9614 0.299999
      vertex -44.6506 -36.4294 1.9
      vertex -44.9445 -36.5865 1.9
    endloop
  endfacet
  facet normal 0.345592 -0.622066 -0.702567
    outer loop
      vertex -44.6506 -36.4294 1.9
      vertex -45.2609 -34.9614 0.299999
      vertex -45.2591 -34.9604 0.299999
    endloop
  endfacet
  facet normal 0.707569 -0.0697837 -0.70319
    outer loop
      vertex -47.227 -37.3602 0.299999
      vertex -45.7 -38 1.9
      vertex -47.2901 -38 0.299999
    endloop
  endfacet
  facet normal 0.335107 0.627082 -0.703186
    outer loop
      vertex -44.9445 -39.4135 1.9
      vertex -45.2609 -41.0386 0.299999
      vertex -45.8279 -40.7356 0.299999
    endloop
  endfacet
  facet normal 0.627082 0.335107 -0.703186
    outer loop
      vertex -45.4135 -38.9445 1.9
      vertex -46.7356 -39.8279 0.299999
      vertex -47.0386 -39.2609 0.299999
    endloop
  endfacet
  facet normal -0.0697528 -0.707554 -0.703208
    outer loop
      vertex -43.3602 -34.7729 0.299999
      vertex -43.6683 -36.3327 1.9
      vertex -44 -36.3 1.9
    endloop
  endfacet
  facet normal -0.100385 -0.702697 -0.704372
    outer loop
      vertex -43.6683 -36.3327 1.9
      vertex -43.3602 -34.7729 0.299999
      vertex -43.3581 -34.7732 0.299999
    endloop
  endfacet
  facet normal -0.206346 -0.680412 -0.703179
    outer loop
      vertex -42.7409 -34.9604 0.299999
      vertex -43.3494 -36.4294 1.9
      vertex -43.3562 -34.7738 0.299999
    endloop
  endfacet
  facet normal -0.206322 -0.680416 -0.703183
    outer loop
      vertex -43.6683 -36.3327 1.9
      vertex -43.3562 -34.7738 0.299999
      vertex -43.3494 -36.4294 1.9
    endloop
  endfacet
  facet normal -0.214232 -0.678401 -0.702763
    outer loop
      vertex -43.3562 -34.7738 0.299999
      vertex -43.6683 -36.3327 1.9
      vertex -43.3581 -34.7732 0.299999
    endloop
  endfacet
  facet normal -0.678401 -0.214232 -0.702763
    outer loop
      vertex -42.3327 -37.6683 1.9
      vertex -40.7738 -37.3562 0.299999
      vertex -40.7732 -37.3581 0.299999
    endloop
  endfacet
  facet normal -0.680416 -0.206322 -0.703183
    outer loop
      vertex -40.7738 -37.3562 0.299999
      vertex -42.3327 -37.6683 1.9
      vertex -42.4294 -37.3494 1.9
    endloop
  endfacet
  facet normal -0.627082 0.335107 -0.703186
    outer loop
      vertex -40.9614 -39.2609 0.299999
      vertex -41.2644 -39.8279 0.299999
      vertex -42.5865 -38.9445 1.9
    endloop
  endfacet
  facet normal 0.214232 -0.678401 -0.702763
    outer loop
      vertex -44.3317 -36.3327 1.9
      vertex -44.6438 -34.7738 0.299999
      vertex -44.6419 -34.7732 0.299999
    endloop
  endfacet
  facet normal 0.206322 -0.680416 -0.703183
    outer loop
      vertex -44.6438 -34.7738 0.299999
      vertex -44.3317 -36.3327 1.9
      vertex -44.6506 -36.4294 1.9
    endloop
  endfacet
  facet normal 0.335107 -0.627082 -0.703186
    outer loop
      vertex -45.2609 -34.9614 0.299999
      vertex -44.9445 -36.5865 1.9
      vertex -45.8279 -35.2644 0.299999
    endloop
  endfacet
  facet normal 0.451059 -0.549635 -0.70317
    outer loop
      vertex -45.2021 -36.7979 1.9
      vertex -46.3248 -35.6723 0.299999
      vertex -44.9445 -36.5865 1.9
    endloop
  endfacet
  facet normal 0.448473 -0.551967 -0.702996
    outer loop
      vertex -46.3248 -35.6723 0.299999
      vertex -45.2021 -36.7979 1.9
      vertex -46.3264 -35.6736 0.299999
    endloop
  endfacet
  facet normal 0.549635 -0.451059 -0.70317
    outer loop
      vertex -46.3277 -35.6752 0.299999
      vertex -45.2021 -36.7979 1.9
      vertex -45.4135 -37.0555 1.9
    endloop
  endfacet
  facet normal 0.551967 -0.448473 -0.702996
    outer loop
      vertex -45.2021 -36.7979 1.9
      vertex -46.3277 -35.6752 0.299999
      vertex -46.3264 -35.6736 0.299999
    endloop
  endfacet
  facet normal 0.680412 -0.206346 -0.703179
    outer loop
      vertex -47.0396 -36.7409 0.299999
      vertex -45.5706 -37.3494 1.9
      vertex -47.2262 -37.3562 0.299999
    endloop
  endfacet
  facet normal 0.451059 0.549635 -0.70317
    outer loop
      vertex -46.3248 -40.3277 0.299999
      vertex -45.2021 -39.2021 1.9
      vertex -44.9445 -39.4135 1.9
    endloop
  endfacet
  facet normal 0.448473 0.551967 -0.702996
    outer loop
      vertex -45.2021 -39.2021 1.9
      vertex -46.3248 -40.3277 0.299999
      vertex -46.3264 -40.3264 0.299999
    endloop
  endfacet
  facet normal 0.451127 0.549559 -0.703185
    outer loop
      vertex -44.9445 -39.4135 1.9
      vertex -45.8279 -40.7356 0.299999
      vertex -46.3248 -40.3277 0.299999
    endloop
  endfacet
  facet normal 0.680416 0.206322 -0.703183
    outer loop
      vertex -47.2262 -38.6438 0.299999
      vertex -45.6673 -38.3317 1.9
      vertex -45.5706 -38.6506 1.9
    endloop
  endfacet
  facet normal 0.678401 0.214232 -0.702763
    outer loop
      vertex -45.6673 -38.3317 1.9
      vertex -47.2262 -38.6438 0.299999
      vertex -47.2268 -38.6419 0.299999
    endloop
  endfacet
  facet normal -0.345592 0.622066 -0.702567
    outer loop
      vertex -43.3494 -39.5706 1.9
      vertex -42.7391 -41.0386 0.299999
      vertex -42.7409 -41.0396 0.299999
    endloop
  endfacet
  facet normal -0.335183 0.627055 -0.703174
    outer loop
      vertex -42.7391 -41.0386 0.299999
      vertex -43.3494 -39.5706 1.9
      vertex -43.0555 -39.4135 1.9
    endloop
  endfacet
  facet normal -0.0697837 0.707569 -0.70319
    outer loop
      vertex -44 -39.7 1.9
      vertex -43.3602 -41.227 0.299999
      vertex -44 -41.2901 0.299999
    endloop
  endfacet
  facet normal -0.0674208 0.707918 -0.703069
    outer loop
      vertex -43.3602 -41.227 0.299999
      vertex -43.6683 -39.6673 1.9
      vertex -43.3581 -41.2268 0.299999
    endloop
  endfacet
  facet normal -0.069755 0.707576 -0.703186
    outer loop
      vertex -43.6683 -39.6673 1.9
      vertex -43.3602 -41.227 0.299999
      vertex -44 -39.7 1.9
    endloop
  endfacet
  facet normal -0.335183 -0.627055 -0.703174
    outer loop
      vertex -43.3494 -36.4294 1.9
      vertex -42.7391 -34.9614 0.299999
      vertex -43.0555 -36.5865 1.9
    endloop
  endfacet
  facet normal -0.345592 -0.622066 -0.702567
    outer loop
      vertex -42.7391 -34.9614 0.299999
      vertex -43.3494 -36.4294 1.9
      vertex -42.7409 -34.9604 0.299999
    endloop
  endfacet
  facet normal -0.549635 -0.451059 -0.70317
    outer loop
      vertex -42.7979 -36.7979 1.9
      vertex -41.6723 -35.6752 0.299999
      vertex -42.5865 -37.0555 1.9
    endloop
  endfacet
  facet normal -0.551967 -0.448473 -0.702996
    outer loop
      vertex -41.6723 -35.6752 0.299999
      vertex -42.7979 -36.7979 1.9
      vertex -41.6736 -35.6736 0.299999
    endloop
  endfacet
  facet normal -0.680412 -0.206346 -0.703179
    outer loop
      vertex -40.9604 -36.7409 0.299999
      vertex -40.7738 -37.3562 0.299999
      vertex -42.4294 -37.3494 1.9
    endloop
  endfacet
  facet normal -0.622066 -0.345592 -0.702567
    outer loop
      vertex -42.4294 -37.3494 1.9
      vertex -40.9614 -36.7391 0.299999
      vertex -40.9604 -36.7409 0.299999
    endloop
  endfacet
  facet normal -0.627055 -0.335183 -0.703174
    outer loop
      vertex -40.9614 -36.7391 0.299999
      vertex -42.4294 -37.3494 1.9
      vertex -42.5865 -37.0555 1.9
    endloop
  endfacet
  facet normal -0.627082 -0.335107 -0.703186
    outer loop
      vertex -41.2644 -36.1721 0.299999
      vertex -40.9614 -36.7391 0.299999
      vertex -42.5865 -37.0555 1.9
    endloop
  endfacet
  facet normal -0.702697 -0.100385 -0.704372
    outer loop
      vertex -40.7729 -37.3602 0.299999
      vertex -42.3327 -37.6683 1.9
      vertex -40.7732 -37.3581 0.299999
    endloop
  endfacet
  facet normal -0.707554 -0.0697528 -0.703208
    outer loop
      vertex -42.3327 -37.6683 1.9
      vertex -40.7729 -37.3602 0.299999
      vertex -42.3 -38 1.9
    endloop
  endfacet
  facet normal -0.335107 0.627082 -0.703186
    outer loop
      vertex -42.1721 -40.7356 0.299999
      vertex -42.7391 -41.0386 0.299999
      vertex -43.0555 -39.4135 1.9
    endloop
  endfacet
  facet normal -0.451127 0.549559 -0.703185
    outer loop
      vertex -41.6752 -40.3277 0.299999
      vertex -42.1721 -40.7356 0.299999
      vertex -43.0555 -39.4135 1.9
    endloop
  endfacet
  facet normal -0.680412 0.206346 -0.703179
    outer loop
      vertex -40.7738 -38.6438 0.299999
      vertex -40.9604 -39.2591 0.299999
      vertex -42.4294 -38.6506 1.9
    endloop
  endfacet
  facet normal -0.0696736 -0.707574 -0.703196
    outer loop
      vertex -44 -34.7099 0.299999
      vertex -43.3602 -34.7729 0.299999
      vertex -44 -36.3 1.9
    endloop
  endfacet
  facet normal 0.0696736 -0.707574 -0.703196
    outer loop
      vertex -44 -34.7099 0.299999
      vertex -44 -36.3 1.9
      vertex -44.6398 -34.7729 0.299999
    endloop
  endfacet
  facet normal 0.680416 -0.206322 -0.703183
    outer loop
      vertex -45.6673 -37.6683 1.9
      vertex -47.2262 -37.3562 0.299999
      vertex -45.5706 -37.3494 1.9
    endloop
  endfacet
  facet normal 0.678401 -0.214232 -0.702763
    outer loop
      vertex -47.2262 -37.3562 0.299999
      vertex -45.6673 -37.6683 1.9
      vertex -47.2268 -37.3581 0.299999
    endloop
  endfacet
  facet normal 0.707918 -0.0674208 -0.703069
    outer loop
      vertex -45.6673 -37.6683 1.9
      vertex -47.227 -37.3602 0.299999
      vertex -47.2268 -37.3581 0.299999
    endloop
  endfacet
  facet normal 0.707576 -0.069755 -0.703186
    outer loop
      vertex -47.227 -37.3602 0.299999
      vertex -45.6673 -37.6683 1.9
      vertex -45.7 -38 1.9
    endloop
  endfacet
  facet normal 0.214232 0.678401 -0.702763
    outer loop
      vertex -44.6438 -41.2262 0.299999
      vertex -44.3317 -39.6673 1.9
      vertex -44.6419 -41.2268 0.299999
    endloop
  endfacet
  facet normal 0.206322 0.680416 -0.703183
    outer loop
      vertex -44.3317 -39.6673 1.9
      vertex -44.6438 -41.2262 0.299999
      vertex -44.6506 -39.5706 1.9
    endloop
  endfacet
  facet normal 0.206346 0.680412 -0.703179
    outer loop
      vertex -44.6506 -39.5706 1.9
      vertex -44.6438 -41.2262 0.299999
      vertex -45.2591 -41.0396 0.299999
    endloop
  endfacet
  facet normal 0.549559 0.451127 -0.703185
    outer loop
      vertex -45.4135 -38.9445 1.9
      vertex -46.3277 -40.3248 0.299999
      vertex -46.7356 -39.8279 0.299999
    endloop
  endfacet
  facet normal 0.551967 0.448473 -0.702996
    outer loop
      vertex -46.3277 -40.3248 0.299999
      vertex -45.2021 -39.2021 1.9
      vertex -46.3264 -40.3264 0.299999
    endloop
  endfacet
  facet normal 0.549635 0.451059 -0.70317
    outer loop
      vertex -45.2021 -39.2021 1.9
      vertex -46.3277 -40.3248 0.299999
      vertex -45.4135 -38.9445 1.9
    endloop
  endfacet
  facet normal 0.707576 0.069755 -0.703186
    outer loop
      vertex -45.6673 -38.3317 1.9
      vertex -47.227 -38.6398 0.299999
      vertex -45.7 -38 1.9
    endloop
  endfacet
  facet normal 0.707918 0.0674208 -0.703069
    outer loop
      vertex -47.227 -38.6398 0.299999
      vertex -45.6673 -38.3317 1.9
      vertex -47.2268 -38.6419 0.299999
    endloop
  endfacet
  facet normal 0.707569 0.0697837 -0.70319
    outer loop
      vertex -45.7 -38 1.9
      vertex -47.227 -38.6398 0.299999
      vertex -47.2901 -38 0.299999
    endloop
  endfacet
  facet normal 0.069755 0.707576 -0.703186
    outer loop
      vertex -44.6398 -41.227 0.299999
      vertex -44.3317 -39.6673 1.9
      vertex -44 -39.7 1.9
    endloop
  endfacet
  facet normal 0.0674208 0.707918 -0.703069
    outer loop
      vertex -44.3317 -39.6673 1.9
      vertex -44.6398 -41.227 0.299999
      vertex -44.6419 -41.2268 0.299999
    endloop
  endfacet
  facet normal 0.0697837 0.707569 -0.70319
    outer loop
      vertex -44 -39.7 1.9
      vertex -44 -41.2901 0.299999
      vertex -44.6398 -41.227 0.299999
    endloop
  endfacet
  facet normal -0.448473 -0.551967 -0.702996
    outer loop
      vertex -42.7979 -36.7979 1.9
      vertex -41.6752 -35.6723 0.299999
      vertex -41.6736 -35.6736 0.299999
    endloop
  endfacet
  facet normal -0.451059 -0.549635 -0.70317
    outer loop
      vertex -41.6752 -35.6723 0.299999
      vertex -42.7979 -36.7979 1.9
      vertex -43.0555 -36.5865 1.9
    endloop
  endfacet
  facet normal -0.451127 -0.549559 -0.703185
    outer loop
      vertex -42.1721 -35.2644 0.299999
      vertex -41.6752 -35.6723 0.299999
      vertex -43.0555 -36.5865 1.9
    endloop
  endfacet
  facet normal -0.448473 0.551967 -0.702996
    outer loop
      vertex -41.6752 -40.3277 0.299999
      vertex -42.7979 -39.2021 1.9
      vertex -41.6736 -40.3264 0.299999
    endloop
  endfacet
  facet normal -0.451059 0.549635 -0.70317
    outer loop
      vertex -42.7979 -39.2021 1.9
      vertex -41.6752 -40.3277 0.299999
      vertex -43.0555 -39.4135 1.9
    endloop
  endfacet
  facet normal -0.678401 0.214232 -0.702763
    outer loop
      vertex -40.7738 -38.6438 0.299999
      vertex -42.3327 -38.3317 1.9
      vertex -40.7732 -38.6419 0.299999
    endloop
  endfacet
  facet normal -0.680416 0.206322 -0.703183
    outer loop
      vertex -42.3327 -38.3317 1.9
      vertex -40.7738 -38.6438 0.299999
      vertex -42.4294 -38.6506 1.9
    endloop
  endfacet
  facet normal -0.707554 0.0697528 -0.703208
    outer loop
      vertex -40.7729 -38.6398 0.299999
      vertex -42.3327 -38.3317 1.9
      vertex -42.3 -38 1.9
    endloop
  endfacet
  facet normal -0.702697 0.100385 -0.704372
    outer loop
      vertex -42.3327 -38.3317 1.9
      vertex -40.7729 -38.6398 0.299999
      vertex -40.7732 -38.6419 0.299999
    endloop
  endfacet
  facet normal 0.100385 -0.702697 -0.704372
    outer loop
      vertex -44.6398 -34.7729 0.299999
      vertex -44.3317 -36.3327 1.9
      vertex -44.6419 -34.7732 0.299999
    endloop
  endfacet
  facet normal 0.0697528 -0.707554 -0.703208
    outer loop
      vertex -44.3317 -36.3327 1.9
      vertex -44.6398 -34.7729 0.299999
      vertex -44 -36.3 1.9
    endloop
  endfacet
  facet normal 0.345592 0.622066 -0.702567
    outer loop
      vertex -45.2609 -41.0386 0.299999
      vertex -44.6506 -39.5706 1.9
      vertex -45.2591 -41.0396 0.299999
    endloop
  endfacet
  facet normal 0.335183 0.627055 -0.703174
    outer loop
      vertex -44.6506 -39.5706 1.9
      vertex -45.2609 -41.0386 0.299999
      vertex -44.9445 -39.4135 1.9
    endloop
  endfacet
  facet normal 0.680412 0.206346 -0.703179
    outer loop
      vertex -45.5706 -38.6506 1.9
      vertex -47.0396 -39.2591 0.299999
      vertex -47.2262 -38.6438 0.299999
    endloop
  endfacet
  facet normal 0.627055 0.335183 -0.703174
    outer loop
      vertex -47.0386 -39.2609 0.299999
      vertex -45.5706 -38.6506 1.9
      vertex -45.4135 -38.9445 1.9
    endloop
  endfacet
  facet normal 0.622066 0.345592 -0.702567
    outer loop
      vertex -45.5706 -38.6506 1.9
      vertex -47.0386 -39.2609 0.299999
      vertex -47.0396 -39.2591 0.299999
    endloop
  endfacet
  facet normal -0.214232 0.678401 -0.702763
    outer loop
      vertex -43.6683 -39.6673 1.9
      vertex -43.3562 -41.2262 0.299999
      vertex -43.3581 -41.2268 0.299999
    endloop
  endfacet
  facet normal -0.206322 0.680416 -0.703183
    outer loop
      vertex -43.3562 -41.2262 0.299999
      vertex -43.6683 -39.6673 1.9
      vertex -43.3494 -39.5706 1.9
    endloop
  endfacet
  facet normal -0.707569 -0.0697837 -0.70319
    outer loop
      vertex 47.227 17.6398 0.299999
      vertex 47.2901 17 0.299999
      vertex 45.7 17 1.9
    endloop
  endfacet
  facet normal -0.680412 -0.206346 -0.703179
    outer loop
      vertex 47.0396 18.2591 0.299999
      vertex 47.2262 17.6438 0.299999
      vertex 45.5706 17.6506 1.9
    endloop
  endfacet
  facet normal -0.627082 0.335107 -0.703186
    outer loop
      vertex 47.0386 15.7391 0.299999
      vertex 46.7356 15.1721 0.299999
      vertex 45.4135 16.0555 1.9
    endloop
  endfacet
  facet normal 0.627082 -0.335107 -0.703186
    outer loop
      vertex 41.2644 18.8279 0.299999
      vertex 42.5865 17.9445 1.9
      vertex 40.9614 18.2609 0.299999
    endloop
  endfacet
  facet normal 0.335183 -0.627055 -0.703174
    outer loop
      vertex 42.7391 20.0386 0.299999
      vertex 43.3494 18.5706 1.9
      vertex 43.0555 18.4135 1.9
    endloop
  endfacet
  facet normal 0.345592 -0.622066 -0.702567
    outer loop
      vertex 43.3494 18.5706 1.9
      vertex 42.7391 20.0386 0.299999
      vertex 42.7409 20.0396 0.299999
    endloop
  endfacet
  facet normal 0.627055 -0.335183 -0.703174
    outer loop
      vertex 42.4294 17.6506 1.9
      vertex 40.9614 18.2609 0.299999
      vertex 42.5865 17.9445 1.9
    endloop
  endfacet
  facet normal 0.622066 -0.345592 -0.702567
    outer loop
      vertex 40.9614 18.2609 0.299999
      vertex 42.4294 17.6506 1.9
      vertex 40.9604 18.2591 0.299999
    endloop
  endfacet
  facet normal 0.707554 0.0697528 -0.703208
    outer loop
      vertex 42.3327 16.6683 1.9
      vertex 40.7729 16.3602 0.299999
      vertex 42.3 17 1.9
    endloop
  endfacet
  facet normal 0.702697 0.100385 -0.704372
    outer loop
      vertex 40.7729 16.3602 0.299999
      vertex 42.3327 16.6683 1.9
      vertex 40.7732 16.3581 0.299999
    endloop
  endfacet
  facet normal -0.214232 0.678401 -0.702763
    outer loop
      vertex 44.3317 15.3327 1.9
      vertex 44.6438 13.7738 0.299999
      vertex 44.6419 13.7732 0.299999
    endloop
  endfacet
  facet normal -0.206322 0.680416 -0.703183
    outer loop
      vertex 44.6438 13.7738 0.299999
      vertex 44.3317 15.3327 1.9
      vertex 44.6506 15.4294 1.9
    endloop
  endfacet
  facet normal -0.551967 0.448473 -0.702996
    outer loop
      vertex 45.2021 15.7979 1.9
      vertex 46.3277 14.6752 0.299999
      vertex 46.3264 14.6736 0.299999
    endloop
  endfacet
  facet normal -0.549635 0.451059 -0.70317
    outer loop
      vertex 46.3277 14.6752 0.299999
      vertex 45.2021 15.7979 1.9
      vertex 45.4135 16.0555 1.9
    endloop
  endfacet
  facet normal 0.214232 -0.678401 -0.702763
    outer loop
      vertex 43.6683 18.6673 1.9
      vertex 43.3562 20.2262 0.299999
      vertex 43.3581 20.2268 0.299999
    endloop
  endfacet
  facet normal 0.206322 -0.680416 -0.703183
    outer loop
      vertex 43.3562 20.2262 0.299999
      vertex 43.6683 18.6673 1.9
      vertex 43.3494 18.5706 1.9
    endloop
  endfacet
  facet normal -0.335107 -0.627082 -0.703186
    outer loop
      vertex 45.2609 20.0386 0.299999
      vertex 45.8279 19.7356 0.299999
      vertex 44.9445 18.4135 1.9
    endloop
  endfacet
  facet normal -0.627082 -0.335107 -0.703186
    outer loop
      vertex 46.7356 18.8279 0.299999
      vertex 47.0386 18.2609 0.299999
      vertex 45.4135 17.9445 1.9
    endloop
  endfacet
  facet normal -0.622066 -0.345592 -0.702567
    outer loop
      vertex 45.5706 17.6506 1.9
      vertex 47.0386 18.2609 0.299999
      vertex 47.0396 18.2591 0.299999
    endloop
  endfacet
  facet normal -0.627055 -0.335183 -0.703174
    outer loop
      vertex 47.0386 18.2609 0.299999
      vertex 45.5706 17.6506 1.9
      vertex 45.4135 17.9445 1.9
    endloop
  endfacet
  facet normal -0.549559 0.451127 -0.703185
    outer loop
      vertex 46.7356 15.1721 0.299999
      vertex 46.3277 14.6752 0.299999
      vertex 45.4135 16.0555 1.9
    endloop
  endfacet
  facet normal -0.707569 0.0697837 -0.70319
    outer loop
      vertex 47.2901 17 0.299999
      vertex 47.227 16.3602 0.299999
      vertex 45.7 17 1.9
    endloop
  endfacet
  facet normal 0.680412 -0.206346 -0.703179
    outer loop
      vertex 40.9604 18.2591 0.299999
      vertex 42.4294 17.6506 1.9
      vertex 40.7738 17.6438 0.299999
    endloop
  endfacet
  facet normal 0.549559 -0.451127 -0.703185
    outer loop
      vertex 41.6723 19.3248 0.299999
      vertex 42.5865 17.9445 1.9
      vertex 41.2644 18.8279 0.299999
    endloop
  endfacet
  facet normal 0.702697 -0.100385 -0.704372
    outer loop
      vertex 42.3327 17.3317 1.9
      vertex 40.7729 17.6398 0.299999
      vertex 40.7732 17.6419 0.299999
    endloop
  endfacet
  facet normal 0.707554 -0.0697528 -0.703208
    outer loop
      vertex 40.7729 17.6398 0.299999
      vertex 42.3327 17.3317 1.9
      vertex 42.3 17 1.9
    endloop
  endfacet
  facet normal 0.335107 0.627082 -0.703186
    outer loop
      vertex 43.0555 15.5865 1.9
      vertex 42.7391 13.9614 0.299999
      vertex 42.1721 14.2644 0.299999
    endloop
  endfacet
  facet normal -0.206346 0.680412 -0.703179
    outer loop
      vertex 44.6506 15.4294 1.9
      vertex 45.2591 13.9604 0.299999
      vertex 44.6438 13.7738 0.299999
    endloop
  endfacet
  facet normal -0.069755 -0.707576 -0.703186
    outer loop
      vertex 44.6398 20.227 0.299999
      vertex 44.3317 18.6673 1.9
      vertex 44 18.7 1.9
    endloop
  endfacet
  facet normal -0.0674208 -0.707918 -0.703069
    outer loop
      vertex 44.3317 18.6673 1.9
      vertex 44.6398 20.227 0.299999
      vertex 44.6419 20.2268 0.299999
    endloop
  endfacet
  facet normal -0.206346 -0.680412 -0.703179
    outer loop
      vertex 45.2591 20.0396 0.299999
      vertex 44.6506 18.5706 1.9
      vertex 44.6438 20.2262 0.299999
    endloop
  endfacet
  facet normal -0.206322 -0.680416 -0.703183
    outer loop
      vertex 44.3317 18.6673 1.9
      vertex 44.6438 20.2262 0.299999
      vertex 44.6506 18.5706 1.9
    endloop
  endfacet
  facet normal -0.214232 -0.678401 -0.702763
    outer loop
      vertex 44.6438 20.2262 0.299999
      vertex 44.3317 18.6673 1.9
      vertex 44.6419 20.2268 0.299999
    endloop
  endfacet
  facet normal 0.335107 -0.627082 -0.703186
    outer loop
      vertex 42.7391 20.0386 0.299999
      vertex 43.0555 18.4135 1.9
      vertex 42.1721 19.7356 0.299999
    endloop
  endfacet
  facet normal 0.206346 -0.680412 -0.703179
    outer loop
      vertex 43.3562 20.2262 0.299999
      vertex 43.3494 18.5706 1.9
      vertex 42.7409 20.0396 0.299999
    endloop
  endfacet
  facet normal -0.0697837 -0.707569 -0.70319
    outer loop
      vertex 44 20.2901 0.299999
      vertex 44.6398 20.227 0.299999
      vertex 44 18.7 1.9
    endloop
  endfacet
  facet normal 0.0697837 -0.707569 -0.70319
    outer loop
      vertex 44 20.2901 0.299999
      vertex 44 18.7 1.9
      vertex 43.3602 20.227 0.299999
    endloop
  endfacet
  facet normal -0.549559 -0.451127 -0.703185
    outer loop
      vertex 46.3277 19.3248 0.299999
      vertex 46.7356 18.8279 0.299999
      vertex 45.4135 17.9445 1.9
    endloop
  endfacet
  facet normal -0.549635 -0.451059 -0.70317
    outer loop
      vertex 45.2021 18.2021 1.9
      vertex 46.3277 19.3248 0.299999
      vertex 45.4135 17.9445 1.9
    endloop
  endfacet
  facet normal -0.551967 -0.448473 -0.702996
    outer loop
      vertex 46.3277 19.3248 0.299999
      vertex 45.2021 18.2021 1.9
      vertex 46.3264 19.3264 0.299999
    endloop
  endfacet
  facet normal -0.622066 0.345592 -0.702567
    outer loop
      vertex 47.0386 15.7391 0.299999
      vertex 45.5706 16.3494 1.9
      vertex 47.0396 15.7409 0.299999
    endloop
  endfacet
  facet normal -0.627055 0.335183 -0.703174
    outer loop
      vertex 45.5706 16.3494 1.9
      vertex 47.0386 15.7391 0.299999
      vertex 45.4135 16.0555 1.9
    endloop
  endfacet
  facet normal 0.451127 -0.549559 -0.703185
    outer loop
      vertex 42.1721 19.7356 0.299999
      vertex 43.0555 18.4135 1.9
      vertex 41.6752 19.3277 0.299999
    endloop
  endfacet
  facet normal 0.451059 0.549635 -0.70317
    outer loop
      vertex 41.6752 14.6723 0.299999
      vertex 42.7979 15.7979 1.9
      vertex 43.0555 15.5865 1.9
    endloop
  endfacet
  facet normal 0.448473 0.551967 -0.702996
    outer loop
      vertex 42.7979 15.7979 1.9
      vertex 41.6752 14.6723 0.299999
      vertex 41.6736 14.6736 0.299999
    endloop
  endfacet
  facet normal 0.627082 0.335107 -0.703186
    outer loop
      vertex 42.5865 16.0555 1.9
      vertex 41.2644 15.1721 0.299999
      vertex 40.9614 15.7391 0.299999
    endloop
  endfacet
  facet normal 0.551967 0.448473 -0.702996
    outer loop
      vertex 41.6723 14.6752 0.299999
      vertex 42.7979 15.7979 1.9
      vertex 41.6736 14.6736 0.299999
    endloop
  endfacet
  facet normal 0.549635 0.451059 -0.70317
    outer loop
      vertex 42.7979 15.7979 1.9
      vertex 41.6723 14.6752 0.299999
      vertex 42.5865 16.0555 1.9
    endloop
  endfacet
  facet normal 0.549559 0.451127 -0.703185
    outer loop
      vertex 42.5865 16.0555 1.9
      vertex 41.6723 14.6752 0.299999
      vertex 41.2644 15.1721 0.299999
    endloop
  endfacet
  facet normal 0.680416 0.206322 -0.703183
    outer loop
      vertex 40.7738 16.3562 0.299999
      vertex 42.3327 16.6683 1.9
      vertex 42.4294 16.3494 1.9
    endloop
  endfacet
  facet normal 0.678401 0.214232 -0.702763
    outer loop
      vertex 42.3327 16.6683 1.9
      vertex 40.7738 16.3562 0.299999
      vertex 40.7732 16.3581 0.299999
    endloop
  endfacet
  facet normal 0.680416 -0.206322 -0.703183
    outer loop
      vertex 42.3327 17.3317 1.9
      vertex 40.7738 17.6438 0.299999
      vertex 42.4294 17.6506 1.9
    endloop
  endfacet
  facet normal 0.678401 -0.214232 -0.702763
    outer loop
      vertex 40.7738 17.6438 0.299999
      vertex 42.3327 17.3317 1.9
      vertex 40.7732 17.6419 0.299999
    endloop
  endfacet
  facet normal 0.707574 -0.0696736 -0.703196
    outer loop
      vertex 40.7729 17.6398 0.299999
      vertex 42.3 17 1.9
      vertex 40.7099 17 0.299999
    endloop
  endfacet
  facet normal 0.707574 0.0696736 -0.703196
    outer loop
      vertex 42.3 17 1.9
      vertex 40.7729 16.3602 0.299999
      vertex 40.7099 17 0.299999
    endloop
  endfacet
  facet normal 0.345592 0.622066 -0.702567
    outer loop
      vertex 42.7391 13.9614 0.299999
      vertex 43.3494 15.4294 1.9
      vertex 42.7409 13.9604 0.299999
    endloop
  endfacet
  facet normal 0.335183 0.627055 -0.703174
    outer loop
      vertex 43.3494 15.4294 1.9
      vertex 42.7391 13.9614 0.299999
      vertex 43.0555 15.5865 1.9
    endloop
  endfacet
  facet normal -0.0697837 0.707569 -0.70319
    outer loop
      vertex 44 15.3 1.9
      vertex 44.6398 13.773 0.299999
      vertex 44 13.7099 0.299999
    endloop
  endfacet
  facet normal 0.206346 0.680412 -0.703179
    outer loop
      vertex 43.3494 15.4294 1.9
      vertex 43.3562 13.7738 0.299999
      vertex 42.7409 13.9604 0.299999
    endloop
  endfacet
  facet normal -0.345592 0.622066 -0.702567
    outer loop
      vertex 44.6506 15.4294 1.9
      vertex 45.2609 13.9614 0.299999
      vertex 45.2591 13.9604 0.299999
    endloop
  endfacet
  facet normal -0.335183 0.627055 -0.703174
    outer loop
      vertex 45.2609 13.9614 0.299999
      vertex 44.6506 15.4294 1.9
      vertex 44.9445 15.5865 1.9
    endloop
  endfacet
  facet normal -0.335183 -0.627055 -0.703174
    outer loop
      vertex 44.6506 18.5706 1.9
      vertex 45.2609 20.0386 0.299999
      vertex 44.9445 18.4135 1.9
    endloop
  endfacet
  facet normal -0.345592 -0.622066 -0.702567
    outer loop
      vertex 45.2609 20.0386 0.299999
      vertex 44.6506 18.5706 1.9
      vertex 45.2591 20.0396 0.299999
    endloop
  endfacet
  facet normal 0.0674208 -0.707918 -0.703069
    outer loop
      vertex 43.3602 20.227 0.299999
      vertex 43.6683 18.6673 1.9
      vertex 43.3581 20.2268 0.299999
    endloop
  endfacet
  facet normal 0.069755 -0.707576 -0.703186
    outer loop
      vertex 43.6683 18.6673 1.9
      vertex 43.3602 20.227 0.299999
      vertex 44 18.7 1.9
    endloop
  endfacet
  facet normal -0.678401 -0.214232 -0.702763
    outer loop
      vertex 45.6673 17.3317 1.9
      vertex 47.2262 17.6438 0.299999
      vertex 47.2268 17.6419 0.299999
    endloop
  endfacet
  facet normal -0.680416 -0.206322 -0.703183
    outer loop
      vertex 47.2262 17.6438 0.299999
      vertex 45.6673 17.3317 1.9
      vertex 45.5706 17.6506 1.9
    endloop
  endfacet
  facet normal -0.335107 0.627082 -0.703186
    outer loop
      vertex 45.8279 14.2644 0.299999
      vertex 45.2609 13.9614 0.299999
      vertex 44.9445 15.5865 1.9
    endloop
  endfacet
  facet normal -0.451127 0.549559 -0.703185
    outer loop
      vertex 46.3248 14.6723 0.299999
      vertex 45.8279 14.2644 0.299999
      vertex 44.9445 15.5865 1.9
    endloop
  endfacet
  facet normal -0.680412 0.206346 -0.703179
    outer loop
      vertex 47.2262 16.3562 0.299999
      vertex 47.0396 15.7409 0.299999
      vertex 45.5706 16.3494 1.9
    endloop
  endfacet
  facet normal 0.451059 -0.549635 -0.70317
    outer loop
      vertex 42.7979 18.2021 1.9
      vertex 41.6752 19.3277 0.299999
      vertex 43.0555 18.4135 1.9
    endloop
  endfacet
  facet normal 0.448473 -0.551967 -0.702996
    outer loop
      vertex 41.6752 19.3277 0.299999
      vertex 42.7979 18.2021 1.9
      vertex 41.6736 19.3264 0.299999
    endloop
  endfacet
  facet normal 0.549635 -0.451059 -0.70317
    outer loop
      vertex 41.6723 19.3248 0.299999
      vertex 42.7979 18.2021 1.9
      vertex 42.5865 17.9445 1.9
    endloop
  endfacet
  facet normal 0.551967 -0.448473 -0.702996
    outer loop
      vertex 42.7979 18.2021 1.9
      vertex 41.6723 19.3248 0.299999
      vertex 41.6736 19.3264 0.299999
    endloop
  endfacet
  facet normal 0.451127 0.549559 -0.703185
    outer loop
      vertex 43.0555 15.5865 1.9
      vertex 42.1721 14.2644 0.299999
      vertex 41.6752 14.6723 0.299999
    endloop
  endfacet
  facet normal 0.627055 0.335183 -0.703174
    outer loop
      vertex 40.9614 15.7391 0.299999
      vertex 42.4294 16.3494 1.9
      vertex 42.5865 16.0555 1.9
    endloop
  endfacet
  facet normal 0.622066 0.345592 -0.702567
    outer loop
      vertex 42.4294 16.3494 1.9
      vertex 40.9614 15.7391 0.299999
      vertex 40.9604 15.7409 0.299999
    endloop
  endfacet
  facet normal 0.680412 0.206346 -0.703179
    outer loop
      vertex 42.4294 16.3494 1.9
      vertex 40.9604 15.7409 0.299999
      vertex 40.7738 16.3562 0.299999
    endloop
  endfacet
  facet normal -0.0674208 0.707918 -0.703069
    outer loop
      vertex 44.6398 13.773 0.299999
      vertex 44.3317 15.3327 1.9
      vertex 44.6419 13.7732 0.299999
    endloop
  endfacet
  facet normal -0.069755 0.707576 -0.703186
    outer loop
      vertex 44.3317 15.3327 1.9
      vertex 44.6398 13.773 0.299999
      vertex 44 15.3 1.9
    endloop
  endfacet
  facet normal 0.0697837 0.707569 -0.70319
    outer loop
      vertex 44 15.3 1.9
      vertex 44 13.7099 0.299999
      vertex 43.3602 13.773 0.299999
    endloop
  endfacet
  facet normal -0.448473 -0.551967 -0.702996
    outer loop
      vertex 45.2021 18.2021 1.9
      vertex 46.3248 19.3277 0.299999
      vertex 46.3264 19.3264 0.299999
    endloop
  endfacet
  facet normal -0.451059 -0.549635 -0.70317
    outer loop
      vertex 46.3248 19.3277 0.299999
      vertex 45.2021 18.2021 1.9
      vertex 44.9445 18.4135 1.9
    endloop
  endfacet
  facet normal -0.451127 -0.549559 -0.703185
    outer loop
      vertex 45.8279 19.7356 0.299999
      vertex 46.3248 19.3277 0.299999
      vertex 44.9445 18.4135 1.9
    endloop
  endfacet
  facet normal -0.707918 -0.0674208 -0.703069
    outer loop
      vertex 47.227 17.6398 0.299999
      vertex 45.6673 17.3317 1.9
      vertex 47.2268 17.6419 0.299999
    endloop
  endfacet
  facet normal -0.707576 -0.069755 -0.703186
    outer loop
      vertex 45.6673 17.3317 1.9
      vertex 47.227 17.6398 0.299999
      vertex 45.7 17 1.9
    endloop
  endfacet
  facet normal -0.448473 0.551967 -0.702996
    outer loop
      vertex 46.3248 14.6723 0.299999
      vertex 45.2021 15.7979 1.9
      vertex 46.3264 14.6736 0.299999
    endloop
  endfacet
  facet normal -0.451059 0.549635 -0.70317
    outer loop
      vertex 45.2021 15.7979 1.9
      vertex 46.3248 14.6723 0.299999
      vertex 44.9445 15.5865 1.9
    endloop
  endfacet
  facet normal -0.678401 0.214232 -0.702763
    outer loop
      vertex 47.2262 16.3562 0.299999
      vertex 45.6673 16.6683 1.9
      vertex 47.2268 16.3581 0.299999
    endloop
  endfacet
  facet normal -0.680416 0.206322 -0.703183
    outer loop
      vertex 45.6673 16.6683 1.9
      vertex 47.2262 16.3562 0.299999
      vertex 45.5706 16.3494 1.9
    endloop
  endfacet
  facet normal -0.707576 0.069755 -0.703186
    outer loop
      vertex 47.227 16.3602 0.299999
      vertex 45.6673 16.6683 1.9
      vertex 45.7 17 1.9
    endloop
  endfacet
  facet normal -0.707918 0.0674208 -0.703069
    outer loop
      vertex 45.6673 16.6683 1.9
      vertex 47.227 16.3602 0.299999
      vertex 47.2268 16.3581 0.299999
    endloop
  endfacet
  facet normal 0.214232 0.678401 -0.702763
    outer loop
      vertex 43.3562 13.7738 0.299999
      vertex 43.6683 15.3327 1.9
      vertex 43.3581 13.7732 0.299999
    endloop
  endfacet
  facet normal 0.206322 0.680416 -0.703183
    outer loop
      vertex 43.6683 15.3327 1.9
      vertex 43.3562 13.7738 0.299999
      vertex 43.3494 15.4294 1.9
    endloop
  endfacet
  facet normal 0.069755 0.707576 -0.703186
    outer loop
      vertex 43.3602 13.773 0.299999
      vertex 43.6683 15.3327 1.9
      vertex 44 15.3 1.9
    endloop
  endfacet
  facet normal 0.0674208 0.707918 -0.703069
    outer loop
      vertex 43.6683 15.3327 1.9
      vertex 43.3602 13.773 0.299999
      vertex 43.3581 13.7732 0.299999
    endloop
  endfacet
  facet normal -0.707569 -0.0697837 -0.70319
    outer loop
      vertex 47.227 -37.3602 0.299999
      vertex 47.2901 -38 0.299999
      vertex 45.7 -38 1.9
    endloop
  endfacet
  facet normal -0.0697837 0.707569 -0.70319
    outer loop
      vertex 44 -39.7 1.9
      vertex 44.6398 -41.227 0.299999
      vertex 44 -41.2901 0.299999
    endloop
  endfacet
  facet normal -0.0674208 0.707918 -0.703069
    outer loop
      vertex 44.6398 -41.227 0.299999
      vertex 44.3317 -39.6673 1.9
      vertex 44.6419 -41.2268 0.299999
    endloop
  endfacet
  facet normal -0.069755 0.707576 -0.703186
    outer loop
      vertex 44.3317 -39.6673 1.9
      vertex 44.6398 -41.227 0.299999
      vertex 44 -39.7 1.9
    endloop
  endfacet
  facet normal 0.206346 -0.680412 -0.703179
    outer loop
      vertex 43.3562 -34.7738 0.299999
      vertex 43.3494 -36.4294 1.9
      vertex 42.7409 -34.9604 0.299999
    endloop
  endfacet
  facet normal -0.335107 -0.627082 -0.703186
    outer loop
      vertex 45.2609 -34.9614 0.299999
      vertex 45.8279 -35.2644 0.299999
      vertex 44.9445 -36.5865 1.9
    endloop
  endfacet
  facet normal -0.622066 0.345592 -0.702567
    outer loop
      vertex 47.0386 -39.2609 0.299999
      vertex 45.5706 -38.6506 1.9
      vertex 47.0396 -39.2591 0.299999
    endloop
  endfacet
  facet normal -0.627055 0.335183 -0.703174
    outer loop
      vertex 45.5706 -38.6506 1.9
      vertex 47.0386 -39.2609 0.299999
      vertex 45.4135 -38.9445 1.9
    endloop
  endfacet
  facet normal 0.549559 -0.451127 -0.703185
    outer loop
      vertex 41.6723 -35.6752 0.299999
      vertex 42.5865 -37.0555 1.9
      vertex 41.2644 -36.1721 0.299999
    endloop
  endfacet
  facet normal 0.451127 -0.549559 -0.703185
    outer loop
      vertex 42.1721 -35.2644 0.299999
      vertex 43.0555 -36.5865 1.9
      vertex 41.6752 -35.6723 0.299999
    endloop
  endfacet
  facet normal 0.627055 -0.335183 -0.703174
    outer loop
      vertex 42.4294 -37.3494 1.9
      vertex 40.9614 -36.7391 0.299999
      vertex 42.5865 -37.0555 1.9
    endloop
  endfacet
  facet normal 0.622066 -0.345592 -0.702567
    outer loop
      vertex 40.9614 -36.7391 0.299999
      vertex 42.4294 -37.3494 1.9
      vertex 40.9604 -36.7409 0.299999
    endloop
  endfacet
  facet normal -0.549559 -0.451127 -0.703185
    outer loop
      vertex 46.3277 -35.6752 0.299999
      vertex 46.7356 -36.1721 0.299999
      vertex 45.4135 -37.0555 1.9
    endloop
  endfacet
  facet normal -0.551967 0.448473 -0.702996
    outer loop
      vertex 45.2021 -39.2021 1.9
      vertex 46.3277 -40.3248 0.299999
      vertex 46.3264 -40.3264 0.299999
    endloop
  endfacet
  facet normal -0.549635 0.451059 -0.70317
    outer loop
      vertex 46.3277 -40.3248 0.299999
      vertex 45.2021 -39.2021 1.9
      vertex 45.4135 -38.9445 1.9
    endloop
  endfacet
  facet normal -0.345592 0.622066 -0.702567
    outer loop
      vertex 44.6506 -39.5706 1.9
      vertex 45.2609 -41.0386 0.299999
      vertex 45.2591 -41.0396 0.299999
    endloop
  endfacet
  facet normal -0.335183 0.627055 -0.703174
    outer loop
      vertex 45.2609 -41.0386 0.299999
      vertex 44.6506 -39.5706 1.9
      vertex 44.9445 -39.4135 1.9
    endloop
  endfacet
  facet normal -0.549559 0.451127 -0.703185
    outer loop
      vertex 46.7356 -39.8279 0.299999
      vertex 46.3277 -40.3248 0.299999
      vertex 45.4135 -38.9445 1.9
    endloop
  endfacet
  facet normal -0.707569 0.0697837 -0.70319
    outer loop
      vertex 47.2901 -38 0.299999
      vertex 47.227 -38.6398 0.299999
      vertex 45.7 -38 1.9
    endloop
  endfacet
  facet normal 0.627082 -0.335107 -0.703186
    outer loop
      vertex 41.2644 -36.1721 0.299999
      vertex 42.5865 -37.0555 1.9
      vertex 40.9614 -36.7391 0.299999
    endloop
  endfacet
  facet normal 0.335183 -0.627055 -0.703174
    outer loop
      vertex 42.7391 -34.9614 0.299999
      vertex 43.3494 -36.4294 1.9
      vertex 43.0555 -36.5865 1.9
    endloop
  endfacet
  facet normal 0.345592 -0.622066 -0.702567
    outer loop
      vertex 43.3494 -36.4294 1.9
      vertex 42.7391 -34.9614 0.299999
      vertex 42.7409 -34.9604 0.299999
    endloop
  endfacet
  facet normal 0.707574 -0.0696736 -0.703196
    outer loop
      vertex 40.7729 -37.3602 0.299999
      vertex 42.3 -38 1.9
      vertex 40.7099 -38 0.299999
    endloop
  endfacet
  facet normal 0.335107 0.627082 -0.703186
    outer loop
      vertex 43.0555 -39.4135 1.9
      vertex 42.7391 -41.0386 0.299999
      vertex 42.1721 -40.7356 0.299999
    endloop
  endfacet
  facet normal 0.627082 0.335107 -0.703186
    outer loop
      vertex 42.5865 -38.9445 1.9
      vertex 41.2644 -39.8279 0.299999
      vertex 40.9614 -39.2609 0.299999
    endloop
  endfacet
  facet normal -0.0697528 -0.707554 -0.703208
    outer loop
      vertex 44.6398 -34.7729 0.299999
      vertex 44.3317 -36.3327 1.9
      vertex 44 -36.3 1.9
    endloop
  endfacet
  facet normal -0.100385 -0.702697 -0.704372
    outer loop
      vertex 44.3317 -36.3327 1.9
      vertex 44.6398 -34.7729 0.299999
      vertex 44.6419 -34.7732 0.299999
    endloop
  endfacet
  facet normal -0.206346 -0.680412 -0.703179
    outer loop
      vertex 45.2591 -34.9604 0.299999
      vertex 44.6506 -36.4294 1.9
      vertex 44.6438 -34.7738 0.299999
    endloop
  endfacet
  facet normal -0.206322 -0.680416 -0.703183
    outer loop
      vertex 44.3317 -36.3327 1.9
      vertex 44.6438 -34.7738 0.299999
      vertex 44.6506 -36.4294 1.9
    endloop
  endfacet
  facet normal -0.214232 -0.678401 -0.702763
    outer loop
      vertex 44.6438 -34.7738 0.299999
      vertex 44.3317 -36.3327 1.9
      vertex 44.6419 -34.7732 0.299999
    endloop
  endfacet
  facet normal -0.678401 -0.214232 -0.702763
    outer loop
      vertex 45.6673 -37.6683 1.9
      vertex 47.2262 -37.3562 0.299999
      vertex 47.2268 -37.3581 0.299999
    endloop
  endfacet
  facet normal -0.680416 -0.206322 -0.703183
    outer loop
      vertex 47.2262 -37.3562 0.299999
      vertex 45.6673 -37.6683 1.9
      vertex 45.5706 -37.3494 1.9
    endloop
  endfacet
  facet normal -0.206346 0.680412 -0.703179
    outer loop
      vertex 44.6506 -39.5706 1.9
      vertex 45.2591 -41.0396 0.299999
      vertex 44.6438 -41.2262 0.299999
    endloop
  endfacet
  facet normal -0.627082 0.335107 -0.703186
    outer loop
      vertex 47.0386 -39.2609 0.299999
      vertex 46.7356 -39.8279 0.299999
      vertex 45.4135 -38.9445 1.9
    endloop
  endfacet
  facet normal 0.214232 -0.678401 -0.702763
    outer loop
      vertex 43.6683 -36.3327 1.9
      vertex 43.3562 -34.7738 0.299999
      vertex 43.3581 -34.7732 0.299999
    endloop
  endfacet
  facet normal 0.206322 -0.680416 -0.703183
    outer loop
      vertex 43.3562 -34.7738 0.299999
      vertex 43.6683 -36.3327 1.9
      vertex 43.3494 -36.4294 1.9
    endloop
  endfacet
  facet normal 0.335107 -0.627082 -0.703186
    outer loop
      vertex 42.7391 -34.9614 0.299999
      vertex 43.0555 -36.5865 1.9
      vertex 42.1721 -35.2644 0.299999
    endloop
  endfacet
  facet normal 0.451059 -0.549635 -0.70317
    outer loop
      vertex 42.7979 -36.7979 1.9
      vertex 41.6752 -35.6723 0.299999
      vertex 43.0555 -36.5865 1.9
    endloop
  endfacet
  facet normal 0.448473 -0.551967 -0.702996
    outer loop
      vertex 41.6752 -35.6723 0.299999
      vertex 42.7979 -36.7979 1.9
      vertex 41.6736 -35.6736 0.299999
    endloop
  endfacet
  facet normal 0.549635 -0.451059 -0.70317
    outer loop
      vertex 41.6723 -35.6752 0.299999
      vertex 42.7979 -36.7979 1.9
      vertex 42.5865 -37.0555 1.9
    endloop
  endfacet
  facet normal 0.551967 -0.448473 -0.702996
    outer loop
      vertex 42.7979 -36.7979 1.9
      vertex 41.6723 -35.6752 0.299999
      vertex 41.6736 -35.6736 0.299999
    endloop
  endfacet
  facet normal 0.680412 -0.206346 -0.703179
    outer loop
      vertex 40.9604 -36.7409 0.299999
      vertex 42.4294 -37.3494 1.9
      vertex 40.7738 -37.3562 0.299999
    endloop
  endfacet
  facet normal 0.451059 0.549635 -0.70317
    outer loop
      vertex 41.6752 -40.3277 0.299999
      vertex 42.7979 -39.2021 1.9
      vertex 43.0555 -39.4135 1.9
    endloop
  endfacet
  facet normal 0.448473 0.551967 -0.702996
    outer loop
      vertex 42.7979 -39.2021 1.9
      vertex 41.6752 -40.3277 0.299999
      vertex 41.6736 -40.3264 0.299999
    endloop
  endfacet
  facet normal 0.0697837 0.707569 -0.70319
    outer loop
      vertex 44 -39.7 1.9
      vertex 44 -41.2901 0.299999
      vertex 43.3602 -41.227 0.299999
    endloop
  endfacet
  facet normal 0.451127 0.549559 -0.703185
    outer loop
      vertex 43.0555 -39.4135 1.9
      vertex 42.1721 -40.7356 0.299999
      vertex 41.6752 -40.3277 0.299999
    endloop
  endfacet
  facet normal 0.680416 0.206322 -0.703183
    outer loop
      vertex 40.7738 -38.6438 0.299999
      vertex 42.3327 -38.3317 1.9
      vertex 42.4294 -38.6506 1.9
    endloop
  endfacet
  facet normal 0.678401 0.214232 -0.702763
    outer loop
      vertex 42.3327 -38.3317 1.9
      vertex 40.7738 -38.6438 0.299999
      vertex 40.7732 -38.6419 0.299999
    endloop
  endfacet
  facet normal -0.335183 -0.627055 -0.703174
    outer loop
      vertex 44.6506 -36.4294 1.9
      vertex 45.2609 -34.9614 0.299999
      vertex 44.9445 -36.5865 1.9
    endloop
  endfacet
  facet normal -0.345592 -0.622066 -0.702567
    outer loop
      vertex 45.2609 -34.9614 0.299999
      vertex 44.6506 -36.4294 1.9
      vertex 45.2591 -34.9604 0.299999
    endloop
  endfacet
  facet normal -0.549635 -0.451059 -0.70317
    outer loop
      vertex 45.2021 -36.7979 1.9
      vertex 46.3277 -35.6752 0.299999
      vertex 45.4135 -37.0555 1.9
    endloop
  endfacet
  facet normal -0.551967 -0.448473 -0.702996
    outer loop
      vertex 46.3277 -35.6752 0.299999
      vertex 45.2021 -36.7979 1.9
      vertex 46.3264 -35.6736 0.299999
    endloop
  endfacet
  facet normal -0.680412 -0.206346 -0.703179
    outer loop
      vertex 47.0396 -36.7409 0.299999
      vertex 47.2262 -37.3562 0.299999
      vertex 45.5706 -37.3494 1.9
    endloop
  endfacet
  facet normal -0.622066 -0.345592 -0.702567
    outer loop
      vertex 45.5706 -37.3494 1.9
      vertex 47.0386 -36.7391 0.299999
      vertex 47.0396 -36.7409 0.299999
    endloop
  endfacet
  facet normal -0.627055 -0.335183 -0.703174
    outer loop
      vertex 47.0386 -36.7391 0.299999
      vertex 45.5706 -37.3494 1.9
      vertex 45.4135 -37.0555 1.9
    endloop
  endfacet
  facet normal -0.627082 -0.335107 -0.703186
    outer loop
      vertex 46.7356 -36.1721 0.299999
      vertex 47.0386 -36.7391 0.299999
      vertex 45.4135 -37.0555 1.9
    endloop
  endfacet
  facet normal -0.707918 -0.0674208 -0.703069
    outer loop
      vertex 47.227 -37.3602 0.299999
      vertex 45.6673 -37.6683 1.9
      vertex 47.2268 -37.3581 0.299999
    endloop
  endfacet
  facet normal -0.707576 -0.069755 -0.703186
    outer loop
      vertex 45.6673 -37.6683 1.9
      vertex 47.227 -37.3602 0.299999
      vertex 45.7 -38 1.9
    endloop
  endfacet
  facet normal -0.335107 0.627082 -0.703186
    outer loop
      vertex 45.8279 -40.7356 0.299999
      vertex 45.2609 -41.0386 0.299999
      vertex 44.9445 -39.4135 1.9
    endloop
  endfacet
  facet normal -0.451127 0.549559 -0.703185
    outer loop
      vertex 46.3248 -40.3277 0.299999
      vertex 45.8279 -40.7356 0.299999
      vertex 44.9445 -39.4135 1.9
    endloop
  endfacet
  facet normal -0.680412 0.206346 -0.703179
    outer loop
      vertex 47.2262 -38.6438 0.299999
      vertex 47.0396 -39.2591 0.299999
      vertex 45.5706 -38.6506 1.9
    endloop
  endfacet
  facet normal -0.0696736 -0.707574 -0.703196
    outer loop
      vertex 44 -34.7099 0.299999
      vertex 44.6398 -34.7729 0.299999
      vertex 44 -36.3 1.9
    endloop
  endfacet
  facet normal 0.0696736 -0.707574 -0.703196
    outer loop
      vertex 44 -34.7099 0.299999
      vertex 44 -36.3 1.9
      vertex 43.3602 -34.7729 0.299999
    endloop
  endfacet
  facet normal 0.680416 -0.206322 -0.703183
    outer loop
      vertex 42.3327 -37.6683 1.9
      vertex 40.7738 -37.3562 0.299999
      vertex 42.4294 -37.3494 1.9
    endloop
  endfacet
  facet normal 0.678401 -0.214232 -0.702763
    outer loop
      vertex 40.7738 -37.3562 0.299999
      vertex 42.3327 -37.6683 1.9
      vertex 40.7732 -37.3581 0.299999
    endloop
  endfacet
  facet normal 0.702697 -0.100385 -0.704372
    outer loop
      vertex 42.3327 -37.6683 1.9
      vertex 40.7729 -37.3602 0.299999
      vertex 40.7732 -37.3581 0.299999
    endloop
  endfacet
  facet normal 0.707554 -0.0697528 -0.703208
    outer loop
      vertex 40.7729 -37.3602 0.299999
      vertex 42.3327 -37.6683 1.9
      vertex 42.3 -38 1.9
    endloop
  endfacet
  facet normal 0.069755 0.707576 -0.703186
    outer loop
      vertex 43.3602 -41.227 0.299999
      vertex 43.6683 -39.6673 1.9
      vertex 44 -39.7 1.9
    endloop
  endfacet
  facet normal 0.0674208 0.707918 -0.703069
    outer loop
      vertex 43.6683 -39.6673 1.9
      vertex 43.3602 -41.227 0.299999
      vertex 43.3581 -41.2268 0.299999
    endloop
  endfacet
  facet normal 0.214232 0.678401 -0.702763
    outer loop
      vertex 43.3562 -41.2262 0.299999
      vertex 43.6683 -39.6673 1.9
      vertex 43.3581 -41.2268 0.299999
    endloop
  endfacet
  facet normal 0.206322 0.680416 -0.703183
    outer loop
      vertex 43.6683 -39.6673 1.9
      vertex 43.3562 -41.2262 0.299999
      vertex 43.3494 -39.5706 1.9
    endloop
  endfacet
  facet normal 0.206346 0.680412 -0.703179
    outer loop
      vertex 43.3494 -39.5706 1.9
      vertex 43.3562 -41.2262 0.299999
      vertex 42.7409 -41.0396 0.299999
    endloop
  endfacet
  facet normal 0.549559 0.451127 -0.703185
    outer loop
      vertex 42.5865 -38.9445 1.9
      vertex 41.6723 -40.3248 0.299999
      vertex 41.2644 -39.8279 0.299999
    endloop
  endfacet
  facet normal 0.551967 0.448473 -0.702996
    outer loop
      vertex 41.6723 -40.3248 0.299999
      vertex 42.7979 -39.2021 1.9
      vertex 41.6736 -40.3264 0.299999
    endloop
  endfacet
  facet normal 0.549635 0.451059 -0.70317
    outer loop
      vertex 42.7979 -39.2021 1.9
      vertex 41.6723 -40.3248 0.299999
      vertex 42.5865 -38.9445 1.9
    endloop
  endfacet
  facet normal 0.707554 0.0697528 -0.703208
    outer loop
      vertex 42.3327 -38.3317 1.9
      vertex 40.7729 -38.6398 0.299999
      vertex 42.3 -38 1.9
    endloop
  endfacet
  facet normal 0.702697 0.100385 -0.704372
    outer loop
      vertex 40.7729 -38.6398 0.299999
      vertex 42.3327 -38.3317 1.9
      vertex 40.7732 -38.6419 0.299999
    endloop
  endfacet
  facet normal 0.707574 0.0696736 -0.703196
    outer loop
      vertex 42.3 -38 1.9
      vertex 40.7729 -38.6398 0.299999
      vertex 40.7099 -38 0.299999
    endloop
  endfacet
  facet normal -0.448473 -0.551967 -0.702996
    outer loop
      vertex 45.2021 -36.7979 1.9
      vertex 46.3248 -35.6723 0.299999
      vertex 46.3264 -35.6736 0.299999
    endloop
  endfacet
  facet normal -0.451059 -0.549635 -0.70317
    outer loop
      vertex 46.3248 -35.6723 0.299999
      vertex 45.2021 -36.7979 1.9
      vertex 44.9445 -36.5865 1.9
    endloop
  endfacet
  facet normal -0.451127 -0.549559 -0.703185
    outer loop
      vertex 45.8279 -35.2644 0.299999
      vertex 46.3248 -35.6723 0.299999
      vertex 44.9445 -36.5865 1.9
    endloop
  endfacet
  facet normal -0.448473 0.551967 -0.702996
    outer loop
      vertex 46.3248 -40.3277 0.299999
      vertex 45.2021 -39.2021 1.9
      vertex 46.3264 -40.3264 0.299999
    endloop
  endfacet
  facet normal -0.451059 0.549635 -0.70317
    outer loop
      vertex 45.2021 -39.2021 1.9
      vertex 46.3248 -40.3277 0.299999
      vertex 44.9445 -39.4135 1.9
    endloop
  endfacet
  facet normal -0.678401 0.214232 -0.702763
    outer loop
      vertex 47.2262 -38.6438 0.299999
      vertex 45.6673 -38.3317 1.9
      vertex 47.2268 -38.6419 0.299999
    endloop
  endfacet
  facet normal -0.680416 0.206322 -0.703183
    outer loop
      vertex 45.6673 -38.3317 1.9
      vertex 47.2262 -38.6438 0.299999
      vertex 45.5706 -38.6506 1.9
    endloop
  endfacet
  facet normal -0.707576 0.069755 -0.703186
    outer loop
      vertex 47.227 -38.6398 0.299999
      vertex 45.6673 -38.3317 1.9
      vertex 45.7 -38 1.9
    endloop
  endfacet
  facet normal -0.707918 0.0674208 -0.703069
    outer loop
      vertex 45.6673 -38.3317 1.9
      vertex 47.227 -38.6398 0.299999
      vertex 47.2268 -38.6419 0.299999
    endloop
  endfacet
  facet normal 0.100385 -0.702697 -0.704372
    outer loop
      vertex 43.3602 -34.7729 0.299999
      vertex 43.6683 -36.3327 1.9
      vertex 43.3581 -34.7732 0.299999
    endloop
  endfacet
  facet normal 0.0697528 -0.707554 -0.703208
    outer loop
      vertex 43.6683 -36.3327 1.9
      vertex 43.3602 -34.7729 0.299999
      vertex 44 -36.3 1.9
    endloop
  endfacet
  facet normal -0.214232 0.678401 -0.702763
    outer loop
      vertex 44.3317 -39.6673 1.9
      vertex 44.6438 -41.2262 0.299999
      vertex 44.6419 -41.2268 0.299999
    endloop
  endfacet
  facet normal -0.206322 0.680416 -0.703183
    outer loop
      vertex 44.6438 -41.2262 0.299999
      vertex 44.3317 -39.6673 1.9
      vertex 44.6506 -39.5706 1.9
    endloop
  endfacet
  facet normal 0.345592 0.622066 -0.702567
    outer loop
      vertex 42.7391 -41.0386 0.299999
      vertex 43.3494 -39.5706 1.9
      vertex 42.7409 -41.0396 0.299999
    endloop
  endfacet
  facet normal 0.335183 0.627055 -0.703174
    outer loop
      vertex 43.3494 -39.5706 1.9
      vertex 42.7391 -41.0386 0.299999
      vertex 43.0555 -39.4135 1.9
    endloop
  endfacet
  facet normal 0.680412 0.206346 -0.703179
    outer loop
      vertex 42.4294 -38.6506 1.9
      vertex 40.9604 -39.2591 0.299999
      vertex 40.7738 -38.6438 0.299999
    endloop
  endfacet
  facet normal 0.627055 0.335183 -0.703174
    outer loop
      vertex 40.9614 -39.2609 0.299999
      vertex 42.4294 -38.6506 1.9
      vertex 42.5865 -38.9445 1.9
    endloop
  endfacet
  facet normal 0.622066 0.345592 -0.702567
    outer loop
      vertex 42.4294 -38.6506 1.9
      vertex 40.9614 -39.2609 0.299999
      vertex 40.9604 -39.2591 0.299999
    endloop
  endfacet
endsolid OpenSCAD_Model
