solid OpenSCAD_Model
  facet normal -1 0 0
    outer loop
      vertex -23.5 -9.5 0
      vertex -23.5 -12.5 0
      vertex -23.5 -9.5 6
    endloop
  endfacet
  facet normal -1 0 0
    outer loop
      vertex -23.5 -9.5 6
      vertex -23.5 -7.5 15
      vertex -23.5 -7.5 6
    endloop
  endfacet
  facet normal -1 0 0
    outer loop
      vertex -23.5 -12.5 15
      vertex -23.5 -9.5 6
      vertex -23.5 -12.5 0
    endloop
  endfacet
  facet normal -1 0 0
    outer loop
      vertex -23.5 -9.5 6
      vertex -23.5 -12.5 15
      vertex -23.5 -7.5 15
    endloop
  endfacet
  facet normal -0 0 1
    outer loop
      vertex -23.5 -7.5 15
      vertex -14.5 -12.5 15
      vertex -14.5 -7.5 15
    endloop
  endfacet
  facet normal 0 0 1
    outer loop
      vertex -14.5 -12.5 15
      vertex -23.5 -7.5 15
      vertex -23.5 -12.5 15
    endloop
  endfacet
  facet normal 1 0 0
    outer loop
      vertex -14.5 -7.5 15
      vertex -14.5 -9.5 6
      vertex -14.5 -7.5 6
    endloop
  endfacet
  facet normal 1 -0 0
    outer loop
      vertex -14.5 -12.5 15
      vertex -14.5 -9.5 6
      vertex -14.5 -7.5 15
    endloop
  endfacet
  facet normal 1 0 0
    outer loop
      vertex -14.5 -12.5 3
      vertex -14.5 -9.5 6
      vertex -14.5 -12.5 15
    endloop
  endfacet
  facet normal 1 0 0
    outer loop
      vertex -14.5 -9.5 6
      vertex -14.5 -12.5 3
      vertex -14.5 -9.5 3
    endloop
  endfacet
  facet normal 0 1 0
    outer loop
      vertex -23 -9.5 3
      vertex -14.5 -9.5 6
      vertex -14.5 -9.5 3
    endloop
  endfacet
  facet normal 0 1 0
    outer loop
      vertex -14.5 -9.5 6
      vertex -23 -9.5 3
      vertex -23.5 -9.5 6
    endloop
  endfacet
  facet normal 0 1 0
    outer loop
      vertex -23.5 -9.5 0
      vertex -23 -9.5 3
      vertex -23 -9.5 0
    endloop
  endfacet
  facet normal 0 1 0
    outer loop
      vertex -23 -9.5 3
      vertex -23.5 -9.5 0
      vertex -23.5 -9.5 6
    endloop
  endfacet
  facet normal 0 0 -1
    outer loop
      vertex 23.5 -12.5 0
      vertex 23 -9.5 0
      vertex 23.5 -9.5 0
    endloop
  endfacet
  facet normal 0 0 -1
    outer loop
      vertex 20.5316 -0.737602 0
      vertex 23 2 0
      vertex 23 -9.5 0
    endloop
  endfacet
  facet normal 0 -0 -1
    outer loop
      vertex 20.6574 -0.378285 0
      vertex 23 2 0
      vertex 20.5316 -0.737602 0
    endloop
  endfacet
  facet normal 0 -0 -1
    outer loop
      vertex 20.7 0 0
      vertex 23 2 0
      vertex 20.6574 -0.378285 0
    endloop
  endfacet
  facet normal 0 0 -1
    outer loop
      vertex 20.5316 0.737603 0
      vertex 23 2 0
      vertex 20.6574 0.378286 0
    endloop
  endfacet
  facet normal 0 0 -1
    outer loop
      vertex 20.3291 1.05993 0
      vertex 23 2 0
      vertex 20.5316 0.737603 0
    endloop
  endfacet
  facet normal -0 0 -1
    outer loop
      vertex 23 2 0
      vertex 20.3291 1.05993 0
      vertex 22.9696 2.34729 0
    endloop
  endfacet
  facet normal -0 0 -1
    outer loop
      vertex 22.9696 2.34729 0
      vertex 20.3291 1.05993 0
      vertex 22.8794 2.68404 0
    endloop
  endfacet
  facet normal -0 0 -1
    outer loop
      vertex 22.732 3 0
      vertex 20.3291 1.05993 0
      vertex 22.5321 3.28557 0
    endloop
  endfacet
  facet normal -0 0 -1
    outer loop
      vertex 22.5321 3.28557 0
      vertex 20.3291 1.05993 0
      vertex 22.2856 3.53207 0
    endloop
  endfacet
  facet normal 0 0 -1
    outer loop
      vertex 20.0599 1.32911 0
      vertex 22.2856 3.53207 0
      vertex 20.3291 1.05993 0
    endloop
  endfacet
  facet normal 0 0 -1
    outer loop
      vertex 17.9401 -1.32911 0
      vertex 23 -9.5 0
      vertex 23.5 -12.5 0
    endloop
  endfacet
  facet normal -0 0 -1
    outer loop
      vertex 22.8794 2.68404 0
      vertex 20.3291 1.05993 0
      vertex 22.732 3 0
    endloop
  endfacet
  facet normal 0 0 -1
    outer loop
      vertex 20.6574 0.378286 0
      vertex 23 2 0
      vertex 20.7 0 0
    endloop
  endfacet
  facet normal 0 0 -1
    outer loop
      vertex 23 -9.5 0
      vertex 20.3291 -1.05993 0
      vertex 20.5316 -0.737602 0
    endloop
  endfacet
  facet normal 0 0 -1
    outer loop
      vertex 23 -9.5 0
      vertex 20.0599 -1.32911 0
      vertex 20.3291 -1.05993 0
    endloop
  endfacet
  facet normal 0 0 -1
    outer loop
      vertex 23 -9.5 0
      vertex 19.7376 -1.53165 0
      vertex 20.0599 -1.32911 0
    endloop
  endfacet
  facet normal 0 0 -1
    outer loop
      vertex 23 -9.5 0
      vertex 19.3783 -1.65738 0
      vertex 19.7376 -1.53165 0
    endloop
  endfacet
  facet normal 0 0 -1
    outer loop
      vertex 23 -9.5 0
      vertex 19 -1.7 0
      vertex 19.3783 -1.65738 0
    endloop
  endfacet
  facet normal 0 0 -1
    outer loop
      vertex 23 -9.5 0
      vertex 18.6217 -1.65738 0
      vertex 19 -1.7 0
    endloop
  endfacet
  facet normal 0 0 -1
    outer loop
      vertex 23 -9.5 0
      vertex 18.2624 -1.53165 0
      vertex 18.6217 -1.65738 0
    endloop
  endfacet
  facet normal 0 0 -1
    outer loop
      vertex 23 -9.5 0
      vertex 17.9401 -1.32911 0
      vertex 18.2624 -1.53165 0
    endloop
  endfacet
  facet normal 0 0 -1
    outer loop
      vertex 23.5 -12.5 0
      vertex 17.6709 -1.05993 0
      vertex 17.9401 -1.32911 0
    endloop
  endfacet
  facet normal 0 0 -1
    outer loop
      vertex -17.6709 -1.05993 0
      vertex 17.6709 -1.05993 0
      vertex 23.5 -12.5 0
    endloop
  endfacet
  facet normal 0 0 -1
    outer loop
      vertex 17.3426 -0.378285 0
      vertex -17.3 0 0
      vertex 17.3 0 0
    endloop
  endfacet
  facet normal 0 0 -1
    outer loop
      vertex -17.3426 -0.378285 0
      vertex 17.3426 -0.378285 0
      vertex 17.4684 -0.737602 0
    endloop
  endfacet
  facet normal 0 0 -1
    outer loop
      vertex 17.6709 -1.05993 0
      vertex -17.6709 -1.05993 0
      vertex 17.4684 -0.737602 0
    endloop
  endfacet
  facet normal 0 0 -1
    outer loop
      vertex 17.3426 -0.378285 0
      vertex -17.3426 -0.378285 0
      vertex -17.3 0 0
    endloop
  endfacet
  facet normal 0 0 -1
    outer loop
      vertex 17.4684 -0.737602 0
      vertex -17.4684 -0.737602 0
      vertex -17.3426 -0.378285 0
    endloop
  endfacet
  facet normal -0 0 -1
    outer loop
      vertex 17.4684 -0.737602 0
      vertex -17.6709 -1.05993 0
      vertex -17.4684 -0.737602 0
    endloop
  endfacet
  facet normal 0 0 -1
    outer loop
      vertex -23.5 -12.5 0
      vertex -17.6709 -1.05993 0
      vertex 23.5 -12.5 0
    endloop
  endfacet
  facet normal 0 0 -1
    outer loop
      vertex -17.6709 -1.05993 0
      vertex -23.5 -12.5 0
      vertex -17.9401 -1.32911 0
    endloop
  endfacet
  facet normal 0 -0 -1
    outer loop
      vertex -23 -9.5 0
      vertex -17.9401 -1.32911 0
      vertex -23.5 -12.5 0
    endloop
  endfacet
  facet normal 0 0 -1
    outer loop
      vertex -17.9401 -1.32911 0
      vertex -23 -9.5 0
      vertex -18.2624 -1.53165 0
    endloop
  endfacet
  facet normal 0 0 -1
    outer loop
      vertex -18.2624 -1.53165 0
      vertex -23 -9.5 0
      vertex -18.6217 -1.65738 0
    endloop
  endfacet
  facet normal 0 0 -1
    outer loop
      vertex -20.0599 1.32911 0
      vertex -21.3473 3.9696 0
      vertex -21 4 0
    endloop
  endfacet
  facet normal 0 0 -1
    outer loop
      vertex -23 2 0
      vertex -20.7 0 0
      vertex -20.6574 -0.378285 0
    endloop
  endfacet
  facet normal 0 -0 -1
    outer loop
      vertex -22.9696 2.34729 0
      vertex -20.6574 0.378286 0
      vertex -23 2 0
    endloop
  endfacet
  facet normal 0 0 -1
    outer loop
      vertex -20.6574 0.378286 0
      vertex -21.684 3.87938 0
      vertex -21.3473 3.9696 0
    endloop
  endfacet
  facet normal 0 0 -1
    outer loop
      vertex -20.6574 0.378286 0
      vertex -22 3.73204 0
      vertex -21.684 3.87938 0
    endloop
  endfacet
  facet normal 0 0 -1
    outer loop
      vertex -23 2 0
      vertex -20.6574 -0.378285 0
      vertex -20.5316 -0.737602 0
    endloop
  endfacet
  facet normal 0 0 -1
    outer loop
      vertex -20.6574 0.378286 0
      vertex -22.2856 3.53207 0
      vertex -22 3.73204 0
    endloop
  endfacet
  facet normal 0 0 -1
    outer loop
      vertex -20.6574 0.378286 0
      vertex -22.5321 3.28557 0
      vertex -22.2856 3.53207 0
    endloop
  endfacet
  facet normal 0 0 -1
    outer loop
      vertex -20.6574 0.378286 0
      vertex -22.732 3 0
      vertex -22.5321 3.28557 0
    endloop
  endfacet
  facet normal 0 0 -1
    outer loop
      vertex -23 -9.5 0
      vertex -20.5316 -0.737602 0
      vertex -20.3291 -1.05993 0
    endloop
  endfacet
  facet normal 0 0 -1
    outer loop
      vertex -20.6574 0.378286 0
      vertex -22.8794 2.68404 0
      vertex -22.732 3 0
    endloop
  endfacet
  facet normal -0 0 -1
    outer loop
      vertex -20.5316 -0.737602 0
      vertex -23 -9.5 0
      vertex -23 2 0
    endloop
  endfacet
  facet normal -0 0 -1
    outer loop
      vertex -20.0599 -1.32911 0
      vertex -23 -9.5 0
      vertex -20.3291 -1.05993 0
    endloop
  endfacet
  facet normal -0 0 -1
    outer loop
      vertex -19.7376 -1.53165 0
      vertex -23 -9.5 0
      vertex -20.0599 -1.32911 0
    endloop
  endfacet
  facet normal -0 0 -1
    outer loop
      vertex -19.3783 -1.65738 0
      vertex -23 -9.5 0
      vertex -19.7376 -1.53165 0
    endloop
  endfacet
  facet normal 0 0 -1
    outer loop
      vertex -18.6217 -1.65738 0
      vertex -23 -9.5 0
      vertex -19 -1.7 0
    endloop
  endfacet
  facet normal -0 0 -1
    outer loop
      vertex -19 -1.7 0
      vertex -23 -9.5 0
      vertex -19.3783 -1.65738 0
    endloop
  endfacet
  facet normal -0 0 -1
    outer loop
      vertex -23 -9.5 0
      vertex -23.5 -12.5 0
      vertex -23.5 -9.5 0
    endloop
  endfacet
  facet normal -0 0 -1
    outer loop
      vertex 22.2856 3.53207 0
      vertex 20.0599 1.32911 0
      vertex 22 3.73204 0
    endloop
  endfacet
  facet normal -0 0 -1
    outer loop
      vertex 22 3.73204 0
      vertex 20.0599 1.32911 0
      vertex 21.684 3.87938 0
    endloop
  endfacet
  facet normal -0 0 -1
    outer loop
      vertex 21.684 3.87938 0
      vertex 20.0599 1.32911 0
      vertex 21.3473 3.9696 0
    endloop
  endfacet
  facet normal -0 0 -1
    outer loop
      vertex 21.3473 3.9696 0
      vertex 20.0599 1.32911 0
      vertex 21 4 0
    endloop
  endfacet
  facet normal 0 0 -1
    outer loop
      vertex 19.7376 1.53165 0
      vertex 21 4 0
      vertex 20.0599 1.32911 0
    endloop
  endfacet
  facet normal 0 0 -1
    outer loop
      vertex 19.3783 1.65738 0
      vertex 21 4 0
      vertex 19.7376 1.53165 0
    endloop
  endfacet
  facet normal 0 0 -1
    outer loop
      vertex 19 1.7 0
      vertex 21 4 0
      vertex 19.3783 1.65738 0
    endloop
  endfacet
  facet normal 0 0 -1
    outer loop
      vertex 18.6217 1.65738 0
      vertex 21 4 0
      vertex 19 1.7 0
    endloop
  endfacet
  facet normal 0 0 -1
    outer loop
      vertex 18.2624 1.53165 0
      vertex 21 4 0
      vertex 18.6217 1.65738 0
    endloop
  endfacet
  facet normal 0 0 -1
    outer loop
      vertex 17.9401 1.32911 0
      vertex 21 4 0
      vertex 18.2624 1.53165 0
    endloop
  endfacet
  facet normal 0 0 -1
    outer loop
      vertex -17.3 0 0
      vertex 17.3426 0.378286 0
      vertex 17.3 0 0
    endloop
  endfacet
  facet normal 0 0 -1
    outer loop
      vertex -17.3426 0.378286 0
      vertex 17.3426 0.378286 0
      vertex -17.3 0 0
    endloop
  endfacet
  facet normal 0 0 -1
    outer loop
      vertex 17.3426 0.378286 0
      vertex -17.3426 0.378286 0
      vertex 17.4684 0.737603 0
    endloop
  endfacet
  facet normal 0 0 -1
    outer loop
      vertex -17.4684 0.737603 0
      vertex 17.4684 0.737603 0
      vertex -17.3426 0.378286 0
    endloop
  endfacet
  facet normal 0 0 -1
    outer loop
      vertex 17.4684 0.737603 0
      vertex -17.4684 0.737603 0
      vertex 17.6709 1.05993 0
    endloop
  endfacet
  facet normal 0 0 -1
    outer loop
      vertex -17.6709 1.05993 0
      vertex 17.6709 1.05993 0
      vertex -17.4684 0.737603 0
    endloop
  endfacet
  facet normal 0 0 -1
    outer loop
      vertex 17.6709 1.05993 0
      vertex -17.6709 1.05993 0
      vertex 17.9401 1.32911 0
    endloop
  endfacet
  facet normal 0 0 -1
    outer loop
      vertex -17.9401 1.32911 0
      vertex 17.9401 1.32911 0
      vertex -17.6709 1.05993 0
    endloop
  endfacet
  facet normal 0 0 -1
    outer loop
      vertex 17.9401 1.32911 0
      vertex -17.9401 1.32911 0
      vertex 21 4 0
    endloop
  endfacet
  facet normal 0 0 -1
    outer loop
      vertex -21 4 0
      vertex -17.9401 1.32911 0
      vertex -18.2624 1.53165 0
    endloop
  endfacet
  facet normal 0 0 -1
    outer loop
      vertex -21 4 0
      vertex -18.2624 1.53165 0
      vertex -18.6217 1.65738 0
    endloop
  endfacet
  facet normal 0 0 -1
    outer loop
      vertex -21 4 0
      vertex -18.6217 1.65738 0
      vertex -19 1.7 0
    endloop
  endfacet
  facet normal 0 0 -1
    outer loop
      vertex -17.9401 1.32911 0
      vertex -21 4 0
      vertex 21 4 0
    endloop
  endfacet
  facet normal 0 0 -1
    outer loop
      vertex -19.3783 1.65738 0
      vertex -21 4 0
      vertex -19 1.7 0
    endloop
  endfacet
  facet normal 0 0 -1
    outer loop
      vertex -19.7376 1.53165 0
      vertex -21 4 0
      vertex -19.3783 1.65738 0
    endloop
  endfacet
  facet normal 0 0 -1
    outer loop
      vertex -20.0599 1.32911 0
      vertex -21 4 0
      vertex -19.7376 1.53165 0
    endloop
  endfacet
  facet normal 0 0 -1
    outer loop
      vertex -21.3473 3.9696 0
      vertex -20.0599 1.32911 0
      vertex -20.3291 1.05993 0
    endloop
  endfacet
  facet normal 0 0 -1
    outer loop
      vertex -21.3473 3.9696 0
      vertex -20.3291 1.05993 0
      vertex -20.5316 0.737603 0
    endloop
  endfacet
  facet normal 0 0 -1
    outer loop
      vertex -21.3473 3.9696 0
      vertex -20.5316 0.737603 0
      vertex -20.6574 0.378286 0
    endloop
  endfacet
  facet normal 0 0 -1
    outer loop
      vertex -23 2 0
      vertex -20.6574 0.378286 0
      vertex -20.7 0 0
    endloop
  endfacet
  facet normal 0 0 -1
    outer loop
      vertex -20.6574 0.378286 0
      vertex -22.9696 2.34729 0
      vertex -22.8794 2.68404 0
    endloop
  endfacet
  facet normal 0 -1 0
    outer loop
      vertex -23.5 -12.5 15
      vertex -19.1777 -12.5 11.6907
      vertex -14.5 -12.5 15
    endloop
  endfacet
  facet normal 0 -1 0
    outer loop
      vertex -23.5 -12.5 15
      vertex -19.5253 -12.5 11.6168
      vertex -19.1777 -12.5 11.6907
    endloop
  endfacet
  facet normal 0 -1 0
    outer loop
      vertex -23.5 -12.5 15
      vertex -19.85 -12.5 11.4722
      vertex -19.5253 -12.5 11.6168
    endloop
  endfacet
  facet normal 0 -1 0
    outer loop
      vertex -23.5 -12.5 15
      vertex -20.1375 -12.5 11.2633
      vertex -19.85 -12.5 11.4722
    endloop
  endfacet
  facet normal 0 -1 0
    outer loop
      vertex -23.5 -12.5 15
      vertex -20.3753 -12.5 10.9992
      vertex -20.1375 -12.5 11.2633
    endloop
  endfacet
  facet normal 0 -1 0
    outer loop
      vertex -23.5 -12.5 15
      vertex -20.553 -12.5 10.6915
      vertex -20.3753 -12.5 10.9992
    endloop
  endfacet
  facet normal 0 -1 0
    outer loop
      vertex -23.5 -12.5 15
      vertex -20.6628 -12.5 10.3534
      vertex -20.553 -12.5 10.6915
    endloop
  endfacet
  facet normal 0 -1 0
    outer loop
      vertex -23.5 -12.5 15
      vertex -20.7 -12.5 10
      vertex -20.6628 -12.5 10.3534
    endloop
  endfacet
  facet normal 0 -1 0
    outer loop
      vertex -23.5 -12.5 15
      vertex -20.6628 -12.5 9.64655
      vertex -20.7 -12.5 10
    endloop
  endfacet
  facet normal 0 -1 0
    outer loop
      vertex -23.5 -12.5 0
      vertex -20.6628 -12.5 9.64655
      vertex -23.5 -12.5 15
    endloop
  endfacet
  facet normal 0 -1 0
    outer loop
      vertex -19.1777 -12.5 8.30931
      vertex -14.5 -12.5 3
      vertex -18.8223 -12.5 8.30931
    endloop
  endfacet
  facet normal 0 -1 0
    outer loop
      vertex -23.5 -12.5 0
      vertex -19.1777 -12.5 8.30931
      vertex -19.5253 -12.5 8.3832
    endloop
  endfacet
  facet normal 0 -1 0
    outer loop
      vertex -23.5 -12.5 0
      vertex -19.5253 -12.5 8.3832
      vertex -19.85 -12.5 8.52776
    endloop
  endfacet
  facet normal 0 -1 0
    outer loop
      vertex -23.5 -12.5 0
      vertex -19.85 -12.5 8.52776
      vertex -20.1375 -12.5 8.73665
    endloop
  endfacet
  facet normal 0 -1 -0
    outer loop
      vertex -14.5 -12.5 3
      vertex -23.5 -12.5 0
      vertex 14.5 -12.5 3
    endloop
  endfacet
  facet normal 0 -1 -0
    outer loop
      vertex -19.1777 -12.5 8.30931
      vertex -23.5 -12.5 0
      vertex -14.5 -12.5 3
    endloop
  endfacet
  facet normal 0 -1 -0
    outer loop
      vertex -20.3753 -12.5 9.00076
      vertex -23.5 -12.5 0
      vertex -20.1375 -12.5 8.73665
    endloop
  endfacet
  facet normal 0 -1 -0
    outer loop
      vertex -20.553 -12.5 9.30855
      vertex -23.5 -12.5 0
      vertex -20.3753 -12.5 9.00076
    endloop
  endfacet
  facet normal 0 -1 -0
    outer loop
      vertex -20.6628 -12.5 9.64655
      vertex -23.5 -12.5 0
      vertex -20.553 -12.5 9.30855
    endloop
  endfacet
  facet normal 0 -1 0
    outer loop
      vertex -18.8223 -12.5 11.6907
      vertex -14.5 -12.5 15
      vertex -19.1777 -12.5 11.6907
    endloop
  endfacet
  facet normal 0 -1 0
    outer loop
      vertex -18.4747 -12.5 11.6168
      vertex -14.5 -12.5 15
      vertex -18.8223 -12.5 11.6907
    endloop
  endfacet
  facet normal 0 -1 0
    outer loop
      vertex -18.15 -12.5 11.4722
      vertex -14.5 -12.5 15
      vertex -18.4747 -12.5 11.6168
    endloop
  endfacet
  facet normal 0 -1 0
    outer loop
      vertex -17.8625 -12.5 11.2633
      vertex -14.5 -12.5 15
      vertex -18.15 -12.5 11.4722
    endloop
  endfacet
  facet normal 0 -1 0
    outer loop
      vertex -17.6247 -12.5 10.9992
      vertex -14.5 -12.5 15
      vertex -17.8625 -12.5 11.2633
    endloop
  endfacet
  facet normal 0 -1 0
    outer loop
      vertex -17.447 -12.5 10.6915
      vertex -14.5 -12.5 15
      vertex -17.6247 -12.5 10.9992
    endloop
  endfacet
  facet normal 0 -1 0
    outer loop
      vertex -17.3371 -12.5 10.3534
      vertex -14.5 -12.5 15
      vertex -17.447 -12.5 10.6915
    endloop
  endfacet
  facet normal 0 -1 0
    outer loop
      vertex -17.3 -12.5 10
      vertex -14.5 -12.5 15
      vertex -17.3371 -12.5 10.3534
    endloop
  endfacet
  facet normal 0 -1 0
    outer loop
      vertex -17.3371 -12.5 9.64655
      vertex -14.5 -12.5 15
      vertex -17.3 -12.5 10
    endloop
  endfacet
  facet normal 0 -1 0
    outer loop
      vertex -14.5 -12.5 3
      vertex -17.3371 -12.5 9.64655
      vertex -17.447 -12.5 9.30855
    endloop
  endfacet
  facet normal 0 -1 0
    outer loop
      vertex -17.3371 -12.5 9.64655
      vertex -14.5 -12.5 3
      vertex -14.5 -12.5 15
    endloop
  endfacet
  facet normal 0 -1 0
    outer loop
      vertex -17.6247 -12.5 9.00076
      vertex -14.5 -12.5 3
      vertex -17.447 -12.5 9.30855
    endloop
  endfacet
  facet normal 0 -1 0
    outer loop
      vertex -17.8625 -12.5 8.73665
      vertex -14.5 -12.5 3
      vertex -17.6247 -12.5 9.00076
    endloop
  endfacet
  facet normal 0 -1 0
    outer loop
      vertex -18.15 -12.5 8.52776
      vertex -14.5 -12.5 3
      vertex -17.8625 -12.5 8.73665
    endloop
  endfacet
  facet normal 0 -1 0
    outer loop
      vertex -18.4747 -12.5 8.3832
      vertex -14.5 -12.5 3
      vertex -18.15 -12.5 8.52776
    endloop
  endfacet
  facet normal 0 -1 0
    outer loop
      vertex -14.5 -12.5 3
      vertex -18.4747 -12.5 8.3832
      vertex -18.8223 -12.5 8.30931
    endloop
  endfacet
  facet normal 0 -1 0
    outer loop
      vertex 14.5 -12.5 15
      vertex 18.8223 -12.5 11.6907
      vertex 23.5 -12.5 15
    endloop
  endfacet
  facet normal 0 -1 0
    outer loop
      vertex 14.5 -12.5 15
      vertex 18.4747 -12.5 11.6168
      vertex 18.8223 -12.5 11.6907
    endloop
  endfacet
  facet normal 0 -1 0
    outer loop
      vertex 14.5 -12.5 15
      vertex 18.15 -12.5 11.4722
      vertex 18.4747 -12.5 11.6168
    endloop
  endfacet
  facet normal 0 -1 0
    outer loop
      vertex 14.5 -12.5 15
      vertex 17.8625 -12.5 11.2633
      vertex 18.15 -12.5 11.4722
    endloop
  endfacet
  facet normal 0 -1 0
    outer loop
      vertex 14.5 -12.5 15
      vertex 17.6247 -12.5 10.9992
      vertex 17.8625 -12.5 11.2633
    endloop
  endfacet
  facet normal 0 -1 0
    outer loop
      vertex 14.5 -12.5 15
      vertex 17.447 -12.5 10.6915
      vertex 17.6247 -12.5 10.9992
    endloop
  endfacet
  facet normal 0 -1 0
    outer loop
      vertex 14.5 -12.5 15
      vertex 17.3371 -12.5 10.3534
      vertex 17.447 -12.5 10.6915
    endloop
  endfacet
  facet normal 0 -1 0
    outer loop
      vertex 14.5 -12.5 15
      vertex 17.3 -12.5 10
      vertex 17.3371 -12.5 10.3534
    endloop
  endfacet
  facet normal 0 -1 0
    outer loop
      vertex 14.5 -12.5 15
      vertex 17.3371 -12.5 9.64655
      vertex 17.3 -12.5 10
    endloop
  endfacet
  facet normal 0 -1 0
    outer loop
      vertex 14.5 -12.5 3
      vertex 17.3371 -12.5 9.64655
      vertex 14.5 -12.5 15
    endloop
  endfacet
  facet normal 0 -1 -0
    outer loop
      vertex 18.8223 -12.5 8.30931
      vertex 14.5 -12.5 3
      vertex 19.1777 -12.5 8.30931
    endloop
  endfacet
  facet normal 0 -1 -0
    outer loop
      vertex 18.4747 -12.5 8.3832
      vertex 14.5 -12.5 3
      vertex 18.8223 -12.5 8.30931
    endloop
  endfacet
  facet normal 0 -1 -0
    outer loop
      vertex 18.15 -12.5 8.52776
      vertex 14.5 -12.5 3
      vertex 18.4747 -12.5 8.3832
    endloop
  endfacet
  facet normal 0 -1 -0
    outer loop
      vertex 17.8625 -12.5 8.73665
      vertex 14.5 -12.5 3
      vertex 18.15 -12.5 8.52776
    endloop
  endfacet
  facet normal 0 -1 -0
    outer loop
      vertex 17.6247 -12.5 9.00076
      vertex 14.5 -12.5 3
      vertex 17.8625 -12.5 8.73665
    endloop
  endfacet
  facet normal 0 -1 -0
    outer loop
      vertex 17.447 -12.5 9.30855
      vertex 14.5 -12.5 3
      vertex 17.6247 -12.5 9.00076
    endloop
  endfacet
  facet normal 0 -1 -0
    outer loop
      vertex 17.3371 -12.5 9.64655
      vertex 14.5 -12.5 3
      vertex 17.447 -12.5 9.30855
    endloop
  endfacet
  facet normal 0 -1 0
    outer loop
      vertex 19.1777 -12.5 11.6907
      vertex 23.5 -12.5 15
      vertex 18.8223 -12.5 11.6907
    endloop
  endfacet
  facet normal 0 -1 0
    outer loop
      vertex 19.5253 -12.5 11.6168
      vertex 23.5 -12.5 15
      vertex 19.1777 -12.5 11.6907
    endloop
  endfacet
  facet normal 0 -1 0
    outer loop
      vertex 19.85 -12.5 11.4722
      vertex 23.5 -12.5 15
      vertex 19.5253 -12.5 11.6168
    endloop
  endfacet
  facet normal 0 -1 0
    outer loop
      vertex 20.1375 -12.5 11.2633
      vertex 23.5 -12.5 15
      vertex 19.85 -12.5 11.4722
    endloop
  endfacet
  facet normal 0 -1 0
    outer loop
      vertex 20.3753 -12.5 10.9992
      vertex 23.5 -12.5 15
      vertex 20.1375 -12.5 11.2633
    endloop
  endfacet
  facet normal 0 -1 0
    outer loop
      vertex 20.553 -12.5 10.6915
      vertex 23.5 -12.5 15
      vertex 20.3753 -12.5 10.9992
    endloop
  endfacet
  facet normal 0 -1 0
    outer loop
      vertex 20.6628 -12.5 10.3534
      vertex 23.5 -12.5 15
      vertex 20.553 -12.5 10.6915
    endloop
  endfacet
  facet normal 0 -1 0
    outer loop
      vertex 20.7 -12.5 10
      vertex 23.5 -12.5 15
      vertex 20.6628 -12.5 10.3534
    endloop
  endfacet
  facet normal 0 -1 0
    outer loop
      vertex 20.6628 -12.5 9.64655
      vertex 23.5 -12.5 15
      vertex 20.7 -12.5 10
    endloop
  endfacet
  facet normal 0 -1 0
    outer loop
      vertex 23.5 -12.5 0
      vertex 20.6628 -12.5 9.64655
      vertex 20.553 -12.5 9.30855
    endloop
  endfacet
  facet normal 0 -1 0
    outer loop
      vertex 23.5 -12.5 0
      vertex 19.1777 -12.5 8.30931
      vertex 14.5 -12.5 3
    endloop
  endfacet
  facet normal 0 -1 0
    outer loop
      vertex 19.1777 -12.5 8.30931
      vertex 23.5 -12.5 0
      vertex 19.5253 -12.5 8.3832
    endloop
  endfacet
  facet normal 0 -1 0
    outer loop
      vertex 19.5253 -12.5 8.3832
      vertex 23.5 -12.5 0
      vertex 19.85 -12.5 8.52776
    endloop
  endfacet
  facet normal 0 -1 0
    outer loop
      vertex 20.6628 -12.5 9.64655
      vertex 23.5 -12.5 0
      vertex 23.5 -12.5 15
    endloop
  endfacet
  facet normal 0 -1 0
    outer loop
      vertex 20.3753 -12.5 9.00076
      vertex 23.5 -12.5 0
      vertex 20.553 -12.5 9.30855
    endloop
  endfacet
  facet normal 0 -1 0
    outer loop
      vertex 20.1375 -12.5 8.73665
      vertex 23.5 -12.5 0
      vertex 20.3753 -12.5 9.00076
    endloop
  endfacet
  facet normal 0 -1 0
    outer loop
      vertex 19.85 -12.5 8.52776
      vertex 23.5 -12.5 0
      vertex 20.1375 -12.5 8.73665
    endloop
  endfacet
  facet normal 0 -1 0
    outer loop
      vertex 23.5 -12.5 0
      vertex 14.5 -12.5 3
      vertex -23.5 -12.5 0
    endloop
  endfacet
  facet normal -1 0 0
    outer loop
      vertex 14.5 -9.5 3
      vertex 14.5 -12.5 3
      vertex 14.5 -9.5 6
    endloop
  endfacet
  facet normal -1 0 0
    outer loop
      vertex 14.5 -9.5 6
      vertex 14.5 -7.5 15
      vertex 14.5 -7.5 6
    endloop
  endfacet
  facet normal -1 0 0
    outer loop
      vertex 14.5 -12.5 15
      vertex 14.5 -9.5 6
      vertex 14.5 -12.5 3
    endloop
  endfacet
  facet normal -1 0 0
    outer loop
      vertex 14.5 -9.5 6
      vertex 14.5 -12.5 15
      vertex 14.5 -7.5 15
    endloop
  endfacet
  facet normal -0 0 1
    outer loop
      vertex 14.5 -7.5 15
      vertex 23.5 -12.5 15
      vertex 23.5 -7.5 15
    endloop
  endfacet
  facet normal 0 0 1
    outer loop
      vertex 23.5 -12.5 15
      vertex 14.5 -7.5 15
      vertex 14.5 -12.5 15
    endloop
  endfacet
  facet normal 1 0 0
    outer loop
      vertex 23.5 -7.5 15
      vertex 23.5 -9.5 6
      vertex 23.5 -7.5 6
    endloop
  endfacet
  facet normal 1 -0 0
    outer loop
      vertex 23.5 -12.5 15
      vertex 23.5 -9.5 6
      vertex 23.5 -7.5 15
    endloop
  endfacet
  facet normal 1 0 0
    outer loop
      vertex 23.5 -12.5 0
      vertex 23.5 -9.5 6
      vertex 23.5 -12.5 15
    endloop
  endfacet
  facet normal 1 0 0
    outer loop
      vertex 23.5 -9.5 6
      vertex 23.5 -12.5 0
      vertex 23.5 -9.5 0
    endloop
  endfacet
  facet normal 0 1 0
    outer loop
      vertex 23.5 -9.5 6
      vertex 23 -9.5 3
      vertex 14.5 -9.5 6
    endloop
  endfacet
  facet normal 0 1 -0
    outer loop
      vertex 23.5 -9.5 0
      vertex 23 -9.5 3
      vertex 23.5 -9.5 6
    endloop
  endfacet
  facet normal 0 1 0
    outer loop
      vertex 23 -9.5 3
      vertex 23.5 -9.5 0
      vertex 23 -9.5 0
    endloop
  endfacet
  facet normal 0 1 0
    outer loop
      vertex 14.5 -9.5 6
      vertex 23 -9.5 3
      vertex 14.5 -9.5 3
    endloop
  endfacet
  facet normal 0 1 0
    outer loop
      vertex -14.5 -7.5 15
      vertex -17.3257 -7.5 12.9
      vertex -23.5 -7.5 15
    endloop
  endfacet
  facet normal 0 1 0
    outer loop
      vertex -14.5 -7.5 15
      vertex -15.6514 -7.5 10
      vertex -17.3257 -7.5 12.9
    endloop
  endfacet
  facet normal 0 1 0
    outer loop
      vertex -17.3257 -7.5 7.1
      vertex -14.5 -7.5 6
      vertex -20.6743 -7.5 7.1
    endloop
  endfacet
  facet normal 0 1 0
    outer loop
      vertex -15.6514 -7.5 10
      vertex -14.5 -7.5 6
      vertex -17.3257 -7.5 7.1
    endloop
  endfacet
  facet normal 0 1 -0
    outer loop
      vertex -14.5 -7.5 6
      vertex -15.6514 -7.5 10
      vertex -14.5 -7.5 15
    endloop
  endfacet
  facet normal 0 1 -0
    outer loop
      vertex -20.6743 -7.5 12.9
      vertex -23.5 -7.5 15
      vertex -17.3257 -7.5 12.9
    endloop
  endfacet
  facet normal 0 1 -0
    outer loop
      vertex -22.3486 -7.5 10
      vertex -23.5 -7.5 15
      vertex -20.6743 -7.5 12.9
    endloop
  endfacet
  facet normal 0 1 0
    outer loop
      vertex -22.3486 -7.5 10
      vertex -23.5 -7.5 6
      vertex -23.5 -7.5 15
    endloop
  endfacet
  facet normal 0 1 0
    outer loop
      vertex -20.6743 -7.5 7.1
      vertex -23.5 -7.5 6
      vertex -22.3486 -7.5 10
    endloop
  endfacet
  facet normal 0 1 0
    outer loop
      vertex -23.5 -7.5 6
      vertex -20.6743 -7.5 7.1
      vertex -14.5 -7.5 6
    endloop
  endfacet
  facet normal 0 0 -1
    outer loop
      vertex -23.5 -9.5 6
      vertex -14.5 -7.5 6
      vertex -14.5 -9.5 6
    endloop
  endfacet
  facet normal -0 0 -1
    outer loop
      vertex -14.5 -7.5 6
      vertex -23.5 -9.5 6
      vertex -23.5 -7.5 6
    endloop
  endfacet
  facet normal 0 1 0
    outer loop
      vertex 23.5 -7.5 15
      vertex 20.6743 -7.5 12.9
      vertex 14.5 -7.5 15
    endloop
  endfacet
  facet normal 0 1 0
    outer loop
      vertex 23.5 -7.5 15
      vertex 22.3486 -7.5 10
      vertex 20.6743 -7.5 12.9
    endloop
  endfacet
  facet normal 0 1 0
    outer loop
      vertex 20.6743 -7.5 7.1
      vertex 23.5 -7.5 6
      vertex 17.3257 -7.5 7.1
    endloop
  endfacet
  facet normal 0 1 0
    outer loop
      vertex 22.3486 -7.5 10
      vertex 23.5 -7.5 6
      vertex 20.6743 -7.5 7.1
    endloop
  endfacet
  facet normal 0 1 -0
    outer loop
      vertex 23.5 -7.5 6
      vertex 22.3486 -7.5 10
      vertex 23.5 -7.5 15
    endloop
  endfacet
  facet normal 0 1 -0
    outer loop
      vertex 17.3257 -7.5 12.9
      vertex 14.5 -7.5 15
      vertex 20.6743 -7.5 12.9
    endloop
  endfacet
  facet normal 0 1 -0
    outer loop
      vertex 15.6514 -7.5 10
      vertex 14.5 -7.5 15
      vertex 17.3257 -7.5 12.9
    endloop
  endfacet
  facet normal 0 1 0
    outer loop
      vertex 15.6514 -7.5 10
      vertex 14.5 -7.5 6
      vertex 14.5 -7.5 15
    endloop
  endfacet
  facet normal 0 1 0
    outer loop
      vertex 17.3257 -7.5 7.1
      vertex 14.5 -7.5 6
      vertex 15.6514 -7.5 10
    endloop
  endfacet
  facet normal 0 1 0
    outer loop
      vertex 14.5 -7.5 6
      vertex 17.3257 -7.5 7.1
      vertex 23.5 -7.5 6
    endloop
  endfacet
  facet normal 0 0 -1
    outer loop
      vertex 14.5 -9.5 6
      vertex 23.5 -7.5 6
      vertex 23.5 -9.5 6
    endloop
  endfacet
  facet normal -0 0 -1
    outer loop
      vertex 23.5 -7.5 6
      vertex 14.5 -9.5 6
      vertex 14.5 -7.5 6
    endloop
  endfacet
  facet normal 0 0 1
    outer loop
      vertex 23 2 3
      vertex 20.6574 0.378286 3
      vertex 20.7 0 3
    endloop
  endfacet
  facet normal 0 0 1
    outer loop
      vertex 21.3473 3.9696 3
      vertex 20.5316 0.737603 3
      vertex 20.6574 0.378286 3
    endloop
  endfacet
  facet normal 0 0 1
    outer loop
      vertex 21.3473 3.9696 3
      vertex 20.3291 1.05993 3
      vertex 20.5316 0.737603 3
    endloop
  endfacet
  facet normal 0 0 1
    outer loop
      vertex 21.3473 3.9696 3
      vertex 20.0599 1.32911 3
      vertex 20.3291 1.05993 3
    endloop
  endfacet
  facet normal 0 0 1
    outer loop
      vertex 21 4 3
      vertex 19.7376 1.53165 3
      vertex 20.0599 1.32911 3
    endloop
  endfacet
  facet normal 0 0 1
    outer loop
      vertex 21 4 3
      vertex 19.3783 1.65738 3
      vertex 19.7376 1.53165 3
    endloop
  endfacet
  facet normal 0 0 1
    outer loop
      vertex 21 4 3
      vertex 19 1.7 3
      vertex 19.3783 1.65738 3
    endloop
  endfacet
  facet normal 0 0 1
    outer loop
      vertex 21 4 3
      vertex 18.6217 1.65738 3
      vertex 19 1.7 3
    endloop
  endfacet
  facet normal 0 0 1
    outer loop
      vertex 21 4 3
      vertex 18.2624 1.53165 3
      vertex 18.6217 1.65738 3
    endloop
  endfacet
  facet normal 0 0 1
    outer loop
      vertex 21 4 3
      vertex 17.9401 1.32911 3
      vertex 18.2624 1.53165 3
    endloop
  endfacet
  facet normal 0 0 1
    outer loop
      vertex -17.3 0 3
      vertex 17.3 0 3
      vertex 17.3426 0.378286 3
    endloop
  endfacet
  facet normal 0 0 1
    outer loop
      vertex 14.5 -9.5 3
      vertex -14.5 -9.5 3
      vertex 14.5 -12.5 3
    endloop
  endfacet
  facet normal 0 0 1
    outer loop
      vertex 17.3 0 3
      vertex -14.5 -9.5 3
      vertex 14.5 -9.5 3
    endloop
  endfacet
  facet normal 0 0 1
    outer loop
      vertex -17.3426 0.378286 3
      vertex 17.3426 0.378286 3
      vertex 17.4684 0.737603 3
    endloop
  endfacet
  facet normal 0 0 1
    outer loop
      vertex -17.4684 0.737603 3
      vertex 17.4684 0.737603 3
      vertex 17.6709 1.05993 3
    endloop
  endfacet
  facet normal 0 0 1
    outer loop
      vertex -17.6709 1.05993 3
      vertex 17.6709 1.05993 3
      vertex 17.9401 1.32911 3
    endloop
  endfacet
  facet normal 0 0 1
    outer loop
      vertex -17.9401 1.32911 3
      vertex 17.9401 1.32911 3
      vertex 21 4 3
    endloop
  endfacet
  facet normal 0 0 1
    outer loop
      vertex 17.3 0 3
      vertex -17.3 0 3
      vertex -14.5 -9.5 3
    endloop
  endfacet
  facet normal 0 0 1
    outer loop
      vertex 17.3426 0.378286 3
      vertex -17.3426 0.378286 3
      vertex -17.3 0 3
    endloop
  endfacet
  facet normal 0 0 1
    outer loop
      vertex 17.4684 0.737603 3
      vertex -17.4684 0.737603 3
      vertex -17.3426 0.378286 3
    endloop
  endfacet
  facet normal 0 0 1
    outer loop
      vertex 17.6709 1.05993 3
      vertex -17.6709 1.05993 3
      vertex -17.4684 0.737603 3
    endloop
  endfacet
  facet normal 0 0 1
    outer loop
      vertex 17.9401 1.32911 3
      vertex -17.9401 1.32911 3
      vertex -17.6709 1.05993 3
    endloop
  endfacet
  facet normal -0 0 1
    outer loop
      vertex -21 4 3
      vertex -17.9401 1.32911 3
      vertex 21 4 3
    endloop
  endfacet
  facet normal 0 0 1
    outer loop
      vertex -17.9401 1.32911 3
      vertex -21 4 3
      vertex -18.2624 1.53165 3
    endloop
  endfacet
  facet normal 0 0 1
    outer loop
      vertex -18.2624 1.53165 3
      vertex -21 4 3
      vertex -18.6217 1.65738 3
    endloop
  endfacet
  facet normal -0 0 1
    outer loop
      vertex -22.2856 3.53207 3
      vertex -20.0599 1.32911 3
      vertex -22 3.73204 3
    endloop
  endfacet
  facet normal -0 0 1
    outer loop
      vertex -22 3.73204 3
      vertex -20.0599 1.32911 3
      vertex -21.684 3.87938 3
    endloop
  endfacet
  facet normal -0 0 1
    outer loop
      vertex -21.684 3.87938 3
      vertex -20.0599 1.32911 3
      vertex -21.3473 3.9696 3
    endloop
  endfacet
  facet normal -0 0 1
    outer loop
      vertex -21.3473 3.9696 3
      vertex -20.0599 1.32911 3
      vertex -21 4 3
    endloop
  endfacet
  facet normal 0 0 1
    outer loop
      vertex -19.7376 1.53165 3
      vertex -21 4 3
      vertex -20.0599 1.32911 3
    endloop
  endfacet
  facet normal 0 0 1
    outer loop
      vertex -19.3783 1.65738 3
      vertex -21 4 3
      vertex -19.7376 1.53165 3
    endloop
  endfacet
  facet normal 0 0 1
    outer loop
      vertex -19 1.7 3
      vertex -21 4 3
      vertex -19.3783 1.65738 3
    endloop
  endfacet
  facet normal 0 0 1
    outer loop
      vertex -18.6217 1.65738 3
      vertex -21 4 3
      vertex -19 1.7 3
    endloop
  endfacet
  facet normal 0 0 1
    outer loop
      vertex 20.6574 0.378286 3
      vertex 23 2 3
      vertex 22.9696 2.34729 3
    endloop
  endfacet
  facet normal 0 0 1
    outer loop
      vertex 20.6574 0.378286 3
      vertex 22.9696 2.34729 3
      vertex 22.8794 2.68404 3
    endloop
  endfacet
  facet normal 0 0 1
    outer loop
      vertex 20.6574 0.378286 3
      vertex 22.8794 2.68404 3
      vertex 22.732 3 3
    endloop
  endfacet
  facet normal 0 0 1
    outer loop
      vertex 20.6574 0.378286 3
      vertex 22.732 3 3
      vertex 22.5321 3.28557 3
    endloop
  endfacet
  facet normal 0 0 1
    outer loop
      vertex 20.6574 0.378286 3
      vertex 22.5321 3.28557 3
      vertex 22.2856 3.53207 3
    endloop
  endfacet
  facet normal 0 0 1
    outer loop
      vertex 20.6574 0.378286 3
      vertex 22.2856 3.53207 3
      vertex 22 3.73204 3
    endloop
  endfacet
  facet normal 0 0 1
    outer loop
      vertex 20.6574 0.378286 3
      vertex 22 3.73204 3
      vertex 21.684 3.87938 3
    endloop
  endfacet
  facet normal 0 0 1
    outer loop
      vertex 20.6574 0.378286 3
      vertex 21.684 3.87938 3
      vertex 21.3473 3.9696 3
    endloop
  endfacet
  facet normal 0 0 1
    outer loop
      vertex 20.0599 1.32911 3
      vertex 21.3473 3.9696 3
      vertex 21 4 3
    endloop
  endfacet
  facet normal 0 0 1
    outer loop
      vertex 23 2 3
      vertex 20.7 0 3
      vertex 20.6574 -0.378285 3
    endloop
  endfacet
  facet normal 0 0 1
    outer loop
      vertex 23 2 3
      vertex 20.6574 -0.378285 3
      vertex 20.5316 -0.737602 3
    endloop
  endfacet
  facet normal 0 0 1
    outer loop
      vertex 23 2 3
      vertex 20.5316 -0.737602 3
      vertex 23 -9.5 3
    endloop
  endfacet
  facet normal -0 0 1
    outer loop
      vertex 20.3291 -1.05993 3
      vertex 23 -9.5 3
      vertex 20.5316 -0.737602 3
    endloop
  endfacet
  facet normal -0 0 1
    outer loop
      vertex 20.0599 -1.32911 3
      vertex 23 -9.5 3
      vertex 20.3291 -1.05993 3
    endloop
  endfacet
  facet normal -0 0 1
    outer loop
      vertex 19.7376 -1.53165 3
      vertex 23 -9.5 3
      vertex 20.0599 -1.32911 3
    endloop
  endfacet
  facet normal -0 0 1
    outer loop
      vertex 19.3783 -1.65738 3
      vertex 23 -9.5 3
      vertex 19.7376 -1.53165 3
    endloop
  endfacet
  facet normal -0 0 1
    outer loop
      vertex 19 -1.7 3
      vertex 23 -9.5 3
      vertex 19.3783 -1.65738 3
    endloop
  endfacet
  facet normal 0 0 1
    outer loop
      vertex 14.5 -9.5 3
      vertex 19 -1.7 3
      vertex 18.6217 -1.65738 3
    endloop
  endfacet
  facet normal 0 0 1
    outer loop
      vertex 14.5 -9.5 3
      vertex 18.6217 -1.65738 3
      vertex 18.2624 -1.53165 3
    endloop
  endfacet
  facet normal 0 0 1
    outer loop
      vertex 14.5 -9.5 3
      vertex 18.2624 -1.53165 3
      vertex 17.9401 -1.32911 3
    endloop
  endfacet
  facet normal 0 0 1
    outer loop
      vertex 14.5 -9.5 3
      vertex 17.9401 -1.32911 3
      vertex 17.6709 -1.05993 3
    endloop
  endfacet
  facet normal 0 0 1
    outer loop
      vertex 19 -1.7 3
      vertex 14.5 -9.5 3
      vertex 23 -9.5 3
    endloop
  endfacet
  facet normal 0 0 1
    outer loop
      vertex 17.4684 -0.737602 3
      vertex 14.5 -9.5 3
      vertex 17.6709 -1.05993 3
    endloop
  endfacet
  facet normal 0 0 1
    outer loop
      vertex 17.3426 -0.378285 3
      vertex 14.5 -9.5 3
      vertex 17.4684 -0.737602 3
    endloop
  endfacet
  facet normal 0 0 1
    outer loop
      vertex 14.5 -9.5 3
      vertex 17.3426 -0.378285 3
      vertex 17.3 0 3
    endloop
  endfacet
  facet normal 0 0 1
    outer loop
      vertex 14.5 -12.5 3
      vertex -14.5 -9.5 3
      vertex -14.5 -12.5 3
    endloop
  endfacet
  facet normal -0 0 1
    outer loop
      vertex -17.3426 -0.378285 3
      vertex -14.5 -9.5 3
      vertex -17.3 0 3
    endloop
  endfacet
  facet normal -0 0 1
    outer loop
      vertex -17.4684 -0.737602 3
      vertex -14.5 -9.5 3
      vertex -17.3426 -0.378285 3
    endloop
  endfacet
  facet normal -0 0 1
    outer loop
      vertex -17.6709 -1.05993 3
      vertex -14.5 -9.5 3
      vertex -17.4684 -0.737602 3
    endloop
  endfacet
  facet normal -0 0 1
    outer loop
      vertex -17.9401 -1.32911 3
      vertex -14.5 -9.5 3
      vertex -17.6709 -1.05993 3
    endloop
  endfacet
  facet normal -0 0 1
    outer loop
      vertex -18.2624 -1.53165 3
      vertex -14.5 -9.5 3
      vertex -17.9401 -1.32911 3
    endloop
  endfacet
  facet normal -0 0 1
    outer loop
      vertex -18.6217 -1.65738 3
      vertex -14.5 -9.5 3
      vertex -18.2624 -1.53165 3
    endloop
  endfacet
  facet normal -0 0 1
    outer loop
      vertex -19 -1.7 3
      vertex -14.5 -9.5 3
      vertex -18.6217 -1.65738 3
    endloop
  endfacet
  facet normal 0 0 1
    outer loop
      vertex -23 -9.5 3
      vertex -19 -1.7 3
      vertex -19.3783 -1.65738 3
    endloop
  endfacet
  facet normal 0 0 1
    outer loop
      vertex -23 -9.5 3
      vertex -19.3783 -1.65738 3
      vertex -19.7376 -1.53165 3
    endloop
  endfacet
  facet normal 0 0 1
    outer loop
      vertex -23 -9.5 3
      vertex -19.7376 -1.53165 3
      vertex -20.0599 -1.32911 3
    endloop
  endfacet
  facet normal 0 0 1
    outer loop
      vertex -23 -9.5 3
      vertex -20.0599 -1.32911 3
      vertex -20.3291 -1.05993 3
    endloop
  endfacet
  facet normal 0 0 1
    outer loop
      vertex -20.0599 1.32911 3
      vertex -22.2856 3.53207 3
      vertex -20.3291 1.05993 3
    endloop
  endfacet
  facet normal 0 0 1
    outer loop
      vertex -20.6574 0.378286 3
      vertex -23 2 3
      vertex -20.7 0 3
    endloop
  endfacet
  facet normal -0 0 1
    outer loop
      vertex -22.5321 3.28557 3
      vertex -20.3291 1.05993 3
      vertex -22.2856 3.53207 3
    endloop
  endfacet
  facet normal -0 0 1
    outer loop
      vertex -22.732 3 3
      vertex -20.3291 1.05993 3
      vertex -22.5321 3.28557 3
    endloop
  endfacet
  facet normal -0 0 1
    outer loop
      vertex -22.8794 2.68404 3
      vertex -20.3291 1.05993 3
      vertex -22.732 3 3
    endloop
  endfacet
  facet normal 0 0 1
    outer loop
      vertex -20.7 0 3
      vertex -23 2 3
      vertex -20.6574 -0.378285 3
    endloop
  endfacet
  facet normal -0 0 1
    outer loop
      vertex -22.9696 2.34729 3
      vertex -20.3291 1.05993 3
      vertex -22.8794 2.68404 3
    endloop
  endfacet
  facet normal -0 0 1
    outer loop
      vertex -23 2 3
      vertex -20.3291 1.05993 3
      vertex -22.9696 2.34729 3
    endloop
  endfacet
  facet normal 0 0 1
    outer loop
      vertex -20.3291 1.05993 3
      vertex -23 2 3
      vertex -20.5316 0.737603 3
    endloop
  endfacet
  facet normal 0 0 1
    outer loop
      vertex -20.6574 -0.378285 3
      vertex -23 2 3
      vertex -20.5316 -0.737602 3
    endloop
  endfacet
  facet normal 0 0 1
    outer loop
      vertex -20.5316 0.737603 3
      vertex -23 2 3
      vertex -20.6574 0.378286 3
    endloop
  endfacet
  facet normal 0 0 1
    outer loop
      vertex -23 -9.5 3
      vertex -20.5316 -0.737602 3
      vertex -23 2 3
    endloop
  endfacet
  facet normal 0 0 1
    outer loop
      vertex -20.5316 -0.737602 3
      vertex -23 -9.5 3
      vertex -20.3291 -1.05993 3
    endloop
  endfacet
  facet normal 0 0 1
    outer loop
      vertex -19 -1.7 3
      vertex -23 -9.5 3
      vertex -14.5 -9.5 3
    endloop
  endfacet
  facet normal 1 -0 0
    outer loop
      vertex 23 -9.5 3
      vertex 23 2 0
      vertex 23 2 3
    endloop
  endfacet
  facet normal 1 0 0
    outer loop
      vertex 23 2 0
      vertex 23 -9.5 3
      vertex 23 -9.5 0
    endloop
  endfacet
  facet normal -1 0 0
    outer loop
      vertex -23 -9.5 0
      vertex -23 2 3
      vertex -23 2 0
    endloop
  endfacet
  facet normal -1 -0 0
    outer loop
      vertex -23 2 3
      vertex -23 -9.5 0
      vertex -23 -9.5 3
    endloop
  endfacet
  facet normal 0 1 -0
    outer loop
      vertex 21 4 0
      vertex -21 4 3
      vertex 21 4 3
    endloop
  endfacet
  facet normal 0 1 0
    outer loop
      vertex -21 4 3
      vertex 21 4 0
      vertex -21 4 0
    endloop
  endfacet
  facet normal -0.258823 0.965925 0
    outer loop
      vertex -21.3473 3.9696 0
      vertex -21.684 3.87938 3
      vertex -21.3473 3.9696 3
    endloop
  endfacet
  facet normal -0.258823 0.965925 0
    outer loop
      vertex -21.684 3.87938 3
      vertex -21.3473 3.9696 0
      vertex -21.684 3.87938 0
    endloop
  endfacet
  facet normal 0.965949 0.258734 0
    outer loop
      vertex 22.9696 2.34729 3
      vertex 22.8794 2.68404 0
      vertex 22.8794 2.68404 3
    endloop
  endfacet
  facet normal 0.965949 0.258734 0
    outer loop
      vertex 22.8794 2.68404 0
      vertex 22.9696 2.34729 3
      vertex 22.9696 2.34729 0
    endloop
  endfacet
  facet normal 0.996191 0.0872015 0
    outer loop
      vertex 23 2 3
      vertex 22.9696 2.34729 0
      vertex 22.9696 2.34729 3
    endloop
  endfacet
  facet normal 0.996191 0.0872015 0
    outer loop
      vertex 22.9696 2.34729 0
      vertex 23 2 3
      vertex 23 2 0
    endloop
  endfacet
  facet normal -0.707107 0.707107 0
    outer loop
      vertex -22.5321 3.28557 0
      vertex -22.2856 3.53207 3
      vertex -22.2856 3.53207 0
    endloop
  endfacet
  facet normal -0.707107 0.707107 0
    outer loop
      vertex -22.2856 3.53207 3
      vertex -22.5321 3.28557 0
      vertex -22.5321 3.28557 3
    endloop
  endfacet
  facet normal -0.819231 0.573464 0
    outer loop
      vertex -22.732 3 0
      vertex -22.5321 3.28557 3
      vertex -22.5321 3.28557 0
    endloop
  endfacet
  facet normal -0.819231 0.573464 0
    outer loop
      vertex -22.5321 3.28557 3
      vertex -22.732 3 0
      vertex -22.732 3 3
    endloop
  endfacet
  facet normal -0.906236 0.422772 0
    outer loop
      vertex -22.8794 2.68404 0
      vertex -22.732 3 3
      vertex -22.732 3 0
    endloop
  endfacet
  facet normal -0.906236 0.422772 0
    outer loop
      vertex -22.732 3 3
      vertex -22.8794 2.68404 0
      vertex -22.8794 2.68404 3
    endloop
  endfacet
  facet normal 0.422587 0.906322 -0
    outer loop
      vertex 22 3.73204 0
      vertex 21.684 3.87938 3
      vertex 22 3.73204 3
    endloop
  endfacet
  facet normal 0.422587 0.906322 0
    outer loop
      vertex 21.684 3.87938 3
      vertex 22 3.73204 0
      vertex 21.684 3.87938 0
    endloop
  endfacet
  facet normal 0.258823 0.965925 -0
    outer loop
      vertex 21.684 3.87938 0
      vertex 21.3473 3.9696 3
      vertex 21.684 3.87938 3
    endloop
  endfacet
  facet normal 0.258823 0.965925 0
    outer loop
      vertex 21.3473 3.9696 3
      vertex 21.684 3.87938 0
      vertex 21.3473 3.9696 0
    endloop
  endfacet
  facet normal 0.707107 0.707107 0
    outer loop
      vertex 22.5321 3.28557 3
      vertex 22.2856 3.53207 0
      vertex 22.2856 3.53207 3
    endloop
  endfacet
  facet normal 0.707107 0.707107 0
    outer loop
      vertex 22.2856 3.53207 0
      vertex 22.5321 3.28557 3
      vertex 22.5321 3.28557 0
    endloop
  endfacet
  facet normal 0.573559 0.819165 -0
    outer loop
      vertex 22.2856 3.53207 0
      vertex 22 3.73204 3
      vertex 22.2856 3.53207 3
    endloop
  endfacet
  facet normal 0.573559 0.819165 0
    outer loop
      vertex 22 3.73204 3
      vertex 22.2856 3.53207 0
      vertex 22 3.73204 0
    endloop
  endfacet
  facet normal -0.087199 0.996191 0
    outer loop
      vertex -21 4 0
      vertex -21.3473 3.9696 3
      vertex -21 4 3
    endloop
  endfacet
  facet normal -0.087199 0.996191 0
    outer loop
      vertex -21.3473 3.9696 3
      vertex -21 4 0
      vertex -21.3473 3.9696 0
    endloop
  endfacet
  facet normal -0.573559 0.819165 0
    outer loop
      vertex -22 3.73204 0
      vertex -22.2856 3.53207 3
      vertex -22 3.73204 3
    endloop
  endfacet
  facet normal -0.573559 0.819165 0
    outer loop
      vertex -22.2856 3.53207 3
      vertex -22 3.73204 0
      vertex -22.2856 3.53207 0
    endloop
  endfacet
  facet normal -0.422587 0.906322 0
    outer loop
      vertex -21.684 3.87938 0
      vertex -22 3.73204 3
      vertex -21.684 3.87938 3
    endloop
  endfacet
  facet normal -0.422587 0.906322 0
    outer loop
      vertex -22 3.73204 3
      vertex -21.684 3.87938 0
      vertex -22 3.73204 0
    endloop
  endfacet
  facet normal -0.996191 0.0872015 0
    outer loop
      vertex -23 2 0
      vertex -22.9696 2.34729 3
      vertex -22.9696 2.34729 0
    endloop
  endfacet
  facet normal -0.996191 0.0872015 0
    outer loop
      vertex -22.9696 2.34729 3
      vertex -23 2 0
      vertex -23 2 3
    endloop
  endfacet
  facet normal -0.965949 0.258734 0
    outer loop
      vertex -22.9696 2.34729 0
      vertex -22.8794 2.68404 3
      vertex -22.8794 2.68404 0
    endloop
  endfacet
  facet normal -0.965949 0.258734 0
    outer loop
      vertex -22.8794 2.68404 3
      vertex -22.9696 2.34729 0
      vertex -22.9696 2.34729 3
    endloop
  endfacet
  facet normal 0.087199 0.996191 -0
    outer loop
      vertex 21.3473 3.9696 0
      vertex 21 4 3
      vertex 21.3473 3.9696 3
    endloop
  endfacet
  facet normal 0.087199 0.996191 0
    outer loop
      vertex 21 4 3
      vertex 21.3473 3.9696 0
      vertex 21 4 0
    endloop
  endfacet
  facet normal 0.819231 0.573464 0
    outer loop
      vertex 22.732 3 3
      vertex 22.5321 3.28557 0
      vertex 22.5321 3.28557 3
    endloop
  endfacet
  facet normal 0.819231 0.573464 0
    outer loop
      vertex 22.5321 3.28557 0
      vertex 22.732 3 3
      vertex 22.732 3 0
    endloop
  endfacet
  facet normal 0.906236 0.422772 0
    outer loop
      vertex 22.8794 2.68404 3
      vertex 22.732 3 0
      vertex 22.732 3 3
    endloop
  endfacet
  facet normal 0.906236 0.422772 0
    outer loop
      vertex 22.732 3 0
      vertex 22.8794 2.68404 3
      vertex 22.8794 2.68404 0
    endloop
  endfacet
  facet normal -0.993719 -0.111906 0
    outer loop
      vertex -17.3 0 0
      vertex -17.3426 0.378286 3
      vertex -17.3426 0.378286 0
    endloop
  endfacet
  facet normal -0.993719 -0.111906 0
    outer loop
      vertex -17.3426 0.378286 3
      vertex -17.3 0 0
      vertex -17.3 0 3
    endloop
  endfacet
  facet normal 0.993719 -0.111906 0
    outer loop
      vertex -20.7 0 3
      vertex -20.6574 0.378286 0
      vertex -20.6574 0.378286 3
    endloop
  endfacet
  facet normal 0.993719 -0.111906 0
    outer loop
      vertex -20.6574 0.378286 0
      vertex -20.7 0 3
      vertex -20.7 0 0
    endloop
  endfacet
  facet normal 0.111954 -0.993713 0
    outer loop
      vertex -19.3783 1.65738 0
      vertex -19 1.7 3
      vertex -19.3783 1.65738 3
    endloop
  endfacet
  facet normal 0.111954 -0.993713 0
    outer loop
      vertex -19 1.7 3
      vertex -19.3783 1.65738 0
      vertex -19 1.7 0
    endloop
  endfacet
  facet normal -0.111954 0.993713 0
    outer loop
      vertex -18.6217 -1.65738 0
      vertex -19 -1.7 3
      vertex -18.6217 -1.65738 3
    endloop
  endfacet
  facet normal -0.111954 0.993713 0
    outer loop
      vertex -19 -1.7 3
      vertex -18.6217 -1.65738 0
      vertex -19 -1.7 0
    endloop
  endfacet
  facet normal -0.53208 -0.846694 0
    outer loop
      vertex -18.2624 1.53165 0
      vertex -17.9401 1.32911 3
      vertex -18.2624 1.53165 3
    endloop
  endfacet
  facet normal -0.53208 -0.846694 -0
    outer loop
      vertex -17.9401 1.32911 3
      vertex -18.2624 1.53165 0
      vertex -17.9401 1.32911 0
    endloop
  endfacet
  facet normal -0.330292 -0.943879 0
    outer loop
      vertex -18.6217 1.65738 0
      vertex -18.2624 1.53165 3
      vertex -18.6217 1.65738 3
    endloop
  endfacet
  facet normal -0.330292 -0.943879 -0
    outer loop
      vertex -18.2624 1.53165 3
      vertex -18.6217 1.65738 0
      vertex -18.2624 1.53165 0
    endloop
  endfacet
  facet normal 0.707081 -0.707133 0
    outer loop
      vertex -20.3291 1.05993 3
      vertex -20.0599 1.32911 0
      vertex -20.0599 1.32911 3
    endloop
  endfacet
  facet normal 0.707081 -0.707133 0
    outer loop
      vertex -20.0599 1.32911 0
      vertex -20.3291 1.05993 3
      vertex -20.3291 1.05993 0
    endloop
  endfacet
  facet normal 0.330292 -0.943879 0
    outer loop
      vertex -19.7376 1.53165 0
      vertex -19.3783 1.65738 3
      vertex -19.7376 1.53165 3
    endloop
  endfacet
  facet normal 0.330292 -0.943879 0
    outer loop
      vertex -19.3783 1.65738 3
      vertex -19.7376 1.53165 0
      vertex -19.3783 1.65738 0
    endloop
  endfacet
  facet normal -0.846761 -0.531973 0
    outer loop
      vertex -17.4684 0.737603 0
      vertex -17.6709 1.05993 3
      vertex -17.6709 1.05993 0
    endloop
  endfacet
  facet normal -0.846761 -0.531973 0
    outer loop
      vertex -17.6709 1.05993 3
      vertex -17.4684 0.737603 0
      vertex -17.4684 0.737603 3
    endloop
  endfacet
  facet normal -0.943826 -0.330442 0
    outer loop
      vertex -17.3426 0.378286 0
      vertex -17.4684 0.737603 3
      vertex -17.4684 0.737603 0
    endloop
  endfacet
  facet normal -0.943826 -0.330442 0
    outer loop
      vertex -17.4684 0.737603 3
      vertex -17.3426 0.378286 0
      vertex -17.3426 0.378286 3
    endloop
  endfacet
  facet normal -0.707081 -0.707133 0
    outer loop
      vertex -17.6709 1.05993 0
      vertex -17.9401 1.32911 3
      vertex -17.9401 1.32911 0
    endloop
  endfacet
  facet normal -0.707081 -0.707133 0
    outer loop
      vertex -17.9401 1.32911 3
      vertex -17.6709 1.05993 0
      vertex -17.6709 1.05993 3
    endloop
  endfacet
  facet normal -0.111954 -0.993713 0
    outer loop
      vertex -19 1.7 0
      vertex -18.6217 1.65738 3
      vertex -19 1.7 3
    endloop
  endfacet
  facet normal -0.111954 -0.993713 -0
    outer loop
      vertex -18.6217 1.65738 3
      vertex -19 1.7 0
      vertex -18.6217 1.65738 0
    endloop
  endfacet
  facet normal 0.846761 -0.531973 0
    outer loop
      vertex -20.5316 0.737603 3
      vertex -20.3291 1.05993 0
      vertex -20.3291 1.05993 3
    endloop
  endfacet
  facet normal 0.846761 -0.531973 0
    outer loop
      vertex -20.3291 1.05993 0
      vertex -20.5316 0.737603 3
      vertex -20.5316 0.737603 0
    endloop
  endfacet
  facet normal 0.943826 -0.330442 0
    outer loop
      vertex -20.6574 0.378286 3
      vertex -20.5316 0.737603 0
      vertex -20.5316 0.737603 3
    endloop
  endfacet
  facet normal 0.943826 -0.330442 0
    outer loop
      vertex -20.5316 0.737603 0
      vertex -20.6574 0.378286 3
      vertex -20.6574 0.378286 0
    endloop
  endfacet
  facet normal 0.53208 -0.846694 0
    outer loop
      vertex -20.0599 1.32911 0
      vertex -19.7376 1.53165 3
      vertex -20.0599 1.32911 3
    endloop
  endfacet
  facet normal 0.53208 -0.846694 0
    outer loop
      vertex -19.7376 1.53165 3
      vertex -20.0599 1.32911 0
      vertex -19.7376 1.53165 0
    endloop
  endfacet
  facet normal -0.943826 0.330442 0
    outer loop
      vertex -17.4684 -0.737602 0
      vertex -17.3426 -0.378285 3
      vertex -17.3426 -0.378285 0
    endloop
  endfacet
  facet normal -0.943826 0.330442 0
    outer loop
      vertex -17.3426 -0.378285 3
      vertex -17.4684 -0.737602 0
      vertex -17.4684 -0.737602 3
    endloop
  endfacet
  facet normal 0.846762 0.531972 0
    outer loop
      vertex -20.3291 -1.05993 3
      vertex -20.5316 -0.737602 0
      vertex -20.5316 -0.737602 3
    endloop
  endfacet
  facet normal 0.846762 0.531972 0
    outer loop
      vertex -20.5316 -0.737602 0
      vertex -20.3291 -1.05993 3
      vertex -20.3291 -1.05993 0
    endloop
  endfacet
  facet normal 0.993719 0.111906 0
    outer loop
      vertex -20.6574 -0.378285 3
      vertex -20.7 0 0
      vertex -20.7 0 3
    endloop
  endfacet
  facet normal 0.993719 0.111906 0
    outer loop
      vertex -20.7 0 0
      vertex -20.6574 -0.378285 3
      vertex -20.6574 -0.378285 0
    endloop
  endfacet
  facet normal -0.330292 0.943879 0
    outer loop
      vertex -18.2624 -1.53165 0
      vertex -18.6217 -1.65738 3
      vertex -18.2624 -1.53165 3
    endloop
  endfacet
  facet normal -0.330292 0.943879 0
    outer loop
      vertex -18.6217 -1.65738 3
      vertex -18.2624 -1.53165 0
      vertex -18.6217 -1.65738 0
    endloop
  endfacet
  facet normal -0.707081 0.707133 0
    outer loop
      vertex -17.9401 -1.32911 0
      vertex -17.6709 -1.05993 3
      vertex -17.6709 -1.05993 0
    endloop
  endfacet
  facet normal -0.707081 0.707133 0
    outer loop
      vertex -17.6709 -1.05993 3
      vertex -17.9401 -1.32911 0
      vertex -17.9401 -1.32911 3
    endloop
  endfacet
  facet normal -0.993719 0.111906 0
    outer loop
      vertex -17.3426 -0.378285 0
      vertex -17.3 0 3
      vertex -17.3 0 0
    endloop
  endfacet
  facet normal -0.993719 0.111906 0
    outer loop
      vertex -17.3 0 3
      vertex -17.3426 -0.378285 0
      vertex -17.3426 -0.378285 3
    endloop
  endfacet
  facet normal 0.707081 0.707133 0
    outer loop
      vertex -20.0599 -1.32911 3
      vertex -20.3291 -1.05993 0
      vertex -20.3291 -1.05993 3
    endloop
  endfacet
  facet normal 0.707081 0.707133 0
    outer loop
      vertex -20.3291 -1.05993 0
      vertex -20.0599 -1.32911 3
      vertex -20.0599 -1.32911 0
    endloop
  endfacet
  facet normal 0.943826 0.330442 0
    outer loop
      vertex -20.5316 -0.737602 3
      vertex -20.6574 -0.378285 0
      vertex -20.6574 -0.378285 3
    endloop
  endfacet
  facet normal 0.943826 0.330442 0
    outer loop
      vertex -20.6574 -0.378285 0
      vertex -20.5316 -0.737602 3
      vertex -20.5316 -0.737602 0
    endloop
  endfacet
  facet normal -0.53208 0.846694 0
    outer loop
      vertex -17.9401 -1.32911 0
      vertex -18.2624 -1.53165 3
      vertex -17.9401 -1.32911 3
    endloop
  endfacet
  facet normal -0.53208 0.846694 0
    outer loop
      vertex -18.2624 -1.53165 3
      vertex -17.9401 -1.32911 0
      vertex -18.2624 -1.53165 0
    endloop
  endfacet
  facet normal -0.846762 0.531972 0
    outer loop
      vertex -17.6709 -1.05993 0
      vertex -17.4684 -0.737602 3
      vertex -17.4684 -0.737602 0
    endloop
  endfacet
  facet normal -0.846762 0.531972 0
    outer loop
      vertex -17.4684 -0.737602 3
      vertex -17.6709 -1.05993 0
      vertex -17.6709 -1.05993 3
    endloop
  endfacet
  facet normal 0.53208 0.846694 -0
    outer loop
      vertex -19.7376 -1.53165 0
      vertex -20.0599 -1.32911 3
      vertex -19.7376 -1.53165 3
    endloop
  endfacet
  facet normal 0.53208 0.846694 0
    outer loop
      vertex -20.0599 -1.32911 3
      vertex -19.7376 -1.53165 0
      vertex -20.0599 -1.32911 0
    endloop
  endfacet
  facet normal 0.330292 0.943879 -0
    outer loop
      vertex -19.3783 -1.65738 0
      vertex -19.7376 -1.53165 3
      vertex -19.3783 -1.65738 3
    endloop
  endfacet
  facet normal 0.330292 0.943879 0
    outer loop
      vertex -19.7376 -1.53165 3
      vertex -19.3783 -1.65738 0
      vertex -19.7376 -1.53165 0
    endloop
  endfacet
  facet normal 0.111954 0.993713 -0
    outer loop
      vertex -19 -1.7 0
      vertex -19.3783 -1.65738 3
      vertex -19 -1.7 3
    endloop
  endfacet
  facet normal 0.111954 0.993713 0
    outer loop
      vertex -19.3783 -1.65738 3
      vertex -19 -1.7 0
      vertex -19.3783 -1.65738 0
    endloop
  endfacet
  facet normal -0.993719 -0.111906 0
    outer loop
      vertex 20.7 0 0
      vertex 20.6574 0.378286 3
      vertex 20.6574 0.378286 0
    endloop
  endfacet
  facet normal -0.993719 -0.111906 0
    outer loop
      vertex 20.6574 0.378286 3
      vertex 20.7 0 0
      vertex 20.7 0 3
    endloop
  endfacet
  facet normal 0.993719 -0.111906 0
    outer loop
      vertex 17.3 0 3
      vertex 17.3426 0.378286 0
      vertex 17.3426 0.378286 3
    endloop
  endfacet
  facet normal 0.993719 -0.111906 0
    outer loop
      vertex 17.3426 0.378286 0
      vertex 17.3 0 3
      vertex 17.3 0 0
    endloop
  endfacet
  facet normal 0.111954 -0.993713 0
    outer loop
      vertex 18.6217 1.65738 0
      vertex 19 1.7 3
      vertex 18.6217 1.65738 3
    endloop
  endfacet
  facet normal 0.111954 -0.993713 0
    outer loop
      vertex 19 1.7 3
      vertex 18.6217 1.65738 0
      vertex 19 1.7 0
    endloop
  endfacet
  facet normal -0.111954 0.993713 0
    outer loop
      vertex 19.3783 -1.65738 0
      vertex 19 -1.7 3
      vertex 19.3783 -1.65738 3
    endloop
  endfacet
  facet normal -0.111954 0.993713 0
    outer loop
      vertex 19 -1.7 3
      vertex 19.3783 -1.65738 0
      vertex 19 -1.7 0
    endloop
  endfacet
  facet normal -0.53208 -0.846694 0
    outer loop
      vertex 19.7376 1.53165 0
      vertex 20.0599 1.32911 3
      vertex 19.7376 1.53165 3
    endloop
  endfacet
  facet normal -0.53208 -0.846694 -0
    outer loop
      vertex 20.0599 1.32911 3
      vertex 19.7376 1.53165 0
      vertex 20.0599 1.32911 0
    endloop
  endfacet
  facet normal 0.707081 -0.707133 0
    outer loop
      vertex 17.6709 1.05993 3
      vertex 17.9401 1.32911 0
      vertex 17.9401 1.32911 3
    endloop
  endfacet
  facet normal 0.707081 -0.707133 0
    outer loop
      vertex 17.9401 1.32911 0
      vertex 17.6709 1.05993 3
      vertex 17.6709 1.05993 0
    endloop
  endfacet
  facet normal 0.330292 -0.943879 0
    outer loop
      vertex 18.2624 1.53165 0
      vertex 18.6217 1.65738 3
      vertex 18.2624 1.53165 3
    endloop
  endfacet
  facet normal 0.330292 -0.943879 0
    outer loop
      vertex 18.6217 1.65738 3
      vertex 18.2624 1.53165 0
      vertex 18.6217 1.65738 0
    endloop
  endfacet
  facet normal -0.846761 -0.531973 0
    outer loop
      vertex 20.5316 0.737603 0
      vertex 20.3291 1.05993 3
      vertex 20.3291 1.05993 0
    endloop
  endfacet
  facet normal -0.846761 -0.531973 0
    outer loop
      vertex 20.3291 1.05993 3
      vertex 20.5316 0.737603 0
      vertex 20.5316 0.737603 3
    endloop
  endfacet
  facet normal -0.943826 -0.330442 0
    outer loop
      vertex 20.6574 0.378286 0
      vertex 20.5316 0.737603 3
      vertex 20.5316 0.737603 0
    endloop
  endfacet
  facet normal -0.943826 -0.330442 0
    outer loop
      vertex 20.5316 0.737603 3
      vertex 20.6574 0.378286 0
      vertex 20.6574 0.378286 3
    endloop
  endfacet
  facet normal -0.707081 -0.707133 0
    outer loop
      vertex 20.3291 1.05993 0
      vertex 20.0599 1.32911 3
      vertex 20.0599 1.32911 0
    endloop
  endfacet
  facet normal -0.707081 -0.707133 0
    outer loop
      vertex 20.0599 1.32911 3
      vertex 20.3291 1.05993 0
      vertex 20.3291 1.05993 3
    endloop
  endfacet
  facet normal -0.111954 -0.993713 0
    outer loop
      vertex 19 1.7 0
      vertex 19.3783 1.65738 3
      vertex 19 1.7 3
    endloop
  endfacet
  facet normal -0.111954 -0.993713 -0
    outer loop
      vertex 19.3783 1.65738 3
      vertex 19 1.7 0
      vertex 19.3783 1.65738 0
    endloop
  endfacet
  facet normal -0.330292 -0.943879 0
    outer loop
      vertex 19.3783 1.65738 0
      vertex 19.7376 1.53165 3
      vertex 19.3783 1.65738 3
    endloop
  endfacet
  facet normal -0.330292 -0.943879 -0
    outer loop
      vertex 19.7376 1.53165 3
      vertex 19.3783 1.65738 0
      vertex 19.7376 1.53165 0
    endloop
  endfacet
  facet normal 0.846761 -0.531973 0
    outer loop
      vertex 17.4684 0.737603 3
      vertex 17.6709 1.05993 0
      vertex 17.6709 1.05993 3
    endloop
  endfacet
  facet normal 0.846761 -0.531973 0
    outer loop
      vertex 17.6709 1.05993 0
      vertex 17.4684 0.737603 3
      vertex 17.4684 0.737603 0
    endloop
  endfacet
  facet normal 0.943826 -0.330442 0
    outer loop
      vertex 17.3426 0.378286 3
      vertex 17.4684 0.737603 0
      vertex 17.4684 0.737603 3
    endloop
  endfacet
  facet normal 0.943826 -0.330442 0
    outer loop
      vertex 17.4684 0.737603 0
      vertex 17.3426 0.378286 3
      vertex 17.3426 0.378286 0
    endloop
  endfacet
  facet normal 0.53208 -0.846694 0
    outer loop
      vertex 17.9401 1.32911 0
      vertex 18.2624 1.53165 3
      vertex 17.9401 1.32911 3
    endloop
  endfacet
  facet normal 0.53208 -0.846694 0
    outer loop
      vertex 18.2624 1.53165 3
      vertex 17.9401 1.32911 0
      vertex 18.2624 1.53165 0
    endloop
  endfacet
  facet normal -0.330292 0.943879 0
    outer loop
      vertex 19.7376 -1.53165 0
      vertex 19.3783 -1.65738 3
      vertex 19.7376 -1.53165 3
    endloop
  endfacet
  facet normal -0.330292 0.943879 0
    outer loop
      vertex 19.3783 -1.65738 3
      vertex 19.7376 -1.53165 0
      vertex 19.3783 -1.65738 0
    endloop
  endfacet
  facet normal -0.943826 0.330442 0
    outer loop
      vertex 20.5316 -0.737602 0
      vertex 20.6574 -0.378285 3
      vertex 20.6574 -0.378285 0
    endloop
  endfacet
  facet normal -0.943826 0.330442 0
    outer loop
      vertex 20.6574 -0.378285 3
      vertex 20.5316 -0.737602 0
      vertex 20.5316 -0.737602 3
    endloop
  endfacet
  facet normal 0.53208 0.846694 -0
    outer loop
      vertex 18.2624 -1.53165 0
      vertex 17.9401 -1.32911 3
      vertex 18.2624 -1.53165 3
    endloop
  endfacet
  facet normal 0.53208 0.846694 0
    outer loop
      vertex 17.9401 -1.32911 3
      vertex 18.2624 -1.53165 0
      vertex 17.9401 -1.32911 0
    endloop
  endfacet
  facet normal 0.846762 0.531972 0
    outer loop
      vertex 17.6709 -1.05993 3
      vertex 17.4684 -0.737602 0
      vertex 17.4684 -0.737602 3
    endloop
  endfacet
  facet normal 0.846762 0.531972 0
    outer loop
      vertex 17.4684 -0.737602 0
      vertex 17.6709 -1.05993 3
      vertex 17.6709 -1.05993 0
    endloop
  endfacet
  facet normal 0.707081 0.707133 0
    outer loop
      vertex 17.9401 -1.32911 3
      vertex 17.6709 -1.05993 0
      vertex 17.6709 -1.05993 3
    endloop
  endfacet
  facet normal 0.707081 0.707133 0
    outer loop
      vertex 17.6709 -1.05993 0
      vertex 17.9401 -1.32911 3
      vertex 17.9401 -1.32911 0
    endloop
  endfacet
  facet normal 0.993719 0.111906 0
    outer loop
      vertex 17.3426 -0.378285 3
      vertex 17.3 0 0
      vertex 17.3 0 3
    endloop
  endfacet
  facet normal 0.993719 0.111906 0
    outer loop
      vertex 17.3 0 0
      vertex 17.3426 -0.378285 3
      vertex 17.3426 -0.378285 0
    endloop
  endfacet
  facet normal -0.707081 0.707133 0
    outer loop
      vertex 20.0599 -1.32911 0
      vertex 20.3291 -1.05993 3
      vertex 20.3291 -1.05993 0
    endloop
  endfacet
  facet normal -0.707081 0.707133 0
    outer loop
      vertex 20.3291 -1.05993 3
      vertex 20.0599 -1.32911 0
      vertex 20.0599 -1.32911 3
    endloop
  endfacet
  facet normal -0.53208 0.846694 0
    outer loop
      vertex 20.0599 -1.32911 0
      vertex 19.7376 -1.53165 3
      vertex 20.0599 -1.32911 3
    endloop
  endfacet
  facet normal -0.53208 0.846694 0
    outer loop
      vertex 19.7376 -1.53165 3
      vertex 20.0599 -1.32911 0
      vertex 19.7376 -1.53165 0
    endloop
  endfacet
  facet normal -0.993719 0.111906 0
    outer loop
      vertex 20.6574 -0.378285 0
      vertex 20.7 0 3
      vertex 20.7 0 0
    endloop
  endfacet
  facet normal -0.993719 0.111906 0
    outer loop
      vertex 20.7 0 3
      vertex 20.6574 -0.378285 0
      vertex 20.6574 -0.378285 3
    endloop
  endfacet
  facet normal 0.111954 0.993713 -0
    outer loop
      vertex 19 -1.7 0
      vertex 18.6217 -1.65738 3
      vertex 19 -1.7 3
    endloop
  endfacet
  facet normal 0.111954 0.993713 0
    outer loop
      vertex 18.6217 -1.65738 3
      vertex 19 -1.7 0
      vertex 18.6217 -1.65738 0
    endloop
  endfacet
  facet normal 0.943826 0.330442 0
    outer loop
      vertex 17.4684 -0.737602 3
      vertex 17.3426 -0.378285 0
      vertex 17.3426 -0.378285 3
    endloop
  endfacet
  facet normal 0.943826 0.330442 0
    outer loop
      vertex 17.3426 -0.378285 0
      vertex 17.4684 -0.737602 3
      vertex 17.4684 -0.737602 0
    endloop
  endfacet
  facet normal -0.846762 0.531972 0
    outer loop
      vertex 20.3291 -1.05993 0
      vertex 20.5316 -0.737602 3
      vertex 20.5316 -0.737602 0
    endloop
  endfacet
  facet normal -0.846762 0.531972 0
    outer loop
      vertex 20.5316 -0.737602 3
      vertex 20.3291 -1.05993 0
      vertex 20.3291 -1.05993 3
    endloop
  endfacet
  facet normal 0.330292 0.943879 -0
    outer loop
      vertex 18.6217 -1.65738 0
      vertex 18.2624 -1.53165 3
      vertex 18.6217 -1.65738 3
    endloop
  endfacet
  facet normal 0.330292 0.943879 0
    outer loop
      vertex 18.2624 -1.53165 3
      vertex 18.6217 -1.65738 0
      vertex 18.2624 -1.53165 0
    endloop
  endfacet
  facet normal -0.994536 0 0.104392
    outer loop
      vertex -17.3371 -12.5 9.64655
      vertex -17.3 -10.1 10
      vertex -17.3371 -10.1 9.64655
    endloop
  endfacet
  facet normal -0.994536 0 0.104392
    outer loop
      vertex -17.3 -10.1 10
      vertex -17.3371 -12.5 9.64655
      vertex -17.3 -12.5 10
    endloop
  endfacet
  facet normal 0.994507 -0 0.10467
    outer loop
      vertex -20.7 -12.5 10
      vertex -20.6628 -10.1 9.64655
      vertex -20.7 -10.1 10
    endloop
  endfacet
  facet normal 0.994507 0 0.10467
    outer loop
      vertex -20.6628 -10.1 9.64655
      vertex -20.7 -12.5 10
      vertex -20.6628 -12.5 9.64655
    endloop
  endfacet
  facet normal -0 0 1
    outer loop
      vertex -19.1777 -10.1 8.30931
      vertex -18.8223 -12.5 8.30931
      vertex -18.8223 -10.1 8.30931
    endloop
  endfacet
  facet normal 0 0 1
    outer loop
      vertex -18.8223 -12.5 8.30931
      vertex -19.1777 -10.1 8.30931
      vertex -19.1777 -12.5 8.30931
    endloop
  endfacet
  facet normal 0 0 -1
    outer loop
      vertex -19.1777 -12.5 11.6907
      vertex -18.8223 -10.1 11.6907
      vertex -18.8223 -12.5 11.6907
    endloop
  endfacet
  facet normal -0 0 -1
    outer loop
      vertex -18.8223 -10.1 11.6907
      vertex -19.1777 -12.5 11.6907
      vertex -19.1777 -10.1 11.6907
    endloop
  endfacet
  facet normal -0.743153 0 0.669122
    outer loop
      vertex -17.8625 -12.5 8.73665
      vertex -17.6247 -10.1 9.00076
      vertex -17.8625 -10.1 8.73665
    endloop
  endfacet
  facet normal -0.743153 0 0.669122
    outer loop
      vertex -17.6247 -10.1 9.00076
      vertex -17.8625 -12.5 8.73665
      vertex -17.6247 -12.5 9.00076
    endloop
  endfacet
  facet normal -0.950993 0 0.309213
    outer loop
      vertex -17.447 -12.5 9.30855
      vertex -17.3371 -10.1 9.64655
      vertex -17.447 -10.1 9.30855
    endloop
  endfacet
  facet normal -0.950993 0 0.309213
    outer loop
      vertex -17.3371 -10.1 9.64655
      vertex -17.447 -12.5 9.30855
      vertex -17.3371 -12.5 9.64655
    endloop
  endfacet
  facet normal 0.587802 0 0.809005
    outer loop
      vertex -20.1375 -10.1 8.73665
      vertex -19.85 -12.5 8.52776
      vertex -19.85 -10.1 8.52776
    endloop
  endfacet
  facet normal 0.587802 0 0.809005
    outer loop
      vertex -19.85 -12.5 8.52776
      vertex -20.1375 -10.1 8.73665
      vertex -20.1375 -12.5 8.73665
    endloop
  endfacet
  facet normal 0.207926 0 0.978145
    outer loop
      vertex -19.5253 -10.1 8.3832
      vertex -19.1777 -12.5 8.30931
      vertex -19.1777 -10.1 8.30931
    endloop
  endfacet
  facet normal 0.207926 0 0.978145
    outer loop
      vertex -19.1777 -12.5 8.30931
      vertex -19.5253 -10.1 8.3832
      vertex -19.5253 -12.5 8.3832
    endloop
  endfacet
  facet normal -0.865965 0 -0.500104
    outer loop
      vertex -17.447 -12.5 10.6915
      vertex -17.6247 -10.1 10.9992
      vertex -17.447 -10.1 10.6915
    endloop
  endfacet
  facet normal -0.865965 -0 -0.500104
    outer loop
      vertex -17.6247 -10.1 10.9992
      vertex -17.447 -12.5 10.6915
      vertex -17.6247 -12.5 10.9992
    endloop
  endfacet
  facet normal -0.866029 0 0.499994
    outer loop
      vertex -17.6247 -12.5 9.00076
      vertex -17.447 -10.1 9.30855
      vertex -17.6247 -10.1 9.00076
    endloop
  endfacet
  facet normal -0.866029 0 0.499994
    outer loop
      vertex -17.447 -10.1 9.30855
      vertex -17.6247 -12.5 9.00076
      vertex -17.447 -12.5 9.30855
    endloop
  endfacet
  facet normal -0.406723 0 0.913551
    outer loop
      vertex -18.4747 -10.1 8.3832
      vertex -18.15 -12.5 8.52776
      vertex -18.15 -10.1 8.52776
    endloop
  endfacet
  facet normal -0.406723 0 0.913551
    outer loop
      vertex -18.15 -12.5 8.52776
      vertex -18.4747 -10.1 8.3832
      vertex -18.4747 -12.5 8.3832
    endloop
  endfacet
  facet normal -0.207926 0 0.978145
    outer loop
      vertex -18.8223 -10.1 8.30931
      vertex -18.4747 -12.5 8.3832
      vertex -18.4747 -10.1 8.3832
    endloop
  endfacet
  facet normal -0.207926 0 0.978145
    outer loop
      vertex -18.4747 -12.5 8.3832
      vertex -18.8223 -10.1 8.30931
      vertex -18.8223 -12.5 8.30931
    endloop
  endfacet
  facet normal -0.587802 0 0.809005
    outer loop
      vertex -18.15 -10.1 8.52776
      vertex -17.8625 -12.5 8.73665
      vertex -17.8625 -10.1 8.73665
    endloop
  endfacet
  facet normal -0.587802 0 0.809005
    outer loop
      vertex -17.8625 -12.5 8.73665
      vertex -18.15 -10.1 8.52776
      vertex -18.15 -12.5 8.52776
    endloop
  endfacet
  facet normal 0.866029 -0 0.499994
    outer loop
      vertex -20.553 -12.5 9.30855
      vertex -20.3753 -10.1 9.00076
      vertex -20.553 -10.1 9.30855
    endloop
  endfacet
  facet normal 0.866029 0 0.499994
    outer loop
      vertex -20.3753 -10.1 9.00076
      vertex -20.553 -12.5 9.30855
      vertex -20.3753 -12.5 9.00076
    endloop
  endfacet
  facet normal 0.743153 -0 0.669122
    outer loop
      vertex -20.3753 -12.5 9.00076
      vertex -20.1375 -10.1 8.73665
      vertex -20.3753 -10.1 9.00076
    endloop
  endfacet
  facet normal 0.743153 0 0.669122
    outer loop
      vertex -20.1375 -10.1 8.73665
      vertex -20.3753 -12.5 9.00076
      vertex -20.1375 -12.5 8.73665
    endloop
  endfacet
  facet normal 0.951075 -0 0.308959
    outer loop
      vertex -20.6628 -12.5 9.64655
      vertex -20.553 -10.1 9.30855
      vertex -20.6628 -10.1 9.64655
    endloop
  endfacet
  facet normal 0.951075 0 0.308959
    outer loop
      vertex -20.553 -10.1 9.30855
      vertex -20.6628 -12.5 9.64655
      vertex -20.553 -12.5 9.30855
    endloop
  endfacet
  facet normal 0.406723 0 0.913551
    outer loop
      vertex -19.85 -10.1 8.52776
      vertex -19.5253 -12.5 8.3832
      vertex -19.5253 -10.1 8.3832
    endloop
  endfacet
  facet normal 0.406723 0 0.913551
    outer loop
      vertex -19.5253 -12.5 8.3832
      vertex -19.85 -10.1 8.52776
      vertex -19.85 -12.5 8.52776
    endloop
  endfacet
  facet normal -0.994535 0 -0.104406
    outer loop
      vertex -17.3 -12.5 10
      vertex -17.3371 -10.1 10.3534
      vertex -17.3 -10.1 10
    endloop
  endfacet
  facet normal -0.994535 -0 -0.104406
    outer loop
      vertex -17.3371 -10.1 10.3534
      vertex -17.3 -12.5 10
      vertex -17.3371 -12.5 10.3534
    endloop
  endfacet
  facet normal -0.58782 0 -0.808992
    outer loop
      vertex -18.15 -12.5 11.4722
      vertex -17.8625 -10.1 11.2633
      vertex -17.8625 -12.5 11.2633
    endloop
  endfacet
  facet normal -0.58782 0 -0.808992
    outer loop
      vertex -17.8625 -10.1 11.2633
      vertex -18.15 -12.5 11.4722
      vertex -18.15 -10.1 11.4722
    endloop
  endfacet
  facet normal -0.74314 0 -0.669136
    outer loop
      vertex -17.6247 -12.5 10.9992
      vertex -17.8625 -10.1 11.2633
      vertex -17.6247 -10.1 10.9992
    endloop
  endfacet
  facet normal -0.74314 -0 -0.669136
    outer loop
      vertex -17.8625 -10.1 11.2633
      vertex -17.6247 -12.5 10.9992
      vertex -17.8625 -12.5 11.2633
    endloop
  endfacet
  facet normal -0.95102 0 -0.309131
    outer loop
      vertex -17.3371 -12.5 10.3534
      vertex -17.447 -10.1 10.6915
      vertex -17.3371 -10.1 10.3534
    endloop
  endfacet
  facet normal -0.95102 -0 -0.309131
    outer loop
      vertex -17.447 -10.1 10.6915
      vertex -17.3371 -12.5 10.3534
      vertex -17.447 -12.5 10.6915
    endloop
  endfacet
  facet normal 0.58782 0 -0.808992
    outer loop
      vertex -20.1375 -12.5 11.2633
      vertex -19.85 -10.1 11.4722
      vertex -19.85 -12.5 11.4722
    endloop
  endfacet
  facet normal 0.58782 0 -0.808992
    outer loop
      vertex -19.85 -10.1 11.4722
      vertex -20.1375 -12.5 11.2633
      vertex -20.1375 -10.1 11.2633
    endloop
  endfacet
  facet normal 0.865965 0 -0.500104
    outer loop
      vertex -20.3753 -12.5 10.9992
      vertex -20.553 -10.1 10.6915
      vertex -20.3753 -10.1 10.9992
    endloop
  endfacet
  facet normal 0.865965 0 -0.500104
    outer loop
      vertex -20.553 -10.1 10.6915
      vertex -20.3753 -12.5 10.9992
      vertex -20.553 -12.5 10.6915
    endloop
  endfacet
  facet normal 0.74314 0 -0.669136
    outer loop
      vertex -20.1375 -12.5 11.2633
      vertex -20.3753 -10.1 10.9992
      vertex -20.1375 -10.1 11.2633
    endloop
  endfacet
  facet normal 0.74314 0 -0.669136
    outer loop
      vertex -20.3753 -10.1 10.9992
      vertex -20.1375 -12.5 11.2633
      vertex -20.3753 -12.5 10.9992
    endloop
  endfacet
  facet normal 0.207953 0 -0.978139
    outer loop
      vertex -19.5253 -12.5 11.6168
      vertex -19.1777 -10.1 11.6907
      vertex -19.1777 -12.5 11.6907
    endloop
  endfacet
  facet normal 0.207953 0 -0.978139
    outer loop
      vertex -19.1777 -10.1 11.6907
      vertex -19.5253 -12.5 11.6168
      vertex -19.5253 -10.1 11.6168
    endloop
  endfacet
  facet normal 0.951102 0 -0.308876
    outer loop
      vertex -20.553 -12.5 10.6915
      vertex -20.6628 -10.1 10.3534
      vertex -20.553 -10.1 10.6915
    endloop
  endfacet
  facet normal 0.951102 0 -0.308876
    outer loop
      vertex -20.6628 -10.1 10.3534
      vertex -20.553 -12.5 10.6915
      vertex -20.6628 -12.5 10.3534
    endloop
  endfacet
  facet normal 0.994505 0 -0.104685
    outer loop
      vertex -20.6628 -12.5 10.3534
      vertex -20.7 -10.1 10
      vertex -20.6628 -10.1 10.3534
    endloop
  endfacet
  facet normal 0.994505 0 -0.104685
    outer loop
      vertex -20.7 -10.1 10
      vertex -20.6628 -12.5 10.3534
      vertex -20.7 -12.5 10
    endloop
  endfacet
  facet normal -0.406817 0 -0.91351
    outer loop
      vertex -18.4747 -12.5 11.6168
      vertex -18.15 -10.1 11.4722
      vertex -18.15 -12.5 11.4722
    endloop
  endfacet
  facet normal -0.406817 0 -0.91351
    outer loop
      vertex -18.15 -10.1 11.4722
      vertex -18.4747 -12.5 11.6168
      vertex -18.4747 -10.1 11.6168
    endloop
  endfacet
  facet normal -0.207953 0 -0.978139
    outer loop
      vertex -18.8223 -12.5 11.6907
      vertex -18.4747 -10.1 11.6168
      vertex -18.4747 -12.5 11.6168
    endloop
  endfacet
  facet normal -0.207953 0 -0.978139
    outer loop
      vertex -18.4747 -10.1 11.6168
      vertex -18.8223 -12.5 11.6907
      vertex -18.8223 -10.1 11.6907
    endloop
  endfacet
  facet normal 0.406817 0 -0.91351
    outer loop
      vertex -19.85 -12.5 11.4722
      vertex -19.5253 -10.1 11.6168
      vertex -19.5253 -12.5 11.6168
    endloop
  endfacet
  facet normal 0.406817 0 -0.91351
    outer loop
      vertex -19.5253 -10.1 11.6168
      vertex -19.85 -12.5 11.4722
      vertex -19.85 -10.1 11.4722
    endloop
  endfacet
  facet normal -0.866029 0 0.499994
    outer loop
      vertex 20.3753 -12.5 9.00076
      vertex 20.553 -10.1 9.30855
      vertex 20.3753 -10.1 9.00076
    endloop
  endfacet
  facet normal -0.866029 0 0.499994
    outer loop
      vertex 20.553 -10.1 9.30855
      vertex 20.3753 -12.5 9.00076
      vertex 20.553 -12.5 9.30855
    endloop
  endfacet
  facet normal -0.951075 0 0.308959
    outer loop
      vertex 20.553 -12.5 9.30855
      vertex 20.6628 -10.1 9.64655
      vertex 20.553 -10.1 9.30855
    endloop
  endfacet
  facet normal -0.951075 0 0.308959
    outer loop
      vertex 20.6628 -10.1 9.64655
      vertex 20.553 -12.5 9.30855
      vertex 20.6628 -12.5 9.64655
    endloop
  endfacet
  facet normal -0.207926 0 0.978145
    outer loop
      vertex 19.1777 -10.1 8.30931
      vertex 19.5253 -12.5 8.3832
      vertex 19.5253 -10.1 8.3832
    endloop
  endfacet
  facet normal -0.207926 0 0.978145
    outer loop
      vertex 19.5253 -12.5 8.3832
      vertex 19.1777 -10.1 8.30931
      vertex 19.1777 -12.5 8.30931
    endloop
  endfacet
  facet normal -0.406723 0 0.913551
    outer loop
      vertex 19.5253 -10.1 8.3832
      vertex 19.85 -12.5 8.52776
      vertex 19.85 -10.1 8.52776
    endloop
  endfacet
  facet normal -0.406723 0 0.913551
    outer loop
      vertex 19.85 -12.5 8.52776
      vertex 19.5253 -10.1 8.3832
      vertex 19.5253 -12.5 8.3832
    endloop
  endfacet
  facet normal 0.207926 0 0.978145
    outer loop
      vertex 18.4747 -10.1 8.3832
      vertex 18.8223 -12.5 8.30931
      vertex 18.8223 -10.1 8.30931
    endloop
  endfacet
  facet normal 0.207926 0 0.978145
    outer loop
      vertex 18.8223 -12.5 8.30931
      vertex 18.4747 -10.1 8.3832
      vertex 18.4747 -12.5 8.3832
    endloop
  endfacet
  facet normal 0.866029 -0 0.499994
    outer loop
      vertex 17.447 -12.5 9.30855
      vertex 17.6247 -10.1 9.00076
      vertex 17.447 -10.1 9.30855
    endloop
  endfacet
  facet normal 0.866029 0 0.499994
    outer loop
      vertex 17.6247 -10.1 9.00076
      vertex 17.447 -12.5 9.30855
      vertex 17.6247 -12.5 9.00076
    endloop
  endfacet
  facet normal -0.994505 0 -0.104685
    outer loop
      vertex 20.7 -12.5 10
      vertex 20.6628 -10.1 10.3534
      vertex 20.7 -10.1 10
    endloop
  endfacet
  facet normal -0.994505 -0 -0.104685
    outer loop
      vertex 20.6628 -10.1 10.3534
      vertex 20.7 -12.5 10
      vertex 20.6628 -12.5 10.3534
    endloop
  endfacet
  facet normal -0.207953 0 -0.978139
    outer loop
      vertex 19.1777 -12.5 11.6907
      vertex 19.5253 -10.1 11.6168
      vertex 19.5253 -12.5 11.6168
    endloop
  endfacet
  facet normal -0.207953 0 -0.978139
    outer loop
      vertex 19.5253 -10.1 11.6168
      vertex 19.1777 -12.5 11.6907
      vertex 19.1777 -10.1 11.6907
    endloop
  endfacet
  facet normal -0.743153 0 0.669122
    outer loop
      vertex 20.1375 -12.5 8.73665
      vertex 20.3753 -10.1 9.00076
      vertex 20.1375 -10.1 8.73665
    endloop
  endfacet
  facet normal -0.743153 0 0.669122
    outer loop
      vertex 20.3753 -10.1 9.00076
      vertex 20.1375 -12.5 8.73665
      vertex 20.3753 -12.5 9.00076
    endloop
  endfacet
  facet normal -0 0 1
    outer loop
      vertex 18.8223 -10.1 8.30931
      vertex 19.1777 -12.5 8.30931
      vertex 19.1777 -10.1 8.30931
    endloop
  endfacet
  facet normal 0 0 1
    outer loop
      vertex 19.1777 -12.5 8.30931
      vertex 18.8223 -10.1 8.30931
      vertex 18.8223 -12.5 8.30931
    endloop
  endfacet
  facet normal -0.587802 0 0.809005
    outer loop
      vertex 19.85 -10.1 8.52776
      vertex 20.1375 -12.5 8.73665
      vertex 20.1375 -10.1 8.73665
    endloop
  endfacet
  facet normal -0.587802 0 0.809005
    outer loop
      vertex 20.1375 -12.5 8.73665
      vertex 19.85 -10.1 8.52776
      vertex 19.85 -12.5 8.52776
    endloop
  endfacet
  facet normal 0.994536 -0 0.104392
    outer loop
      vertex 17.3 -12.5 10
      vertex 17.3371 -10.1 9.64655
      vertex 17.3 -10.1 10
    endloop
  endfacet
  facet normal 0.994536 0 0.104392
    outer loop
      vertex 17.3371 -10.1 9.64655
      vertex 17.3 -12.5 10
      vertex 17.3371 -12.5 9.64655
    endloop
  endfacet
  facet normal 0.743153 -0 0.669122
    outer loop
      vertex 17.6247 -12.5 9.00076
      vertex 17.8625 -10.1 8.73665
      vertex 17.6247 -10.1 9.00076
    endloop
  endfacet
  facet normal 0.743153 0 0.669122
    outer loop
      vertex 17.8625 -10.1 8.73665
      vertex 17.6247 -12.5 9.00076
      vertex 17.8625 -12.5 8.73665
    endloop
  endfacet
  facet normal 0.406723 0 0.913551
    outer loop
      vertex 18.15 -10.1 8.52776
      vertex 18.4747 -12.5 8.3832
      vertex 18.4747 -10.1 8.3832
    endloop
  endfacet
  facet normal 0.406723 0 0.913551
    outer loop
      vertex 18.4747 -12.5 8.3832
      vertex 18.15 -10.1 8.52776
      vertex 18.15 -12.5 8.52776
    endloop
  endfacet
  facet normal 0.587802 0 0.809005
    outer loop
      vertex 17.8625 -10.1 8.73665
      vertex 18.15 -12.5 8.52776
      vertex 18.15 -10.1 8.52776
    endloop
  endfacet
  facet normal 0.587802 0 0.809005
    outer loop
      vertex 18.15 -12.5 8.52776
      vertex 17.8625 -10.1 8.73665
      vertex 17.8625 -12.5 8.73665
    endloop
  endfacet
  facet normal -0.994507 0 0.10467
    outer loop
      vertex 20.6628 -12.5 9.64655
      vertex 20.7 -10.1 10
      vertex 20.6628 -10.1 9.64655
    endloop
  endfacet
  facet normal -0.994507 0 0.10467
    outer loop
      vertex 20.7 -10.1 10
      vertex 20.6628 -12.5 9.64655
      vertex 20.7 -12.5 10
    endloop
  endfacet
  facet normal -0.58782 0 -0.808992
    outer loop
      vertex 19.85 -12.5 11.4722
      vertex 20.1375 -10.1 11.2633
      vertex 20.1375 -12.5 11.2633
    endloop
  endfacet
  facet normal -0.58782 0 -0.808992
    outer loop
      vertex 20.1375 -10.1 11.2633
      vertex 19.85 -12.5 11.4722
      vertex 19.85 -10.1 11.4722
    endloop
  endfacet
  facet normal -0.951102 0 -0.308876
    outer loop
      vertex 20.6628 -12.5 10.3534
      vertex 20.553 -10.1 10.6915
      vertex 20.6628 -10.1 10.3534
    endloop
  endfacet
  facet normal -0.951102 -0 -0.308876
    outer loop
      vertex 20.553 -10.1 10.6915
      vertex 20.6628 -12.5 10.3534
      vertex 20.553 -12.5 10.6915
    endloop
  endfacet
  facet normal 0.58782 0 -0.808992
    outer loop
      vertex 17.8625 -12.5 11.2633
      vertex 18.15 -10.1 11.4722
      vertex 18.15 -12.5 11.4722
    endloop
  endfacet
  facet normal 0.58782 0 -0.808992
    outer loop
      vertex 18.15 -10.1 11.4722
      vertex 17.8625 -12.5 11.2633
      vertex 17.8625 -10.1 11.2633
    endloop
  endfacet
  facet normal 0.865965 0 -0.500104
    outer loop
      vertex 17.6247 -12.5 10.9992
      vertex 17.447 -10.1 10.6915
      vertex 17.6247 -10.1 10.9992
    endloop
  endfacet
  facet normal 0.865965 0 -0.500104
    outer loop
      vertex 17.447 -10.1 10.6915
      vertex 17.6247 -12.5 10.9992
      vertex 17.447 -12.5 10.6915
    endloop
  endfacet
  facet normal 0.950993 -0 0.309213
    outer loop
      vertex 17.3371 -12.5 9.64655
      vertex 17.447 -10.1 9.30855
      vertex 17.3371 -10.1 9.64655
    endloop
  endfacet
  facet normal 0.950993 0 0.309213
    outer loop
      vertex 17.447 -10.1 9.30855
      vertex 17.3371 -12.5 9.64655
      vertex 17.447 -12.5 9.30855
    endloop
  endfacet
  facet normal -0.865965 0 -0.500104
    outer loop
      vertex 20.553 -12.5 10.6915
      vertex 20.3753 -10.1 10.9992
      vertex 20.553 -10.1 10.6915
    endloop
  endfacet
  facet normal -0.865965 -0 -0.500104
    outer loop
      vertex 20.3753 -10.1 10.9992
      vertex 20.553 -12.5 10.6915
      vertex 20.3753 -12.5 10.9992
    endloop
  endfacet
  facet normal 0.994535 0 -0.104406
    outer loop
      vertex 17.3371 -12.5 10.3534
      vertex 17.3 -10.1 10
      vertex 17.3371 -10.1 10.3534
    endloop
  endfacet
  facet normal 0.994535 0 -0.104406
    outer loop
      vertex 17.3 -10.1 10
      vertex 17.3371 -12.5 10.3534
      vertex 17.3 -12.5 10
    endloop
  endfacet
  facet normal 0.74314 0 -0.669136
    outer loop
      vertex 17.8625 -12.5 11.2633
      vertex 17.6247 -10.1 10.9992
      vertex 17.8625 -10.1 11.2633
    endloop
  endfacet
  facet normal 0.74314 0 -0.669136
    outer loop
      vertex 17.6247 -10.1 10.9992
      vertex 17.8625 -12.5 11.2633
      vertex 17.6247 -12.5 10.9992
    endloop
  endfacet
  facet normal -0.406817 0 -0.91351
    outer loop
      vertex 19.5253 -12.5 11.6168
      vertex 19.85 -10.1 11.4722
      vertex 19.85 -12.5 11.4722
    endloop
  endfacet
  facet normal -0.406817 0 -0.91351
    outer loop
      vertex 19.85 -10.1 11.4722
      vertex 19.5253 -12.5 11.6168
      vertex 19.5253 -10.1 11.6168
    endloop
  endfacet
  facet normal -0.74314 0 -0.669136
    outer loop
      vertex 20.3753 -12.5 10.9992
      vertex 20.1375 -10.1 11.2633
      vertex 20.3753 -10.1 10.9992
    endloop
  endfacet
  facet normal -0.74314 -0 -0.669136
    outer loop
      vertex 20.1375 -10.1 11.2633
      vertex 20.3753 -12.5 10.9992
      vertex 20.1375 -12.5 11.2633
    endloop
  endfacet
  facet normal 0 0 -1
    outer loop
      vertex 18.8223 -12.5 11.6907
      vertex 19.1777 -10.1 11.6907
      vertex 19.1777 -12.5 11.6907
    endloop
  endfacet
  facet normal -0 0 -1
    outer loop
      vertex 19.1777 -10.1 11.6907
      vertex 18.8223 -12.5 11.6907
      vertex 18.8223 -10.1 11.6907
    endloop
  endfacet
  facet normal 0.207953 0 -0.978139
    outer loop
      vertex 18.4747 -12.5 11.6168
      vertex 18.8223 -10.1 11.6907
      vertex 18.8223 -12.5 11.6907
    endloop
  endfacet
  facet normal 0.207953 0 -0.978139
    outer loop
      vertex 18.8223 -10.1 11.6907
      vertex 18.4747 -12.5 11.6168
      vertex 18.4747 -10.1 11.6168
    endloop
  endfacet
  facet normal 0.95102 0 -0.309131
    outer loop
      vertex 17.447 -12.5 10.6915
      vertex 17.3371 -10.1 10.3534
      vertex 17.447 -10.1 10.6915
    endloop
  endfacet
  facet normal 0.95102 0 -0.309131
    outer loop
      vertex 17.3371 -10.1 10.3534
      vertex 17.447 -12.5 10.6915
      vertex 17.3371 -12.5 10.3534
    endloop
  endfacet
  facet normal 0.406817 0 -0.91351
    outer loop
      vertex 18.15 -12.5 11.4722
      vertex 18.4747 -10.1 11.6168
      vertex 18.4747 -12.5 11.6168
    endloop
  endfacet
  facet normal 0.406817 0 -0.91351
    outer loop
      vertex 18.4747 -10.1 11.6168
      vertex 18.15 -12.5 11.4722
      vertex 18.15 -10.1 11.4722
    endloop
  endfacet
  facet normal -0.866027 0 0.499996
    outer loop
      vertex -17.3257 -10.1 7.1
      vertex -15.6514 -7.5 10
      vertex -17.3257 -7.5 7.1
    endloop
  endfacet
  facet normal -0.866027 0 0.499996
    outer loop
      vertex -15.6514 -7.5 10
      vertex -17.3257 -10.1 7.1
      vertex -15.6514 -10.1 10
    endloop
  endfacet
  facet normal 0.866027 -0 0.499996
    outer loop
      vertex -22.3486 -10.1 10
      vertex -20.6743 -7.5 7.1
      vertex -22.3486 -7.5 10
    endloop
  endfacet
  facet normal 0.866027 0 0.499996
    outer loop
      vertex -20.6743 -7.5 7.1
      vertex -22.3486 -10.1 10
      vertex -20.6743 -10.1 7.1
    endloop
  endfacet
  facet normal -0 0 1
    outer loop
      vertex -20.6743 -7.5 7.1
      vertex -17.3257 -10.1 7.1
      vertex -17.3257 -7.5 7.1
    endloop
  endfacet
  facet normal 0 0 1
    outer loop
      vertex -17.3257 -10.1 7.1
      vertex -20.6743 -7.5 7.1
      vertex -20.6743 -10.1 7.1
    endloop
  endfacet
  facet normal 0.866027 0 -0.499996
    outer loop
      vertex -20.6743 -10.1 12.9
      vertex -22.3486 -7.5 10
      vertex -20.6743 -7.5 12.9
    endloop
  endfacet
  facet normal 0.866027 0 -0.499996
    outer loop
      vertex -22.3486 -7.5 10
      vertex -20.6743 -10.1 12.9
      vertex -22.3486 -10.1 10
    endloop
  endfacet
  facet normal -0.866027 0 -0.499996
    outer loop
      vertex -15.6514 -10.1 10
      vertex -17.3257 -7.5 12.9
      vertex -15.6514 -7.5 10
    endloop
  endfacet
  facet normal -0.866027 -0 -0.499996
    outer loop
      vertex -17.3257 -7.5 12.9
      vertex -15.6514 -10.1 10
      vertex -17.3257 -10.1 12.9
    endloop
  endfacet
  facet normal 0 1 0
    outer loop
      vertex -17.3257 -10.1 12.9
      vertex -18.8223 -10.1 11.6907
      vertex -20.6743 -10.1 12.9
    endloop
  endfacet
  facet normal 0 1 0
    outer loop
      vertex -17.3257 -10.1 12.9
      vertex -18.4747 -10.1 11.6168
      vertex -18.8223 -10.1 11.6907
    endloop
  endfacet
  facet normal 0 1 0
    outer loop
      vertex -17.3257 -10.1 12.9
      vertex -18.15 -10.1 11.4722
      vertex -18.4747 -10.1 11.6168
    endloop
  endfacet
  facet normal 0 1 0
    outer loop
      vertex -17.3257 -10.1 12.9
      vertex -17.8625 -10.1 11.2633
      vertex -18.15 -10.1 11.4722
    endloop
  endfacet
  facet normal 0 1 0
    outer loop
      vertex -17.3257 -10.1 12.9
      vertex -17.6247 -10.1 10.9992
      vertex -17.8625 -10.1 11.2633
    endloop
  endfacet
  facet normal 0 1 0
    outer loop
      vertex -17.3257 -10.1 12.9
      vertex -17.447 -10.1 10.6915
      vertex -17.6247 -10.1 10.9992
    endloop
  endfacet
  facet normal 0 1 0
    outer loop
      vertex -15.6514 -10.1 10
      vertex -17.447 -10.1 10.6915
      vertex -17.3257 -10.1 12.9
    endloop
  endfacet
  facet normal 0 1 0
    outer loop
      vertex -17.447 -10.1 10.6915
      vertex -15.6514 -10.1 10
      vertex -17.3371 -10.1 10.3534
    endloop
  endfacet
  facet normal 0 1 0
    outer loop
      vertex -15.6514 -10.1 10
      vertex -17.3 -10.1 10
      vertex -17.3371 -10.1 10.3534
    endloop
  endfacet
  facet normal 0 1 0
    outer loop
      vertex -15.6514 -10.1 10
      vertex -17.3371 -10.1 9.64655
      vertex -17.3 -10.1 10
    endloop
  endfacet
  facet normal 0 1 0
    outer loop
      vertex -15.6514 -10.1 10
      vertex -17.447 -10.1 9.30855
      vertex -17.3371 -10.1 9.64655
    endloop
  endfacet
  facet normal 0 1 0
    outer loop
      vertex -15.6514 -10.1 10
      vertex -17.6247 -10.1 9.00076
      vertex -17.447 -10.1 9.30855
    endloop
  endfacet
  facet normal 0 1 -0
    outer loop
      vertex -17.3257 -10.1 7.1
      vertex -17.6247 -10.1 9.00076
      vertex -15.6514 -10.1 10
    endloop
  endfacet
  facet normal 0 1 0
    outer loop
      vertex -17.6247 -10.1 9.00076
      vertex -17.3257 -10.1 7.1
      vertex -17.8625 -10.1 8.73665
    endloop
  endfacet
  facet normal 0 1 0
    outer loop
      vertex -18.8223 -10.1 8.30931
      vertex -17.3257 -10.1 7.1
      vertex -19.1777 -10.1 8.30931
    endloop
  endfacet
  facet normal 0 1 0
    outer loop
      vertex -18.4747 -10.1 8.3832
      vertex -17.3257 -10.1 7.1
      vertex -18.8223 -10.1 8.30931
    endloop
  endfacet
  facet normal 0 1 0
    outer loop
      vertex -18.15 -10.1 8.52776
      vertex -17.3257 -10.1 7.1
      vertex -18.4747 -10.1 8.3832
    endloop
  endfacet
  facet normal 0 1 0
    outer loop
      vertex -17.8625 -10.1 8.73665
      vertex -17.3257 -10.1 7.1
      vertex -18.15 -10.1 8.52776
    endloop
  endfacet
  facet normal 0 1 -0
    outer loop
      vertex -19.1777 -10.1 11.6907
      vertex -20.6743 -10.1 12.9
      vertex -18.8223 -10.1 11.6907
    endloop
  endfacet
  facet normal 0 1 -0
    outer loop
      vertex -19.5253 -10.1 11.6168
      vertex -20.6743 -10.1 12.9
      vertex -19.1777 -10.1 11.6907
    endloop
  endfacet
  facet normal 0 1 -0
    outer loop
      vertex -19.85 -10.1 11.4722
      vertex -20.6743 -10.1 12.9
      vertex -19.5253 -10.1 11.6168
    endloop
  endfacet
  facet normal 0 1 -0
    outer loop
      vertex -20.1375 -10.1 11.2633
      vertex -20.6743 -10.1 12.9
      vertex -19.85 -10.1 11.4722
    endloop
  endfacet
  facet normal 0 1 -0
    outer loop
      vertex -20.3753 -10.1 10.9992
      vertex -20.6743 -10.1 12.9
      vertex -20.1375 -10.1 11.2633
    endloop
  endfacet
  facet normal 0 1 -0
    outer loop
      vertex -20.553 -10.1 10.6915
      vertex -20.6743 -10.1 12.9
      vertex -20.3753 -10.1 10.9992
    endloop
  endfacet
  facet normal 0 1 0
    outer loop
      vertex -22.3486 -10.1 10
      vertex -20.553 -10.1 10.6915
      vertex -20.6628 -10.1 10.3534
    endloop
  endfacet
  facet normal 0 1 0
    outer loop
      vertex -22.3486 -10.1 10
      vertex -20.6628 -10.1 10.3534
      vertex -20.7 -10.1 10
    endloop
  endfacet
  facet normal 0 1 0
    outer loop
      vertex -20.553 -10.1 10.6915
      vertex -22.3486 -10.1 10
      vertex -20.6743 -10.1 12.9
    endloop
  endfacet
  facet normal 0 1 0
    outer loop
      vertex -20.6628 -10.1 9.64655
      vertex -22.3486 -10.1 10
      vertex -20.7 -10.1 10
    endloop
  endfacet
  facet normal 0 1 0
    outer loop
      vertex -20.553 -10.1 9.30855
      vertex -22.3486 -10.1 10
      vertex -20.6628 -10.1 9.64655
    endloop
  endfacet
  facet normal 0 1 0
    outer loop
      vertex -20.3753 -10.1 9.00076
      vertex -22.3486 -10.1 10
      vertex -20.553 -10.1 9.30855
    endloop
  endfacet
  facet normal 0 1 0
    outer loop
      vertex -20.6743 -10.1 7.1
      vertex -20.3753 -10.1 9.00076
      vertex -20.1375 -10.1 8.73665
    endloop
  endfacet
  facet normal 0 1 0
    outer loop
      vertex -20.6743 -10.1 7.1
      vertex -20.1375 -10.1 8.73665
      vertex -19.85 -10.1 8.52776
    endloop
  endfacet
  facet normal 0 1 0
    outer loop
      vertex -20.6743 -10.1 7.1
      vertex -19.1777 -10.1 8.30931
      vertex -17.3257 -10.1 7.1
    endloop
  endfacet
  facet normal 0 1 0
    outer loop
      vertex -19.1777 -10.1 8.30931
      vertex -20.6743 -10.1 7.1
      vertex -19.5253 -10.1 8.3832
    endloop
  endfacet
  facet normal 0 1 0
    outer loop
      vertex -20.3753 -10.1 9.00076
      vertex -20.6743 -10.1 7.1
      vertex -22.3486 -10.1 10
    endloop
  endfacet
  facet normal 0 1 0
    outer loop
      vertex -19.5253 -10.1 8.3832
      vertex -20.6743 -10.1 7.1
      vertex -19.85 -10.1 8.52776
    endloop
  endfacet
  facet normal 0 0 -1
    outer loop
      vertex -20.6743 -10.1 12.9
      vertex -17.3257 -7.5 12.9
      vertex -17.3257 -10.1 12.9
    endloop
  endfacet
  facet normal -0 0 -1
    outer loop
      vertex -17.3257 -7.5 12.9
      vertex -20.6743 -10.1 12.9
      vertex -20.6743 -7.5 12.9
    endloop
  endfacet
  facet normal -0.866027 0 0.499996
    outer loop
      vertex 20.6743 -10.1 7.1
      vertex 22.3486 -7.5 10
      vertex 20.6743 -7.5 7.1
    endloop
  endfacet
  facet normal -0.866027 0 0.499996
    outer loop
      vertex 22.3486 -7.5 10
      vertex 20.6743 -10.1 7.1
      vertex 22.3486 -10.1 10
    endloop
  endfacet
  facet normal 0.866027 -0 0.499996
    outer loop
      vertex 15.6514 -10.1 10
      vertex 17.3257 -7.5 7.1
      vertex 15.6514 -7.5 10
    endloop
  endfacet
  facet normal 0.866027 0 0.499996
    outer loop
      vertex 17.3257 -7.5 7.1
      vertex 15.6514 -10.1 10
      vertex 17.3257 -10.1 7.1
    endloop
  endfacet
  facet normal -0 0 1
    outer loop
      vertex 17.3257 -7.5 7.1
      vertex 20.6743 -10.1 7.1
      vertex 20.6743 -7.5 7.1
    endloop
  endfacet
  facet normal 0 0 1
    outer loop
      vertex 20.6743 -10.1 7.1
      vertex 17.3257 -7.5 7.1
      vertex 17.3257 -10.1 7.1
    endloop
  endfacet
  facet normal -0.866027 0 -0.499996
    outer loop
      vertex 22.3486 -10.1 10
      vertex 20.6743 -7.5 12.9
      vertex 22.3486 -7.5 10
    endloop
  endfacet
  facet normal -0.866027 -0 -0.499996
    outer loop
      vertex 20.6743 -7.5 12.9
      vertex 22.3486 -10.1 10
      vertex 20.6743 -10.1 12.9
    endloop
  endfacet
  facet normal 0 1 0
    outer loop
      vertex 20.6743 -10.1 12.9
      vertex 19.1777 -10.1 11.6907
      vertex 17.3257 -10.1 12.9
    endloop
  endfacet
  facet normal 0 1 0
    outer loop
      vertex 20.6743 -10.1 12.9
      vertex 19.5253 -10.1 11.6168
      vertex 19.1777 -10.1 11.6907
    endloop
  endfacet
  facet normal 0 1 0
    outer loop
      vertex 20.6743 -10.1 12.9
      vertex 19.85 -10.1 11.4722
      vertex 19.5253 -10.1 11.6168
    endloop
  endfacet
  facet normal 0 1 0
    outer loop
      vertex 20.6743 -10.1 12.9
      vertex 20.1375 -10.1 11.2633
      vertex 19.85 -10.1 11.4722
    endloop
  endfacet
  facet normal 0 1 0
    outer loop
      vertex 20.6743 -10.1 12.9
      vertex 20.3753 -10.1 10.9992
      vertex 20.1375 -10.1 11.2633
    endloop
  endfacet
  facet normal 0 1 0
    outer loop
      vertex 20.6743 -10.1 12.9
      vertex 20.553 -10.1 10.6915
      vertex 20.3753 -10.1 10.9992
    endloop
  endfacet
  facet normal 0 1 0
    outer loop
      vertex 22.3486 -10.1 10
      vertex 20.553 -10.1 10.6915
      vertex 20.6743 -10.1 12.9
    endloop
  endfacet
  facet normal 0 1 0
    outer loop
      vertex 20.553 -10.1 10.6915
      vertex 22.3486 -10.1 10
      vertex 20.6628 -10.1 10.3534
    endloop
  endfacet
  facet normal 0 1 0
    outer loop
      vertex 22.3486 -10.1 10
      vertex 20.7 -10.1 10
      vertex 20.6628 -10.1 10.3534
    endloop
  endfacet
  facet normal 0 1 0
    outer loop
      vertex 22.3486 -10.1 10
      vertex 20.6628 -10.1 9.64655
      vertex 20.7 -10.1 10
    endloop
  endfacet
  facet normal 0 1 0
    outer loop
      vertex 22.3486 -10.1 10
      vertex 20.553 -10.1 9.30855
      vertex 20.6628 -10.1 9.64655
    endloop
  endfacet
  facet normal 0 1 0
    outer loop
      vertex 22.3486 -10.1 10
      vertex 20.3753 -10.1 9.00076
      vertex 20.553 -10.1 9.30855
    endloop
  endfacet
  facet normal 0 1 -0
    outer loop
      vertex 20.6743 -10.1 7.1
      vertex 20.3753 -10.1 9.00076
      vertex 22.3486 -10.1 10
    endloop
  endfacet
  facet normal 0 1 0
    outer loop
      vertex 20.3753 -10.1 9.00076
      vertex 20.6743 -10.1 7.1
      vertex 20.1375 -10.1 8.73665
    endloop
  endfacet
  facet normal 0 1 0
    outer loop
      vertex 19.1777 -10.1 8.30931
      vertex 20.6743 -10.1 7.1
      vertex 18.8223 -10.1 8.30931
    endloop
  endfacet
  facet normal 0 1 0
    outer loop
      vertex 19.5253 -10.1 8.3832
      vertex 20.6743 -10.1 7.1
      vertex 19.1777 -10.1 8.30931
    endloop
  endfacet
  facet normal 0 1 0
    outer loop
      vertex 19.85 -10.1 8.52776
      vertex 20.6743 -10.1 7.1
      vertex 19.5253 -10.1 8.3832
    endloop
  endfacet
  facet normal 0 1 0
    outer loop
      vertex 20.1375 -10.1 8.73665
      vertex 20.6743 -10.1 7.1
      vertex 19.85 -10.1 8.52776
    endloop
  endfacet
  facet normal 0 1 -0
    outer loop
      vertex 18.8223 -10.1 11.6907
      vertex 17.3257 -10.1 12.9
      vertex 19.1777 -10.1 11.6907
    endloop
  endfacet
  facet normal 0 1 -0
    outer loop
      vertex 18.4747 -10.1 11.6168
      vertex 17.3257 -10.1 12.9
      vertex 18.8223 -10.1 11.6907
    endloop
  endfacet
  facet normal 0 1 -0
    outer loop
      vertex 18.15 -10.1 11.4722
      vertex 17.3257 -10.1 12.9
      vertex 18.4747 -10.1 11.6168
    endloop
  endfacet
  facet normal 0 1 -0
    outer loop
      vertex 17.8625 -10.1 11.2633
      vertex 17.3257 -10.1 12.9
      vertex 18.15 -10.1 11.4722
    endloop
  endfacet
  facet normal 0 1 -0
    outer loop
      vertex 17.6247 -10.1 10.9992
      vertex 17.3257 -10.1 12.9
      vertex 17.8625 -10.1 11.2633
    endloop
  endfacet
  facet normal 0 1 -0
    outer loop
      vertex 17.447 -10.1 10.6915
      vertex 17.3257 -10.1 12.9
      vertex 17.6247 -10.1 10.9992
    endloop
  endfacet
  facet normal 0 1 0
    outer loop
      vertex 15.6514 -10.1 10
      vertex 17.447 -10.1 10.6915
      vertex 17.3371 -10.1 10.3534
    endloop
  endfacet
  facet normal 0 1 0
    outer loop
      vertex 15.6514 -10.1 10
      vertex 17.3371 -10.1 10.3534
      vertex 17.3 -10.1 10
    endloop
  endfacet
  facet normal 0 1 0
    outer loop
      vertex 17.447 -10.1 10.6915
      vertex 15.6514 -10.1 10
      vertex 17.3257 -10.1 12.9
    endloop
  endfacet
  facet normal 0 1 0
    outer loop
      vertex 17.3371 -10.1 9.64655
      vertex 15.6514 -10.1 10
      vertex 17.3 -10.1 10
    endloop
  endfacet
  facet normal 0 1 0
    outer loop
      vertex 17.447 -10.1 9.30855
      vertex 15.6514 -10.1 10
      vertex 17.3371 -10.1 9.64655
    endloop
  endfacet
  facet normal 0 1 0
    outer loop
      vertex 17.6247 -10.1 9.00076
      vertex 15.6514 -10.1 10
      vertex 17.447 -10.1 9.30855
    endloop
  endfacet
  facet normal 0 1 0
    outer loop
      vertex 17.3257 -10.1 7.1
      vertex 17.6247 -10.1 9.00076
      vertex 17.8625 -10.1 8.73665
    endloop
  endfacet
  facet normal 0 1 0
    outer loop
      vertex 17.3257 -10.1 7.1
      vertex 17.8625 -10.1 8.73665
      vertex 18.15 -10.1 8.52776
    endloop
  endfacet
  facet normal 0 1 0
    outer loop
      vertex 17.3257 -10.1 7.1
      vertex 18.8223 -10.1 8.30931
      vertex 20.6743 -10.1 7.1
    endloop
  endfacet
  facet normal 0 1 0
    outer loop
      vertex 18.8223 -10.1 8.30931
      vertex 17.3257 -10.1 7.1
      vertex 18.4747 -10.1 8.3832
    endloop
  endfacet
  facet normal 0 1 0
    outer loop
      vertex 17.6247 -10.1 9.00076
      vertex 17.3257 -10.1 7.1
      vertex 15.6514 -10.1 10
    endloop
  endfacet
  facet normal 0 1 0
    outer loop
      vertex 18.4747 -10.1 8.3832
      vertex 17.3257 -10.1 7.1
      vertex 18.15 -10.1 8.52776
    endloop
  endfacet
  facet normal 0 0 -1
    outer loop
      vertex 17.3257 -10.1 12.9
      vertex 20.6743 -7.5 12.9
      vertex 20.6743 -10.1 12.9
    endloop
  endfacet
  facet normal -0 0 -1
    outer loop
      vertex 20.6743 -7.5 12.9
      vertex 17.3257 -10.1 12.9
      vertex 17.3257 -7.5 12.9
    endloop
  endfacet
  facet normal 0.866027 0 -0.499996
    outer loop
      vertex 17.3257 -10.1 12.9
      vertex 15.6514 -7.5 10
      vertex 17.3257 -7.5 12.9
    endloop
  endfacet
  facet normal 0.866027 0 -0.499996
    outer loop
      vertex 15.6514 -7.5 10
      vertex 17.3257 -10.1 12.9
      vertex 15.6514 -10.1 10
    endloop
  endfacet
endsolid OpenSCAD_Model
