solid OpenSCAD_Model
  facet normal -1 0 0
    outer loop
      vertex -50 50 -7.62939e-07
      vertex -50 45 6
      vertex -50 50 6
    endloop
  endfacet
  facet normal -1 0 0
    outer loop
      vertex -50 50 -7.62939e-07
      vertex -50 44.0241 6
      vertex -50 45 6
    endloop
  endfacet
  facet normal -1 0 0
    outer loop
      vertex -50 44.0241 6
      vertex -50 36.0241 6
      vertex -50 44.0241 42.6
    endloop
  endfacet
  facet normal -1 0 0
    outer loop
      vertex -50 50 -7.62939e-07
      vertex -50 36.0241 6
      vertex -50 44.0241 6
    endloop
  endfacet
  facet normal -1 0 0
    outer loop
      vertex -50 50 -7.62939e-07
      vertex -50 32.981 6
      vertex -50 36.0241 6
    endloop
  endfacet
  facet normal -1 0 0
    outer loop
      vertex -50 32.981 6
      vertex -50 22.981 6
      vertex -50 32.981 60.7
    endloop
  endfacet
  facet normal -1 0 0
    outer loop
      vertex -50 50 -7.62939e-07
      vertex -50 22.981 6
      vertex -50 32.981 6
    endloop
  endfacet
  facet normal -1 0 0
    outer loop
      vertex -50 -50 -7.62939e-07
      vertex -50 22.981 6
      vertex -50 50 -7.62939e-07
    endloop
  endfacet
  facet normal -1 -0 0
    outer loop
      vertex -50 22.981 6
      vertex -50 -50 -7.62939e-07
      vertex -50 -50 6
    endloop
  endfacet
  facet normal -1 -0 0
    outer loop
      vertex -50 44.0241 42.6
      vertex -50 36.0241 6
      vertex -50 36.0241 42.6
    endloop
  endfacet
  facet normal -1 -0 0
    outer loop
      vertex -50 32.981 60.7
      vertex -50 22.981 6
      vertex -50 22.981 60.7
    endloop
  endfacet
  facet normal 0 0 1
    outer loop
      vertex -38 23 6
      vertex -42.3 17 6
      vertex -38 11 6
    endloop
  endfacet
  facet normal 0 0 1
    outer loop
      vertex -38 23 6
      vertex -42.3327 17.3317 6
      vertex -42.3 17 6
    endloop
  endfacet
  facet normal 0 0 1
    outer loop
      vertex -38 23 6
      vertex -42.4294 17.6506 6
      vertex -42.3327 17.3317 6
    endloop
  endfacet
  facet normal 0 0 1
    outer loop
      vertex -38 23 6
      vertex -42.5865 17.9445 6
      vertex -42.4294 17.6506 6
    endloop
  endfacet
  facet normal 0 0 1
    outer loop
      vertex -38 23 6
      vertex -42.7979 18.2021 6
      vertex -42.5865 17.9445 6
    endloop
  endfacet
  facet normal 0 0 1
    outer loop
      vertex -38 23 6
      vertex -43.0555 18.4135 6
      vertex -42.7979 18.2021 6
    endloop
  endfacet
  facet normal -0 0 1
    outer loop
      vertex -44 22.981 6
      vertex -43.0555 18.4135 6
      vertex -38 23 6
    endloop
  endfacet
  facet normal 0 0 1
    outer loop
      vertex -43.0555 18.4135 6
      vertex -44 22.981 6
      vertex -43.3494 18.5706 6
    endloop
  endfacet
  facet normal 0 0 1
    outer loop
      vertex -44 22.981 6
      vertex -38 23 6
      vertex -44 23 6
    endloop
  endfacet
  facet normal 0 0 1
    outer loop
      vertex -43.3494 18.5706 6
      vertex -44 22.981 6
      vertex -43.6683 18.6673 6
    endloop
  endfacet
  facet normal 0 0 1
    outer loop
      vertex -44 22.981 6
      vertex -44 18.7 6
      vertex -43.6683 18.6673 6
    endloop
  endfacet
  facet normal 0 0 1
    outer loop
      vertex -44 22.981 6
      vertex -44.3317 18.6673 6
      vertex -44 18.7 6
    endloop
  endfacet
  facet normal 0 0 1
    outer loop
      vertex -44 22.981 6
      vertex -44.6506 18.5706 6
      vertex -44.3317 18.6673 6
    endloop
  endfacet
  facet normal 0 0 1
    outer loop
      vertex -44 22.981 6
      vertex -44.9445 18.4135 6
      vertex -44.6506 18.5706 6
    endloop
  endfacet
  facet normal -0 0 1
    outer loop
      vertex -50 22.981 6
      vertex -44.9445 18.4135 6
      vertex -44 22.981 6
    endloop
  endfacet
  facet normal 0 0 1
    outer loop
      vertex -44.9445 18.4135 6
      vertex -50 22.981 6
      vertex -45.2021 18.2021 6
    endloop
  endfacet
  facet normal 0 0 1
    outer loop
      vertex -45.2021 18.2021 6
      vertex -50 22.981 6
      vertex -45.4135 17.9445 6
    endloop
  endfacet
  facet normal 0 0 1
    outer loop
      vertex -45.4135 17.9445 6
      vertex -50 22.981 6
      vertex -45.5706 17.6506 6
    endloop
  endfacet
  facet normal 0 0 1
    outer loop
      vertex -46 11 6
      vertex -48 6.5 6
      vertex -46 6.5 6
    endloop
  endfacet
  facet normal 0 0 1
    outer loop
      vertex -45.6673 16.6683 6
      vertex -48 6.5 6
      vertex -46 11 6
    endloop
  endfacet
  facet normal 0 0 1
    outer loop
      vertex -50 22.981 6
      vertex -45.7 17 6
      vertex -45.6673 17.3317 6
    endloop
  endfacet
  facet normal 0 0 1
    outer loop
      vertex -45.6673 16.6683 6
      vertex -48.1307 6.49429 6
      vertex -48 6.5 6
    endloop
  endfacet
  facet normal 0 0 1
    outer loop
      vertex -45.6673 16.6683 6
      vertex -48.2605 6.47721 6
      vertex -48.1307 6.49429 6
    endloop
  endfacet
  facet normal 0 0 1
    outer loop
      vertex -45.6673 16.6683 6
      vertex -48.3882 6.44889 6
      vertex -48.2605 6.47721 6
    endloop
  endfacet
  facet normal 0 0 1
    outer loop
      vertex -45.6673 16.6683 6
      vertex -48.513 6.40954 6
      vertex -48.3882 6.44889 6
    endloop
  endfacet
  facet normal 0 0 1
    outer loop
      vertex -45.6673 16.6683 6
      vertex -48.6339 6.35946 6
      vertex -48.513 6.40954 6
    endloop
  endfacet
  facet normal 0 0 1
    outer loop
      vertex -45.6673 16.6683 6
      vertex -48.75 6.29904 6
      vertex -48.6339 6.35946 6
    endloop
  endfacet
  facet normal 0 0 1
    outer loop
      vertex -45.6673 16.6683 6
      vertex -48.8604 6.22873 6
      vertex -48.75 6.29904 6
    endloop
  endfacet
  facet normal 0 0 1
    outer loop
      vertex -45.6673 16.6683 6
      vertex -48.9642 6.14907 6
      vertex -48.8604 6.22873 6
    endloop
  endfacet
  facet normal 0 0 1
    outer loop
      vertex -45.6673 16.6683 6
      vertex -50 22.981 6
      vertex -48.9642 6.14907 6
    endloop
  endfacet
  facet normal 0 0 1
    outer loop
      vertex -45.5706 17.6506 6
      vertex -50 22.981 6
      vertex -45.6673 17.3317 6
    endloop
  endfacet
  facet normal 0 0 1
    outer loop
      vertex -48.9642 6.14907 6
      vertex -50 22.981 6
      vertex -49.0607 6.06066 6
    endloop
  endfacet
  facet normal 0 0 1
    outer loop
      vertex -49.0607 6.06066 6
      vertex -50 22.981 6
      vertex -49.1491 5.96418 6
    endloop
  endfacet
  facet normal 0 0 1
    outer loop
      vertex -49.1491 5.96418 6
      vertex -50 22.981 6
      vertex -49.2287 5.86036 6
    endloop
  endfacet
  facet normal 0 0 1
    outer loop
      vertex -49.2287 5.86036 6
      vertex -50 22.981 6
      vertex -49.299 5.75 6
    endloop
  endfacet
  facet normal 0 0 1
    outer loop
      vertex -49.299 5.75 6
      vertex -50 22.981 6
      vertex -49.3595 5.63393 6
    endloop
  endfacet
  facet normal 0 0 1
    outer loop
      vertex -49.3595 5.63393 6
      vertex -50 22.981 6
      vertex -49.4095 5.51303 6
    endloop
  endfacet
  facet normal 0 0 1
    outer loop
      vertex -49.4943 5.13073 6
      vertex -50 22.981 6
      vertex -49.5 5 6
    endloop
  endfacet
  facet normal 0 0 1
    outer loop
      vertex -49.4772 5.26047 6
      vertex -50 22.981 6
      vertex -49.4943 5.13073 6
    endloop
  endfacet
  facet normal 0 0 1
    outer loop
      vertex -49.4489 5.38823 6
      vertex -50 22.981 6
      vertex -49.4772 5.26047 6
    endloop
  endfacet
  facet normal 0 0 1
    outer loop
      vertex -49.4095 5.51303 6
      vertex -50 22.981 6
      vertex -49.4489 5.38823 6
    endloop
  endfacet
  facet normal -0 0 1
    outer loop
      vertex -42.3327 16.6683 6
      vertex -38 11 6
      vertex -42.3 17 6
    endloop
  endfacet
  facet normal -0 0 1
    outer loop
      vertex -42.4294 16.3494 6
      vertex -38 11 6
      vertex -42.3327 16.6683 6
    endloop
  endfacet
  facet normal -0 0 1
    outer loop
      vertex -42.5865 16.0555 6
      vertex -38 11 6
      vertex -42.4294 16.3494 6
    endloop
  endfacet
  facet normal -0 0 1
    outer loop
      vertex -42.7979 15.7979 6
      vertex -38 11 6
      vertex -42.5865 16.0555 6
    endloop
  endfacet
  facet normal -0 0 1
    outer loop
      vertex -43.0555 15.5865 6
      vertex -38 11 6
      vertex -42.7979 15.7979 6
    endloop
  endfacet
  facet normal -0 0 1
    outer loop
      vertex -43.3494 15.4294 6
      vertex -38 11 6
      vertex -43.0555 15.5865 6
    endloop
  endfacet
  facet normal 0 0 1
    outer loop
      vertex -46 11 6
      vertex -43.3494 15.4294 6
      vertex -43.6683 15.3327 6
    endloop
  endfacet
  facet normal 0 0 1
    outer loop
      vertex -46 11 6
      vertex -43.6683 15.3327 6
      vertex -44 15.3 6
    endloop
  endfacet
  facet normal 0 0 1
    outer loop
      vertex -46 11 6
      vertex -44 15.3 6
      vertex -44.3317 15.3327 6
    endloop
  endfacet
  facet normal 0 0 1
    outer loop
      vertex -46 11 6
      vertex -44.3317 15.3327 6
      vertex -44.6506 15.4294 6
    endloop
  endfacet
  facet normal 0 0 1
    outer loop
      vertex -46 11 6
      vertex -44.6506 15.4294 6
      vertex -44.9445 15.5865 6
    endloop
  endfacet
  facet normal 0 0 1
    outer loop
      vertex -43.3494 15.4294 6
      vertex -46 11 6
      vertex -38 11 6
    endloop
  endfacet
  facet normal 0 0 1
    outer loop
      vertex -45.2021 15.7979 6
      vertex -46 11 6
      vertex -44.9445 15.5865 6
    endloop
  endfacet
  facet normal 0 0 1
    outer loop
      vertex -45.4135 16.0555 6
      vertex -46 11 6
      vertex -45.2021 15.7979 6
    endloop
  endfacet
  facet normal 0 0 1
    outer loop
      vertex -45.5706 16.3494 6
      vertex -46 11 6
      vertex -45.4135 16.0555 6
    endloop
  endfacet
  facet normal 0 0 1
    outer loop
      vertex -45.6673 16.6683 6
      vertex -46 11 6
      vertex -45.5706 16.3494 6
    endloop
  endfacet
  facet normal 0 0 1
    outer loop
      vertex -50 22.981 6
      vertex -45.6673 16.6683 6
      vertex -45.7 17 6
    endloop
  endfacet
  facet normal -0 0 1
    outer loop
      vertex -48 3.5 6
      vertex -46 -32 6
      vertex -46 3.5 6
    endloop
  endfacet
  facet normal 0 0 1
    outer loop
      vertex -48.1307 3.50571 6
      vertex -46 -32 6
      vertex -48 3.5 6
    endloop
  endfacet
  facet normal 0 0 1
    outer loop
      vertex -48.2605 3.52279 6
      vertex -46 -32 6
      vertex -48.1307 3.50571 6
    endloop
  endfacet
  facet normal 0 0 1
    outer loop
      vertex -48.3882 3.55111 6
      vertex -46 -32 6
      vertex -48.2605 3.52279 6
    endloop
  endfacet
  facet normal 0 0 1
    outer loop
      vertex -48.513 3.59046 6
      vertex -46 -32 6
      vertex -48.3882 3.55111 6
    endloop
  endfacet
  facet normal 0 0 1
    outer loop
      vertex -48.6339 3.64054 6
      vertex -46 -32 6
      vertex -48.513 3.59046 6
    endloop
  endfacet
  facet normal 0 0 1
    outer loop
      vertex -48.75 3.70096 6
      vertex -46 -32 6
      vertex -48.6339 3.64054 6
    endloop
  endfacet
  facet normal 0 0 1
    outer loop
      vertex -48.8604 3.77127 6
      vertex -46 -32 6
      vertex -48.75 3.70096 6
    endloop
  endfacet
  facet normal 0 0 1
    outer loop
      vertex -48.9642 3.85093 6
      vertex -46 -32 6
      vertex -48.8604 3.77127 6
    endloop
  endfacet
  facet normal 0 0 1
    outer loop
      vertex -49.0607 3.93934 6
      vertex -46 -32 6
      vertex -48.9642 3.85093 6
    endloop
  endfacet
  facet normal 0 0 1
    outer loop
      vertex -49.1491 4.03582 6
      vertex -46 -32 6
      vertex -49.0607 3.93934 6
    endloop
  endfacet
  facet normal 0 0 1
    outer loop
      vertex -49.2287 4.13964 6
      vertex -46 -32 6
      vertex -49.1491 4.03582 6
    endloop
  endfacet
  facet normal 0 0 1
    outer loop
      vertex -49.299 4.25 6
      vertex -46 -32 6
      vertex -49.2287 4.13964 6
    endloop
  endfacet
  facet normal 0 0 1
    outer loop
      vertex -46 -32 6
      vertex -50 -50 6
      vertex -46 -44 6
    endloop
  endfacet
  facet normal 0 0 1
    outer loop
      vertex -49.3595 4.36607 6
      vertex -46 -32 6
      vertex -49.299 4.25 6
    endloop
  endfacet
  facet normal 0 0 1
    outer loop
      vertex -49.4095 4.48697 6
      vertex -46 -32 6
      vertex -49.3595 4.36607 6
    endloop
  endfacet
  facet normal 0 0 1
    outer loop
      vertex -46 -32 6
      vertex -49.4095 4.48697 6
      vertex -50 -50 6
    endloop
  endfacet
  facet normal 0 0 1
    outer loop
      vertex -50 -50 6
      vertex -49.4095 4.48697 6
      vertex -49.4489 4.61177 6
    endloop
  endfacet
  facet normal 0 0 1
    outer loop
      vertex -50 -50 6
      vertex -49.4489 4.61177 6
      vertex -49.4772 4.73953 6
    endloop
  endfacet
  facet normal 0 0 1
    outer loop
      vertex -50 -50 6
      vertex -49.4772 4.73953 6
      vertex -49.4943 4.86927 6
    endloop
  endfacet
  facet normal 0 0 1
    outer loop
      vertex -46 -44 6
      vertex -50 -50 6
      vertex -46 -50 6
    endloop
  endfacet
  facet normal 0 0 1
    outer loop
      vertex -49.5 5 6
      vertex -50 -50 6
      vertex -49.4943 4.86927 6
    endloop
  endfacet
  facet normal 0 0 1
    outer loop
      vertex -50 -50 6
      vertex -49.5 5 6
      vertex -50 22.981 6
    endloop
  endfacet
  facet normal 0 0 1
    outer loop
      vertex -38 -32 6
      vertex -42.3 -38 6
      vertex -38 -44 6
    endloop
  endfacet
  facet normal 0 0 1
    outer loop
      vertex -38 -32 6
      vertex -42.3327 -37.6683 6
      vertex -42.3 -38 6
    endloop
  endfacet
  facet normal 0 0 1
    outer loop
      vertex -38 -32 6
      vertex -42.4294 -37.3494 6
      vertex -42.3327 -37.6683 6
    endloop
  endfacet
  facet normal 0 0 1
    outer loop
      vertex -38 -32 6
      vertex -42.5865 -37.0555 6
      vertex -42.4294 -37.3494 6
    endloop
  endfacet
  facet normal 0 0 1
    outer loop
      vertex -38 -32 6
      vertex -42.7979 -36.7979 6
      vertex -42.5865 -37.0555 6
    endloop
  endfacet
  facet normal 0 0 1
    outer loop
      vertex -38 -32 6
      vertex -43.0555 -36.5865 6
      vertex -42.7979 -36.7979 6
    endloop
  endfacet
  facet normal 0 0 1
    outer loop
      vertex -38 -32 6
      vertex -43.3494 -36.4294 6
      vertex -43.0555 -36.5865 6
    endloop
  endfacet
  facet normal -0 0 1
    outer loop
      vertex -46 -32 6
      vertex -43.3494 -36.4294 6
      vertex -38 -32 6
    endloop
  endfacet
  facet normal 0 0 1
    outer loop
      vertex -43.3494 -36.4294 6
      vertex -46 -32 6
      vertex -43.6683 -36.3327 6
    endloop
  endfacet
  facet normal 0 0 1
    outer loop
      vertex -43.6683 -36.3327 6
      vertex -46 -32 6
      vertex -44 -36.3 6
    endloop
  endfacet
  facet normal 0 0 1
    outer loop
      vertex -44 -36.3 6
      vertex -46 -32 6
      vertex -44.3317 -36.3327 6
    endloop
  endfacet
  facet normal 0 0 1
    outer loop
      vertex -44.3317 -36.3327 6
      vertex -46 -32 6
      vertex -44.6506 -36.4294 6
    endloop
  endfacet
  facet normal 0 0 1
    outer loop
      vertex -45.6673 -37.6683 6
      vertex -46 -32 6
      vertex -45.7 -38 6
    endloop
  endfacet
  facet normal 0 0 1
    outer loop
      vertex -45.5706 -37.3494 6
      vertex -46 -32 6
      vertex -45.6673 -37.6683 6
    endloop
  endfacet
  facet normal 0 0 1
    outer loop
      vertex -45.4135 -37.0555 6
      vertex -46 -32 6
      vertex -45.5706 -37.3494 6
    endloop
  endfacet
  facet normal 0 0 1
    outer loop
      vertex -45.2021 -36.7979 6
      vertex -46 -32 6
      vertex -45.4135 -37.0555 6
    endloop
  endfacet
  facet normal 0 0 1
    outer loop
      vertex -44.9445 -36.5865 6
      vertex -46 -32 6
      vertex -45.2021 -36.7979 6
    endloop
  endfacet
  facet normal 0 0 1
    outer loop
      vertex -44.6506 -36.4294 6
      vertex -46 -32 6
      vertex -44.9445 -36.5865 6
    endloop
  endfacet
  facet normal -0 0 1
    outer loop
      vertex -42.3327 -38.3317 6
      vertex -38 -44 6
      vertex -42.3 -38 6
    endloop
  endfacet
  facet normal -0 0 1
    outer loop
      vertex -42.4294 -38.6506 6
      vertex -38 -44 6
      vertex -42.3327 -38.3317 6
    endloop
  endfacet
  facet normal -0 0 1
    outer loop
      vertex -42.5865 -38.9445 6
      vertex -38 -44 6
      vertex -42.4294 -38.6506 6
    endloop
  endfacet
  facet normal -0 0 1
    outer loop
      vertex -42.7979 -39.2021 6
      vertex -38 -44 6
      vertex -42.5865 -38.9445 6
    endloop
  endfacet
  facet normal -0 0 1
    outer loop
      vertex -43.0555 -39.4135 6
      vertex -38 -44 6
      vertex -42.7979 -39.2021 6
    endloop
  endfacet
  facet normal -0 0 1
    outer loop
      vertex -43.3494 -39.5706 6
      vertex -38 -44 6
      vertex -43.0555 -39.4135 6
    endloop
  endfacet
  facet normal 0 0 1
    outer loop
      vertex -46 -44 6
      vertex -43.3494 -39.5706 6
      vertex -43.6683 -39.6673 6
    endloop
  endfacet
  facet normal 0 0 1
    outer loop
      vertex -46 -44 6
      vertex -43.6683 -39.6673 6
      vertex -44 -39.7 6
    endloop
  endfacet
  facet normal 0 0 1
    outer loop
      vertex -46 -44 6
      vertex -44 -39.7 6
      vertex -44.3317 -39.6673 6
    endloop
  endfacet
  facet normal 0 0 1
    outer loop
      vertex -46 -44 6
      vertex -44.3317 -39.6673 6
      vertex -44.6506 -39.5706 6
    endloop
  endfacet
  facet normal 0 0 1
    outer loop
      vertex -46 -44 6
      vertex -44.6506 -39.5706 6
      vertex -44.9445 -39.4135 6
    endloop
  endfacet
  facet normal 0 0 1
    outer loop
      vertex -43.3494 -39.5706 6
      vertex -46 -44 6
      vertex -38 -44 6
    endloop
  endfacet
  facet normal 0 0 1
    outer loop
      vertex -45.2021 -39.2021 6
      vertex -46 -44 6
      vertex -44.9445 -39.4135 6
    endloop
  endfacet
  facet normal 0 0 1
    outer loop
      vertex -45.4135 -38.9445 6
      vertex -46 -44 6
      vertex -45.2021 -39.2021 6
    endloop
  endfacet
  facet normal 0 0 1
    outer loop
      vertex -45.5706 -38.6506 6
      vertex -46 -44 6
      vertex -45.4135 -38.9445 6
    endloop
  endfacet
  facet normal 0 0 1
    outer loop
      vertex -45.6673 -38.3317 6
      vertex -46 -44 6
      vertex -45.5706 -38.6506 6
    endloop
  endfacet
  facet normal 0 0 1
    outer loop
      vertex -45.7 -38 6
      vertex -46 -44 6
      vertex -45.6673 -38.3317 6
    endloop
  endfacet
  facet normal 0 0 1
    outer loop
      vertex -46 -44 6
      vertex -45.7 -38 6
      vertex -46 -32 6
    endloop
  endfacet
  facet normal 0 0 1
    outer loop
      vertex -46 50 6
      vertex -46.0729 47.8532 6
      vertex -46 47.823 6
    endloop
  endfacet
  facet normal 0 0 1
    outer loop
      vertex -46 50 6
      vertex -46.5307 47.9631 6
      vertex -46.0729 47.8532 6
    endloop
  endfacet
  facet normal 0 0 1
    outer loop
      vertex -46 50 6
      vertex -47 48 6
      vertex -46.5307 47.9631 6
    endloop
  endfacet
  facet normal 0 0 1
    outer loop
      vertex -46 50 6
      vertex -47.4693 47.9631 6
      vertex -47 48 6
    endloop
  endfacet
  facet normal -0 0 1
    outer loop
      vertex -50 50 6
      vertex -47.4693 47.9631 6
      vertex -46 50 6
    endloop
  endfacet
  facet normal 0 0 1
    outer loop
      vertex -47.4693 47.9631 6
      vertex -50 50 6
      vertex -47.927 47.8532 6
    endloop
  endfacet
  facet normal 0 0 1
    outer loop
      vertex -47.927 47.8532 6
      vertex -50 50 6
      vertex -48.362 47.673 6
    endloop
  endfacet
  facet normal 0 0 1
    outer loop
      vertex -48.362 47.673 6
      vertex -50 50 6
      vertex -48.7634 47.427 6
    endloop
  endfacet
  facet normal 0 0 1
    outer loop
      vertex -48.7634 47.427 6
      vertex -50 50 6
      vertex -49.1213 47.1213 6
    endloop
  endfacet
  facet normal 0 0 1
    outer loop
      vertex -50 50 6
      vertex -49.427 46.7634 6
      vertex -49.1213 47.1213 6
    endloop
  endfacet
  facet normal 0 0 1
    outer loop
      vertex -50 50 6
      vertex -49.673 46.362 6
      vertex -49.427 46.7634 6
    endloop
  endfacet
  facet normal 0 0 1
    outer loop
      vertex -50 50 6
      vertex -49.8532 45.927 6
      vertex -49.673 46.362 6
    endloop
  endfacet
  facet normal 0 0 1
    outer loop
      vertex -50 50 6
      vertex -49.9631 45.4693 6
      vertex -49.8532 45.927 6
    endloop
  endfacet
  facet normal 0 0 1
    outer loop
      vertex -49.9631 45.4693 6
      vertex -50 50 6
      vertex -50 45 6
    endloop
  endfacet
  facet normal -0 0 1
    outer loop
      vertex -50 36.0241 6
      vertex -46 32.981 6
      vertex -46 36.0241 6
    endloop
  endfacet
  facet normal 0 0 1
    outer loop
      vertex -46 32.981 6
      vertex -50 36.0241 6
      vertex -50 32.981 6
    endloop
  endfacet
  facet normal 0 0 1
    outer loop
      vertex -49.8532 44.0729 6
      vertex -50 44.0241 6
      vertex -49.8329 44.0241 6
    endloop
  endfacet
  facet normal 0 0 1
    outer loop
      vertex -49.9631 44.5307 6
      vertex -50 44.0241 6
      vertex -49.8532 44.0729 6
    endloop
  endfacet
  facet normal 0 0 1
    outer loop
      vertex -50 44.0241 6
      vertex -49.9631 44.5307 6
      vertex -50 45 6
    endloop
  endfacet
  facet normal 1 -0 0
    outer loop
      vertex -46 -50 6
      vertex -46 -44 -7.62939e-07
      vertex -46 -44 6
    endloop
  endfacet
  facet normal 1 0 0
    outer loop
      vertex -46 -44 -7.62939e-07
      vertex -46 -50 6
      vertex -46 -50 -7.62939e-07
    endloop
  endfacet
  facet normal 1 -0 0
    outer loop
      vertex -46 47.823 6
      vertex -46 50 -7.62939e-07
      vertex -46 50 6
    endloop
  endfacet
  facet normal 1 0 0
    outer loop
      vertex -46 50 -7.62939e-07
      vertex -46 47.823 6
      vertex -46 47.823 -7.62939e-07
    endloop
  endfacet
  facet normal 1 -0 0
    outer loop
      vertex -46 32.981 6
      vertex -46 36.0241 -7.62939e-07
      vertex -46 36.0241 6
    endloop
  endfacet
  facet normal 1 0 0
    outer loop
      vertex -46 36.0241 -7.62939e-07
      vertex -46 32.981 6
      vertex -46 32.981 -7.62939e-07
    endloop
  endfacet
  facet normal 1 -0 0
    outer loop
      vertex -46 6.5 6
      vertex -46 11 -7.62939e-07
      vertex -46 11 6
    endloop
  endfacet
  facet normal 1 0 0
    outer loop
      vertex -46 11 -7.62939e-07
      vertex -46 6.5 6
      vertex -46 6.5 -7.62939e-07
    endloop
  endfacet
  facet normal 1 -0 0
    outer loop
      vertex -46 -32 6
      vertex -46 3.5 -7.62939e-07
      vertex -46 3.5 6
    endloop
  endfacet
  facet normal 1 0 0
    outer loop
      vertex -46 3.5 -7.62939e-07
      vertex -46 -32 6
      vertex -46 -32 -7.62939e-07
    endloop
  endfacet
  facet normal 0 0 -1
    outer loop
      vertex -50 -50 -7.62939e-07
      vertex -46 -44 -7.62939e-07
      vertex -46 -50 -7.62939e-07
    endloop
  endfacet
  facet normal 0 -0 -1
    outer loop
      vertex -46.7356 -39.8279 -7.62939e-07
      vertex -46 -44 -7.62939e-07
      vertex -50 -50 -7.62939e-07
    endloop
  endfacet
  facet normal 0 0 -1
    outer loop
      vertex -46 -44 -7.62939e-07
      vertex -46.3264 -40.3264 -7.62939e-07
      vertex -46.3248 -40.3277 -7.62939e-07
    endloop
  endfacet
  facet normal 0 0 -1
    outer loop
      vertex -46 -44 -7.62939e-07
      vertex -46.3277 -40.3248 -7.62939e-07
      vertex -46.3264 -40.3264 -7.62939e-07
    endloop
  endfacet
  facet normal 0 0 -1
    outer loop
      vertex -46 -44 -7.62939e-07
      vertex -46.7356 -39.8279 -7.62939e-07
      vertex -46.3277 -40.3248 -7.62939e-07
    endloop
  endfacet
  facet normal -0 0 -1
    outer loop
      vertex -46.7356 -39.8279 -7.62939e-07
      vertex -50 -50 -7.62939e-07
      vertex -47.0386 -39.2609 -7.62939e-07
    endloop
  endfacet
  facet normal -0 0 -1
    outer loop
      vertex -47.0386 -39.2609 -7.62939e-07
      vertex -50 -50 -7.62939e-07
      vertex -47.0396 -39.2591 -7.62939e-07
    endloop
  endfacet
  facet normal -0 0 -1
    outer loop
      vertex -47.0396 -39.2591 -7.62939e-07
      vertex -50 -50 -7.62939e-07
      vertex -47.2262 -38.6438 -7.62939e-07
    endloop
  endfacet
  facet normal 0 0 -1
    outer loop
      vertex -50 -50 -7.62939e-07
      vertex -47.227 -38.6398 -7.62939e-07
      vertex -47.2268 -38.6419 -7.62939e-07
    endloop
  endfacet
  facet normal -0 0 -1
    outer loop
      vertex -47.227 16.3602 -7.62939e-07
      vertex -50 -50 -7.62939e-07
      vertex -47.2901 17 -7.62939e-07
    endloop
  endfacet
  facet normal -0 0 -1
    outer loop
      vertex -47.227 -38.6398 -7.62939e-07
      vertex -50 -50 -7.62939e-07
      vertex -47.2901 -38 -7.62939e-07
    endloop
  endfacet
  facet normal -0 0 -1
    outer loop
      vertex -47.2262 -38.6438 -7.62939e-07
      vertex -50 -50 -7.62939e-07
      vertex -47.2268 -38.6419 -7.62939e-07
    endloop
  endfacet
  facet normal 0 0 -1
    outer loop
      vertex -38 -44 -7.62939e-07
      vertex -40.7099 -38 -7.62939e-07
      vertex -38 -32 -7.62939e-07
    endloop
  endfacet
  facet normal 0 0 -1
    outer loop
      vertex -38 -44 -7.62939e-07
      vertex -40.7729 -38.6398 -7.62939e-07
      vertex -40.7099 -38 -7.62939e-07
    endloop
  endfacet
  facet normal 0 0 -1
    outer loop
      vertex -38 -44 -7.62939e-07
      vertex -40.7732 -38.6419 -7.62939e-07
      vertex -40.7729 -38.6398 -7.62939e-07
    endloop
  endfacet
  facet normal 0 0 -1
    outer loop
      vertex -38 -44 -7.62939e-07
      vertex -40.7738 -38.6438 -7.62939e-07
      vertex -40.7732 -38.6419 -7.62939e-07
    endloop
  endfacet
  facet normal 0 0 -1
    outer loop
      vertex -38 -44 -7.62939e-07
      vertex -40.9604 -39.2591 -7.62939e-07
      vertex -40.7738 -38.6438 -7.62939e-07
    endloop
  endfacet
  facet normal 0 0 -1
    outer loop
      vertex -38 -44 -7.62939e-07
      vertex -40.9614 -39.2609 -7.62939e-07
      vertex -40.9604 -39.2591 -7.62939e-07
    endloop
  endfacet
  facet normal 0 0 -1
    outer loop
      vertex -38 -44 -7.62939e-07
      vertex -41.2644 -39.8279 -7.62939e-07
      vertex -40.9614 -39.2609 -7.62939e-07
    endloop
  endfacet
  facet normal 0 0 -1
    outer loop
      vertex -38 -44 -7.62939e-07
      vertex -41.6723 -40.3248 -7.62939e-07
      vertex -41.2644 -39.8279 -7.62939e-07
    endloop
  endfacet
  facet normal 0 0 -1
    outer loop
      vertex -38 -44 -7.62939e-07
      vertex -41.6736 -40.3264 -7.62939e-07
      vertex -41.6723 -40.3248 -7.62939e-07
    endloop
  endfacet
  facet normal 0 0 -1
    outer loop
      vertex -38 -44 -7.62939e-07
      vertex -41.6752 -40.3277 -7.62939e-07
      vertex -41.6736 -40.3264 -7.62939e-07
    endloop
  endfacet
  facet normal 0 0 -1
    outer loop
      vertex -38 -44 -7.62939e-07
      vertex -42.1721 -40.7356 -7.62939e-07
      vertex -41.6752 -40.3277 -7.62939e-07
    endloop
  endfacet
  facet normal 0 0 -1
    outer loop
      vertex -38 -44 -7.62939e-07
      vertex -42.7391 -41.0386 -7.62939e-07
      vertex -42.1721 -40.7356 -7.62939e-07
    endloop
  endfacet
  facet normal 0 0 -1
    outer loop
      vertex -38 -44 -7.62939e-07
      vertex -42.7409 -41.0396 -7.62939e-07
      vertex -42.7391 -41.0386 -7.62939e-07
    endloop
  endfacet
  facet normal 0 0 -1
    outer loop
      vertex -38 -44 -7.62939e-07
      vertex -43.3562 -41.2262 -7.62939e-07
      vertex -42.7409 -41.0396 -7.62939e-07
    endloop
  endfacet
  facet normal 0 0 -1
    outer loop
      vertex -46 -44 -7.62939e-07
      vertex -43.3562 -41.2262 -7.62939e-07
      vertex -38 -44 -7.62939e-07
    endloop
  endfacet
  facet normal 0 0 -1
    outer loop
      vertex -43.3562 -41.2262 -7.62939e-07
      vertex -46 -44 -7.62939e-07
      vertex -43.3581 -41.2268 -7.62939e-07
    endloop
  endfacet
  facet normal 0 0 -1
    outer loop
      vertex -43.3581 -41.2268 -7.62939e-07
      vertex -46 -44 -7.62939e-07
      vertex -43.3602 -41.227 -7.62939e-07
    endloop
  endfacet
  facet normal 0 0 -1
    outer loop
      vertex -43.3602 -41.227 -7.62939e-07
      vertex -46 -44 -7.62939e-07
      vertex -44 -41.2901 -7.62939e-07
    endloop
  endfacet
  facet normal -0 0 -1
    outer loop
      vertex -44 -41.2901 -7.62939e-07
      vertex -46 -44 -7.62939e-07
      vertex -44.6398 -41.227 -7.62939e-07
    endloop
  endfacet
  facet normal -0 0 -1
    outer loop
      vertex -44.6398 -41.227 -7.62939e-07
      vertex -46 -44 -7.62939e-07
      vertex -44.6419 -41.2268 -7.62939e-07
    endloop
  endfacet
  facet normal -0 0 -1
    outer loop
      vertex -44.6419 -41.2268 -7.62939e-07
      vertex -46 -44 -7.62939e-07
      vertex -44.6438 -41.2262 -7.62939e-07
    endloop
  endfacet
  facet normal 0 0 -1
    outer loop
      vertex -46 -44 -7.62939e-07
      vertex -45.2609 -41.0386 -7.62939e-07
      vertex -45.2591 -41.0396 -7.62939e-07
    endloop
  endfacet
  facet normal -0 0 -1
    outer loop
      vertex -44.6438 -41.2262 -7.62939e-07
      vertex -46 -44 -7.62939e-07
      vertex -45.2591 -41.0396 -7.62939e-07
    endloop
  endfacet
  facet normal -0 0 -1
    outer loop
      vertex -45.2609 -41.0386 -7.62939e-07
      vertex -46 -44 -7.62939e-07
      vertex -45.8279 -40.7356 -7.62939e-07
    endloop
  endfacet
  facet normal -0 0 -1
    outer loop
      vertex -45.8279 -40.7356 -7.62939e-07
      vertex -46 -44 -7.62939e-07
      vertex -46.3248 -40.3277 -7.62939e-07
    endloop
  endfacet
  facet normal 0 0 -1
    outer loop
      vertex -40.7729 -37.3602 -7.62939e-07
      vertex -38 -32 -7.62939e-07
      vertex -40.7099 -38 -7.62939e-07
    endloop
  endfacet
  facet normal 0 0 -1
    outer loop
      vertex -40.7732 -37.3581 -7.62939e-07
      vertex -38 -32 -7.62939e-07
      vertex -40.7729 -37.3602 -7.62939e-07
    endloop
  endfacet
  facet normal 0 0 -1
    outer loop
      vertex -40.7738 -37.3562 -7.62939e-07
      vertex -38 -32 -7.62939e-07
      vertex -40.7732 -37.3581 -7.62939e-07
    endloop
  endfacet
  facet normal 0 0 -1
    outer loop
      vertex -40.9604 -36.7409 -7.62939e-07
      vertex -38 -32 -7.62939e-07
      vertex -40.7738 -37.3562 -7.62939e-07
    endloop
  endfacet
  facet normal 0 0 -1
    outer loop
      vertex -40.9614 -36.7391 -7.62939e-07
      vertex -38 -32 -7.62939e-07
      vertex -40.9604 -36.7409 -7.62939e-07
    endloop
  endfacet
  facet normal 0 0 -1
    outer loop
      vertex -41.2644 -36.1721 -7.62939e-07
      vertex -38 -32 -7.62939e-07
      vertex -40.9614 -36.7391 -7.62939e-07
    endloop
  endfacet
  facet normal 0 0 -1
    outer loop
      vertex -41.6723 -35.6752 -7.62939e-07
      vertex -38 -32 -7.62939e-07
      vertex -41.2644 -36.1721 -7.62939e-07
    endloop
  endfacet
  facet normal 0 0 -1
    outer loop
      vertex -41.6736 -35.6736 -7.62939e-07
      vertex -38 -32 -7.62939e-07
      vertex -41.6723 -35.6752 -7.62939e-07
    endloop
  endfacet
  facet normal 0 0 -1
    outer loop
      vertex -41.6752 -35.6723 -7.62939e-07
      vertex -38 -32 -7.62939e-07
      vertex -41.6736 -35.6736 -7.62939e-07
    endloop
  endfacet
  facet normal 0 0 -1
    outer loop
      vertex -42.1721 -35.2644 -7.62939e-07
      vertex -38 -32 -7.62939e-07
      vertex -41.6752 -35.6723 -7.62939e-07
    endloop
  endfacet
  facet normal 0 0 -1
    outer loop
      vertex -42.7391 -34.9614 -7.62939e-07
      vertex -38 -32 -7.62939e-07
      vertex -42.1721 -35.2644 -7.62939e-07
    endloop
  endfacet
  facet normal 0 0 -1
    outer loop
      vertex -42.7409 -34.9604 -7.62939e-07
      vertex -38 -32 -7.62939e-07
      vertex -42.7391 -34.9614 -7.62939e-07
    endloop
  endfacet
  facet normal 0 0 -1
    outer loop
      vertex -43.3562 -34.7738 -7.62939e-07
      vertex -38 -32 -7.62939e-07
      vertex -42.7409 -34.9604 -7.62939e-07
    endloop
  endfacet
  facet normal 0 0 -1
    outer loop
      vertex -46 -32 -7.62939e-07
      vertex -43.3562 -34.7738 -7.62939e-07
      vertex -43.3581 -34.7732 -7.62939e-07
    endloop
  endfacet
  facet normal 0 0 -1
    outer loop
      vertex -46 -32 -7.62939e-07
      vertex -43.3581 -34.7732 -7.62939e-07
      vertex -43.3602 -34.7729 -7.62939e-07
    endloop
  endfacet
  facet normal 0 0 -1
    outer loop
      vertex -46 -32 -7.62939e-07
      vertex -43.3602 -34.7729 -7.62939e-07
      vertex -44 -34.7099 -7.62939e-07
    endloop
  endfacet
  facet normal 0 0 -1
    outer loop
      vertex -46 -32 -7.62939e-07
      vertex -44 -34.7099 -7.62939e-07
      vertex -44.6398 -34.7729 -7.62939e-07
    endloop
  endfacet
  facet normal 0 0 -1
    outer loop
      vertex -46 -32 -7.62939e-07
      vertex -44.6398 -34.7729 -7.62939e-07
      vertex -44.6419 -34.7732 -7.62939e-07
    endloop
  endfacet
  facet normal 0 0 -1
    outer loop
      vertex -46 -32 -7.62939e-07
      vertex -44.6419 -34.7732 -7.62939e-07
      vertex -44.6438 -34.7738 -7.62939e-07
    endloop
  endfacet
  facet normal 0 0 -1
    outer loop
      vertex -46 -32 -7.62939e-07
      vertex -44.6438 -34.7738 -7.62939e-07
      vertex -45.2591 -34.9604 -7.62939e-07
    endloop
  endfacet
  facet normal 0 0 -1
    outer loop
      vertex -46 -32 -7.62939e-07
      vertex -45.2609 -34.9614 -7.62939e-07
      vertex -45.8279 -35.2644 -7.62939e-07
    endloop
  endfacet
  facet normal 0 0 -1
    outer loop
      vertex -43.3562 -34.7738 -7.62939e-07
      vertex -46 -32 -7.62939e-07
      vertex -38 -32 -7.62939e-07
    endloop
  endfacet
  facet normal 0 0 -1
    outer loop
      vertex -45.2609 -34.9614 -7.62939e-07
      vertex -46 -32 -7.62939e-07
      vertex -45.2591 -34.9604 -7.62939e-07
    endloop
  endfacet
  facet normal 0 0 -1
    outer loop
      vertex -47.2268 -37.3581 -7.62939e-07
      vertex -46 3.5 -7.62939e-07
      vertex -46 -32 -7.62939e-07
    endloop
  endfacet
  facet normal 0 0 -1
    outer loop
      vertex -50 -50 -7.62939e-07
      vertex -46 3.5 -7.62939e-07
      vertex -47.2268 -37.3581 -7.62939e-07
    endloop
  endfacet
  facet normal 0 0 -1
    outer loop
      vertex -46.3264 -35.6736 -7.62939e-07
      vertex -46 -32 -7.62939e-07
      vertex -46.3248 -35.6723 -7.62939e-07
    endloop
  endfacet
  facet normal 0 0 -1
    outer loop
      vertex -46.3248 -35.6723 -7.62939e-07
      vertex -46 -32 -7.62939e-07
      vertex -45.8279 -35.2644 -7.62939e-07
    endloop
  endfacet
  facet normal 0 0 -1
    outer loop
      vertex -30.3057 4.86927 -7.62939e-07
      vertex -30.3057 5.13073 -7.62939e-07
      vertex -30.3 5 -7.62939e-07
    endloop
  endfacet
  facet normal 0 0 -1
    outer loop
      vertex -30.3228 4.73953 -7.62939e-07
      vertex -30.3057 5.13073 -7.62939e-07
      vertex -30.3057 4.86927 -7.62939e-07
    endloop
  endfacet
  facet normal 0 0 -1
    outer loop
      vertex -30.3228 4.73953 -7.62939e-07
      vertex -30.3228 5.26047 -7.62939e-07
      vertex -30.3057 5.13073 -7.62939e-07
    endloop
  endfacet
  facet normal 0 0 -1
    outer loop
      vertex -30.3511 4.61177 -7.62939e-07
      vertex -30.3228 5.26047 -7.62939e-07
      vertex -30.3228 4.73953 -7.62939e-07
    endloop
  endfacet
  facet normal 0 0 -1
    outer loop
      vertex -30.3511 4.61177 -7.62939e-07
      vertex -30.3511 5.38823 -7.62939e-07
      vertex -30.3228 5.26047 -7.62939e-07
    endloop
  endfacet
  facet normal 0 0 -1
    outer loop
      vertex -30.3905 4.48697 -7.62939e-07
      vertex -30.3511 5.38823 -7.62939e-07
      vertex -30.3511 4.61177 -7.62939e-07
    endloop
  endfacet
  facet normal 0 0 -1
    outer loop
      vertex -30.3905 4.48697 -7.62939e-07
      vertex -30.3905 5.51303 -7.62939e-07
      vertex -30.3511 5.38823 -7.62939e-07
    endloop
  endfacet
  facet normal 0 0 -1
    outer loop
      vertex -30.4405 4.36607 -7.62939e-07
      vertex -30.3905 5.51303 -7.62939e-07
      vertex -30.3905 4.48697 -7.62939e-07
    endloop
  endfacet
  facet normal 0 0 -1
    outer loop
      vertex -30.4405 4.36607 -7.62939e-07
      vertex -30.4405 5.63393 -7.62939e-07
      vertex -30.3905 5.51303 -7.62939e-07
    endloop
  endfacet
  facet normal 0 0 -1
    outer loop
      vertex -30.501 4.25 -7.62939e-07
      vertex -30.4405 5.63393 -7.62939e-07
      vertex -30.4405 4.36607 -7.62939e-07
    endloop
  endfacet
  facet normal 0 0 -1
    outer loop
      vertex -30.501 4.25 -7.62939e-07
      vertex -30.501 5.75 -7.62939e-07
      vertex -30.4405 5.63393 -7.62939e-07
    endloop
  endfacet
  facet normal 0 0 -1
    outer loop
      vertex -30.5713 4.13964 -7.62939e-07
      vertex -30.501 5.75 -7.62939e-07
      vertex -30.501 4.25 -7.62939e-07
    endloop
  endfacet
  facet normal 0 0 -1
    outer loop
      vertex -30.5713 4.13964 -7.62939e-07
      vertex -30.5713 5.86036 -7.62939e-07
      vertex -30.501 5.75 -7.62939e-07
    endloop
  endfacet
  facet normal 0 0 -1
    outer loop
      vertex -30.6509 4.03582 -7.62939e-07
      vertex -30.5713 5.86036 -7.62939e-07
      vertex -30.5713 4.13964 -7.62939e-07
    endloop
  endfacet
  facet normal 0 0 -1
    outer loop
      vertex -30.6509 4.03582 -7.62939e-07
      vertex -30.6509 5.96418 -7.62939e-07
      vertex -30.5713 5.86036 -7.62939e-07
    endloop
  endfacet
  facet normal 0 0 -1
    outer loop
      vertex -30.7393 3.93934 -7.62939e-07
      vertex -30.6509 5.96418 -7.62939e-07
      vertex -30.6509 4.03582 -7.62939e-07
    endloop
  endfacet
  facet normal 0 0 -1
    outer loop
      vertex -30.7393 3.93934 -7.62939e-07
      vertex -30.7393 6.06066 -7.62939e-07
      vertex -30.6509 5.96418 -7.62939e-07
    endloop
  endfacet
  facet normal 0 0 -1
    outer loop
      vertex -30.8358 3.85093 -7.62939e-07
      vertex -30.7393 6.06066 -7.62939e-07
      vertex -30.7393 3.93934 -7.62939e-07
    endloop
  endfacet
  facet normal 0 0 -1
    outer loop
      vertex -30.8358 3.85093 -7.62939e-07
      vertex -30.8358 6.14907 -7.62939e-07
      vertex -30.7393 6.06066 -7.62939e-07
    endloop
  endfacet
  facet normal 0 0 -1
    outer loop
      vertex -30.9396 3.77127 -7.62939e-07
      vertex -30.8358 6.14907 -7.62939e-07
      vertex -30.8358 3.85093 -7.62939e-07
    endloop
  endfacet
  facet normal 0 0 -1
    outer loop
      vertex -30.9396 3.77127 -7.62939e-07
      vertex -30.9396 6.22873 -7.62939e-07
      vertex -30.8358 6.14907 -7.62939e-07
    endloop
  endfacet
  facet normal 0 0 -1
    outer loop
      vertex -31.05 3.70096 -7.62939e-07
      vertex -30.9396 6.22873 -7.62939e-07
      vertex -30.9396 3.77127 -7.62939e-07
    endloop
  endfacet
  facet normal 0 0 -1
    outer loop
      vertex -31.05 3.70096 -7.62939e-07
      vertex -31.05 6.29904 -7.62939e-07
      vertex -30.9396 6.22873 -7.62939e-07
    endloop
  endfacet
  facet normal 0 0 -1
    outer loop
      vertex -31.1661 3.64054 -7.62939e-07
      vertex -31.05 6.29904 -7.62939e-07
      vertex -31.05 3.70096 -7.62939e-07
    endloop
  endfacet
  facet normal 0 0 -1
    outer loop
      vertex -31.1661 3.64054 -7.62939e-07
      vertex -31.1661 6.35946 -7.62939e-07
      vertex -31.05 6.29904 -7.62939e-07
    endloop
  endfacet
  facet normal 0 0 -1
    outer loop
      vertex -31.287 3.59046 -7.62939e-07
      vertex -31.1661 6.35946 -7.62939e-07
      vertex -31.1661 3.64054 -7.62939e-07
    endloop
  endfacet
  facet normal 0 0 -1
    outer loop
      vertex -31.287 3.59046 -7.62939e-07
      vertex -31.287 6.40954 -7.62939e-07
      vertex -31.1661 6.35946 -7.62939e-07
    endloop
  endfacet
  facet normal 0 0 -1
    outer loop
      vertex -31.4118 3.55111 -7.62939e-07
      vertex -31.287 6.40954 -7.62939e-07
      vertex -31.287 3.59046 -7.62939e-07
    endloop
  endfacet
  facet normal 0 0 -1
    outer loop
      vertex -31.4118 3.55111 -7.62939e-07
      vertex -31.4118 6.44889 -7.62939e-07
      vertex -31.287 6.40954 -7.62939e-07
    endloop
  endfacet
  facet normal 0 0 -1
    outer loop
      vertex -31.5395 3.52279 -7.62939e-07
      vertex -31.4118 6.44889 -7.62939e-07
      vertex -31.4118 3.55111 -7.62939e-07
    endloop
  endfacet
  facet normal 0 0 -1
    outer loop
      vertex -31.5395 3.52279 -7.62939e-07
      vertex -31.5395 6.47721 -7.62939e-07
      vertex -31.4118 6.44889 -7.62939e-07
    endloop
  endfacet
  facet normal 0 0 -1
    outer loop
      vertex -31.6693 3.50571 -7.62939e-07
      vertex -31.5395 6.47721 -7.62939e-07
      vertex -31.5395 3.52279 -7.62939e-07
    endloop
  endfacet
  facet normal 0 0 -1
    outer loop
      vertex -31.6693 3.50571 -7.62939e-07
      vertex -31.6693 6.49429 -7.62939e-07
      vertex -31.5395 6.47721 -7.62939e-07
    endloop
  endfacet
  facet normal 0 0 -1
    outer loop
      vertex -31.8 3.5 -7.62939e-07
      vertex -31.6693 6.49429 -7.62939e-07
      vertex -31.6693 3.50571 -7.62939e-07
    endloop
  endfacet
  facet normal 0 0 -1
    outer loop
      vertex -31.8 3.5 -7.62939e-07
      vertex -31.8 6.5 -7.62939e-07
      vertex -31.6693 6.49429 -7.62939e-07
    endloop
  endfacet
  facet normal 0 0 -1
    outer loop
      vertex -46 3.5 -7.62939e-07
      vertex -31.8 6.5 -7.62939e-07
      vertex -31.8 3.5 -7.62939e-07
    endloop
  endfacet
  facet normal -0 0 -1
    outer loop
      vertex -31.8 6.5 -7.62939e-07
      vertex -46 3.5 -7.62939e-07
      vertex -46 6.5 -7.62939e-07
    endloop
  endfacet
  facet normal 0 0 -1
    outer loop
      vertex -38 11 -7.62939e-07
      vertex -40.7099 17 -7.62939e-07
      vertex -38 23 -7.62939e-07
    endloop
  endfacet
  facet normal 0 0 -1
    outer loop
      vertex -38 11 -7.62939e-07
      vertex -40.7729 16.3602 -7.62939e-07
      vertex -40.7099 17 -7.62939e-07
    endloop
  endfacet
  facet normal 0 0 -1
    outer loop
      vertex -38 11 -7.62939e-07
      vertex -40.7732 16.3581 -7.62939e-07
      vertex -40.7729 16.3602 -7.62939e-07
    endloop
  endfacet
  facet normal 0 0 -1
    outer loop
      vertex -38 11 -7.62939e-07
      vertex -40.7738 16.3562 -7.62939e-07
      vertex -40.7732 16.3581 -7.62939e-07
    endloop
  endfacet
  facet normal 0 0 -1
    outer loop
      vertex -38 11 -7.62939e-07
      vertex -40.9604 15.7409 -7.62939e-07
      vertex -40.7738 16.3562 -7.62939e-07
    endloop
  endfacet
  facet normal 0 0 -1
    outer loop
      vertex -38 11 -7.62939e-07
      vertex -40.9614 15.7391 -7.62939e-07
      vertex -40.9604 15.7409 -7.62939e-07
    endloop
  endfacet
  facet normal 0 0 -1
    outer loop
      vertex -38 11 -7.62939e-07
      vertex -41.2644 15.1721 -7.62939e-07
      vertex -40.9614 15.7391 -7.62939e-07
    endloop
  endfacet
  facet normal 0 0 -1
    outer loop
      vertex -38 11 -7.62939e-07
      vertex -41.6723 14.6752 -7.62939e-07
      vertex -41.2644 15.1721 -7.62939e-07
    endloop
  endfacet
  facet normal 0 0 -1
    outer loop
      vertex -38 11 -7.62939e-07
      vertex -41.6736 14.6736 -7.62939e-07
      vertex -41.6723 14.6752 -7.62939e-07
    endloop
  endfacet
  facet normal 0 0 -1
    outer loop
      vertex -38 11 -7.62939e-07
      vertex -41.6752 14.6723 -7.62939e-07
      vertex -41.6736 14.6736 -7.62939e-07
    endloop
  endfacet
  facet normal 0 0 -1
    outer loop
      vertex -38 11 -7.62939e-07
      vertex -42.1721 14.2644 -7.62939e-07
      vertex -41.6752 14.6723 -7.62939e-07
    endloop
  endfacet
  facet normal 0 0 -1
    outer loop
      vertex -38 11 -7.62939e-07
      vertex -42.7391 13.9614 -7.62939e-07
      vertex -42.1721 14.2644 -7.62939e-07
    endloop
  endfacet
  facet normal 0 0 -1
    outer loop
      vertex -38 11 -7.62939e-07
      vertex -42.7409 13.9604 -7.62939e-07
      vertex -42.7391 13.9614 -7.62939e-07
    endloop
  endfacet
  facet normal 0 0 -1
    outer loop
      vertex -38 11 -7.62939e-07
      vertex -43.3562 13.7738 -7.62939e-07
      vertex -42.7409 13.9604 -7.62939e-07
    endloop
  endfacet
  facet normal 0 0 -1
    outer loop
      vertex -46 11 -7.62939e-07
      vertex -43.3562 13.7738 -7.62939e-07
      vertex -38 11 -7.62939e-07
    endloop
  endfacet
  facet normal 0 0 -1
    outer loop
      vertex -43.3562 13.7738 -7.62939e-07
      vertex -46 11 -7.62939e-07
      vertex -43.3581 13.7732 -7.62939e-07
    endloop
  endfacet
  facet normal 0 0 -1
    outer loop
      vertex -43.3581 13.7732 -7.62939e-07
      vertex -46 11 -7.62939e-07
      vertex -43.3602 13.773 -7.62939e-07
    endloop
  endfacet
  facet normal 0 0 -1
    outer loop
      vertex -43.3602 13.773 -7.62939e-07
      vertex -46 11 -7.62939e-07
      vertex -44 13.7099 -7.62939e-07
    endloop
  endfacet
  facet normal -0 0 -1
    outer loop
      vertex -44 13.7099 -7.62939e-07
      vertex -46 11 -7.62939e-07
      vertex -44.6398 13.773 -7.62939e-07
    endloop
  endfacet
  facet normal -0 0 -1
    outer loop
      vertex -44.6398 13.773 -7.62939e-07
      vertex -46 11 -7.62939e-07
      vertex -44.6419 13.7732 -7.62939e-07
    endloop
  endfacet
  facet normal -0 0 -1
    outer loop
      vertex -44.6419 13.7732 -7.62939e-07
      vertex -46 11 -7.62939e-07
      vertex -44.6438 13.7738 -7.62939e-07
    endloop
  endfacet
  facet normal 0 0 -1
    outer loop
      vertex -46 11 -7.62939e-07
      vertex -45.2609 13.9614 -7.62939e-07
      vertex -45.2591 13.9604 -7.62939e-07
    endloop
  endfacet
  facet normal -0 0 -1
    outer loop
      vertex -44.6438 13.7738 -7.62939e-07
      vertex -46 11 -7.62939e-07
      vertex -45.2591 13.9604 -7.62939e-07
    endloop
  endfacet
  facet normal -0 0 -1
    outer loop
      vertex -45.2609 13.9614 -7.62939e-07
      vertex -46 11 -7.62939e-07
      vertex -45.8279 14.2644 -7.62939e-07
    endloop
  endfacet
  facet normal 0 0 -1
    outer loop
      vertex -46 11 -7.62939e-07
      vertex -46.3248 14.6723 -7.62939e-07
      vertex -45.8279 14.2644 -7.62939e-07
    endloop
  endfacet
  facet normal 0 0 -1
    outer loop
      vertex -46.3277 -35.6752 -7.62939e-07
      vertex -46 -32 -7.62939e-07
      vertex -46.3264 -35.6736 -7.62939e-07
    endloop
  endfacet
  facet normal 0 0 -1
    outer loop
      vertex -46.7356 -36.1721 -7.62939e-07
      vertex -46 -32 -7.62939e-07
      vertex -46.3277 -35.6752 -7.62939e-07
    endloop
  endfacet
  facet normal 0 0 -1
    outer loop
      vertex -46 11 -7.62939e-07
      vertex -46.3264 14.6736 -7.62939e-07
      vertex -46.3248 14.6723 -7.62939e-07
    endloop
  endfacet
  facet normal 0 0 -1
    outer loop
      vertex -47.0386 -36.7391 -7.62939e-07
      vertex -46 -32 -7.62939e-07
      vertex -46.7356 -36.1721 -7.62939e-07
    endloop
  endfacet
  facet normal 0 0 -1
    outer loop
      vertex -46 11 -7.62939e-07
      vertex -46.3277 14.6752 -7.62939e-07
      vertex -46.3264 14.6736 -7.62939e-07
    endloop
  endfacet
  facet normal 0 0 -1
    outer loop
      vertex -47.0396 -36.7409 -7.62939e-07
      vertex -46 -32 -7.62939e-07
      vertex -47.0386 -36.7391 -7.62939e-07
    endloop
  endfacet
  facet normal 0 0 -1
    outer loop
      vertex -46 11 -7.62939e-07
      vertex -46.7356 15.1721 -7.62939e-07
      vertex -46.3277 14.6752 -7.62939e-07
    endloop
  endfacet
  facet normal 0 0 -1
    outer loop
      vertex -47.2262 -37.3562 -7.62939e-07
      vertex -46 -32 -7.62939e-07
      vertex -47.0396 -36.7409 -7.62939e-07
    endloop
  endfacet
  facet normal 0 0 -1
    outer loop
      vertex -46 11 -7.62939e-07
      vertex -47.0386 15.7391 -7.62939e-07
      vertex -46.7356 15.1721 -7.62939e-07
    endloop
  endfacet
  facet normal 0 0 -1
    outer loop
      vertex -47.2268 -37.3581 -7.62939e-07
      vertex -46 -32 -7.62939e-07
      vertex -47.2262 -37.3562 -7.62939e-07
    endloop
  endfacet
  facet normal 0 0 -1
    outer loop
      vertex -46 11 -7.62939e-07
      vertex -47.0396 15.7409 -7.62939e-07
      vertex -47.0386 15.7391 -7.62939e-07
    endloop
  endfacet
  facet normal 0 0 -1
    outer loop
      vertex -46 3.5 -7.62939e-07
      vertex -47.2268 16.3581 -7.62939e-07
      vertex -46 6.5 -7.62939e-07
    endloop
  endfacet
  facet normal 0 0 -1
    outer loop
      vertex -46 6.5 -7.62939e-07
      vertex -47.0396 15.7409 -7.62939e-07
      vertex -46 11 -7.62939e-07
    endloop
  endfacet
  facet normal -0 -0 -1
    outer loop
      vertex -47.2262 16.3562 -7.62939e-07
      vertex -46 6.5 -7.62939e-07
      vertex -47.2268 16.3581 -7.62939e-07
    endloop
  endfacet
  facet normal -0 -0 -1
    outer loop
      vertex -47.0396 15.7409 -7.62939e-07
      vertex -46 6.5 -7.62939e-07
      vertex -47.2262 16.3562 -7.62939e-07
    endloop
  endfacet
  facet normal 0 0 -1
    outer loop
      vertex -50 -50 -7.62939e-07
      vertex -47.2268 -37.3581 -7.62939e-07
      vertex -47.227 -37.3602 -7.62939e-07
    endloop
  endfacet
  facet normal -0 0 -1
    outer loop
      vertex -46 3.5 -7.62939e-07
      vertex -50 -50 -7.62939e-07
      vertex -47.2268 16.3581 -7.62939e-07
    endloop
  endfacet
  facet normal 0 0 -1
    outer loop
      vertex -50 -50 -7.62939e-07
      vertex -47.227 -37.3602 -7.62939e-07
      vertex -47.2901 -38 -7.62939e-07
    endloop
  endfacet
  facet normal -0 0 -1
    outer loop
      vertex -47.2268 16.3581 -7.62939e-07
      vertex -50 -50 -7.62939e-07
      vertex -47.227 16.3602 -7.62939e-07
    endloop
  endfacet
  facet normal 0 0 -1
    outer loop
      vertex -40.7729 17.6398 -7.62939e-07
      vertex -38 23 -7.62939e-07
      vertex -40.7099 17 -7.62939e-07
    endloop
  endfacet
  facet normal 0 0 -1
    outer loop
      vertex -40.7732 17.6419 -7.62939e-07
      vertex -38 23 -7.62939e-07
      vertex -40.7729 17.6398 -7.62939e-07
    endloop
  endfacet
  facet normal 0 0 -1
    outer loop
      vertex -40.7738 17.6438 -7.62939e-07
      vertex -38 23 -7.62939e-07
      vertex -40.7732 17.6419 -7.62939e-07
    endloop
  endfacet
  facet normal 0 0 -1
    outer loop
      vertex -40.9604 18.2591 -7.62939e-07
      vertex -38 23 -7.62939e-07
      vertex -40.7738 17.6438 -7.62939e-07
    endloop
  endfacet
  facet normal 0 0 -1
    outer loop
      vertex -40.9614 18.2609 -7.62939e-07
      vertex -38 23 -7.62939e-07
      vertex -40.9604 18.2591 -7.62939e-07
    endloop
  endfacet
  facet normal 0 0 -1
    outer loop
      vertex -41.2644 18.8279 -7.62939e-07
      vertex -38 23 -7.62939e-07
      vertex -40.9614 18.2609 -7.62939e-07
    endloop
  endfacet
  facet normal 0 0 -1
    outer loop
      vertex -41.6723 19.3248 -7.62939e-07
      vertex -38 23 -7.62939e-07
      vertex -41.2644 18.8279 -7.62939e-07
    endloop
  endfacet
  facet normal 0 0 -1
    outer loop
      vertex -41.6736 19.3264 -7.62939e-07
      vertex -38 23 -7.62939e-07
      vertex -41.6723 19.3248 -7.62939e-07
    endloop
  endfacet
  facet normal 0 0 -1
    outer loop
      vertex -41.6752 19.3277 -7.62939e-07
      vertex -38 23 -7.62939e-07
      vertex -41.6736 19.3264 -7.62939e-07
    endloop
  endfacet
  facet normal 0 0 -1
    outer loop
      vertex -42.1721 19.7356 -7.62939e-07
      vertex -38 23 -7.62939e-07
      vertex -41.6752 19.3277 -7.62939e-07
    endloop
  endfacet
  facet normal 0 0 -1
    outer loop
      vertex -44 23 -7.62939e-07
      vertex -42.1721 19.7356 -7.62939e-07
      vertex -42.7391 20.0386 -7.62939e-07
    endloop
  endfacet
  facet normal 0 0 -1
    outer loop
      vertex -44 23 -7.62939e-07
      vertex -42.7391 20.0386 -7.62939e-07
      vertex -42.7409 20.0396 -7.62939e-07
    endloop
  endfacet
  facet normal 0 0 -1
    outer loop
      vertex -44 23 -7.62939e-07
      vertex -42.7409 20.0396 -7.62939e-07
      vertex -43.3562 20.2262 -7.62939e-07
    endloop
  endfacet
  facet normal 0 0 -1
    outer loop
      vertex -44 23 -7.62939e-07
      vertex -43.3562 20.2262 -7.62939e-07
      vertex -43.3581 20.2268 -7.62939e-07
    endloop
  endfacet
  facet normal 0 0 -1
    outer loop
      vertex -44 23 -7.62939e-07
      vertex -43.3581 20.2268 -7.62939e-07
      vertex -43.3602 20.227 -7.62939e-07
    endloop
  endfacet
  facet normal 0 0 -1
    outer loop
      vertex -44 23 -7.62939e-07
      vertex -43.3602 20.227 -7.62939e-07
      vertex -44 20.2901 -7.62939e-07
    endloop
  endfacet
  facet normal 0 0 -1
    outer loop
      vertex -42.1721 19.7356 -7.62939e-07
      vertex -44 23 -7.62939e-07
      vertex -38 23 -7.62939e-07
    endloop
  endfacet
  facet normal 0 0 -1
    outer loop
      vertex -44.6398 20.227 -7.62939e-07
      vertex -44 23 -7.62939e-07
      vertex -44 20.2901 -7.62939e-07
    endloop
  endfacet
  facet normal 0 0 -1
    outer loop
      vertex -44.6419 20.2268 -7.62939e-07
      vertex -44 23 -7.62939e-07
      vertex -44.6398 20.227 -7.62939e-07
    endloop
  endfacet
  facet normal 0 0 -1
    outer loop
      vertex -44.6438 20.2262 -7.62939e-07
      vertex -44 23 -7.62939e-07
      vertex -44.6419 20.2268 -7.62939e-07
    endloop
  endfacet
  facet normal 0 0 -1
    outer loop
      vertex -45.2591 20.0396 -7.62939e-07
      vertex -44 23 -7.62939e-07
      vertex -44.6438 20.2262 -7.62939e-07
    endloop
  endfacet
  facet normal 0 0 -1
    outer loop
      vertex -45.2609 20.0386 -7.62939e-07
      vertex -44 23 -7.62939e-07
      vertex -45.2591 20.0396 -7.62939e-07
    endloop
  endfacet
  facet normal 0 0 -1
    outer loop
      vertex -45.8279 19.7356 -7.62939e-07
      vertex -44 23 -7.62939e-07
      vertex -45.2609 20.0386 -7.62939e-07
    endloop
  endfacet
  facet normal 0 0 -1
    outer loop
      vertex -46.3248 19.3277 -7.62939e-07
      vertex -44 23 -7.62939e-07
      vertex -45.8279 19.7356 -7.62939e-07
    endloop
  endfacet
  facet normal 0 0 -1
    outer loop
      vertex -44 23 -7.62939e-07
      vertex -46 32.981 -7.62939e-07
      vertex -44 32.981 -7.62939e-07
    endloop
  endfacet
  facet normal 0 0 -1
    outer loop
      vertex -50 50 -7.62939e-07
      vertex -46 36.0241 -7.62939e-07
      vertex -46 32.981 -7.62939e-07
    endloop
  endfacet
  facet normal 0 0 -1
    outer loop
      vertex -46 36.0241 -7.62939e-07
      vertex -50 50 -7.62939e-07
      vertex -46 47.823 -7.62939e-07
    endloop
  endfacet
  facet normal 0 0 -1
    outer loop
      vertex -46.3264 19.3264 -7.62939e-07
      vertex -44 23 -7.62939e-07
      vertex -46.3248 19.3277 -7.62939e-07
    endloop
  endfacet
  facet normal -0 0 -1
    outer loop
      vertex -44 23 -7.62939e-07
      vertex -46.3264 19.3264 -7.62939e-07
      vertex -46 32.981 -7.62939e-07
    endloop
  endfacet
  facet normal 0 0 -1
    outer loop
      vertex -46.3277 19.3248 -7.62939e-07
      vertex -46 32.981 -7.62939e-07
      vertex -46.3264 19.3264 -7.62939e-07
    endloop
  endfacet
  facet normal 0 0 -1
    outer loop
      vertex -46.7356 18.8279 -7.62939e-07
      vertex -46 32.981 -7.62939e-07
      vertex -46.3277 19.3248 -7.62939e-07
    endloop
  endfacet
  facet normal 0 0 -1
    outer loop
      vertex -47.0386 18.2609 -7.62939e-07
      vertex -46 32.981 -7.62939e-07
      vertex -46.7356 18.8279 -7.62939e-07
    endloop
  endfacet
  facet normal 0 0 -1
    outer loop
      vertex -47.0396 18.2591 -7.62939e-07
      vertex -46 32.981 -7.62939e-07
      vertex -47.0386 18.2609 -7.62939e-07
    endloop
  endfacet
  facet normal 0 0 -1
    outer loop
      vertex -47.2262 17.6438 -7.62939e-07
      vertex -46 32.981 -7.62939e-07
      vertex -47.0396 18.2591 -7.62939e-07
    endloop
  endfacet
  facet normal 0 0 -1
    outer loop
      vertex -47.2268 17.6419 -7.62939e-07
      vertex -46 32.981 -7.62939e-07
      vertex -47.2262 17.6438 -7.62939e-07
    endloop
  endfacet
  facet normal -0 0 -1
    outer loop
      vertex -46 32.981 -7.62939e-07
      vertex -47.2268 17.6419 -7.62939e-07
      vertex -50 50 -7.62939e-07
    endloop
  endfacet
  facet normal 0 0 -1
    outer loop
      vertex -50 50 -7.62939e-07
      vertex -47.2268 17.6419 -7.62939e-07
      vertex -47.227 17.6398 -7.62939e-07
    endloop
  endfacet
  facet normal 0 0 -1
    outer loop
      vertex -50 50 -7.62939e-07
      vertex -47.227 17.6398 -7.62939e-07
      vertex -47.2901 17 -7.62939e-07
    endloop
  endfacet
  facet normal 0 0 -1
    outer loop
      vertex -50 50 -7.62939e-07
      vertex -47.2901 17 -7.62939e-07
      vertex -50 -50 -7.62939e-07
    endloop
  endfacet
  facet normal 0 0 -1
    outer loop
      vertex -46 47.823 -7.62939e-07
      vertex -50 50 -7.62939e-07
      vertex -46 50 -7.62939e-07
    endloop
  endfacet
  facet normal 0 0 -1
    outer loop
      vertex -29.6457 11.213 -7.62939e-07
      vertex -32.1457 11.213 -7.62939e-07
      vertex -32.1383 11.9731 -7.62939e-07
    endloop
  endfacet
  facet normal 0 0 -1
    outer loop
      vertex -29.7904 8.7794 -7.62939e-07
      vertex -32.1806 10.3811 -7.62939e-07
      vertex -32.1457 11.213 -7.62939e-07
    endloop
  endfacet
  facet normal 0 0 -1
    outer loop
      vertex -29.7904 8.7794 -7.62939e-07
      vertex -32.2325 9.54672 -7.62939e-07
      vertex -32.1806 10.3811 -7.62939e-07
    endloop
  endfacet
  facet normal 0 0 -1
    outer loop
      vertex -32.3811 7.7236 -7.62939e-07
      vertex -32.1084 6.94424 -7.62939e-07
      vertex -32.2573 7.18126 -7.62939e-07
    endloop
  endfacet
  facet normal 0 0 -1
    outer loop
      vertex -29.7904 8.7794 -7.62939e-07
      vertex -32.2904 8.7794 -7.62939e-07
      vertex -32.2325 9.54672 -7.62939e-07
    endloop
  endfacet
  facet normal 0 0 -1
    outer loop
      vertex -29.8435 8.14856 -7.62939e-07
      vertex -32.2904 8.7794 -7.62939e-07
      vertex -29.7904 8.7794 -7.62939e-07
    endloop
  endfacet
  facet normal 0 0 -1
    outer loop
      vertex -32.3811 7.7236 -7.62939e-07
      vertex -32.2573 7.18126 -7.62939e-07
      vertex -32.3497 7.44547 -7.62939e-07
    endloop
  endfacet
  facet normal 0 0 -1
    outer loop
      vertex -32.1084 6.94424 -7.62939e-07
      vertex -32.3811 7.7236 -7.62939e-07
      vertex -32.3435 8.14856 -7.62939e-07
    endloop
  endfacet
  facet normal 0 0 -1
    outer loop
      vertex -32.1383 11.9731 -7.62939e-07
      vertex -29.6383 11.9731 -7.62939e-07
      vertex -29.6457 11.213 -7.62939e-07
    endloop
  endfacet
  facet normal 0 0 -1
    outer loop
      vertex -32.1457 11.213 -7.62939e-07
      vertex -29.6457 11.213 -7.62939e-07
      vertex -29.6806 10.3811 -7.62939e-07
    endloop
  endfacet
  facet normal 0 0 -1
    outer loop
      vertex -29.6383 11.9731 -7.62939e-07
      vertex -32.1383 11.9731 -7.62939e-07
      vertex -29.6695 12.5919 -7.62939e-07
    endloop
  endfacet
  facet normal 0 0 -1
    outer loop
      vertex -32.1457 11.213 -7.62939e-07
      vertex -29.6806 10.3811 -7.62939e-07
      vertex -29.7325 9.54672 -7.62939e-07
    endloop
  endfacet
  facet normal 0 0 -1
    outer loop
      vertex -32.1614 12.4317 -7.62939e-07
      vertex -29.6695 12.5919 -7.62939e-07
      vertex -32.1383 11.9731 -7.62939e-07
    endloop
  endfacet
  facet normal 0 -0 -1
    outer loop
      vertex -32.2904 8.7794 -7.62939e-07
      vertex -29.8435 8.14856 -7.62939e-07
      vertex -32.3435 8.14856 -7.62939e-07
    endloop
  endfacet
  facet normal 0 0 -1
    outer loop
      vertex -29.8811 7.7236 -7.62939e-07
      vertex -32.3435 8.14856 -7.62939e-07
      vertex -29.8435 8.14856 -7.62939e-07
    endloop
  endfacet
  facet normal -0 0 -1
    outer loop
      vertex -29.6695 12.5919 -7.62939e-07
      vertex -32.1614 12.4317 -7.62939e-07
      vertex -29.7009 12.87 -7.62939e-07
    endloop
  endfacet
  facet normal 0 0 -1
    outer loop
      vertex -32.3435 8.14856 -7.62939e-07
      vertex -29.8811 7.7236 -7.62939e-07
      vertex -32.1084 6.94424 -7.62939e-07
    endloop
  endfacet
  facet normal 0 0 -1
    outer loop
      vertex -32.1084 6.94424 -7.62939e-07
      vertex -29.8811 7.7236 -7.62939e-07
      vertex -29.9124 7.44547 -7.62939e-07
    endloop
  endfacet
  facet normal 0 0 -1
    outer loop
      vertex -32.1084 6.94424 -7.62939e-07
      vertex -29.9124 7.44547 -7.62939e-07
      vertex -30.0049 7.18126 -7.62939e-07
    endloop
  endfacet
  facet normal 0 0 -1
    outer loop
      vertex -32.1084 6.94424 -7.62939e-07
      vertex -30.0049 7.18126 -7.62939e-07
      vertex -30.1538 6.94424 -7.62939e-07
    endloop
  endfacet
  facet normal 0 0 -1
    outer loop
      vertex -32.1084 6.94424 -7.62939e-07
      vertex -30.1538 6.94424 -7.62939e-07
      vertex -30.3517 6.74632 -7.62939e-07
    endloop
  endfacet
  facet normal 0 0 -1
    outer loop
      vertex -32.1084 6.94424 -7.62939e-07
      vertex -30.3517 6.74632 -7.62939e-07
      vertex -30.5887 6.5974 -7.62939e-07
    endloop
  endfacet
  facet normal 0 0 -1
    outer loop
      vertex -32.2014 12.6345 -7.62939e-07
      vertex -29.7009 12.87 -7.62939e-07
      vertex -32.1614 12.4317 -7.62939e-07
    endloop
  endfacet
  facet normal 0 0 -1
    outer loop
      vertex -32.1084 6.94424 -7.62939e-07
      vertex -30.5887 6.5974 -7.62939e-07
      vertex -30.8529 6.50494 -7.62939e-07
    endloop
  endfacet
  facet normal 0 0 -1
    outer loop
      vertex -32.1084 6.94424 -7.62939e-07
      vertex -30.8529 6.50494 -7.62939e-07
      vertex -31.1311 6.4736 -7.62939e-07
    endloop
  endfacet
  facet normal 0 0 -1
    outer loop
      vertex -32.1084 6.94424 -7.62939e-07
      vertex -31.1311 6.4736 -7.62939e-07
      vertex -31.4092 6.50494 -7.62939e-07
    endloop
  endfacet
  facet normal -0 0 -1
    outer loop
      vertex -29.7009 12.87 -7.62939e-07
      vertex -32.2014 12.6345 -7.62939e-07
      vertex -29.7813 13.2781 -7.62939e-07
    endloop
  endfacet
  facet normal 0 0 -1
    outer loop
      vertex -32.1084 6.94424 -7.62939e-07
      vertex -31.4092 6.50494 -7.62939e-07
      vertex -31.6734 6.5974 -7.62939e-07
    endloop
  endfacet
  facet normal 0 0 -1
    outer loop
      vertex -32.1084 6.94424 -7.62939e-07
      vertex -31.6734 6.5974 -7.62939e-07
      vertex -31.9104 6.74632 -7.62939e-07
    endloop
  endfacet
  facet normal 0 0 -1
    outer loop
      vertex -29.7904 8.7794 -7.62939e-07
      vertex -32.1457 11.213 -7.62939e-07
      vertex -29.7325 9.54672 -7.62939e-07
    endloop
  endfacet
  facet normal -0 0 -1
    outer loop
      vertex -29.7813 13.2781 -7.62939e-07
      vertex -32.2014 12.6345 -7.62939e-07
      vertex -29.8738 13.5423 -7.62939e-07
    endloop
  endfacet
  facet normal 0 0 -1
    outer loop
      vertex -32.8429 14.1424 -7.62939e-07
      vertex -29.8738 13.5423 -7.62939e-07
      vertex -32.2014 12.6345 -7.62939e-07
    endloop
  endfacet
  facet normal 0 0 -1
    outer loop
      vertex -29.8738 13.5423 -7.62939e-07
      vertex -32.8429 14.1424 -7.62939e-07
      vertex -30.5905 15.2271 -7.62939e-07
    endloop
  endfacet
  facet normal -0 0 -1
    outer loop
      vertex -30.5905 15.2271 -7.62939e-07
      vertex -32.8429 14.1424 -7.62939e-07
      vertex -31.4636 17.0305 -7.62939e-07
    endloop
  endfacet
  facet normal 0 0 -1
    outer loop
      vertex -33.716 15.9458 -7.62939e-07
      vertex -31.4636 17.0305 -7.62939e-07
      vertex -32.8429 14.1424 -7.62939e-07
    endloop
  endfacet
  facet normal -0 0 -1
    outer loop
      vertex -31.4636 17.0305 -7.62939e-07
      vertex -33.716 15.9458 -7.62939e-07
      vertex -32.4678 18.936 -7.62939e-07
    endloop
  endfacet
  facet normal 0 0 -1
    outer loop
      vertex -34.7202 17.8513 -7.62939e-07
      vertex -32.4678 18.936 -7.62939e-07
      vertex -33.716 15.9458 -7.62939e-07
    endloop
  endfacet
  facet normal -0 0 -1
    outer loop
      vertex -32.4678 18.936 -7.62939e-07
      vertex -34.7202 17.8513 -7.62939e-07
      vertex -33.5775 20.9274 -7.62939e-07
    endloop
  endfacet
  facet normal 0 0 -1
    outer loop
      vertex -35.83 19.8426 -7.62939e-07
      vertex -33.5775 20.9274 -7.62939e-07
      vertex -34.7202 17.8513 -7.62939e-07
    endloop
  endfacet
  facet normal -0 0 -1
    outer loop
      vertex -33.5775 20.9274 -7.62939e-07
      vertex -35.83 19.8426 -7.62939e-07
      vertex -34.7674 22.9881 -7.62939e-07
    endloop
  endfacet
  facet normal 0 0 -1
    outer loop
      vertex -37.0199 21.9033 -7.62939e-07
      vertex -34.7674 22.9881 -7.62939e-07
      vertex -35.83 19.8426 -7.62939e-07
    endloop
  endfacet
  facet normal -0 0 -1
    outer loop
      vertex -34.7674 22.9881 -7.62939e-07
      vertex -37.0199 21.9033 -7.62939e-07
      vertex -36.0121 25.1017 -7.62939e-07
    endloop
  endfacet
  facet normal 0 0 -1
    outer loop
      vertex -38.2645 24.017 -7.62939e-07
      vertex -36.0121 25.1017 -7.62939e-07
      vertex -37.0199 21.9033 -7.62939e-07
    endloop
  endfacet
  facet normal -0 0 -1
    outer loop
      vertex -36.0121 25.1017 -7.62939e-07
      vertex -38.2645 24.017 -7.62939e-07
      vertex -37.286 27.252 -7.62939e-07
    endloop
  endfacet
  facet normal 0 0 -1
    outer loop
      vertex -39.5384 26.1673 -7.62939e-07
      vertex -37.286 27.252 -7.62939e-07
      vertex -38.2645 24.017 -7.62939e-07
    endloop
  endfacet
  facet normal -0 0 -1
    outer loop
      vertex -37.286 27.252 -7.62939e-07
      vertex -39.5384 26.1673 -7.62939e-07
      vertex -38.5638 29.4223 -7.62939e-07
    endloop
  endfacet
  facet normal 0 0 -1
    outer loop
      vertex -40.8162 28.3376 -7.62939e-07
      vertex -38.5638 29.4223 -7.62939e-07
      vertex -39.5384 26.1673 -7.62939e-07
    endloop
  endfacet
  facet normal -0 0 -1
    outer loop
      vertex -38.5638 29.4223 -7.62939e-07
      vertex -40.8162 28.3376 -7.62939e-07
      vertex -39.82 31.5965 -7.62939e-07
    endloop
  endfacet
  facet normal 0 0 -1
    outer loop
      vertex -42.0724 30.5118 -7.62939e-07
      vertex -39.82 31.5965 -7.62939e-07
      vertex -40.8162 28.3376 -7.62939e-07
    endloop
  endfacet
  facet normal -0 0 -1
    outer loop
      vertex -39.82 31.5965 -7.62939e-07
      vertex -42.0724 30.5118 -7.62939e-07
      vertex -41.0293 33.758 -7.62939e-07
    endloop
  endfacet
  facet normal 0 0 -1
    outer loop
      vertex -43.2817 32.6733 -7.62939e-07
      vertex -41.0293 33.758 -7.62939e-07
      vertex -42.0724 30.5118 -7.62939e-07
    endloop
  endfacet
  facet normal -0 0 -1
    outer loop
      vertex -41.0293 33.758 -7.62939e-07
      vertex -43.2817 32.6733 -7.62939e-07
      vertex -42.1661 35.8904 -7.62939e-07
    endloop
  endfacet
  facet normal 0 0 -1
    outer loop
      vertex -44.4185 34.8057 -7.62939e-07
      vertex -42.1661 35.8904 -7.62939e-07
      vertex -43.2817 32.6733 -7.62939e-07
    endloop
  endfacet
  facet normal 0 0 -1
    outer loop
      vertex -45.0251 36.0241 -7.62939e-07
      vertex -42.1661 35.8904 -7.62939e-07
      vertex -44.4185 34.8057 -7.62939e-07
    endloop
  endfacet
  facet normal 0 0 -1
    outer loop
      vertex -44 39.7355 -7.62939e-07
      vertex -44.167 44.0241 -7.62939e-07
      vertex -44 44.0241 -7.62939e-07
    endloop
  endfacet
  facet normal 0 0 -1
    outer loop
      vertex -46 36.0241 -7.62939e-07
      vertex -44.167 44.0241 -7.62939e-07
      vertex -44 39.7355 -7.62939e-07
    endloop
  endfacet
  facet normal 0 0 -1
    outer loop
      vertex -42.1661 35.8904 -7.62939e-07
      vertex -45.0251 36.0241 -7.62939e-07
      vertex -43.205 37.9773 -7.62939e-07
    endloop
  endfacet
  facet normal -0 0 -1
    outer loop
      vertex -43.205 37.9773 -7.62939e-07
      vertex -45.0251 36.0241 -7.62939e-07
      vertex -44 39.7355 -7.62939e-07
    endloop
  endfacet
  facet normal 0 0 -1
    outer loop
      vertex -46 36.0241 -7.62939e-07
      vertex -44 39.7355 -7.62939e-07
      vertex -45.0251 36.0241 -7.62939e-07
    endloop
  endfacet
  facet normal -0 0 -1
    outer loop
      vertex -44.167 44.0241 -7.62939e-07
      vertex -46 36.0241 -7.62939e-07
      vertex -46 47.823 -7.62939e-07
    endloop
  endfacet
  facet normal 0 0 -1
    outer loop
      vertex -44.167 44.0241 -7.62939e-07
      vertex -46 47.823 -7.62939e-07
      vertex -44.327 46.362 -7.62939e-07
    endloop
  endfacet
  facet normal 0 0 -1
    outer loop
      vertex -44.327 46.362 -7.62939e-07
      vertex -46 47.823 -7.62939e-07
      vertex -44.5729 46.7634 -7.62939e-07
    endloop
  endfacet
  facet normal 0 0 -1
    outer loop
      vertex -44.5729 46.7634 -7.62939e-07
      vertex -46 47.823 -7.62939e-07
      vertex -44.8787 47.1213 -7.62939e-07
    endloop
  endfacet
  facet normal 0 0 -1
    outer loop
      vertex -44.8787 47.1213 -7.62939e-07
      vertex -46 47.823 -7.62939e-07
      vertex -45.2366 47.427 -7.62939e-07
    endloop
  endfacet
  facet normal 0 0 -1
    outer loop
      vertex -45.2366 47.427 -7.62939e-07
      vertex -46 47.823 -7.62939e-07
      vertex -45.638 47.673 -7.62939e-07
    endloop
  endfacet
  facet normal 0 0 -1
    outer loop
      vertex -44.0369 44.5307 -7.62939e-07
      vertex -44.0369 45.4693 -7.62939e-07
      vertex -44 45 -7.62939e-07
    endloop
  endfacet
  facet normal 0 0 -1
    outer loop
      vertex -44.167 44.0241 -7.62939e-07
      vertex -44.0369 44.5307 -7.62939e-07
      vertex -44.1468 44.0729 -7.62939e-07
    endloop
  endfacet
  facet normal -0 0 -1
    outer loop
      vertex -44.0369 44.5307 -7.62939e-07
      vertex -44.167 44.0241 -7.62939e-07
      vertex -44.0369 45.4693 -7.62939e-07
    endloop
  endfacet
  facet normal -0 0 -1
    outer loop
      vertex -44.0369 45.4693 -7.62939e-07
      vertex -44.167 44.0241 -7.62939e-07
      vertex -44.1468 45.927 -7.62939e-07
    endloop
  endfacet
  facet normal -0 0 -1
    outer loop
      vertex -44.1468 45.927 -7.62939e-07
      vertex -44.167 44.0241 -7.62939e-07
      vertex -44.327 46.362 -7.62939e-07
    endloop
  endfacet
  facet normal 0 -1 0
    outer loop
      vertex -50 -50 -7.62939e-07
      vertex -46 -50 6
      vertex -50 -50 6
    endloop
  endfacet
  facet normal 0 -1 -0
    outer loop
      vertex -46 -50 6
      vertex -50 -50 -7.62939e-07
      vertex -46 -50 -7.62939e-07
    endloop
  endfacet
  facet normal 0 1 -0
    outer loop
      vertex -46 50 -7.62939e-07
      vertex -50 50 6
      vertex -46 50 6
    endloop
  endfacet
  facet normal 0 1 0
    outer loop
      vertex -50 50 6
      vertex -46 50 -7.62939e-07
      vertex -50 50 -7.62939e-07
    endloop
  endfacet
  facet normal -1 0 0
    outer loop
      vertex 46 -50 -7.62939e-07
      vertex 46 -44 6
      vertex 46 -44 -7.62939e-07
    endloop
  endfacet
  facet normal -1 -0 0
    outer loop
      vertex 46 -44 6
      vertex 46 -50 -7.62939e-07
      vertex 46 -50 6
    endloop
  endfacet
  facet normal -1 0 0
    outer loop
      vertex 46 47.823 -7.62939e-07
      vertex 46 50 6
      vertex 46 50 -7.62939e-07
    endloop
  endfacet
  facet normal -1 -0 0
    outer loop
      vertex 46 50 6
      vertex 46 47.823 -7.62939e-07
      vertex 46 47.823 6
    endloop
  endfacet
  facet normal -1 0 0
    outer loop
      vertex 46 32.981 -7.62939e-07
      vertex 46 36.0241 6
      vertex 46 36.0241 -7.62939e-07
    endloop
  endfacet
  facet normal -1 -0 0
    outer loop
      vertex 46 36.0241 6
      vertex 46 32.981 -7.62939e-07
      vertex 46 32.981 6
    endloop
  endfacet
  facet normal -1 0 0
    outer loop
      vertex 46 6.5 -7.62939e-07
      vertex 46 11 6
      vertex 46 11 -7.62939e-07
    endloop
  endfacet
  facet normal -1 -0 0
    outer loop
      vertex 46 11 6
      vertex 46 6.5 -7.62939e-07
      vertex 46 6.5 6
    endloop
  endfacet
  facet normal -1 0 0
    outer loop
      vertex 46 -32 -7.62939e-07
      vertex 46 3.5 6
      vertex 46 3.5 -7.62939e-07
    endloop
  endfacet
  facet normal -1 -0 0
    outer loop
      vertex 46 3.5 6
      vertex 46 -32 -7.62939e-07
      vertex 46 -32 6
    endloop
  endfacet
  facet normal -0 0 1
    outer loop
      vertex 38 23 6
      vertex 44 22.981 6
      vertex 44 23 6
    endloop
  endfacet
  facet normal 0 0 1
    outer loop
      vertex 44 22.981 6
      vertex 43.6683 18.6673 6
      vertex 44 18.7 6
    endloop
  endfacet
  facet normal 0 0 1
    outer loop
      vertex 44 22.981 6
      vertex 43.3494 18.5706 6
      vertex 43.6683 18.6673 6
    endloop
  endfacet
  facet normal 0 0 1
    outer loop
      vertex 44 22.981 6
      vertex 43.0555 18.4135 6
      vertex 43.3494 18.5706 6
    endloop
  endfacet
  facet normal 0 0 1
    outer loop
      vertex 44 22.981 6
      vertex 38 23 6
      vertex 43.0555 18.4135 6
    endloop
  endfacet
  facet normal 0 0 1
    outer loop
      vertex 43.0555 18.4135 6
      vertex 38 23 6
      vertex 42.7979 18.2021 6
    endloop
  endfacet
  facet normal 0 0 1
    outer loop
      vertex 42.7979 18.2021 6
      vertex 38 23 6
      vertex 42.5865 17.9445 6
    endloop
  endfacet
  facet normal 0 0 1
    outer loop
      vertex 42.5865 17.9445 6
      vertex 38 23 6
      vertex 42.4294 17.6506 6
    endloop
  endfacet
  facet normal 0 0 1
    outer loop
      vertex 42.3327 17.3317 6
      vertex 38 23 6
      vertex 42.3 17 6
    endloop
  endfacet
  facet normal 0 0 1
    outer loop
      vertex 42.4294 17.6506 6
      vertex 38 23 6
      vertex 42.3327 17.3317 6
    endloop
  endfacet
  facet normal -0 0 1
    outer loop
      vertex 45.6673 -38.3317 6
      vertex 50 -50 6
      vertex 45.7 -38 6
    endloop
  endfacet
  facet normal 0 0 1
    outer loop
      vertex 46 -32 6
      vertex 45.6673 -37.6683 6
      vertex 45.7 -38 6
    endloop
  endfacet
  facet normal 0 0 1
    outer loop
      vertex 46 -32 6
      vertex 45.5706 -37.3494 6
      vertex 45.6673 -37.6683 6
    endloop
  endfacet
  facet normal 0 0 1
    outer loop
      vertex 46 -32 6
      vertex 45.4135 -37.0555 6
      vertex 45.5706 -37.3494 6
    endloop
  endfacet
  facet normal 0 0 1
    outer loop
      vertex 46 -32 6
      vertex 45.2021 -36.7979 6
      vertex 45.4135 -37.0555 6
    endloop
  endfacet
  facet normal 0 0 1
    outer loop
      vertex 46 -32 6
      vertex 44.9445 -36.5865 6
      vertex 45.2021 -36.7979 6
    endloop
  endfacet
  facet normal 0 0 1
    outer loop
      vertex 46 -32 6
      vertex 44.6506 -36.4294 6
      vertex 44.9445 -36.5865 6
    endloop
  endfacet
  facet normal 0 0 1
    outer loop
      vertex 46 -32 6
      vertex 44.3317 -36.3327 6
      vertex 44.6506 -36.4294 6
    endloop
  endfacet
  facet normal 0 0 1
    outer loop
      vertex 46 -32 6
      vertex 44 -36.3 6
      vertex 44.3317 -36.3327 6
    endloop
  endfacet
  facet normal 0 0 1
    outer loop
      vertex 46 -32 6
      vertex 43.6683 -36.3327 6
      vertex 44 -36.3 6
    endloop
  endfacet
  facet normal 0 0 1
    outer loop
      vertex 46 -32 6
      vertex 43.3494 -36.4294 6
      vertex 43.6683 -36.3327 6
    endloop
  endfacet
  facet normal -0 0 1
    outer loop
      vertex 38 -32 6
      vertex 43.3494 -36.4294 6
      vertex 46 -32 6
    endloop
  endfacet
  facet normal 0 0 1
    outer loop
      vertex 43.3494 -36.4294 6
      vertex 38 -32 6
      vertex 43.0555 -36.5865 6
    endloop
  endfacet
  facet normal 0 0 1
    outer loop
      vertex 43.0555 -36.5865 6
      vertex 38 -32 6
      vertex 42.7979 -36.7979 6
    endloop
  endfacet
  facet normal 0 0 1
    outer loop
      vertex 42.3327 -37.6683 6
      vertex 38 -32 6
      vertex 42.3 -38 6
    endloop
  endfacet
  facet normal 0 0 1
    outer loop
      vertex 42.4294 -37.3494 6
      vertex 38 -32 6
      vertex 42.3327 -37.6683 6
    endloop
  endfacet
  facet normal 0 0 1
    outer loop
      vertex 42.5865 -37.0555 6
      vertex 38 -32 6
      vertex 42.4294 -37.3494 6
    endloop
  endfacet
  facet normal 0 0 1
    outer loop
      vertex 42.7979 -36.7979 6
      vertex 38 -32 6
      vertex 42.5865 -37.0555 6
    endloop
  endfacet
  facet normal 0 0 1
    outer loop
      vertex 50 22.981 6
      vertex 49.5 5 6
      vertex 50 -50 6
    endloop
  endfacet
  facet normal 0 0 1
    outer loop
      vertex 50 22.981 6
      vertex 49.4943 5.13073 6
      vertex 49.5 5 6
    endloop
  endfacet
  facet normal 0 0 1
    outer loop
      vertex 50 22.981 6
      vertex 49.4772 5.26047 6
      vertex 49.4943 5.13073 6
    endloop
  endfacet
  facet normal 0 0 1
    outer loop
      vertex 50 22.981 6
      vertex 49.4489 5.38823 6
      vertex 49.4772 5.26047 6
    endloop
  endfacet
  facet normal 0 0 1
    outer loop
      vertex 50 22.981 6
      vertex 49.4095 5.51303 6
      vertex 49.4489 5.38823 6
    endloop
  endfacet
  facet normal 0 0 1
    outer loop
      vertex 50 22.981 6
      vertex 49.3595 5.63393 6
      vertex 49.4095 5.51303 6
    endloop
  endfacet
  facet normal 0 0 1
    outer loop
      vertex 50 22.981 6
      vertex 49.299 5.75 6
      vertex 49.3595 5.63393 6
    endloop
  endfacet
  facet normal 0 0 1
    outer loop
      vertex 50 22.981 6
      vertex 49.2287 5.86036 6
      vertex 49.299 5.75 6
    endloop
  endfacet
  facet normal 0 0 1
    outer loop
      vertex 50 22.981 6
      vertex 49.1491 5.96418 6
      vertex 49.2287 5.86036 6
    endloop
  endfacet
  facet normal 0 0 1
    outer loop
      vertex 50 22.981 6
      vertex 49.0607 6.06066 6
      vertex 49.1491 5.96418 6
    endloop
  endfacet
  facet normal -0 0 1
    outer loop
      vertex 46 11 6
      vertex 49.0607 6.06066 6
      vertex 50 22.981 6
    endloop
  endfacet
  facet normal 0 0 1
    outer loop
      vertex 49.0607 6.06066 6
      vertex 46 11 6
      vertex 48.9642 6.14907 6
    endloop
  endfacet
  facet normal 0 0 1
    outer loop
      vertex 48.9642 6.14907 6
      vertex 46 11 6
      vertex 48.8604 6.22873 6
    endloop
  endfacet
  facet normal 0 0 1
    outer loop
      vertex 48.8604 6.22873 6
      vertex 46 11 6
      vertex 48.75 6.29904 6
    endloop
  endfacet
  facet normal 0 0 1
    outer loop
      vertex 48.75 6.29904 6
      vertex 46 11 6
      vertex 48.6339 6.35946 6
    endloop
  endfacet
  facet normal 0 0 1
    outer loop
      vertex 48.6339 6.35946 6
      vertex 46 11 6
      vertex 48.513 6.40954 6
    endloop
  endfacet
  facet normal 0 0 1
    outer loop
      vertex 48.513 6.40954 6
      vertex 46 11 6
      vertex 48.3882 6.44889 6
    endloop
  endfacet
  facet normal 0 0 1
    outer loop
      vertex 48.3882 6.44889 6
      vertex 46 11 6
      vertex 48.2605 6.47721 6
    endloop
  endfacet
  facet normal 0 0 1
    outer loop
      vertex 48.2605 6.47721 6
      vertex 46 11 6
      vertex 48.1307 6.49429 6
    endloop
  endfacet
  facet normal 0 0 1
    outer loop
      vertex 48.1307 6.49429 6
      vertex 46 11 6
      vertex 48 6.5 6
    endloop
  endfacet
  facet normal 0 0 1
    outer loop
      vertex 45.6673 16.6683 6
      vertex 50 22.981 6
      vertex 45.7 17 6
    endloop
  endfacet
  facet normal 0 0 1
    outer loop
      vertex 50 22.981 6
      vertex 45.6673 17.3317 6
      vertex 45.7 17 6
    endloop
  endfacet
  facet normal 0 0 1
    outer loop
      vertex 50 22.981 6
      vertex 45.5706 17.6506 6
      vertex 45.6673 17.3317 6
    endloop
  endfacet
  facet normal 0 0 1
    outer loop
      vertex 50 22.981 6
      vertex 45.4135 17.9445 6
      vertex 45.5706 17.6506 6
    endloop
  endfacet
  facet normal 0 0 1
    outer loop
      vertex 50 22.981 6
      vertex 45.2021 18.2021 6
      vertex 45.4135 17.9445 6
    endloop
  endfacet
  facet normal 0 0 1
    outer loop
      vertex 50 22.981 6
      vertex 44.9445 18.4135 6
      vertex 45.2021 18.2021 6
    endloop
  endfacet
  facet normal -0 0 1
    outer loop
      vertex 44 22.981 6
      vertex 44.9445 18.4135 6
      vertex 50 22.981 6
    endloop
  endfacet
  facet normal 0 0 1
    outer loop
      vertex 44.9445 18.4135 6
      vertex 44 22.981 6
      vertex 44.6506 18.5706 6
    endloop
  endfacet
  facet normal 0 0 1
    outer loop
      vertex 44.6506 18.5706 6
      vertex 44 22.981 6
      vertex 44.3317 18.6673 6
    endloop
  endfacet
  facet normal 0 0 1
    outer loop
      vertex 44.3317 18.6673 6
      vertex 44 22.981 6
      vertex 44 18.7 6
    endloop
  endfacet
  facet normal -0 0 1
    outer loop
      vertex 49.4943 4.86927 6
      vertex 50 -50 6
      vertex 49.5 5 6
    endloop
  endfacet
  facet normal -0 0 1
    outer loop
      vertex 49.4772 4.73953 6
      vertex 50 -50 6
      vertex 49.4943 4.86927 6
    endloop
  endfacet
  facet normal -0 0 1
    outer loop
      vertex 49.4489 4.61177 6
      vertex 50 -50 6
      vertex 49.4772 4.73953 6
    endloop
  endfacet
  facet normal -0 0 1
    outer loop
      vertex 49.4095 4.48697 6
      vertex 50 -50 6
      vertex 49.4489 4.61177 6
    endloop
  endfacet
  facet normal 0 0 1
    outer loop
      vertex 46 -32 6
      vertex 49.4095 4.48697 6
      vertex 49.3595 4.36607 6
    endloop
  endfacet
  facet normal 0 0 1
    outer loop
      vertex 46 -32 6
      vertex 49.3595 4.36607 6
      vertex 49.299 4.25 6
    endloop
  endfacet
  facet normal 0 0 1
    outer loop
      vertex 46 -32 6
      vertex 49.299 4.25 6
      vertex 49.2287 4.13964 6
    endloop
  endfacet
  facet normal 0 0 1
    outer loop
      vertex 46 -32 6
      vertex 49.2287 4.13964 6
      vertex 49.1491 4.03582 6
    endloop
  endfacet
  facet normal 0 0 1
    outer loop
      vertex 46 -32 6
      vertex 49.1491 4.03582 6
      vertex 49.0607 3.93934 6
    endloop
  endfacet
  facet normal 0 0 1
    outer loop
      vertex 46 -32 6
      vertex 49.0607 3.93934 6
      vertex 48.9642 3.85093 6
    endloop
  endfacet
  facet normal 0 0 1
    outer loop
      vertex 46 -32 6
      vertex 48.9642 3.85093 6
      vertex 48.8604 3.77127 6
    endloop
  endfacet
  facet normal 0 0 1
    outer loop
      vertex 46 -32 6
      vertex 48.8604 3.77127 6
      vertex 48.75 3.70096 6
    endloop
  endfacet
  facet normal 0 0 1
    outer loop
      vertex 46 -32 6
      vertex 48.75 3.70096 6
      vertex 48.6339 3.64054 6
    endloop
  endfacet
  facet normal 0 0 1
    outer loop
      vertex 46 -32 6
      vertex 48.6339 3.64054 6
      vertex 48.513 3.59046 6
    endloop
  endfacet
  facet normal 0 0 1
    outer loop
      vertex 46 -32 6
      vertex 48.513 3.59046 6
      vertex 48.3882 3.55111 6
    endloop
  endfacet
  facet normal 0 0 1
    outer loop
      vertex 46 -32 6
      vertex 48.3882 3.55111 6
      vertex 48.2605 3.52279 6
    endloop
  endfacet
  facet normal 0 0 1
    outer loop
      vertex 46 -32 6
      vertex 48.2605 3.52279 6
      vertex 48.1307 3.50571 6
    endloop
  endfacet
  facet normal 0 0 1
    outer loop
      vertex 46 -32 6
      vertex 48.1307 3.50571 6
      vertex 48 3.5 6
    endloop
  endfacet
  facet normal 0 0 1
    outer loop
      vertex 46 -32 6
      vertex 48 3.5 6
      vertex 46 3.5 6
    endloop
  endfacet
  facet normal 0 0 1
    outer loop
      vertex 49.4095 4.48697 6
      vertex 46 -32 6
      vertex 50 -50 6
    endloop
  endfacet
  facet normal -0 0 1
    outer loop
      vertex 45.7 -38 6
      vertex 50 -50 6
      vertex 46 -32 6
    endloop
  endfacet
  facet normal 0 0 1
    outer loop
      vertex 50 -50 6
      vertex 46 -44 6
      vertex 46 -50 6
    endloop
  endfacet
  facet normal 0 0 1
    outer loop
      vertex 48 6.5 6
      vertex 46 11 6
      vertex 46 6.5 6
    endloop
  endfacet
  facet normal 0 0 1
    outer loop
      vertex 50 22.981 6
      vertex 45.6673 16.6683 6
      vertex 46 11 6
    endloop
  endfacet
  facet normal -0 0 1
    outer loop
      vertex 45.5706 16.3494 6
      vertex 46 11 6
      vertex 45.6673 16.6683 6
    endloop
  endfacet
  facet normal -0 0 1
    outer loop
      vertex 45.4135 16.0555 6
      vertex 46 11 6
      vertex 45.5706 16.3494 6
    endloop
  endfacet
  facet normal -0 0 1
    outer loop
      vertex 45.2021 15.7979 6
      vertex 46 11 6
      vertex 45.4135 16.0555 6
    endloop
  endfacet
  facet normal -0 0 1
    outer loop
      vertex 44.9445 15.5865 6
      vertex 46 11 6
      vertex 45.2021 15.7979 6
    endloop
  endfacet
  facet normal -0 0 1
    outer loop
      vertex 44.6506 15.4294 6
      vertex 46 11 6
      vertex 44.9445 15.5865 6
    endloop
  endfacet
  facet normal -0 0 1
    outer loop
      vertex 44.3317 15.3327 6
      vertex 46 11 6
      vertex 44.6506 15.4294 6
    endloop
  endfacet
  facet normal -0 0 1
    outer loop
      vertex 44 15.3 6
      vertex 46 11 6
      vertex 44.3317 15.3327 6
    endloop
  endfacet
  facet normal 0 0 1
    outer loop
      vertex 43.6683 15.3327 6
      vertex 46 11 6
      vertex 44 15.3 6
    endloop
  endfacet
  facet normal 0 0 1
    outer loop
      vertex 43.3494 15.4294 6
      vertex 46 11 6
      vertex 43.6683 15.3327 6
    endloop
  endfacet
  facet normal 0 0 1
    outer loop
      vertex 38 11 6
      vertex 43.3494 15.4294 6
      vertex 43.0555 15.5865 6
    endloop
  endfacet
  facet normal 0 0 1
    outer loop
      vertex 38 11 6
      vertex 43.0555 15.5865 6
      vertex 42.7979 15.7979 6
    endloop
  endfacet
  facet normal 0 0 1
    outer loop
      vertex 38 11 6
      vertex 42.7979 15.7979 6
      vertex 42.5865 16.0555 6
    endloop
  endfacet
  facet normal 0 0 1
    outer loop
      vertex 38 11 6
      vertex 42.3 17 6
      vertex 38 23 6
    endloop
  endfacet
  facet normal 0 0 1
    outer loop
      vertex 42.3 17 6
      vertex 38 11 6
      vertex 42.3327 16.6683 6
    endloop
  endfacet
  facet normal 0 0 1
    outer loop
      vertex 42.3327 16.6683 6
      vertex 38 11 6
      vertex 42.4294 16.3494 6
    endloop
  endfacet
  facet normal 0 0 1
    outer loop
      vertex 43.3494 15.4294 6
      vertex 38 11 6
      vertex 46 11 6
    endloop
  endfacet
  facet normal 0 0 1
    outer loop
      vertex 42.4294 16.3494 6
      vertex 38 11 6
      vertex 42.5865 16.0555 6
    endloop
  endfacet
  facet normal 0 0 1
    outer loop
      vertex 50 -50 6
      vertex 45.6673 -38.3317 6
      vertex 46 -44 6
    endloop
  endfacet
  facet normal -0 0 1
    outer loop
      vertex 45.5706 -38.6506 6
      vertex 46 -44 6
      vertex 45.6673 -38.3317 6
    endloop
  endfacet
  facet normal -0 0 1
    outer loop
      vertex 45.4135 -38.9445 6
      vertex 46 -44 6
      vertex 45.5706 -38.6506 6
    endloop
  endfacet
  facet normal -0 0 1
    outer loop
      vertex 45.2021 -39.2021 6
      vertex 46 -44 6
      vertex 45.4135 -38.9445 6
    endloop
  endfacet
  facet normal -0 0 1
    outer loop
      vertex 44.9445 -39.4135 6
      vertex 46 -44 6
      vertex 45.2021 -39.2021 6
    endloop
  endfacet
  facet normal -0 0 1
    outer loop
      vertex 44.6506 -39.5706 6
      vertex 46 -44 6
      vertex 44.9445 -39.4135 6
    endloop
  endfacet
  facet normal -0 0 1
    outer loop
      vertex 44.3317 -39.6673 6
      vertex 46 -44 6
      vertex 44.6506 -39.5706 6
    endloop
  endfacet
  facet normal -0 0 1
    outer loop
      vertex 44 -39.7 6
      vertex 46 -44 6
      vertex 44.3317 -39.6673 6
    endloop
  endfacet
  facet normal 0 0 1
    outer loop
      vertex 43.6683 -39.6673 6
      vertex 46 -44 6
      vertex 44 -39.7 6
    endloop
  endfacet
  facet normal 0 0 1
    outer loop
      vertex 43.3494 -39.5706 6
      vertex 46 -44 6
      vertex 43.6683 -39.6673 6
    endloop
  endfacet
  facet normal 0 0 1
    outer loop
      vertex 38 -44 6
      vertex 43.3494 -39.5706 6
      vertex 43.0555 -39.4135 6
    endloop
  endfacet
  facet normal 0 0 1
    outer loop
      vertex 38 -44 6
      vertex 43.0555 -39.4135 6
      vertex 42.7979 -39.2021 6
    endloop
  endfacet
  facet normal 0 0 1
    outer loop
      vertex 38 -44 6
      vertex 42.7979 -39.2021 6
      vertex 42.5865 -38.9445 6
    endloop
  endfacet
  facet normal 0 0 1
    outer loop
      vertex 38 -44 6
      vertex 42.3 -38 6
      vertex 38 -32 6
    endloop
  endfacet
  facet normal 0 0 1
    outer loop
      vertex 42.3 -38 6
      vertex 38 -44 6
      vertex 42.3327 -38.3317 6
    endloop
  endfacet
  facet normal 0 0 1
    outer loop
      vertex 42.3327 -38.3317 6
      vertex 38 -44 6
      vertex 42.4294 -38.6506 6
    endloop
  endfacet
  facet normal 0 0 1
    outer loop
      vertex 43.3494 -39.5706 6
      vertex 38 -44 6
      vertex 46 -44 6
    endloop
  endfacet
  facet normal 0 0 1
    outer loop
      vertex 42.4294 -38.6506 6
      vertex 38 -44 6
      vertex 42.5865 -38.9445 6
    endloop
  endfacet
  facet normal 0 0 1
    outer loop
      vertex 50 50 6
      vertex 49.9631 45.4693 6
      vertex 50 45 6
    endloop
  endfacet
  facet normal 0 0 1
    outer loop
      vertex 50 50 6
      vertex 49.8532 45.927 6
      vertex 49.9631 45.4693 6
    endloop
  endfacet
  facet normal 0 0 1
    outer loop
      vertex 50 50 6
      vertex 49.673 46.362 6
      vertex 49.8532 45.927 6
    endloop
  endfacet
  facet normal 0 0 1
    outer loop
      vertex 50 50 6
      vertex 49.427 46.7634 6
      vertex 49.673 46.362 6
    endloop
  endfacet
  facet normal 0 0 1
    outer loop
      vertex 50 50 6
      vertex 49.1213 47.1213 6
      vertex 49.427 46.7634 6
    endloop
  endfacet
  facet normal 0 0 1
    outer loop
      vertex 50 50 6
      vertex 48.7634 47.427 6
      vertex 49.1213 47.1213 6
    endloop
  endfacet
  facet normal 0 0 1
    outer loop
      vertex 50 50 6
      vertex 48.362 47.673 6
      vertex 48.7634 47.427 6
    endloop
  endfacet
  facet normal 0 0 1
    outer loop
      vertex 50 50 6
      vertex 47.927 47.8532 6
      vertex 48.362 47.673 6
    endloop
  endfacet
  facet normal 0 0 1
    outer loop
      vertex 50 50 6
      vertex 47.4693 47.9631 6
      vertex 47.927 47.8532 6
    endloop
  endfacet
  facet normal -0 0 1
    outer loop
      vertex 46 50 6
      vertex 47.4693 47.9631 6
      vertex 50 50 6
    endloop
  endfacet
  facet normal 0 0 1
    outer loop
      vertex 47.4693 47.9631 6
      vertex 46 50 6
      vertex 47 48 6
    endloop
  endfacet
  facet normal 0 0 1
    outer loop
      vertex 47 48 6
      vertex 46 50 6
      vertex 46.5307 47.9631 6
    endloop
  endfacet
  facet normal 0 0 1
    outer loop
      vertex 46.5307 47.9631 6
      vertex 46 50 6
      vertex 46.0729 47.8532 6
    endloop
  endfacet
  facet normal 0 0 1
    outer loop
      vertex 46.0729 47.8532 6
      vertex 46 50 6
      vertex 46 47.823 6
    endloop
  endfacet
  facet normal -0 0 1
    outer loop
      vertex 46 36.0241 6
      vertex 50 32.981 6
      vertex 50 36.0241 6
    endloop
  endfacet
  facet normal 0 0 1
    outer loop
      vertex 50 32.981 6
      vertex 46 36.0241 6
      vertex 46 32.981 6
    endloop
  endfacet
  facet normal -0 0 1
    outer loop
      vertex 49.9631 44.5307 6
      vertex 50 44.0241 6
      vertex 50 45 6
    endloop
  endfacet
  facet normal -0 0 1
    outer loop
      vertex 49.8532 44.0729 6
      vertex 50 44.0241 6
      vertex 49.9631 44.5307 6
    endloop
  endfacet
  facet normal 0 0 1
    outer loop
      vertex 50 44.0241 6
      vertex 49.8532 44.0729 6
      vertex 49.8329 44.0241 6
    endloop
  endfacet
  facet normal 1 0 0
    outer loop
      vertex 50 32.981 60.7
      vertex 50 22.981 60.7
      vertex 50 32.981 6
    endloop
  endfacet
  facet normal 1 0 0
    outer loop
      vertex 50 44.0241 42.6
      vertex 50 36.0241 42.6
      vertex 50 44.0241 6
    endloop
  endfacet
  facet normal 1 -0 0
    outer loop
      vertex 50 45 6
      vertex 50 50 -7.62939e-07
      vertex 50 50 6
    endloop
  endfacet
  facet normal 1 -0 0
    outer loop
      vertex 50 44.0241 6
      vertex 50 50 -7.62939e-07
      vertex 50 45 6
    endloop
  endfacet
  facet normal 1 0 0
    outer loop
      vertex 50 36.0241 6
      vertex 50 44.0241 6
      vertex 50 36.0241 42.6
    endloop
  endfacet
  facet normal 1 -0 0
    outer loop
      vertex 50 36.0241 6
      vertex 50 50 -7.62939e-07
      vertex 50 44.0241 6
    endloop
  endfacet
  facet normal 1 -0 0
    outer loop
      vertex 50 32.981 6
      vertex 50 50 -7.62939e-07
      vertex 50 36.0241 6
    endloop
  endfacet
  facet normal 1 0 0
    outer loop
      vertex 50 22.981 6
      vertex 50 32.981 6
      vertex 50 22.981 60.7
    endloop
  endfacet
  facet normal 1 -0 0
    outer loop
      vertex 50 22.981 6
      vertex 50 50 -7.62939e-07
      vertex 50 32.981 6
    endloop
  endfacet
  facet normal 1 0 0
    outer loop
      vertex 50 -50 -7.62939e-07
      vertex 50 22.981 6
      vertex 50 -50 6
    endloop
  endfacet
  facet normal 1 0 0
    outer loop
      vertex 50 22.981 6
      vertex 50 -50 -7.62939e-07
      vertex 50 50 -7.62939e-07
    endloop
  endfacet
  facet normal 0 0 -1
    outer loop
      vertex 29.8811 7.7236 -7.62939e-07
      vertex 32.3811 7.7236 -7.62939e-07
      vertex 32.3497 7.44547 -7.62939e-07
    endloop
  endfacet
  facet normal 0 0 -1
    outer loop
      vertex 32.3811 7.7236 -7.62939e-07
      vertex 29.8811 7.7236 -7.62939e-07
      vertex 32.3435 8.14856 -7.62939e-07
    endloop
  endfacet
  facet normal 0 0 -1
    outer loop
      vertex 32.1084 6.94424 -7.62939e-07
      vertex 32.3497 7.44547 -7.62939e-07
      vertex 32.2573 7.18126 -7.62939e-07
    endloop
  endfacet
  facet normal 0 0 -1
    outer loop
      vertex 32.3435 8.14856 -7.62939e-07
      vertex 29.7904 8.7794 -7.62939e-07
      vertex 32.2904 8.7794 -7.62939e-07
    endloop
  endfacet
  facet normal 0 0 -1
    outer loop
      vertex 32.2904 8.7794 -7.62939e-07
      vertex 29.7904 8.7794 -7.62939e-07
      vertex 32.2325 9.54672 -7.62939e-07
    endloop
  endfacet
  facet normal 0 0 -1
    outer loop
      vertex 29.7325 9.54672 -7.62939e-07
      vertex 32.2325 9.54672 -7.62939e-07
      vertex 29.7904 8.7794 -7.62939e-07
    endloop
  endfacet
  facet normal 0 0 -1
    outer loop
      vertex 32.2325 9.54672 -7.62939e-07
      vertex 29.7325 9.54672 -7.62939e-07
      vertex 32.1806 10.3811 -7.62939e-07
    endloop
  endfacet
  facet normal 0 0 -1
    outer loop
      vertex 29.8811 7.7236 -7.62939e-07
      vertex 32.3497 7.44547 -7.62939e-07
      vertex 32.1084 6.94424 -7.62939e-07
    endloop
  endfacet
  facet normal 0 0 -1
    outer loop
      vertex 43.3602 20.227 -7.62939e-07
      vertex 44 23 -7.62939e-07
      vertex 44 20.2901 -7.62939e-07
    endloop
  endfacet
  facet normal 0 0 -1
    outer loop
      vertex 43.3581 20.2268 -7.62939e-07
      vertex 44 23 -7.62939e-07
      vertex 43.3602 20.227 -7.62939e-07
    endloop
  endfacet
  facet normal 0 0 -1
    outer loop
      vertex 43.3562 20.2262 -7.62939e-07
      vertex 44 23 -7.62939e-07
      vertex 43.3581 20.2268 -7.62939e-07
    endloop
  endfacet
  facet normal 0 0 -1
    outer loop
      vertex 42.7409 20.0396 -7.62939e-07
      vertex 44 23 -7.62939e-07
      vertex 43.3562 20.2262 -7.62939e-07
    endloop
  endfacet
  facet normal 0 0 -1
    outer loop
      vertex 42.7391 20.0386 -7.62939e-07
      vertex 44 23 -7.62939e-07
      vertex 42.7409 20.0396 -7.62939e-07
    endloop
  endfacet
  facet normal 0 0 -1
    outer loop
      vertex 42.1721 19.7356 -7.62939e-07
      vertex 44 23 -7.62939e-07
      vertex 42.7391 20.0386 -7.62939e-07
    endloop
  endfacet
  facet normal 0 0 -1
    outer loop
      vertex 38 23 -7.62939e-07
      vertex 42.1721 19.7356 -7.62939e-07
      vertex 41.6752 19.3277 -7.62939e-07
    endloop
  endfacet
  facet normal 0 0 -1
    outer loop
      vertex 38 23 -7.62939e-07
      vertex 41.6752 19.3277 -7.62939e-07
      vertex 41.6736 19.3264 -7.62939e-07
    endloop
  endfacet
  facet normal 0 0 -1
    outer loop
      vertex 38 23 -7.62939e-07
      vertex 41.6736 19.3264 -7.62939e-07
      vertex 41.6723 19.3248 -7.62939e-07
    endloop
  endfacet
  facet normal 0 0 -1
    outer loop
      vertex 38 23 -7.62939e-07
      vertex 41.6723 19.3248 -7.62939e-07
      vertex 41.2644 18.8279 -7.62939e-07
    endloop
  endfacet
  facet normal 0 0 -1
    outer loop
      vertex 38 23 -7.62939e-07
      vertex 40.9614 18.2609 -7.62939e-07
      vertex 40.9604 18.2591 -7.62939e-07
    endloop
  endfacet
  facet normal 0 0 -1
    outer loop
      vertex 38 23 -7.62939e-07
      vertex 40.7099 17 -7.62939e-07
      vertex 38 11 -7.62939e-07
    endloop
  endfacet
  facet normal 0 0 -1
    outer loop
      vertex 40.7099 17 -7.62939e-07
      vertex 38 23 -7.62939e-07
      vertex 40.7729 17.6398 -7.62939e-07
    endloop
  endfacet
  facet normal 0 0 -1
    outer loop
      vertex 40.7729 17.6398 -7.62939e-07
      vertex 38 23 -7.62939e-07
      vertex 40.7732 17.6419 -7.62939e-07
    endloop
  endfacet
  facet normal 0 0 -1
    outer loop
      vertex 40.7732 17.6419 -7.62939e-07
      vertex 38 23 -7.62939e-07
      vertex 40.7738 17.6438 -7.62939e-07
    endloop
  endfacet
  facet normal 0 0 -1
    outer loop
      vertex 42.1721 19.7356 -7.62939e-07
      vertex 38 23 -7.62939e-07
      vertex 44 23 -7.62939e-07
    endloop
  endfacet
  facet normal 0 0 -1
    outer loop
      vertex 40.9614 18.2609 -7.62939e-07
      vertex 38 23 -7.62939e-07
      vertex 41.2644 18.8279 -7.62939e-07
    endloop
  endfacet
  facet normal 0 0 -1
    outer loop
      vertex 40.7738 17.6438 -7.62939e-07
      vertex 38 23 -7.62939e-07
      vertex 40.9604 18.2591 -7.62939e-07
    endloop
  endfacet
  facet normal 0 0 -1
    outer loop
      vertex 50 50 -7.62939e-07
      vertex 44.167 44.0241 -7.62939e-07
      vertex 46 47.823 -7.62939e-07
    endloop
  endfacet
  facet normal 0 -0 -1
    outer loop
      vertex 45.2366 47.427 -7.62939e-07
      vertex 46 47.823 -7.62939e-07
      vertex 44.167 44.0241 -7.62939e-07
    endloop
  endfacet
  facet normal 0 0 -1
    outer loop
      vertex 44 39.7355 -7.62939e-07
      vertex 46 36.0241 -7.62939e-07
      vertex 45.0251 36.0241 -7.62939e-07
    endloop
  endfacet
  facet normal 0 0 -1
    outer loop
      vertex 46 47.823 -7.62939e-07
      vertex 45.2366 47.427 -7.62939e-07
      vertex 45.638 47.673 -7.62939e-07
    endloop
  endfacet
  facet normal 0 0 -1
    outer loop
      vertex 45.2366 47.427 -7.62939e-07
      vertex 44.167 44.0241 -7.62939e-07
      vertex 44.8787 47.1213 -7.62939e-07
    endloop
  endfacet
  facet normal 0 0 -1
    outer loop
      vertex 42.1661 35.8904 -7.62939e-07
      vertex 45.0251 36.0241 -7.62939e-07
      vertex 44.4185 34.8057 -7.62939e-07
    endloop
  endfacet
  facet normal 0 0 -1
    outer loop
      vertex 46 36.0241 -7.62939e-07
      vertex 44 39.7355 -7.62939e-07
      vertex 44.167 44.0241 -7.62939e-07
    endloop
  endfacet
  facet normal 0 0 -1
    outer loop
      vertex 44.5729 46.7634 -7.62939e-07
      vertex 44.167 44.0241 -7.62939e-07
      vertex 44.327 46.362 -7.62939e-07
    endloop
  endfacet
  facet normal 0 0 -1
    outer loop
      vertex 44.8787 47.1213 -7.62939e-07
      vertex 44.167 44.0241 -7.62939e-07
      vertex 44.5729 46.7634 -7.62939e-07
    endloop
  endfacet
  facet normal 0 0 -1
    outer loop
      vertex 42.1661 35.8904 -7.62939e-07
      vertex 44.4185 34.8057 -7.62939e-07
      vertex 43.2817 32.6733 -7.62939e-07
    endloop
  endfacet
  facet normal 0 0 -1
    outer loop
      vertex 45.0251 36.0241 -7.62939e-07
      vertex 43.205 37.9773 -7.62939e-07
      vertex 44 39.7355 -7.62939e-07
    endloop
  endfacet
  facet normal -0 0 -1
    outer loop
      vertex 45.0251 36.0241 -7.62939e-07
      vertex 42.1661 35.8904 -7.62939e-07
      vertex 43.205 37.9773 -7.62939e-07
    endloop
  endfacet
  facet normal 0 0 -1
    outer loop
      vertex 41.0293 33.758 -7.62939e-07
      vertex 43.2817 32.6733 -7.62939e-07
      vertex 42.0724 30.5118 -7.62939e-07
    endloop
  endfacet
  facet normal 0 0 -1
    outer loop
      vertex 43.2817 32.6733 -7.62939e-07
      vertex 41.0293 33.758 -7.62939e-07
      vertex 42.1661 35.8904 -7.62939e-07
    endloop
  endfacet
  facet normal 0 0 -1
    outer loop
      vertex 39.82 31.5965 -7.62939e-07
      vertex 42.0724 30.5118 -7.62939e-07
      vertex 40.8162 28.3376 -7.62939e-07
    endloop
  endfacet
  facet normal 0 0 -1
    outer loop
      vertex 42.0724 30.5118 -7.62939e-07
      vertex 39.82 31.5965 -7.62939e-07
      vertex 41.0293 33.758 -7.62939e-07
    endloop
  endfacet
  facet normal 0 0 -1
    outer loop
      vertex 38.5638 29.4223 -7.62939e-07
      vertex 40.8162 28.3376 -7.62939e-07
      vertex 39.5384 26.1673 -7.62939e-07
    endloop
  endfacet
  facet normal 0 0 -1
    outer loop
      vertex 40.8162 28.3376 -7.62939e-07
      vertex 38.5638 29.4223 -7.62939e-07
      vertex 39.82 31.5965 -7.62939e-07
    endloop
  endfacet
  facet normal 0 0 -1
    outer loop
      vertex 37.286 27.252 -7.62939e-07
      vertex 39.5384 26.1673 -7.62939e-07
      vertex 38.2645 24.017 -7.62939e-07
    endloop
  endfacet
  facet normal 0 0 -1
    outer loop
      vertex 39.5384 26.1673 -7.62939e-07
      vertex 37.286 27.252 -7.62939e-07
      vertex 38.5638 29.4223 -7.62939e-07
    endloop
  endfacet
  facet normal 0 0 -1
    outer loop
      vertex 36.0121 25.1017 -7.62939e-07
      vertex 38.2645 24.017 -7.62939e-07
      vertex 37.0199 21.9033 -7.62939e-07
    endloop
  endfacet
  facet normal 0 0 -1
    outer loop
      vertex 38.2645 24.017 -7.62939e-07
      vertex 36.0121 25.1017 -7.62939e-07
      vertex 37.286 27.252 -7.62939e-07
    endloop
  endfacet
  facet normal 0 0 -1
    outer loop
      vertex 34.7674 22.9881 -7.62939e-07
      vertex 37.0199 21.9033 -7.62939e-07
      vertex 35.83 19.8426 -7.62939e-07
    endloop
  endfacet
  facet normal 0 0 -1
    outer loop
      vertex 37.0199 21.9033 -7.62939e-07
      vertex 34.7674 22.9881 -7.62939e-07
      vertex 36.0121 25.1017 -7.62939e-07
    endloop
  endfacet
  facet normal 0 0 -1
    outer loop
      vertex 33.5775 20.9274 -7.62939e-07
      vertex 35.83 19.8426 -7.62939e-07
      vertex 34.7202 17.8513 -7.62939e-07
    endloop
  endfacet
  facet normal 0 0 -1
    outer loop
      vertex 32.4678 18.936 -7.62939e-07
      vertex 34.7202 17.8513 -7.62939e-07
      vertex 33.716 15.9458 -7.62939e-07
    endloop
  endfacet
  facet normal 0 0 -1
    outer loop
      vertex 35.83 19.8426 -7.62939e-07
      vertex 33.5775 20.9274 -7.62939e-07
      vertex 34.7674 22.9881 -7.62939e-07
    endloop
  endfacet
  facet normal 0 0 -1
    outer loop
      vertex 31.4636 17.0305 -7.62939e-07
      vertex 33.716 15.9458 -7.62939e-07
      vertex 32.8429 14.1424 -7.62939e-07
    endloop
  endfacet
  facet normal 0 0 -1
    outer loop
      vertex 34.7202 17.8513 -7.62939e-07
      vertex 32.4678 18.936 -7.62939e-07
      vertex 33.5775 20.9274 -7.62939e-07
    endloop
  endfacet
  facet normal 0 0 -1
    outer loop
      vertex 29.8738 13.5423 -7.62939e-07
      vertex 32.8429 14.1424 -7.62939e-07
      vertex 32.2014 12.6345 -7.62939e-07
    endloop
  endfacet
  facet normal 0 0 -1
    outer loop
      vertex 29.7009 12.87 -7.62939e-07
      vertex 32.2014 12.6345 -7.62939e-07
      vertex 32.1614 12.4317 -7.62939e-07
    endloop
  endfacet
  facet normal 0 0 -1
    outer loop
      vertex 29.6695 12.5919 -7.62939e-07
      vertex 32.1614 12.4317 -7.62939e-07
      vertex 32.1383 11.9731 -7.62939e-07
    endloop
  endfacet
  facet normal 0 0 -1
    outer loop
      vertex 29.8811 7.7236 -7.62939e-07
      vertex 32.1084 6.94424 -7.62939e-07
      vertex 31.9104 6.74632 -7.62939e-07
    endloop
  endfacet
  facet normal 0 0 -1
    outer loop
      vertex 29.8811 7.7236 -7.62939e-07
      vertex 31.9104 6.74632 -7.62939e-07
      vertex 31.6734 6.5974 -7.62939e-07
    endloop
  endfacet
  facet normal 0 0 -1
    outer loop
      vertex 29.6806 10.3811 -7.62939e-07
      vertex 32.1806 10.3811 -7.62939e-07
      vertex 29.7325 9.54672 -7.62939e-07
    endloop
  endfacet
  facet normal 0 0 -1
    outer loop
      vertex 33.716 15.9458 -7.62939e-07
      vertex 31.4636 17.0305 -7.62939e-07
      vertex 32.4678 18.936 -7.62939e-07
    endloop
  endfacet
  facet normal 0 0 -1
    outer loop
      vertex 29.8811 7.7236 -7.62939e-07
      vertex 31.6734 6.5974 -7.62939e-07
      vertex 31.4092 6.50494 -7.62939e-07
    endloop
  endfacet
  facet normal 0 0 -1
    outer loop
      vertex 29.8811 7.7236 -7.62939e-07
      vertex 31.4092 6.50494 -7.62939e-07
      vertex 31.1311 6.4736 -7.62939e-07
    endloop
  endfacet
  facet normal 0 0 -1
    outer loop
      vertex 29.8811 7.7236 -7.62939e-07
      vertex 31.1311 6.4736 -7.62939e-07
      vertex 30.8529 6.50494 -7.62939e-07
    endloop
  endfacet
  facet normal 0 0 -1
    outer loop
      vertex 32.8429 14.1424 -7.62939e-07
      vertex 30.5905 15.2271 -7.62939e-07
      vertex 31.4636 17.0305 -7.62939e-07
    endloop
  endfacet
  facet normal 0 0 -1
    outer loop
      vertex 29.8811 7.7236 -7.62939e-07
      vertex 30.8529 6.50494 -7.62939e-07
      vertex 30.5887 6.5974 -7.62939e-07
    endloop
  endfacet
  facet normal 0 0 -1
    outer loop
      vertex 29.8811 7.7236 -7.62939e-07
      vertex 30.5887 6.5974 -7.62939e-07
      vertex 30.3517 6.74632 -7.62939e-07
    endloop
  endfacet
  facet normal 0 0 -1
    outer loop
      vertex 29.8811 7.7236 -7.62939e-07
      vertex 30.3517 6.74632 -7.62939e-07
      vertex 30.1538 6.94424 -7.62939e-07
    endloop
  endfacet
  facet normal 0 0 -1
    outer loop
      vertex 29.8811 7.7236 -7.62939e-07
      vertex 30.1538 6.94424 -7.62939e-07
      vertex 30.0049 7.18126 -7.62939e-07
    endloop
  endfacet
  facet normal 0 0 -1
    outer loop
      vertex 29.8811 7.7236 -7.62939e-07
      vertex 30.0049 7.18126 -7.62939e-07
      vertex 29.9124 7.44547 -7.62939e-07
    endloop
  endfacet
  facet normal -0 0 -1
    outer loop
      vertex 32.3435 8.14856 -7.62939e-07
      vertex 29.8811 7.7236 -7.62939e-07
      vertex 29.8435 8.14856 -7.62939e-07
    endloop
  endfacet
  facet normal 0 0 -1
    outer loop
      vertex 32.3435 8.14856 -7.62939e-07
      vertex 29.8435 8.14856 -7.62939e-07
      vertex 29.7904 8.7794 -7.62939e-07
    endloop
  endfacet
  facet normal 0 0 -1
    outer loop
      vertex 32.1806 10.3811 -7.62939e-07
      vertex 29.6806 10.3811 -7.62939e-07
      vertex 32.1457 11.213 -7.62939e-07
    endloop
  endfacet
  facet normal 0 0 -1
    outer loop
      vertex 29.6457 11.213 -7.62939e-07
      vertex 32.1457 11.213 -7.62939e-07
      vertex 29.6806 10.3811 -7.62939e-07
    endloop
  endfacet
  facet normal 0 0 -1
    outer loop
      vertex 32.1457 11.213 -7.62939e-07
      vertex 29.6457 11.213 -7.62939e-07
      vertex 32.1383 11.9731 -7.62939e-07
    endloop
  endfacet
  facet normal 0 0 -1
    outer loop
      vertex 29.6383 11.9731 -7.62939e-07
      vertex 32.1383 11.9731 -7.62939e-07
      vertex 29.6457 11.213 -7.62939e-07
    endloop
  endfacet
  facet normal 0 -0 -1
    outer loop
      vertex 29.6695 12.5919 -7.62939e-07
      vertex 32.1383 11.9731 -7.62939e-07
      vertex 29.6383 11.9731 -7.62939e-07
    endloop
  endfacet
  facet normal -0 0 -1
    outer loop
      vertex 32.8429 14.1424 -7.62939e-07
      vertex 29.8738 13.5423 -7.62939e-07
      vertex 30.5905 15.2271 -7.62939e-07
    endloop
  endfacet
  facet normal 0 0 -1
    outer loop
      vertex 32.1614 12.4317 -7.62939e-07
      vertex 29.6695 12.5919 -7.62939e-07
      vertex 29.7009 12.87 -7.62939e-07
    endloop
  endfacet
  facet normal 0 0 -1
    outer loop
      vertex 32.2014 12.6345 -7.62939e-07
      vertex 29.7009 12.87 -7.62939e-07
      vertex 29.7813 13.2781 -7.62939e-07
    endloop
  endfacet
  facet normal 0 0 -1
    outer loop
      vertex 32.2014 12.6345 -7.62939e-07
      vertex 29.7813 13.2781 -7.62939e-07
      vertex 29.8738 13.5423 -7.62939e-07
    endloop
  endfacet
  facet normal 0 0 -1
    outer loop
      vertex 44 23 -7.62939e-07
      vertex 46.3248 19.3277 -7.62939e-07
      vertex 45.8279 19.7356 -7.62939e-07
    endloop
  endfacet
  facet normal 0 0 -1
    outer loop
      vertex 44 23 -7.62939e-07
      vertex 45.8279 19.7356 -7.62939e-07
      vertex 45.2609 20.0386 -7.62939e-07
    endloop
  endfacet
  facet normal 0 0 -1
    outer loop
      vertex 44 23 -7.62939e-07
      vertex 45.2609 20.0386 -7.62939e-07
      vertex 45.2591 20.0396 -7.62939e-07
    endloop
  endfacet
  facet normal 0 0 -1
    outer loop
      vertex 44 23 -7.62939e-07
      vertex 45.2591 20.0396 -7.62939e-07
      vertex 44.6438 20.2262 -7.62939e-07
    endloop
  endfacet
  facet normal 0 0 -1
    outer loop
      vertex 44 23 -7.62939e-07
      vertex 44.6438 20.2262 -7.62939e-07
      vertex 44.6419 20.2268 -7.62939e-07
    endloop
  endfacet
  facet normal 0 0 -1
    outer loop
      vertex 44 23 -7.62939e-07
      vertex 44.6419 20.2268 -7.62939e-07
      vertex 44.6398 20.227 -7.62939e-07
    endloop
  endfacet
  facet normal 0 0 -1
    outer loop
      vertex 44 23 -7.62939e-07
      vertex 44.6398 20.227 -7.62939e-07
      vertex 44 20.2901 -7.62939e-07
    endloop
  endfacet
  facet normal 0 0 -1
    outer loop
      vertex 46.3248 19.3277 -7.62939e-07
      vertex 44 23 -7.62939e-07
      vertex 46 32.981 -7.62939e-07
    endloop
  endfacet
  facet normal -0 0 -1
    outer loop
      vertex 46 32.981 -7.62939e-07
      vertex 44 23 -7.62939e-07
      vertex 44 32.981 -7.62939e-07
    endloop
  endfacet
  facet normal 0 0 -1
    outer loop
      vertex 31.8 3.5 -7.62939e-07
      vertex 46 6.5 -7.62939e-07
      vertex 46 3.5 -7.62939e-07
    endloop
  endfacet
  facet normal 0 0 -1
    outer loop
      vertex 31.8 3.5 -7.62939e-07
      vertex 31.8 6.5 -7.62939e-07
      vertex 46 6.5 -7.62939e-07
    endloop
  endfacet
  facet normal 0 0 -1
    outer loop
      vertex 31.6693 3.50571 -7.62939e-07
      vertex 31.8 6.5 -7.62939e-07
      vertex 31.8 3.5 -7.62939e-07
    endloop
  endfacet
  facet normal 0 0 -1
    outer loop
      vertex 31.6693 3.50571 -7.62939e-07
      vertex 31.6693 6.49429 -7.62939e-07
      vertex 31.8 6.5 -7.62939e-07
    endloop
  endfacet
  facet normal 0 0 -1
    outer loop
      vertex 31.5395 3.52279 -7.62939e-07
      vertex 31.6693 6.49429 -7.62939e-07
      vertex 31.6693 3.50571 -7.62939e-07
    endloop
  endfacet
  facet normal 0 0 -1
    outer loop
      vertex 31.5395 3.52279 -7.62939e-07
      vertex 31.5395 6.47721 -7.62939e-07
      vertex 31.6693 6.49429 -7.62939e-07
    endloop
  endfacet
  facet normal 0 0 -1
    outer loop
      vertex 31.4118 3.55111 -7.62939e-07
      vertex 31.5395 6.47721 -7.62939e-07
      vertex 31.5395 3.52279 -7.62939e-07
    endloop
  endfacet
  facet normal 0 0 -1
    outer loop
      vertex 31.4118 3.55111 -7.62939e-07
      vertex 31.4118 6.44889 -7.62939e-07
      vertex 31.5395 6.47721 -7.62939e-07
    endloop
  endfacet
  facet normal 0 0 -1
    outer loop
      vertex 31.287 3.59046 -7.62939e-07
      vertex 31.4118 6.44889 -7.62939e-07
      vertex 31.4118 3.55111 -7.62939e-07
    endloop
  endfacet
  facet normal 0 0 -1
    outer loop
      vertex 31.287 3.59046 -7.62939e-07
      vertex 31.287 6.40954 -7.62939e-07
      vertex 31.4118 6.44889 -7.62939e-07
    endloop
  endfacet
  facet normal 0 0 -1
    outer loop
      vertex 31.1661 3.64054 -7.62939e-07
      vertex 31.287 6.40954 -7.62939e-07
      vertex 31.287 3.59046 -7.62939e-07
    endloop
  endfacet
  facet normal 0 0 -1
    outer loop
      vertex 31.1661 3.64054 -7.62939e-07
      vertex 31.1661 6.35946 -7.62939e-07
      vertex 31.287 6.40954 -7.62939e-07
    endloop
  endfacet
  facet normal 0 0 -1
    outer loop
      vertex 31.05 3.70096 -7.62939e-07
      vertex 31.1661 6.35946 -7.62939e-07
      vertex 31.1661 3.64054 -7.62939e-07
    endloop
  endfacet
  facet normal 0 0 -1
    outer loop
      vertex 31.05 3.70096 -7.62939e-07
      vertex 31.05 6.29904 -7.62939e-07
      vertex 31.1661 6.35946 -7.62939e-07
    endloop
  endfacet
  facet normal 0 0 -1
    outer loop
      vertex 30.9396 3.77127 -7.62939e-07
      vertex 31.05 6.29904 -7.62939e-07
      vertex 31.05 3.70096 -7.62939e-07
    endloop
  endfacet
  facet normal 0 0 -1
    outer loop
      vertex 30.9396 3.77127 -7.62939e-07
      vertex 30.9396 6.22873 -7.62939e-07
      vertex 31.05 6.29904 -7.62939e-07
    endloop
  endfacet
  facet normal 0 0 -1
    outer loop
      vertex 30.8358 3.85093 -7.62939e-07
      vertex 30.9396 6.22873 -7.62939e-07
      vertex 30.9396 3.77127 -7.62939e-07
    endloop
  endfacet
  facet normal 0 0 -1
    outer loop
      vertex 30.8358 3.85093 -7.62939e-07
      vertex 30.8358 6.14907 -7.62939e-07
      vertex 30.9396 6.22873 -7.62939e-07
    endloop
  endfacet
  facet normal 0 0 -1
    outer loop
      vertex 30.7393 3.93934 -7.62939e-07
      vertex 30.8358 6.14907 -7.62939e-07
      vertex 30.8358 3.85093 -7.62939e-07
    endloop
  endfacet
  facet normal 0 0 -1
    outer loop
      vertex 30.7393 3.93934 -7.62939e-07
      vertex 30.7393 6.06066 -7.62939e-07
      vertex 30.8358 6.14907 -7.62939e-07
    endloop
  endfacet
  facet normal 0 0 -1
    outer loop
      vertex 30.6509 4.03582 -7.62939e-07
      vertex 30.7393 6.06066 -7.62939e-07
      vertex 30.7393 3.93934 -7.62939e-07
    endloop
  endfacet
  facet normal 0 0 -1
    outer loop
      vertex 30.6509 4.03582 -7.62939e-07
      vertex 30.6509 5.96418 -7.62939e-07
      vertex 30.7393 6.06066 -7.62939e-07
    endloop
  endfacet
  facet normal 0 0 -1
    outer loop
      vertex 30.5713 4.13964 -7.62939e-07
      vertex 30.6509 5.96418 -7.62939e-07
      vertex 30.6509 4.03582 -7.62939e-07
    endloop
  endfacet
  facet normal 0 0 -1
    outer loop
      vertex 30.5713 4.13964 -7.62939e-07
      vertex 30.5713 5.86036 -7.62939e-07
      vertex 30.6509 5.96418 -7.62939e-07
    endloop
  endfacet
  facet normal 0 0 -1
    outer loop
      vertex 30.501 4.25 -7.62939e-07
      vertex 30.5713 5.86036 -7.62939e-07
      vertex 30.5713 4.13964 -7.62939e-07
    endloop
  endfacet
  facet normal 0 0 -1
    outer loop
      vertex 30.501 4.25 -7.62939e-07
      vertex 30.501 5.75 -7.62939e-07
      vertex 30.5713 5.86036 -7.62939e-07
    endloop
  endfacet
  facet normal 0 0 -1
    outer loop
      vertex 30.4405 4.36607 -7.62939e-07
      vertex 30.501 5.75 -7.62939e-07
      vertex 30.501 4.25 -7.62939e-07
    endloop
  endfacet
  facet normal 0 0 -1
    outer loop
      vertex 30.4405 4.36607 -7.62939e-07
      vertex 30.4405 5.63393 -7.62939e-07
      vertex 30.501 5.75 -7.62939e-07
    endloop
  endfacet
  facet normal 0 0 -1
    outer loop
      vertex 30.3905 4.48697 -7.62939e-07
      vertex 30.4405 5.63393 -7.62939e-07
      vertex 30.4405 4.36607 -7.62939e-07
    endloop
  endfacet
  facet normal 0 0 -1
    outer loop
      vertex 30.3905 4.48697 -7.62939e-07
      vertex 30.3905 5.51303 -7.62939e-07
      vertex 30.4405 5.63393 -7.62939e-07
    endloop
  endfacet
  facet normal 0 0 -1
    outer loop
      vertex 30.3511 4.61177 -7.62939e-07
      vertex 30.3905 5.51303 -7.62939e-07
      vertex 30.3905 4.48697 -7.62939e-07
    endloop
  endfacet
  facet normal 0 0 -1
    outer loop
      vertex 30.3511 4.61177 -7.62939e-07
      vertex 30.3511 5.38823 -7.62939e-07
      vertex 30.3905 5.51303 -7.62939e-07
    endloop
  endfacet
  facet normal 0 0 -1
    outer loop
      vertex 30.3228 4.73953 -7.62939e-07
      vertex 30.3511 5.38823 -7.62939e-07
      vertex 30.3511 4.61177 -7.62939e-07
    endloop
  endfacet
  facet normal 0 0 -1
    outer loop
      vertex 30.3228 4.73953 -7.62939e-07
      vertex 30.3228 5.26047 -7.62939e-07
      vertex 30.3511 5.38823 -7.62939e-07
    endloop
  endfacet
  facet normal 0 0 -1
    outer loop
      vertex 30.3057 4.86927 -7.62939e-07
      vertex 30.3228 5.26047 -7.62939e-07
      vertex 30.3228 4.73953 -7.62939e-07
    endloop
  endfacet
  facet normal 0 0 -1
    outer loop
      vertex 30.3057 4.86927 -7.62939e-07
      vertex 30.3057 5.13073 -7.62939e-07
      vertex 30.3228 5.26047 -7.62939e-07
    endloop
  endfacet
  facet normal 0 -0 -1
    outer loop
      vertex 30.3057 5.13073 -7.62939e-07
      vertex 30.3057 4.86927 -7.62939e-07
      vertex 30.3 5 -7.62939e-07
    endloop
  endfacet
  facet normal 0 0 -1
    outer loop
      vertex 47.2268 -37.3581 -7.62939e-07
      vertex 50 -50 -7.62939e-07
      vertex 47.227 -37.3602 -7.62939e-07
    endloop
  endfacet
  facet normal 0 0 -1
    outer loop
      vertex 50 -50 -7.62939e-07
      vertex 47.227 16.3602 -7.62939e-07
      vertex 47.2901 17 -7.62939e-07
    endloop
  endfacet
  facet normal 0 0 -1
    outer loop
      vertex 46 3.5 -7.62939e-07
      vertex 50 -50 -7.62939e-07
      vertex 47.2268 -37.3581 -7.62939e-07
    endloop
  endfacet
  facet normal 0 0 -1
    outer loop
      vertex 50 -50 -7.62939e-07
      vertex 47.2268 16.3581 -7.62939e-07
      vertex 47.227 16.3602 -7.62939e-07
    endloop
  endfacet
  facet normal 0 0 -1
    outer loop
      vertex 46 -32 -7.62939e-07
      vertex 47.2268 -37.3581 -7.62939e-07
      vertex 47.2262 -37.3562 -7.62939e-07
    endloop
  endfacet
  facet normal 0 0 -1
    outer loop
      vertex 50 -50 -7.62939e-07
      vertex 46 3.5 -7.62939e-07
      vertex 47.2268 16.3581 -7.62939e-07
    endloop
  endfacet
  facet normal 0 0 -1
    outer loop
      vertex 46 -32 -7.62939e-07
      vertex 47.2262 -37.3562 -7.62939e-07
      vertex 47.0396 -36.7409 -7.62939e-07
    endloop
  endfacet
  facet normal 0 0 -1
    outer loop
      vertex 46 6.5 -7.62939e-07
      vertex 47.2268 16.3581 -7.62939e-07
      vertex 46 3.5 -7.62939e-07
    endloop
  endfacet
  facet normal 0 0 -1
    outer loop
      vertex 46 -32 -7.62939e-07
      vertex 47.0396 -36.7409 -7.62939e-07
      vertex 47.0386 -36.7391 -7.62939e-07
    endloop
  endfacet
  facet normal 0 0 -1
    outer loop
      vertex 47.2268 16.3581 -7.62939e-07
      vertex 46 6.5 -7.62939e-07
      vertex 47.2262 16.3562 -7.62939e-07
    endloop
  endfacet
  facet normal 0 0 -1
    outer loop
      vertex 46 -32 -7.62939e-07
      vertex 47.0386 -36.7391 -7.62939e-07
      vertex 46.7356 -36.1721 -7.62939e-07
    endloop
  endfacet
  facet normal 0 0 -1
    outer loop
      vertex 47.2262 16.3562 -7.62939e-07
      vertex 46 6.5 -7.62939e-07
      vertex 47.0396 15.7409 -7.62939e-07
    endloop
  endfacet
  facet normal 0 0 -1
    outer loop
      vertex 46 -32 -7.62939e-07
      vertex 46.7356 -36.1721 -7.62939e-07
      vertex 46.3277 -35.6752 -7.62939e-07
    endloop
  endfacet
  facet normal 0 0 -1
    outer loop
      vertex 46 11 -7.62939e-07
      vertex 47.0396 15.7409 -7.62939e-07
      vertex 46 6.5 -7.62939e-07
    endloop
  endfacet
  facet normal 0 0 -1
    outer loop
      vertex 46 -32 -7.62939e-07
      vertex 46.3277 -35.6752 -7.62939e-07
      vertex 46.3264 -35.6736 -7.62939e-07
    endloop
  endfacet
  facet normal 0 0 -1
    outer loop
      vertex 47.0396 15.7409 -7.62939e-07
      vertex 46 11 -7.62939e-07
      vertex 47.0386 15.7391 -7.62939e-07
    endloop
  endfacet
  facet normal 0 0 -1
    outer loop
      vertex 46 -32 -7.62939e-07
      vertex 46.3264 -35.6736 -7.62939e-07
      vertex 46.3248 -35.6723 -7.62939e-07
    endloop
  endfacet
  facet normal 0 0 -1
    outer loop
      vertex 47.0386 15.7391 -7.62939e-07
      vertex 46 11 -7.62939e-07
      vertex 46.7356 15.1721 -7.62939e-07
    endloop
  endfacet
  facet normal 0 0 -1
    outer loop
      vertex 47.2268 -37.3581 -7.62939e-07
      vertex 46 -32 -7.62939e-07
      vertex 46 3.5 -7.62939e-07
    endloop
  endfacet
  facet normal 0 0 -1
    outer loop
      vertex 45.8279 -35.2644 -7.62939e-07
      vertex 46 -32 -7.62939e-07
      vertex 46.3248 -35.6723 -7.62939e-07
    endloop
  endfacet
  facet normal 0 0 -1
    outer loop
      vertex 45.2609 -34.9614 -7.62939e-07
      vertex 46 -32 -7.62939e-07
      vertex 45.8279 -35.2644 -7.62939e-07
    endloop
  endfacet
  facet normal 0 0 -1
    outer loop
      vertex 45.2591 -34.9604 -7.62939e-07
      vertex 46 -32 -7.62939e-07
      vertex 45.2609 -34.9614 -7.62939e-07
    endloop
  endfacet
  facet normal 0 0 -1
    outer loop
      vertex 44.6438 -34.7738 -7.62939e-07
      vertex 46 -32 -7.62939e-07
      vertex 45.2591 -34.9604 -7.62939e-07
    endloop
  endfacet
  facet normal 0 0 -1
    outer loop
      vertex 44.6419 -34.7732 -7.62939e-07
      vertex 46 -32 -7.62939e-07
      vertex 44.6438 -34.7738 -7.62939e-07
    endloop
  endfacet
  facet normal 0 0 -1
    outer loop
      vertex 44.6398 -34.7729 -7.62939e-07
      vertex 46 -32 -7.62939e-07
      vertex 44.6419 -34.7732 -7.62939e-07
    endloop
  endfacet
  facet normal 0 0 -1
    outer loop
      vertex 44 -34.7099 -7.62939e-07
      vertex 46 -32 -7.62939e-07
      vertex 44.6398 -34.7729 -7.62939e-07
    endloop
  endfacet
  facet normal 0 0 -1
    outer loop
      vertex 43.3602 -34.7729 -7.62939e-07
      vertex 46 -32 -7.62939e-07
      vertex 44 -34.7099 -7.62939e-07
    endloop
  endfacet
  facet normal 0 0 -1
    outer loop
      vertex 43.3581 -34.7732 -7.62939e-07
      vertex 46 -32 -7.62939e-07
      vertex 43.3602 -34.7729 -7.62939e-07
    endloop
  endfacet
  facet normal 0 0 -1
    outer loop
      vertex 43.3562 -34.7738 -7.62939e-07
      vertex 46 -32 -7.62939e-07
      vertex 43.3581 -34.7732 -7.62939e-07
    endloop
  endfacet
  facet normal 0 0 -1
    outer loop
      vertex 38 -32 -7.62939e-07
      vertex 43.3562 -34.7738 -7.62939e-07
      vertex 42.7409 -34.9604 -7.62939e-07
    endloop
  endfacet
  facet normal 0 0 -1
    outer loop
      vertex 38 -32 -7.62939e-07
      vertex 42.7409 -34.9604 -7.62939e-07
      vertex 42.7391 -34.9614 -7.62939e-07
    endloop
  endfacet
  facet normal 0 0 -1
    outer loop
      vertex 38 -32 -7.62939e-07
      vertex 42.7391 -34.9614 -7.62939e-07
      vertex 42.1721 -35.2644 -7.62939e-07
    endloop
  endfacet
  facet normal 0 0 -1
    outer loop
      vertex 38 -32 -7.62939e-07
      vertex 42.1721 -35.2644 -7.62939e-07
      vertex 41.6752 -35.6723 -7.62939e-07
    endloop
  endfacet
  facet normal 0 0 -1
    outer loop
      vertex 38 -32 -7.62939e-07
      vertex 41.6752 -35.6723 -7.62939e-07
      vertex 41.6736 -35.6736 -7.62939e-07
    endloop
  endfacet
  facet normal 0 0 -1
    outer loop
      vertex 38 -32 -7.62939e-07
      vertex 41.6723 -35.6752 -7.62939e-07
      vertex 41.2644 -36.1721 -7.62939e-07
    endloop
  endfacet
  facet normal 0 0 -1
    outer loop
      vertex 38 -32 -7.62939e-07
      vertex 40.7099 -38 -7.62939e-07
      vertex 38 -44 -7.62939e-07
    endloop
  endfacet
  facet normal 0 0 -1
    outer loop
      vertex 40.7099 -38 -7.62939e-07
      vertex 38 -32 -7.62939e-07
      vertex 40.7729 -37.3602 -7.62939e-07
    endloop
  endfacet
  facet normal 0 0 -1
    outer loop
      vertex 40.7729 -37.3602 -7.62939e-07
      vertex 38 -32 -7.62939e-07
      vertex 40.7732 -37.3581 -7.62939e-07
    endloop
  endfacet
  facet normal 0 0 -1
    outer loop
      vertex 40.7732 -37.3581 -7.62939e-07
      vertex 38 -32 -7.62939e-07
      vertex 40.7738 -37.3562 -7.62939e-07
    endloop
  endfacet
  facet normal 0 0 -1
    outer loop
      vertex 43.3562 -34.7738 -7.62939e-07
      vertex 38 -32 -7.62939e-07
      vertex 46 -32 -7.62939e-07
    endloop
  endfacet
  facet normal 0 0 -1
    outer loop
      vertex 41.6723 -35.6752 -7.62939e-07
      vertex 38 -32 -7.62939e-07
      vertex 41.6736 -35.6736 -7.62939e-07
    endloop
  endfacet
  facet normal 0 0 -1
    outer loop
      vertex 40.9614 -36.7391 -7.62939e-07
      vertex 38 -32 -7.62939e-07
      vertex 41.2644 -36.1721 -7.62939e-07
    endloop
  endfacet
  facet normal 0 0 -1
    outer loop
      vertex 40.9604 -36.7409 -7.62939e-07
      vertex 38 -32 -7.62939e-07
      vertex 40.9614 -36.7391 -7.62939e-07
    endloop
  endfacet
  facet normal 0 0 -1
    outer loop
      vertex 40.7738 -37.3562 -7.62939e-07
      vertex 38 -32 -7.62939e-07
      vertex 40.9604 -36.7409 -7.62939e-07
    endloop
  endfacet
  facet normal 0 0 -1
    outer loop
      vertex 47.227 -37.3602 -7.62939e-07
      vertex 50 -50 -7.62939e-07
      vertex 47.2901 -38 -7.62939e-07
    endloop
  endfacet
  facet normal 0 0 -1
    outer loop
      vertex 50 -50 -7.62939e-07
      vertex 47.227 -38.6398 -7.62939e-07
      vertex 47.2901 -38 -7.62939e-07
    endloop
  endfacet
  facet normal 0 0 -1
    outer loop
      vertex 50 -50 -7.62939e-07
      vertex 47.2268 -38.6419 -7.62939e-07
      vertex 47.227 -38.6398 -7.62939e-07
    endloop
  endfacet
  facet normal 0 0 -1
    outer loop
      vertex 50 -50 -7.62939e-07
      vertex 47.2262 -38.6438 -7.62939e-07
      vertex 47.2268 -38.6419 -7.62939e-07
    endloop
  endfacet
  facet normal 0 0 -1
    outer loop
      vertex 50 -50 -7.62939e-07
      vertex 47.0396 -39.2591 -7.62939e-07
      vertex 47.2262 -38.6438 -7.62939e-07
    endloop
  endfacet
  facet normal 0 0 -1
    outer loop
      vertex 50 -50 -7.62939e-07
      vertex 47.0386 -39.2609 -7.62939e-07
      vertex 47.0396 -39.2591 -7.62939e-07
    endloop
  endfacet
  facet normal 0 0 -1
    outer loop
      vertex 50 -50 -7.62939e-07
      vertex 46.7356 -39.8279 -7.62939e-07
      vertex 47.0386 -39.2609 -7.62939e-07
    endloop
  endfacet
  facet normal 0 0 -1
    outer loop
      vertex 46 -44 -7.62939e-07
      vertex 46.7356 -39.8279 -7.62939e-07
      vertex 50 -50 -7.62939e-07
    endloop
  endfacet
  facet normal 0 0 -1
    outer loop
      vertex 46.7356 -39.8279 -7.62939e-07
      vertex 46 -44 -7.62939e-07
      vertex 46.3277 -40.3248 -7.62939e-07
    endloop
  endfacet
  facet normal 0 0 -1
    outer loop
      vertex 46.3277 -40.3248 -7.62939e-07
      vertex 46 -44 -7.62939e-07
      vertex 46.3264 -40.3264 -7.62939e-07
    endloop
  endfacet
  facet normal 0 0 -1
    outer loop
      vertex 46 -44 -7.62939e-07
      vertex 50 -50 -7.62939e-07
      vertex 46 -50 -7.62939e-07
    endloop
  endfacet
  facet normal 0 0 -1
    outer loop
      vertex 46.3264 -40.3264 -7.62939e-07
      vertex 46 -44 -7.62939e-07
      vertex 46.3248 -40.3277 -7.62939e-07
    endloop
  endfacet
  facet normal 0 0 -1
    outer loop
      vertex 46 -44 -7.62939e-07
      vertex 45.8279 -40.7356 -7.62939e-07
      vertex 46.3248 -40.3277 -7.62939e-07
    endloop
  endfacet
  facet normal 0 0 -1
    outer loop
      vertex 46 -44 -7.62939e-07
      vertex 45.2609 -41.0386 -7.62939e-07
      vertex 45.8279 -40.7356 -7.62939e-07
    endloop
  endfacet
  facet normal 0 0 -1
    outer loop
      vertex 46 -44 -7.62939e-07
      vertex 45.2591 -41.0396 -7.62939e-07
      vertex 45.2609 -41.0386 -7.62939e-07
    endloop
  endfacet
  facet normal 0 0 -1
    outer loop
      vertex 46 -44 -7.62939e-07
      vertex 44.6438 -41.2262 -7.62939e-07
      vertex 45.2591 -41.0396 -7.62939e-07
    endloop
  endfacet
  facet normal 0 0 -1
    outer loop
      vertex 46 -44 -7.62939e-07
      vertex 44.6419 -41.2268 -7.62939e-07
      vertex 44.6438 -41.2262 -7.62939e-07
    endloop
  endfacet
  facet normal 0 0 -1
    outer loop
      vertex 46 -44 -7.62939e-07
      vertex 44.6398 -41.227 -7.62939e-07
      vertex 44.6419 -41.2268 -7.62939e-07
    endloop
  endfacet
  facet normal 0 0 -1
    outer loop
      vertex 46 -44 -7.62939e-07
      vertex 44 -41.2901 -7.62939e-07
      vertex 44.6398 -41.227 -7.62939e-07
    endloop
  endfacet
  facet normal 0 0 -1
    outer loop
      vertex 46 -44 -7.62939e-07
      vertex 43.3602 -41.227 -7.62939e-07
      vertex 44 -41.2901 -7.62939e-07
    endloop
  endfacet
  facet normal 0 0 -1
    outer loop
      vertex 46 -44 -7.62939e-07
      vertex 43.3581 -41.2268 -7.62939e-07
      vertex 43.3602 -41.227 -7.62939e-07
    endloop
  endfacet
  facet normal 0 0 -1
    outer loop
      vertex 46 -44 -7.62939e-07
      vertex 43.3562 -41.2262 -7.62939e-07
      vertex 43.3581 -41.2268 -7.62939e-07
    endloop
  endfacet
  facet normal 0 0 -1
    outer loop
      vertex 38 -44 -7.62939e-07
      vertex 43.3562 -41.2262 -7.62939e-07
      vertex 46 -44 -7.62939e-07
    endloop
  endfacet
  facet normal -0 0 -1
    outer loop
      vertex 43.3562 -41.2262 -7.62939e-07
      vertex 38 -44 -7.62939e-07
      vertex 42.7409 -41.0396 -7.62939e-07
    endloop
  endfacet
  facet normal -0 0 -1
    outer loop
      vertex 42.7409 -41.0396 -7.62939e-07
      vertex 38 -44 -7.62939e-07
      vertex 42.7391 -41.0386 -7.62939e-07
    endloop
  endfacet
  facet normal -0 0 -1
    outer loop
      vertex 42.7391 -41.0386 -7.62939e-07
      vertex 38 -44 -7.62939e-07
      vertex 42.1721 -40.7356 -7.62939e-07
    endloop
  endfacet
  facet normal -0 0 -1
    outer loop
      vertex 42.1721 -40.7356 -7.62939e-07
      vertex 38 -44 -7.62939e-07
      vertex 41.6752 -40.3277 -7.62939e-07
    endloop
  endfacet
  facet normal 0 0 -1
    outer loop
      vertex 38 -44 -7.62939e-07
      vertex 41.6723 -40.3248 -7.62939e-07
      vertex 41.6736 -40.3264 -7.62939e-07
    endloop
  endfacet
  facet normal 0 0 -1
    outer loop
      vertex 38 -44 -7.62939e-07
      vertex 40.9614 -39.2609 -7.62939e-07
      vertex 41.2644 -39.8279 -7.62939e-07
    endloop
  endfacet
  facet normal -0 0 -1
    outer loop
      vertex 40.7729 -38.6398 -7.62939e-07
      vertex 38 -44 -7.62939e-07
      vertex 40.7099 -38 -7.62939e-07
    endloop
  endfacet
  facet normal -0 0 -1
    outer loop
      vertex 40.7732 -38.6419 -7.62939e-07
      vertex 38 -44 -7.62939e-07
      vertex 40.7729 -38.6398 -7.62939e-07
    endloop
  endfacet
  facet normal -0 0 -1
    outer loop
      vertex 40.7738 -38.6438 -7.62939e-07
      vertex 38 -44 -7.62939e-07
      vertex 40.7732 -38.6419 -7.62939e-07
    endloop
  endfacet
  facet normal -0 0 -1
    outer loop
      vertex 40.9604 -39.2591 -7.62939e-07
      vertex 38 -44 -7.62939e-07
      vertex 40.7738 -38.6438 -7.62939e-07
    endloop
  endfacet
  facet normal -0 0 -1
    outer loop
      vertex 40.9614 -39.2609 -7.62939e-07
      vertex 38 -44 -7.62939e-07
      vertex 40.9604 -39.2591 -7.62939e-07
    endloop
  endfacet
  facet normal -0 0 -1
    outer loop
      vertex 41.6723 -40.3248 -7.62939e-07
      vertex 38 -44 -7.62939e-07
      vertex 41.2644 -39.8279 -7.62939e-07
    endloop
  endfacet
  facet normal -0 0 -1
    outer loop
      vertex 41.6752 -40.3277 -7.62939e-07
      vertex 38 -44 -7.62939e-07
      vertex 41.6736 -40.3264 -7.62939e-07
    endloop
  endfacet
  facet normal 0 0 -1
    outer loop
      vertex 50 -50 -7.62939e-07
      vertex 47.2901 17 -7.62939e-07
      vertex 50 50 -7.62939e-07
    endloop
  endfacet
  facet normal 0 0 -1
    outer loop
      vertex 47.227 17.6398 -7.62939e-07
      vertex 50 50 -7.62939e-07
      vertex 47.2901 17 -7.62939e-07
    endloop
  endfacet
  facet normal 0 0 -1
    outer loop
      vertex 47.2268 17.6419 -7.62939e-07
      vertex 50 50 -7.62939e-07
      vertex 47.227 17.6398 -7.62939e-07
    endloop
  endfacet
  facet normal 0 0 -1
    outer loop
      vertex 46 32.981 -7.62939e-07
      vertex 47.2268 17.6419 -7.62939e-07
      vertex 47.2262 17.6438 -7.62939e-07
    endloop
  endfacet
  facet normal 0 0 -1
    outer loop
      vertex 46 32.981 -7.62939e-07
      vertex 47.2262 17.6438 -7.62939e-07
      vertex 47.0396 18.2591 -7.62939e-07
    endloop
  endfacet
  facet normal 0 0 -1
    outer loop
      vertex 46 32.981 -7.62939e-07
      vertex 47.0396 18.2591 -7.62939e-07
      vertex 47.0386 18.2609 -7.62939e-07
    endloop
  endfacet
  facet normal 0 0 -1
    outer loop
      vertex 46 32.981 -7.62939e-07
      vertex 47.0386 18.2609 -7.62939e-07
      vertex 46.7356 18.8279 -7.62939e-07
    endloop
  endfacet
  facet normal 0 0 -1
    outer loop
      vertex 46 32.981 -7.62939e-07
      vertex 46.7356 18.8279 -7.62939e-07
      vertex 46.3277 19.3248 -7.62939e-07
    endloop
  endfacet
  facet normal 0 0 -1
    outer loop
      vertex 46 32.981 -7.62939e-07
      vertex 46.3277 19.3248 -7.62939e-07
      vertex 46.3264 19.3264 -7.62939e-07
    endloop
  endfacet
  facet normal 0 0 -1
    outer loop
      vertex 46 32.981 -7.62939e-07
      vertex 46.3264 19.3264 -7.62939e-07
      vertex 46.3248 19.3277 -7.62939e-07
    endloop
  endfacet
  facet normal 0 0 -1
    outer loop
      vertex 47.2268 17.6419 -7.62939e-07
      vertex 46 32.981 -7.62939e-07
      vertex 50 50 -7.62939e-07
    endloop
  endfacet
  facet normal 0 0 -1
    outer loop
      vertex 46 36.0241 -7.62939e-07
      vertex 50 50 -7.62939e-07
      vertex 46 32.981 -7.62939e-07
    endloop
  endfacet
  facet normal 0 0 -1
    outer loop
      vertex 44.167 44.0241 -7.62939e-07
      vertex 50 50 -7.62939e-07
      vertex 46 36.0241 -7.62939e-07
    endloop
  endfacet
  facet normal -0 0 -1
    outer loop
      vertex 50 50 -7.62939e-07
      vertex 46 47.823 -7.62939e-07
      vertex 46 50 -7.62939e-07
    endloop
  endfacet
  facet normal 0 0 -1
    outer loop
      vertex 46.7356 15.1721 -7.62939e-07
      vertex 46 11 -7.62939e-07
      vertex 46.3277 14.6752 -7.62939e-07
    endloop
  endfacet
  facet normal 0 0 -1
    outer loop
      vertex 46.3277 14.6752 -7.62939e-07
      vertex 46 11 -7.62939e-07
      vertex 46.3264 14.6736 -7.62939e-07
    endloop
  endfacet
  facet normal 0 0 -1
    outer loop
      vertex 46.3264 14.6736 -7.62939e-07
      vertex 46 11 -7.62939e-07
      vertex 46.3248 14.6723 -7.62939e-07
    endloop
  endfacet
  facet normal 0 0 -1
    outer loop
      vertex 46 11 -7.62939e-07
      vertex 45.8279 14.2644 -7.62939e-07
      vertex 46.3248 14.6723 -7.62939e-07
    endloop
  endfacet
  facet normal 0 0 -1
    outer loop
      vertex 46 11 -7.62939e-07
      vertex 45.2609 13.9614 -7.62939e-07
      vertex 45.8279 14.2644 -7.62939e-07
    endloop
  endfacet
  facet normal 0 0 -1
    outer loop
      vertex 46 11 -7.62939e-07
      vertex 45.2591 13.9604 -7.62939e-07
      vertex 45.2609 13.9614 -7.62939e-07
    endloop
  endfacet
  facet normal 0 0 -1
    outer loop
      vertex 46 11 -7.62939e-07
      vertex 44.6438 13.7738 -7.62939e-07
      vertex 45.2591 13.9604 -7.62939e-07
    endloop
  endfacet
  facet normal 0 0 -1
    outer loop
      vertex 46 11 -7.62939e-07
      vertex 44.6419 13.7732 -7.62939e-07
      vertex 44.6438 13.7738 -7.62939e-07
    endloop
  endfacet
  facet normal 0 0 -1
    outer loop
      vertex 46 11 -7.62939e-07
      vertex 44.6398 13.773 -7.62939e-07
      vertex 44.6419 13.7732 -7.62939e-07
    endloop
  endfacet
  facet normal 0 0 -1
    outer loop
      vertex 46 11 -7.62939e-07
      vertex 44 13.7099 -7.62939e-07
      vertex 44.6398 13.773 -7.62939e-07
    endloop
  endfacet
  facet normal 0 0 -1
    outer loop
      vertex 46 11 -7.62939e-07
      vertex 43.3602 13.773 -7.62939e-07
      vertex 44 13.7099 -7.62939e-07
    endloop
  endfacet
  facet normal 0 0 -1
    outer loop
      vertex 46 11 -7.62939e-07
      vertex 43.3581 13.7732 -7.62939e-07
      vertex 43.3602 13.773 -7.62939e-07
    endloop
  endfacet
  facet normal 0 0 -1
    outer loop
      vertex 46 11 -7.62939e-07
      vertex 43.3562 13.7738 -7.62939e-07
      vertex 43.3581 13.7732 -7.62939e-07
    endloop
  endfacet
  facet normal 0 0 -1
    outer loop
      vertex 38 11 -7.62939e-07
      vertex 43.3562 13.7738 -7.62939e-07
      vertex 46 11 -7.62939e-07
    endloop
  endfacet
  facet normal -0 0 -1
    outer loop
      vertex 43.3562 13.7738 -7.62939e-07
      vertex 38 11 -7.62939e-07
      vertex 42.7409 13.9604 -7.62939e-07
    endloop
  endfacet
  facet normal -0 0 -1
    outer loop
      vertex 42.7409 13.9604 -7.62939e-07
      vertex 38 11 -7.62939e-07
      vertex 42.7391 13.9614 -7.62939e-07
    endloop
  endfacet
  facet normal -0 0 -1
    outer loop
      vertex 42.7391 13.9614 -7.62939e-07
      vertex 38 11 -7.62939e-07
      vertex 42.1721 14.2644 -7.62939e-07
    endloop
  endfacet
  facet normal -0 0 -1
    outer loop
      vertex 42.1721 14.2644 -7.62939e-07
      vertex 38 11 -7.62939e-07
      vertex 41.6752 14.6723 -7.62939e-07
    endloop
  endfacet
  facet normal 0 0 -1
    outer loop
      vertex 38 11 -7.62939e-07
      vertex 41.6723 14.6752 -7.62939e-07
      vertex 41.6736 14.6736 -7.62939e-07
    endloop
  endfacet
  facet normal 0 0 -1
    outer loop
      vertex 38 11 -7.62939e-07
      vertex 40.9614 15.7391 -7.62939e-07
      vertex 41.2644 15.1721 -7.62939e-07
    endloop
  endfacet
  facet normal -0 0 -1
    outer loop
      vertex 40.7729 16.3602 -7.62939e-07
      vertex 38 11 -7.62939e-07
      vertex 40.7099 17 -7.62939e-07
    endloop
  endfacet
  facet normal -0 0 -1
    outer loop
      vertex 40.7732 16.3581 -7.62939e-07
      vertex 38 11 -7.62939e-07
      vertex 40.7729 16.3602 -7.62939e-07
    endloop
  endfacet
  facet normal -0 0 -1
    outer loop
      vertex 40.7738 16.3562 -7.62939e-07
      vertex 38 11 -7.62939e-07
      vertex 40.7732 16.3581 -7.62939e-07
    endloop
  endfacet
  facet normal -0 0 -1
    outer loop
      vertex 40.9604 15.7409 -7.62939e-07
      vertex 38 11 -7.62939e-07
      vertex 40.7738 16.3562 -7.62939e-07
    endloop
  endfacet
  facet normal -0 0 -1
    outer loop
      vertex 40.9614 15.7391 -7.62939e-07
      vertex 38 11 -7.62939e-07
      vertex 40.9604 15.7409 -7.62939e-07
    endloop
  endfacet
  facet normal -0 0 -1
    outer loop
      vertex 41.6723 14.6752 -7.62939e-07
      vertex 38 11 -7.62939e-07
      vertex 41.2644 15.1721 -7.62939e-07
    endloop
  endfacet
  facet normal -0 0 -1
    outer loop
      vertex 41.6752 14.6723 -7.62939e-07
      vertex 38 11 -7.62939e-07
      vertex 41.6736 14.6736 -7.62939e-07
    endloop
  endfacet
  facet normal 0 0 -1
    outer loop
      vertex 44.0369 44.5307 -7.62939e-07
      vertex 44.167 44.0241 -7.62939e-07
      vertex 44.1468 44.0729 -7.62939e-07
    endloop
  endfacet
  facet normal 0 0 -1
    outer loop
      vertex 44.167 44.0241 -7.62939e-07
      vertex 44.1468 45.927 -7.62939e-07
      vertex 44.327 46.362 -7.62939e-07
    endloop
  endfacet
  facet normal 0 0 -1
    outer loop
      vertex 44.167 44.0241 -7.62939e-07
      vertex 44.0369 44.5307 -7.62939e-07
      vertex 44.1468 45.927 -7.62939e-07
    endloop
  endfacet
  facet normal 0 0 -1
    outer loop
      vertex 44.0369 44.5307 -7.62939e-07
      vertex 44.0369 45.4693 -7.62939e-07
      vertex 44.1468 45.927 -7.62939e-07
    endloop
  endfacet
  facet normal 0 -0 -1
    outer loop
      vertex 44.0369 45.4693 -7.62939e-07
      vertex 44.0369 44.5307 -7.62939e-07
      vertex 44 45 -7.62939e-07
    endloop
  endfacet
  facet normal -0 0 -1
    outer loop
      vertex 44.167 44.0241 -7.62939e-07
      vertex 44 39.7355 -7.62939e-07
      vertex 44 44.0241 -7.62939e-07
    endloop
  endfacet
  facet normal 0 -1 0
    outer loop
      vertex 46 -50 -7.62939e-07
      vertex 50 -50 6
      vertex 46 -50 6
    endloop
  endfacet
  facet normal 0 -1 -0
    outer loop
      vertex 50 -50 6
      vertex 46 -50 -7.62939e-07
      vertex 50 -50 -7.62939e-07
    endloop
  endfacet
  facet normal 0 1 -0
    outer loop
      vertex 50 50 -7.62939e-07
      vertex 46 50 6
      vertex 50 50 6
    endloop
  endfacet
  facet normal 0 1 0
    outer loop
      vertex 46 50 6
      vertex 50 50 -7.62939e-07
      vertex 46 50 -7.62939e-07
    endloop
  endfacet
  facet normal -1 0 0
    outer loop
      vertex -37 24.981 17.2
      vertex -37 30.981 60.7
      vertex -37 30.981 17.2
    endloop
  endfacet
  facet normal -1 -0 0
    outer loop
      vertex -37 30.981 60.7
      vertex -37 24.981 17.2
      vertex -37 24.981 60.7
    endloop
  endfacet
  facet normal -0 0 1
    outer loop
      vertex -37 30.981 60.7
      vertex -33 24.981 60.7
      vertex -33 30.981 60.7
    endloop
  endfacet
  facet normal 0 0 1
    outer loop
      vertex -33 24.981 60.7
      vertex -37 30.981 60.7
      vertex -37 24.981 60.7
    endloop
  endfacet
  facet normal 1 -0 0
    outer loop
      vertex -33 24.981 60.7
      vertex -33 30.981 14.2
      vertex -33 30.981 60.7
    endloop
  endfacet
  facet normal 1 0 0
    outer loop
      vertex -33 30.981 14.2
      vertex -33 24.981 60.7
      vertex -33 24.981 14.2
    endloop
  endfacet
  facet normal 0 1 0
    outer loop
      vertex -33 30.981 60.7
      vertex -37 30.981 17.2
      vertex -37 30.981 60.7
    endloop
  endfacet
  facet normal 0 1 -0
    outer loop
      vertex -33 30.981 14.2
      vertex -37 30.981 17.2
      vertex -33 30.981 60.7
    endloop
  endfacet
  facet normal 0 1 0
    outer loop
      vertex -44 30.981 14.2
      vertex -37 30.981 17.2
      vertex -33 30.981 14.2
    endloop
  endfacet
  facet normal 0 1 0
    outer loop
      vertex -37 30.981 17.2
      vertex -44 30.981 14.2
      vertex -44 30.981 17.2
    endloop
  endfacet
  facet normal 0 -1 0
    outer loop
      vertex -44 24.981 17.2
      vertex -44 24.981 14.2
      vertex -37 24.981 17.2
    endloop
  endfacet
  facet normal 0 -1 0
    outer loop
      vertex -37 24.981 17.2
      vertex -33 24.981 60.7
      vertex -37 24.981 60.7
    endloop
  endfacet
  facet normal 0 -1 0
    outer loop
      vertex -37 24.981 17.2
      vertex -33 24.981 14.2
      vertex -33 24.981 60.7
    endloop
  endfacet
  facet normal 0 -1 0
    outer loop
      vertex -33 24.981 14.2
      vertex -37 24.981 17.2
      vertex -44 24.981 14.2
    endloop
  endfacet
  facet normal 0 0 1
    outer loop
      vertex -44 32.981 60.7
      vertex -46 27.981 60.7
      vertex -44 22.981 60.7
    endloop
  endfacet
  facet normal 0 0 1
    outer loop
      vertex -44 32.981 60.7
      vertex -46.0251 28.2035 60.7
      vertex -46 27.981 60.7
    endloop
  endfacet
  facet normal 0 0 1
    outer loop
      vertex -44 32.981 60.7
      vertex -46.099 28.4149 60.7
      vertex -46.0251 28.2035 60.7
    endloop
  endfacet
  facet normal 0 0 1
    outer loop
      vertex -44 32.981 60.7
      vertex -46.2182 28.6045 60.7
      vertex -46.099 28.4149 60.7
    endloop
  endfacet
  facet normal 0 0 1
    outer loop
      vertex -44 32.981 60.7
      vertex -46.3765 28.7628 60.7
      vertex -46.2182 28.6045 60.7
    endloop
  endfacet
  facet normal 0 0 1
    outer loop
      vertex -44 32.981 60.7
      vertex -46.5661 28.8819 60.7
      vertex -46.3765 28.7628 60.7
    endloop
  endfacet
  facet normal 0 0 1
    outer loop
      vertex -44 32.981 60.7
      vertex -46.7775 28.9559 60.7
      vertex -46.5661 28.8819 60.7
    endloop
  endfacet
  facet normal 0 0 1
    outer loop
      vertex -44 32.981 60.7
      vertex -47 28.981 60.7
      vertex -46.7775 28.9559 60.7
    endloop
  endfacet
  facet normal -0 0 1
    outer loop
      vertex -50 32.981 60.7
      vertex -47 28.981 60.7
      vertex -44 32.981 60.7
    endloop
  endfacet
  facet normal 0 0 1
    outer loop
      vertex -47 28.981 60.7
      vertex -50 32.981 60.7
      vertex -47.2225 28.9559 60.7
    endloop
  endfacet
  facet normal 0 0 1
    outer loop
      vertex -47.2225 28.9559 60.7
      vertex -50 32.981 60.7
      vertex -47.4339 28.8819 60.7
    endloop
  endfacet
  facet normal 0 0 1
    outer loop
      vertex -47.4339 28.8819 60.7
      vertex -50 32.981 60.7
      vertex -47.6235 28.7628 60.7
    endloop
  endfacet
  facet normal 0 0 1
    outer loop
      vertex -47.9749 28.2035 60.7
      vertex -50 32.981 60.7
      vertex -48 27.981 60.7
    endloop
  endfacet
  facet normal 0 0 1
    outer loop
      vertex -47.901 28.4149 60.7
      vertex -50 32.981 60.7
      vertex -47.9749 28.2035 60.7
    endloop
  endfacet
  facet normal 0 0 1
    outer loop
      vertex -47.7818 28.6045 60.7
      vertex -50 32.981 60.7
      vertex -47.901 28.4149 60.7
    endloop
  endfacet
  facet normal 0 0 1
    outer loop
      vertex -47.6235 28.7628 60.7
      vertex -50 32.981 60.7
      vertex -47.7818 28.6045 60.7
    endloop
  endfacet
  facet normal -0 0 1
    outer loop
      vertex -46.0251 27.7584 60.7
      vertex -44 22.981 60.7
      vertex -46 27.981 60.7
    endloop
  endfacet
  facet normal -0 0 1
    outer loop
      vertex -46.099 27.5471 60.7
      vertex -44 22.981 60.7
      vertex -46.0251 27.7584 60.7
    endloop
  endfacet
  facet normal -0 0 1
    outer loop
      vertex -46.2182 27.3575 60.7
      vertex -44 22.981 60.7
      vertex -46.099 27.5471 60.7
    endloop
  endfacet
  facet normal -0 0 1
    outer loop
      vertex -46.3765 27.1991 60.7
      vertex -44 22.981 60.7
      vertex -46.2182 27.3575 60.7
    endloop
  endfacet
  facet normal -0 0 1
    outer loop
      vertex -46.5661 27.08 60.7
      vertex -44 22.981 60.7
      vertex -46.3765 27.1991 60.7
    endloop
  endfacet
  facet normal -0 0 1
    outer loop
      vertex -46.7775 27.006 60.7
      vertex -44 22.981 60.7
      vertex -46.5661 27.08 60.7
    endloop
  endfacet
  facet normal -0 0 1
    outer loop
      vertex -47 26.981 60.7
      vertex -44 22.981 60.7
      vertex -46.7775 27.006 60.7
    endloop
  endfacet
  facet normal 0 0 1
    outer loop
      vertex -50 22.981 60.7
      vertex -47 26.981 60.7
      vertex -47.2225 27.006 60.7
    endloop
  endfacet
  facet normal 0 0 1
    outer loop
      vertex -50 22.981 60.7
      vertex -47.2225 27.006 60.7
      vertex -47.4339 27.08 60.7
    endloop
  endfacet
  facet normal 0 0 1
    outer loop
      vertex -50 22.981 60.7
      vertex -47.4339 27.08 60.7
      vertex -47.6235 27.1991 60.7
    endloop
  endfacet
  facet normal 0 0 1
    outer loop
      vertex -50 22.981 60.7
      vertex -47.6235 27.1991 60.7
      vertex -47.7818 27.3575 60.7
    endloop
  endfacet
  facet normal 0 0 1
    outer loop
      vertex -50 22.981 60.7
      vertex -48 27.981 60.7
      vertex -50 32.981 60.7
    endloop
  endfacet
  facet normal 0 0 1
    outer loop
      vertex -48 27.981 60.7
      vertex -50 22.981 60.7
      vertex -47.9749 27.7584 60.7
    endloop
  endfacet
  facet normal 0 0 1
    outer loop
      vertex -47 26.981 60.7
      vertex -50 22.981 60.7
      vertex -44 22.981 60.7
    endloop
  endfacet
  facet normal 0 0 1
    outer loop
      vertex -47.901 27.5471 60.7
      vertex -50 22.981 60.7
      vertex -47.7818 27.3575 60.7
    endloop
  endfacet
  facet normal 0 0 1
    outer loop
      vertex -47.9749 27.7584 60.7
      vertex -50 22.981 60.7
      vertex -47.901 27.5471 60.7
    endloop
  endfacet
  facet normal 1 0 0
    outer loop
      vertex -44 32.981 60.7
      vertex -44 30.981 17.2
      vertex -44 32.981 -7.62939e-07
    endloop
  endfacet
  facet normal 1 0 0
    outer loop
      vertex -44 32.981 60.7
      vertex -44 24.981 17.2
      vertex -44 30.981 17.2
    endloop
  endfacet
  facet normal 1 0 0
    outer loop
      vertex -44 22.981 6
      vertex -44 24.981 14.2
      vertex -44 24.981 17.2
    endloop
  endfacet
  facet normal 1 -0 0
    outer loop
      vertex -44 22.981 60.7
      vertex -44 24.981 17.2
      vertex -44 32.981 60.7
    endloop
  endfacet
  facet normal 1 0 0
    outer loop
      vertex -44 22.981 6
      vertex -44 24.981 17.2
      vertex -44 22.981 60.7
    endloop
  endfacet
  facet normal 1 0 0
    outer loop
      vertex -44 24.981 14.2
      vertex -44 22.981 6
      vertex -44 23 6
    endloop
  endfacet
  facet normal 1 -0 0
    outer loop
      vertex -44 30.981 14.2
      vertex -44 32.981 -7.62939e-07
      vertex -44 30.981 17.2
    endloop
  endfacet
  facet normal 1 0 0
    outer loop
      vertex -44 23 6
      vertex -44 30.981 14.2
      vertex -44 24.981 14.2
    endloop
  endfacet
  facet normal 1 0 0
    outer loop
      vertex -44 30.981 14.2
      vertex -44 23 6
      vertex -44 32.981 -7.62939e-07
    endloop
  endfacet
  facet normal 1 0 0
    outer loop
      vertex -44 32.981 -7.62939e-07
      vertex -44 23 6
      vertex -44 23 -7.62939e-07
    endloop
  endfacet
  facet normal 0 1 0
    outer loop
      vertex -44 32.981 60.7
      vertex -46 32.981 6
      vertex -50 32.981 60.7
    endloop
  endfacet
  facet normal 0 1 -0
    outer loop
      vertex -44 32.981 -7.62939e-07
      vertex -46 32.981 6
      vertex -44 32.981 60.7
    endloop
  endfacet
  facet normal 0 1 0
    outer loop
      vertex -46 32.981 6
      vertex -44 32.981 -7.62939e-07
      vertex -46 32.981 -7.62939e-07
    endloop
  endfacet
  facet normal 0 1 0
    outer loop
      vertex -50 32.981 60.7
      vertex -46 32.981 6
      vertex -50 32.981 6
    endloop
  endfacet
  facet normal 0 -1 0
    outer loop
      vertex -50 22.981 6
      vertex -44 22.981 60.7
      vertex -50 22.981 60.7
    endloop
  endfacet
  facet normal 0 -1 -0
    outer loop
      vertex -44 22.981 60.7
      vertex -50 22.981 6
      vertex -44 22.981 6
    endloop
  endfacet
  facet normal -0 0 1
    outer loop
      vertex -44 30.981 17.2
      vertex -37 24.981 17.2
      vertex -37 30.981 17.2
    endloop
  endfacet
  facet normal 0 0 1
    outer loop
      vertex -37 24.981 17.2
      vertex -44 30.981 17.2
      vertex -44 24.981 17.2
    endloop
  endfacet
  facet normal 0 0 -1
    outer loop
      vertex -44 24.981 14.2
      vertex -33 30.981 14.2
      vertex -33 24.981 14.2
    endloop
  endfacet
  facet normal -0 0 -1
    outer loop
      vertex -33 30.981 14.2
      vertex -44 24.981 14.2
      vertex -44 30.981 14.2
    endloop
  endfacet
  facet normal 0.993703 0.112048 0
    outer loop
      vertex -47.9749 27.7584 60.7
      vertex -48 27.981 52.7
      vertex -48 27.981 60.7
    endloop
  endfacet
  facet normal 0.993703 0.112048 0
    outer loop
      vertex -48 27.981 52.7
      vertex -47.9749 27.7584 60.7
      vertex -47.9749 27.7584 52.7
    endloop
  endfacet
  facet normal -0.112098 -0.993697 0
    outer loop
      vertex -47 28.981 52.7
      vertex -46.7775 28.9559 60.7
      vertex -47 28.981 60.7
    endloop
  endfacet
  facet normal -0.112098 -0.993697 -0
    outer loop
      vertex -46.7775 28.9559 60.7
      vertex -47 28.981 52.7
      vertex -46.7775 28.9559 52.7
    endloop
  endfacet
  facet normal 0.943984 -0.329992 0
    outer loop
      vertex -47.9749 28.2035 60.7
      vertex -47.901 28.4149 52.7
      vertex -47.901 28.4149 60.7
    endloop
  endfacet
  facet normal 0.943984 -0.329992 0
    outer loop
      vertex -47.901 28.4149 52.7
      vertex -47.9749 28.2035 60.7
      vertex -47.9749 28.2035 52.7
    endloop
  endfacet
  facet normal -0.846591 -0.532245 0
    outer loop
      vertex -46.099 28.4149 52.7
      vertex -46.2182 28.6045 60.7
      vertex -46.2182 28.6045 52.7
    endloop
  endfacet
  facet normal -0.846591 -0.532245 0
    outer loop
      vertex -46.2182 28.6045 60.7
      vertex -46.099 28.4149 52.7
      vertex -46.099 28.4149 60.7
    endloop
  endfacet
  facet normal -0.943984 -0.329992 0
    outer loop
      vertex -46.0251 28.2035 52.7
      vertex -46.099 28.4149 60.7
      vertex -46.099 28.4149 52.7
    endloop
  endfacet
  facet normal -0.943984 -0.329992 0
    outer loop
      vertex -46.099 28.4149 60.7
      vertex -46.0251 28.2035 52.7
      vertex -46.0251 28.2035 60.7
    endloop
  endfacet
  facet normal -0.33039 -0.943844 0
    outer loop
      vertex -46.7775 28.9559 52.7
      vertex -46.5661 28.8819 60.7
      vertex -46.7775 28.9559 60.7
    endloop
  endfacet
  facet normal -0.33039 -0.943844 -0
    outer loop
      vertex -46.5661 28.8819 60.7
      vertex -46.7775 28.9559 52.7
      vertex -46.5661 28.8819 52.7
    endloop
  endfacet
  facet normal 0.112098 -0.993697 0
    outer loop
      vertex -47.2225 28.9559 52.7
      vertex -47 28.981 60.7
      vertex -47.2225 28.9559 60.7
    endloop
  endfacet
  facet normal 0.112098 -0.993697 0
    outer loop
      vertex -47 28.981 60.7
      vertex -47.2225 28.9559 52.7
      vertex -47 28.981 52.7
    endloop
  endfacet
  facet normal 0.846591 -0.532245 0
    outer loop
      vertex -47.901 28.4149 60.7
      vertex -47.7818 28.6045 52.7
      vertex -47.7818 28.6045 60.7
    endloop
  endfacet
  facet normal 0.846591 -0.532245 0
    outer loop
      vertex -47.7818 28.6045 52.7
      vertex -47.901 28.4149 60.7
      vertex -47.901 28.4149 52.7
    endloop
  endfacet
  facet normal -0.993703 0.112048 0
    outer loop
      vertex -46.0251 27.7584 52.7
      vertex -46 27.981 60.7
      vertex -46 27.981 52.7
    endloop
  endfacet
  facet normal -0.993703 0.112048 0
    outer loop
      vertex -46 27.981 60.7
      vertex -46.0251 27.7584 52.7
      vertex -46.0251 27.7584 60.7
    endloop
  endfacet
  facet normal -0.33039 0.943844 0
    outer loop
      vertex -46.5661 27.08 52.7
      vertex -46.7775 27.006 60.7
      vertex -46.5661 27.08 60.7
    endloop
  endfacet
  facet normal -0.33039 0.943844 0
    outer loop
      vertex -46.7775 27.006 60.7
      vertex -46.5661 27.08 52.7
      vertex -46.7775 27.006 52.7
    endloop
  endfacet
  facet normal -0.707107 -0.707107 0
    outer loop
      vertex -46.2182 28.6045 52.7
      vertex -46.3765 28.7628 60.7
      vertex -46.3765 28.7628 52.7
    endloop
  endfacet
  facet normal -0.707107 -0.707107 0
    outer loop
      vertex -46.3765 28.7628 60.7
      vertex -46.2182 28.6045 52.7
      vertex -46.2182 28.6045 60.7
    endloop
  endfacet
  facet normal -0.531925 -0.846792 0
    outer loop
      vertex -46.5661 28.8819 52.7
      vertex -46.3765 28.7628 60.7
      vertex -46.5661 28.8819 60.7
    endloop
  endfacet
  facet normal -0.531925 -0.846792 -0
    outer loop
      vertex -46.3765 28.7628 60.7
      vertex -46.5661 28.8819 52.7
      vertex -46.3765 28.7628 52.7
    endloop
  endfacet
  facet normal 0.993697 -0.112098 0
    outer loop
      vertex -48 27.981 60.7
      vertex -47.9749 28.2035 52.7
      vertex -47.9749 28.2035 60.7
    endloop
  endfacet
  facet normal 0.993697 -0.112098 0
    outer loop
      vertex -47.9749 28.2035 52.7
      vertex -48 27.981 60.7
      vertex -48 27.981 52.7
    endloop
  endfacet
  facet normal 0.707107 -0.707107 0
    outer loop
      vertex -47.7818 28.6045 60.7
      vertex -47.6235 28.7628 52.7
      vertex -47.6235 28.7628 60.7
    endloop
  endfacet
  facet normal 0.707107 -0.707107 0
    outer loop
      vertex -47.6235 28.7628 52.7
      vertex -47.7818 28.6045 60.7
      vertex -47.7818 28.6045 52.7
    endloop
  endfacet
  facet normal 0.33039 -0.943844 0
    outer loop
      vertex -47.4339 28.8819 52.7
      vertex -47.2225 28.9559 60.7
      vertex -47.4339 28.8819 60.7
    endloop
  endfacet
  facet normal 0.33039 -0.943844 0
    outer loop
      vertex -47.2225 28.9559 60.7
      vertex -47.4339 28.8819 52.7
      vertex -47.2225 28.9559 52.7
    endloop
  endfacet
  facet normal 0.531925 -0.846792 0
    outer loop
      vertex -47.6235 28.7628 52.7
      vertex -47.4339 28.8819 60.7
      vertex -47.6235 28.7628 60.7
    endloop
  endfacet
  facet normal 0.531925 -0.846792 0
    outer loop
      vertex -47.4339 28.8819 60.7
      vertex -47.6235 28.7628 52.7
      vertex -47.4339 28.8819 52.7
    endloop
  endfacet
  facet normal -0.993697 -0.112098 0
    outer loop
      vertex -46 27.981 52.7
      vertex -46.0251 28.2035 60.7
      vertex -46.0251 28.2035 52.7
    endloop
  endfacet
  facet normal -0.993697 -0.112098 0
    outer loop
      vertex -46.0251 28.2035 60.7
      vertex -46 27.981 52.7
      vertex -46 27.981 60.7
    endloop
  endfacet
  facet normal -0.70733 0.706883 0
    outer loop
      vertex -46.3765 27.1991 52.7
      vertex -46.2182 27.3575 60.7
      vertex -46.2182 27.3575 52.7
    endloop
  endfacet
  facet normal -0.70733 0.706883 0
    outer loop
      vertex -46.2182 27.3575 60.7
      vertex -46.3765 27.1991 52.7
      vertex -46.3765 27.1991 60.7
    endloop
  endfacet
  facet normal -0.943935 0.330132 0
    outer loop
      vertex -46.099 27.5471 52.7
      vertex -46.0251 27.7584 60.7
      vertex -46.0251 27.7584 52.7
    endloop
  endfacet
  facet normal -0.943935 0.330132 0
    outer loop
      vertex -46.0251 27.7584 60.7
      vertex -46.099 27.5471 52.7
      vertex -46.099 27.5471 60.7
    endloop
  endfacet
  facet normal -0.531925 0.846792 0
    outer loop
      vertex -46.3765 27.1991 52.7
      vertex -46.5661 27.08 60.7
      vertex -46.3765 27.1991 60.7
    endloop
  endfacet
  facet normal -0.531925 0.846792 0
    outer loop
      vertex -46.5661 27.08 60.7
      vertex -46.3765 27.1991 52.7
      vertex -46.5661 27.08 52.7
    endloop
  endfacet
  facet normal 0.111657 0.993747 -0
    outer loop
      vertex -47 26.981 52.7
      vertex -47.2225 27.006 60.7
      vertex -47 26.981 60.7
    endloop
  endfacet
  facet normal 0.111657 0.993747 0
    outer loop
      vertex -47.2225 27.006 60.7
      vertex -47 26.981 52.7
      vertex -47.2225 27.006 52.7
    endloop
  endfacet
  facet normal -0.111657 0.993747 0
    outer loop
      vertex -46.7775 27.006 52.7
      vertex -47 26.981 60.7
      vertex -46.7775 27.006 60.7
    endloop
  endfacet
  facet normal -0.111657 0.993747 0
    outer loop
      vertex -47 26.981 60.7
      vertex -46.7775 27.006 52.7
      vertex -47 26.981 52.7
    endloop
  endfacet
  facet normal 0.846591 0.532245 0
    outer loop
      vertex -47.7818 27.3575 60.7
      vertex -47.901 27.5471 52.7
      vertex -47.901 27.5471 60.7
    endloop
  endfacet
  facet normal 0.846591 0.532245 0
    outer loop
      vertex -47.901 27.5471 52.7
      vertex -47.7818 27.3575 60.7
      vertex -47.7818 27.3575 52.7
    endloop
  endfacet
  facet normal 0 0 1
    outer loop
      vertex -46.0251 28.2035 52.7
      vertex -46.0251 27.7584 52.7
      vertex -46 27.981 52.7
    endloop
  endfacet
  facet normal 0 0 1
    outer loop
      vertex -46.099 28.4149 52.7
      vertex -46.0251 27.7584 52.7
      vertex -46.0251 28.2035 52.7
    endloop
  endfacet
  facet normal 0 0 1
    outer loop
      vertex -46.099 28.4149 52.7
      vertex -46.099 27.5471 52.7
      vertex -46.0251 27.7584 52.7
    endloop
  endfacet
  facet normal 0 0 1
    outer loop
      vertex -46.2182 28.6045 52.7
      vertex -46.099 27.5471 52.7
      vertex -46.099 28.4149 52.7
    endloop
  endfacet
  facet normal 0 0 1
    outer loop
      vertex -46.2182 28.6045 52.7
      vertex -46.2182 27.3575 52.7
      vertex -46.099 27.5471 52.7
    endloop
  endfacet
  facet normal 0 0 1
    outer loop
      vertex -46.3765 28.7628 52.7
      vertex -46.2182 27.3575 52.7
      vertex -46.2182 28.6045 52.7
    endloop
  endfacet
  facet normal 0 0 1
    outer loop
      vertex -46.3765 28.7628 52.7
      vertex -46.3765 27.1991 52.7
      vertex -46.2182 27.3575 52.7
    endloop
  endfacet
  facet normal 0 0 1
    outer loop
      vertex -46.5661 28.8819 52.7
      vertex -46.3765 27.1991 52.7
      vertex -46.3765 28.7628 52.7
    endloop
  endfacet
  facet normal 0 0 1
    outer loop
      vertex -46.5661 28.8819 52.7
      vertex -46.5661 27.08 52.7
      vertex -46.3765 27.1991 52.7
    endloop
  endfacet
  facet normal 0 0 1
    outer loop
      vertex -46.7775 28.9559 52.7
      vertex -46.5661 27.08 52.7
      vertex -46.5661 28.8819 52.7
    endloop
  endfacet
  facet normal 0 0 1
    outer loop
      vertex -46.7775 28.9559 52.7
      vertex -46.7775 27.006 52.7
      vertex -46.5661 27.08 52.7
    endloop
  endfacet
  facet normal 0 0 1
    outer loop
      vertex -47 28.981 52.7
      vertex -46.7775 27.006 52.7
      vertex -46.7775 28.9559 52.7
    endloop
  endfacet
  facet normal 0 0 1
    outer loop
      vertex -47 28.981 52.7
      vertex -47 26.981 52.7
      vertex -46.7775 27.006 52.7
    endloop
  endfacet
  facet normal -0 0 1
    outer loop
      vertex -47.2225 28.9559 52.7
      vertex -47 26.981 52.7
      vertex -47 28.981 52.7
    endloop
  endfacet
  facet normal 0 0 1
    outer loop
      vertex -47.2225 28.9559 52.7
      vertex -47.2225 27.006 52.7
      vertex -47 26.981 52.7
    endloop
  endfacet
  facet normal -0 0 1
    outer loop
      vertex -47.4339 28.8819 52.7
      vertex -47.2225 27.006 52.7
      vertex -47.2225 28.9559 52.7
    endloop
  endfacet
  facet normal 0 0 1
    outer loop
      vertex -47.4339 28.8819 52.7
      vertex -47.4339 27.08 52.7
      vertex -47.2225 27.006 52.7
    endloop
  endfacet
  facet normal -0 0 1
    outer loop
      vertex -47.6235 28.7628 52.7
      vertex -47.4339 27.08 52.7
      vertex -47.4339 28.8819 52.7
    endloop
  endfacet
  facet normal 0 0 1
    outer loop
      vertex -47.6235 28.7628 52.7
      vertex -47.6235 27.1991 52.7
      vertex -47.4339 27.08 52.7
    endloop
  endfacet
  facet normal -0 0 1
    outer loop
      vertex -47.7818 28.6045 52.7
      vertex -47.6235 27.1991 52.7
      vertex -47.6235 28.7628 52.7
    endloop
  endfacet
  facet normal 0 0 1
    outer loop
      vertex -47.7818 28.6045 52.7
      vertex -47.7818 27.3575 52.7
      vertex -47.6235 27.1991 52.7
    endloop
  endfacet
  facet normal -0 0 1
    outer loop
      vertex -47.901 28.4149 52.7
      vertex -47.7818 27.3575 52.7
      vertex -47.7818 28.6045 52.7
    endloop
  endfacet
  facet normal 0 0 1
    outer loop
      vertex -47.901 28.4149 52.7
      vertex -47.901 27.5471 52.7
      vertex -47.7818 27.3575 52.7
    endloop
  endfacet
  facet normal -0 0 1
    outer loop
      vertex -47.9749 28.2035 52.7
      vertex -47.901 27.5471 52.7
      vertex -47.901 28.4149 52.7
    endloop
  endfacet
  facet normal 0 0 1
    outer loop
      vertex -47.9749 28.2035 52.7
      vertex -47.9749 27.7584 52.7
      vertex -47.901 27.5471 52.7
    endloop
  endfacet
  facet normal 0 -0 1
    outer loop
      vertex -47.9749 27.7584 52.7
      vertex -47.9749 28.2035 52.7
      vertex -48 27.981 52.7
    endloop
  endfacet
  facet normal 0.943935 0.330132 0
    outer loop
      vertex -47.901 27.5471 60.7
      vertex -47.9749 27.7584 52.7
      vertex -47.9749 27.7584 60.7
    endloop
  endfacet
  facet normal 0.943935 0.330132 0
    outer loop
      vertex -47.9749 27.7584 52.7
      vertex -47.901 27.5471 60.7
      vertex -47.901 27.5471 52.7
    endloop
  endfacet
  facet normal 0.70733 0.706883 0
    outer loop
      vertex -47.6235 27.1991 60.7
      vertex -47.7818 27.3575 52.7
      vertex -47.7818 27.3575 60.7
    endloop
  endfacet
  facet normal 0.70733 0.706883 0
    outer loop
      vertex -47.7818 27.3575 52.7
      vertex -47.6235 27.1991 60.7
      vertex -47.6235 27.1991 52.7
    endloop
  endfacet
  facet normal -0.846591 0.532245 0
    outer loop
      vertex -46.2182 27.3575 52.7
      vertex -46.099 27.5471 60.7
      vertex -46.099 27.5471 52.7
    endloop
  endfacet
  facet normal -0.846591 0.532245 0
    outer loop
      vertex -46.099 27.5471 60.7
      vertex -46.2182 27.3575 52.7
      vertex -46.2182 27.3575 60.7
    endloop
  endfacet
  facet normal 0.33039 0.943844 -0
    outer loop
      vertex -47.2225 27.006 52.7
      vertex -47.4339 27.08 60.7
      vertex -47.2225 27.006 60.7
    endloop
  endfacet
  facet normal 0.33039 0.943844 0
    outer loop
      vertex -47.4339 27.08 60.7
      vertex -47.2225 27.006 52.7
      vertex -47.4339 27.08 52.7
    endloop
  endfacet
  facet normal 0.531925 0.846792 -0
    outer loop
      vertex -47.4339 27.08 52.7
      vertex -47.6235 27.1991 60.7
      vertex -47.4339 27.08 60.7
    endloop
  endfacet
  facet normal 0.531925 0.846792 0
    outer loop
      vertex -47.6235 27.1991 60.7
      vertex -47.4339 27.08 52.7
      vertex -47.6235 27.1991 52.7
    endloop
  endfacet
  facet normal -1 0 0
    outer loop
      vertex 33 24.981 14.2
      vertex 33 30.981 60.7
      vertex 33 30.981 14.2
    endloop
  endfacet
  facet normal -1 -0 0
    outer loop
      vertex 33 30.981 60.7
      vertex 33 24.981 14.2
      vertex 33 24.981 60.7
    endloop
  endfacet
  facet normal -0 0 1
    outer loop
      vertex 33 30.981 60.7
      vertex 37 24.981 60.7
      vertex 37 30.981 60.7
    endloop
  endfacet
  facet normal 0 0 1
    outer loop
      vertex 37 24.981 60.7
      vertex 33 30.981 60.7
      vertex 33 24.981 60.7
    endloop
  endfacet
  facet normal 1 -0 0
    outer loop
      vertex 37 24.981 60.7
      vertex 37 30.981 17.2
      vertex 37 30.981 60.7
    endloop
  endfacet
  facet normal 1 0 0
    outer loop
      vertex 37 30.981 17.2
      vertex 37 24.981 60.7
      vertex 37 24.981 17.2
    endloop
  endfacet
  facet normal 0 1 0
    outer loop
      vertex 44 30.981 17.2
      vertex 44 30.981 14.2
      vertex 37 30.981 17.2
    endloop
  endfacet
  facet normal 0 1 -0
    outer loop
      vertex 37 30.981 17.2
      vertex 33 30.981 60.7
      vertex 37 30.981 60.7
    endloop
  endfacet
  facet normal 0 1 0
    outer loop
      vertex 37 30.981 17.2
      vertex 33 30.981 14.2
      vertex 33 30.981 60.7
    endloop
  endfacet
  facet normal 0 1 0
    outer loop
      vertex 33 30.981 14.2
      vertex 37 30.981 17.2
      vertex 44 30.981 14.2
    endloop
  endfacet
  facet normal 0 -1 0
    outer loop
      vertex 33 24.981 60.7
      vertex 37 24.981 17.2
      vertex 37 24.981 60.7
    endloop
  endfacet
  facet normal 0 -1 0
    outer loop
      vertex 33 24.981 14.2
      vertex 37 24.981 17.2
      vertex 33 24.981 60.7
    endloop
  endfacet
  facet normal 0 -1 0
    outer loop
      vertex 44 24.981 14.2
      vertex 37 24.981 17.2
      vertex 33 24.981 14.2
    endloop
  endfacet
  facet normal 0 -1 0
    outer loop
      vertex 37 24.981 17.2
      vertex 44 24.981 14.2
      vertex 44 24.981 17.2
    endloop
  endfacet
  facet normal -1 0 0
    outer loop
      vertex 44 30.981 17.2
      vertex 44 32.981 -7.62939e-07
      vertex 44 30.981 14.2
    endloop
  endfacet
  facet normal -1 0 0
    outer loop
      vertex 44 23 6
      vertex 44 30.981 14.2
      vertex 44 32.981 -7.62939e-07
    endloop
  endfacet
  facet normal -1 -0 0
    outer loop
      vertex 44 30.981 14.2
      vertex 44 23 6
      vertex 44 24.981 14.2
    endloop
  endfacet
  facet normal -1 0 0
    outer loop
      vertex 44 23 6
      vertex 44 32.981 -7.62939e-07
      vertex 44 23 -7.62939e-07
    endloop
  endfacet
  facet normal -1 0 0
    outer loop
      vertex 44 32.981 -7.62939e-07
      vertex 44 30.981 17.2
      vertex 44 32.981 60.7
    endloop
  endfacet
  facet normal -1 0 0
    outer loop
      vertex 44 24.981 17.2
      vertex 44 32.981 60.7
      vertex 44 30.981 17.2
    endloop
  endfacet
  facet normal -1 0 0
    outer loop
      vertex 44 22.981 6
      vertex 44 24.981 14.2
      vertex 44 23 6
    endloop
  endfacet
  facet normal -1 -0 0
    outer loop
      vertex 44 24.981 14.2
      vertex 44 22.981 6
      vertex 44 24.981 17.2
    endloop
  endfacet
  facet normal -1 0 0
    outer loop
      vertex 44 24.981 17.2
      vertex 44 22.981 60.7
      vertex 44 32.981 60.7
    endloop
  endfacet
  facet normal -1 0 0
    outer loop
      vertex 44 22.981 60.7
      vertex 44 24.981 17.2
      vertex 44 22.981 6
    endloop
  endfacet
  facet normal 0 0 1
    outer loop
      vertex 50 32.981 60.7
      vertex 48 27.981 60.7
      vertex 50 22.981 60.7
    endloop
  endfacet
  facet normal 0 0 1
    outer loop
      vertex 50 32.981 60.7
      vertex 47.9749 28.2035 60.7
      vertex 48 27.981 60.7
    endloop
  endfacet
  facet normal 0 0 1
    outer loop
      vertex 50 32.981 60.7
      vertex 47.901 28.4149 60.7
      vertex 47.9749 28.2035 60.7
    endloop
  endfacet
  facet normal 0 0 1
    outer loop
      vertex 50 32.981 60.7
      vertex 47.7818 28.6045 60.7
      vertex 47.901 28.4149 60.7
    endloop
  endfacet
  facet normal 0 0 1
    outer loop
      vertex 50 32.981 60.7
      vertex 47.6235 28.7628 60.7
      vertex 47.7818 28.6045 60.7
    endloop
  endfacet
  facet normal 0 0 1
    outer loop
      vertex 50 32.981 60.7
      vertex 47.4339 28.8819 60.7
      vertex 47.6235 28.7628 60.7
    endloop
  endfacet
  facet normal 0 0 1
    outer loop
      vertex 50 32.981 60.7
      vertex 47.2225 28.9559 60.7
      vertex 47.4339 28.8819 60.7
    endloop
  endfacet
  facet normal 0 0 1
    outer loop
      vertex 50 32.981 60.7
      vertex 47 28.981 60.7
      vertex 47.2225 28.9559 60.7
    endloop
  endfacet
  facet normal -0 0 1
    outer loop
      vertex 44 32.981 60.7
      vertex 47 28.981 60.7
      vertex 50 32.981 60.7
    endloop
  endfacet
  facet normal 0 0 1
    outer loop
      vertex 47 28.981 60.7
      vertex 44 32.981 60.7
      vertex 46.7775 28.9559 60.7
    endloop
  endfacet
  facet normal 0 0 1
    outer loop
      vertex 46.7775 28.9559 60.7
      vertex 44 32.981 60.7
      vertex 46.5661 28.8819 60.7
    endloop
  endfacet
  facet normal 0 0 1
    outer loop
      vertex 46.5661 28.8819 60.7
      vertex 44 32.981 60.7
      vertex 46.3765 28.7628 60.7
    endloop
  endfacet
  facet normal 0 0 1
    outer loop
      vertex 46.0251 28.2035 60.7
      vertex 44 32.981 60.7
      vertex 46 27.981 60.7
    endloop
  endfacet
  facet normal 0 0 1
    outer loop
      vertex 46.099 28.4149 60.7
      vertex 44 32.981 60.7
      vertex 46.0251 28.2035 60.7
    endloop
  endfacet
  facet normal 0 0 1
    outer loop
      vertex 46.2182 28.6045 60.7
      vertex 44 32.981 60.7
      vertex 46.099 28.4149 60.7
    endloop
  endfacet
  facet normal 0 0 1
    outer loop
      vertex 46.3765 28.7628 60.7
      vertex 44 32.981 60.7
      vertex 46.2182 28.6045 60.7
    endloop
  endfacet
  facet normal -0 0 1
    outer loop
      vertex 47.9749 27.7584 60.7
      vertex 50 22.981 60.7
      vertex 48 27.981 60.7
    endloop
  endfacet
  facet normal -0 0 1
    outer loop
      vertex 47.901 27.5471 60.7
      vertex 50 22.981 60.7
      vertex 47.9749 27.7584 60.7
    endloop
  endfacet
  facet normal -0 0 1
    outer loop
      vertex 47.7818 27.3575 60.7
      vertex 50 22.981 60.7
      vertex 47.901 27.5471 60.7
    endloop
  endfacet
  facet normal -0 0 1
    outer loop
      vertex 47.6235 27.1991 60.7
      vertex 50 22.981 60.7
      vertex 47.7818 27.3575 60.7
    endloop
  endfacet
  facet normal -0 0 1
    outer loop
      vertex 47.4339 27.08 60.7
      vertex 50 22.981 60.7
      vertex 47.6235 27.1991 60.7
    endloop
  endfacet
  facet normal -0 0 1
    outer loop
      vertex 47.2225 27.006 60.7
      vertex 50 22.981 60.7
      vertex 47.4339 27.08 60.7
    endloop
  endfacet
  facet normal -0 0 1
    outer loop
      vertex 47 26.981 60.7
      vertex 50 22.981 60.7
      vertex 47.2225 27.006 60.7
    endloop
  endfacet
  facet normal 0 0 1
    outer loop
      vertex 44 22.981 60.7
      vertex 47 26.981 60.7
      vertex 46.7775 27.006 60.7
    endloop
  endfacet
  facet normal 0 0 1
    outer loop
      vertex 44 22.981 60.7
      vertex 46.7775 27.006 60.7
      vertex 46.5661 27.08 60.7
    endloop
  endfacet
  facet normal 0 0 1
    outer loop
      vertex 44 22.981 60.7
      vertex 46.5661 27.08 60.7
      vertex 46.3765 27.1991 60.7
    endloop
  endfacet
  facet normal 0 0 1
    outer loop
      vertex 44 22.981 60.7
      vertex 46.3765 27.1991 60.7
      vertex 46.2182 27.3575 60.7
    endloop
  endfacet
  facet normal 0 0 1
    outer loop
      vertex 44 22.981 60.7
      vertex 46 27.981 60.7
      vertex 44 32.981 60.7
    endloop
  endfacet
  facet normal 0 0 1
    outer loop
      vertex 46 27.981 60.7
      vertex 44 22.981 60.7
      vertex 46.0251 27.7584 60.7
    endloop
  endfacet
  facet normal 0 0 1
    outer loop
      vertex 47 26.981 60.7
      vertex 44 22.981 60.7
      vertex 50 22.981 60.7
    endloop
  endfacet
  facet normal 0 0 1
    outer loop
      vertex 46.099 27.5471 60.7
      vertex 44 22.981 60.7
      vertex 46.2182 27.3575 60.7
    endloop
  endfacet
  facet normal 0 0 1
    outer loop
      vertex 46.0251 27.7584 60.7
      vertex 44 22.981 60.7
      vertex 46.099 27.5471 60.7
    endloop
  endfacet
  facet normal 0 1 0
    outer loop
      vertex 46 32.981 6
      vertex 50 32.981 60.7
      vertex 50 32.981 6
    endloop
  endfacet
  facet normal 0 1 0
    outer loop
      vertex 50 32.981 60.7
      vertex 46 32.981 6
      vertex 44 32.981 60.7
    endloop
  endfacet
  facet normal 0 1 0
    outer loop
      vertex 44 32.981 -7.62939e-07
      vertex 46 32.981 6
      vertex 46 32.981 -7.62939e-07
    endloop
  endfacet
  facet normal 0 1 0
    outer loop
      vertex 46 32.981 6
      vertex 44 32.981 -7.62939e-07
      vertex 44 32.981 60.7
    endloop
  endfacet
  facet normal 0 -1 0
    outer loop
      vertex 44 22.981 6
      vertex 50 22.981 60.7
      vertex 44 22.981 60.7
    endloop
  endfacet
  facet normal 0 -1 -0
    outer loop
      vertex 50 22.981 60.7
      vertex 44 22.981 6
      vertex 50 22.981 6
    endloop
  endfacet
  facet normal -0 0 1
    outer loop
      vertex 37 30.981 17.2
      vertex 44 24.981 17.2
      vertex 44 30.981 17.2
    endloop
  endfacet
  facet normal 0 0 1
    outer loop
      vertex 44 24.981 17.2
      vertex 37 30.981 17.2
      vertex 37 24.981 17.2
    endloop
  endfacet
  facet normal 0 0 -1
    outer loop
      vertex 33 24.981 14.2
      vertex 44 30.981 14.2
      vertex 44 24.981 14.2
    endloop
  endfacet
  facet normal -0 0 -1
    outer loop
      vertex 44 30.981 14.2
      vertex 33 24.981 14.2
      vertex 33 30.981 14.2
    endloop
  endfacet
  facet normal -0.993697 -0.112098 0
    outer loop
      vertex 48 27.981 52.7
      vertex 47.9749 28.2035 60.7
      vertex 47.9749 28.2035 52.7
    endloop
  endfacet
  facet normal -0.993697 -0.112098 0
    outer loop
      vertex 47.9749 28.2035 60.7
      vertex 48 27.981 52.7
      vertex 48 27.981 60.7
    endloop
  endfacet
  facet normal 0.112098 -0.993697 0
    outer loop
      vertex 46.7775 28.9559 52.7
      vertex 47 28.981 60.7
      vertex 46.7775 28.9559 60.7
    endloop
  endfacet
  facet normal 0.112098 -0.993697 0
    outer loop
      vertex 47 28.981 60.7
      vertex 46.7775 28.9559 52.7
      vertex 47 28.981 52.7
    endloop
  endfacet
  facet normal -0.531925 -0.846792 0
    outer loop
      vertex 47.4339 28.8819 52.7
      vertex 47.6235 28.7628 60.7
      vertex 47.4339 28.8819 60.7
    endloop
  endfacet
  facet normal -0.531925 -0.846792 -0
    outer loop
      vertex 47.6235 28.7628 60.7
      vertex 47.4339 28.8819 52.7
      vertex 47.6235 28.7628 52.7
    endloop
  endfacet
  facet normal -0.33039 -0.943844 0
    outer loop
      vertex 47.2225 28.9559 52.7
      vertex 47.4339 28.8819 60.7
      vertex 47.2225 28.9559 60.7
    endloop
  endfacet
  facet normal -0.33039 -0.943844 -0
    outer loop
      vertex 47.4339 28.8819 60.7
      vertex 47.2225 28.9559 52.7
      vertex 47.4339 28.8819 52.7
    endloop
  endfacet
  facet normal 0.846591 -0.532245 0
    outer loop
      vertex 46.099 28.4149 60.7
      vertex 46.2182 28.6045 52.7
      vertex 46.2182 28.6045 60.7
    endloop
  endfacet
  facet normal 0.846591 -0.532245 0
    outer loop
      vertex 46.2182 28.6045 52.7
      vertex 46.099 28.4149 60.7
      vertex 46.099 28.4149 52.7
    endloop
  endfacet
  facet normal 0.943984 -0.329992 0
    outer loop
      vertex 46.0251 28.2035 60.7
      vertex 46.099 28.4149 52.7
      vertex 46.099 28.4149 60.7
    endloop
  endfacet
  facet normal 0.943984 -0.329992 0
    outer loop
      vertex 46.099 28.4149 52.7
      vertex 46.0251 28.2035 60.7
      vertex 46.0251 28.2035 52.7
    endloop
  endfacet
  facet normal 0.531925 -0.846792 0
    outer loop
      vertex 46.3765 28.7628 52.7
      vertex 46.5661 28.8819 60.7
      vertex 46.3765 28.7628 60.7
    endloop
  endfacet
  facet normal 0.531925 -0.846792 0
    outer loop
      vertex 46.5661 28.8819 60.7
      vertex 46.3765 28.7628 52.7
      vertex 46.5661 28.8819 52.7
    endloop
  endfacet
  facet normal -0.943935 0.330132 0
    outer loop
      vertex 47.901 27.5471 52.7
      vertex 47.9749 27.7584 60.7
      vertex 47.9749 27.7584 52.7
    endloop
  endfacet
  facet normal -0.943935 0.330132 0
    outer loop
      vertex 47.9749 27.7584 60.7
      vertex 47.901 27.5471 52.7
      vertex 47.901 27.5471 60.7
    endloop
  endfacet
  facet normal 0.33039 0.943844 -0
    outer loop
      vertex 46.7775 27.006 52.7
      vertex 46.5661 27.08 60.7
      vertex 46.7775 27.006 60.7
    endloop
  endfacet
  facet normal 0.33039 0.943844 0
    outer loop
      vertex 46.5661 27.08 60.7
      vertex 46.7775 27.006 52.7
      vertex 46.5661 27.08 52.7
    endloop
  endfacet
  facet normal -0.846591 -0.532245 0
    outer loop
      vertex 47.901 28.4149 52.7
      vertex 47.7818 28.6045 60.7
      vertex 47.7818 28.6045 52.7
    endloop
  endfacet
  facet normal -0.846591 -0.532245 0
    outer loop
      vertex 47.7818 28.6045 60.7
      vertex 47.901 28.4149 52.7
      vertex 47.901 28.4149 60.7
    endloop
  endfacet
  facet normal -0.943984 -0.329992 0
    outer loop
      vertex 47.9749 28.2035 52.7
      vertex 47.901 28.4149 60.7
      vertex 47.901 28.4149 52.7
    endloop
  endfacet
  facet normal -0.943984 -0.329992 0
    outer loop
      vertex 47.901 28.4149 60.7
      vertex 47.9749 28.2035 52.7
      vertex 47.9749 28.2035 60.7
    endloop
  endfacet
  facet normal -0.707107 -0.707107 0
    outer loop
      vertex 47.7818 28.6045 52.7
      vertex 47.6235 28.7628 60.7
      vertex 47.6235 28.7628 52.7
    endloop
  endfacet
  facet normal -0.707107 -0.707107 0
    outer loop
      vertex 47.6235 28.7628 60.7
      vertex 47.7818 28.6045 52.7
      vertex 47.7818 28.6045 60.7
    endloop
  endfacet
  facet normal -0.112098 -0.993697 0
    outer loop
      vertex 47 28.981 52.7
      vertex 47.2225 28.9559 60.7
      vertex 47 28.981 60.7
    endloop
  endfacet
  facet normal -0.112098 -0.993697 -0
    outer loop
      vertex 47.2225 28.9559 60.7
      vertex 47 28.981 52.7
      vertex 47.2225 28.9559 52.7
    endloop
  endfacet
  facet normal 0 0 1
    outer loop
      vertex 47.9749 28.2035 52.7
      vertex 47.9749 27.7584 52.7
      vertex 48 27.981 52.7
    endloop
  endfacet
  facet normal 0 0 1
    outer loop
      vertex 47.901 28.4149 52.7
      vertex 47.9749 27.7584 52.7
      vertex 47.9749 28.2035 52.7
    endloop
  endfacet
  facet normal 0 0 1
    outer loop
      vertex 47.901 28.4149 52.7
      vertex 47.901 27.5471 52.7
      vertex 47.9749 27.7584 52.7
    endloop
  endfacet
  facet normal 0 0 1
    outer loop
      vertex 47.7818 28.6045 52.7
      vertex 47.901 27.5471 52.7
      vertex 47.901 28.4149 52.7
    endloop
  endfacet
  facet normal 0 0 1
    outer loop
      vertex 47.7818 28.6045 52.7
      vertex 47.7818 27.3575 52.7
      vertex 47.901 27.5471 52.7
    endloop
  endfacet
  facet normal 0 0 1
    outer loop
      vertex 47.6235 28.7628 52.7
      vertex 47.7818 27.3575 52.7
      vertex 47.7818 28.6045 52.7
    endloop
  endfacet
  facet normal 0 0 1
    outer loop
      vertex 47.6235 28.7628 52.7
      vertex 47.6235 27.1991 52.7
      vertex 47.7818 27.3575 52.7
    endloop
  endfacet
  facet normal 0 0 1
    outer loop
      vertex 47.4339 28.8819 52.7
      vertex 47.6235 27.1991 52.7
      vertex 47.6235 28.7628 52.7
    endloop
  endfacet
  facet normal 0 0 1
    outer loop
      vertex 47.4339 28.8819 52.7
      vertex 47.4339 27.08 52.7
      vertex 47.6235 27.1991 52.7
    endloop
  endfacet
  facet normal 0 0 1
    outer loop
      vertex 47.2225 28.9559 52.7
      vertex 47.4339 27.08 52.7
      vertex 47.4339 28.8819 52.7
    endloop
  endfacet
  facet normal 0 0 1
    outer loop
      vertex 47.2225 28.9559 52.7
      vertex 47.2225 27.006 52.7
      vertex 47.4339 27.08 52.7
    endloop
  endfacet
  facet normal 0 0 1
    outer loop
      vertex 47 28.981 52.7
      vertex 47.2225 27.006 52.7
      vertex 47.2225 28.9559 52.7
    endloop
  endfacet
  facet normal 0 0 1
    outer loop
      vertex 47 28.981 52.7
      vertex 47 26.981 52.7
      vertex 47.2225 27.006 52.7
    endloop
  endfacet
  facet normal -0 0 1
    outer loop
      vertex 46.7775 28.9559 52.7
      vertex 47 26.981 52.7
      vertex 47 28.981 52.7
    endloop
  endfacet
  facet normal 0 0 1
    outer loop
      vertex 46.7775 28.9559 52.7
      vertex 46.7775 27.006 52.7
      vertex 47 26.981 52.7
    endloop
  endfacet
  facet normal -0 0 1
    outer loop
      vertex 46.5661 28.8819 52.7
      vertex 46.7775 27.006 52.7
      vertex 46.7775 28.9559 52.7
    endloop
  endfacet
  facet normal 0 0 1
    outer loop
      vertex 46.5661 28.8819 52.7
      vertex 46.5661 27.08 52.7
      vertex 46.7775 27.006 52.7
    endloop
  endfacet
  facet normal -0 0 1
    outer loop
      vertex 46.3765 28.7628 52.7
      vertex 46.5661 27.08 52.7
      vertex 46.5661 28.8819 52.7
    endloop
  endfacet
  facet normal 0 0 1
    outer loop
      vertex 46.3765 28.7628 52.7
      vertex 46.3765 27.1991 52.7
      vertex 46.5661 27.08 52.7
    endloop
  endfacet
  facet normal -0 0 1
    outer loop
      vertex 46.2182 28.6045 52.7
      vertex 46.3765 27.1991 52.7
      vertex 46.3765 28.7628 52.7
    endloop
  endfacet
  facet normal 0 0 1
    outer loop
      vertex 46.2182 28.6045 52.7
      vertex 46.2182 27.3575 52.7
      vertex 46.3765 27.1991 52.7
    endloop
  endfacet
  facet normal -0 0 1
    outer loop
      vertex 46.099 28.4149 52.7
      vertex 46.2182 27.3575 52.7
      vertex 46.2182 28.6045 52.7
    endloop
  endfacet
  facet normal 0 0 1
    outer loop
      vertex 46.099 28.4149 52.7
      vertex 46.099 27.5471 52.7
      vertex 46.2182 27.3575 52.7
    endloop
  endfacet
  facet normal -0 0 1
    outer loop
      vertex 46.0251 28.2035 52.7
      vertex 46.099 27.5471 52.7
      vertex 46.099 28.4149 52.7
    endloop
  endfacet
  facet normal 0 0 1
    outer loop
      vertex 46.0251 28.2035 52.7
      vertex 46.0251 27.7584 52.7
      vertex 46.099 27.5471 52.7
    endloop
  endfacet
  facet normal 0 -0 1
    outer loop
      vertex 46.0251 27.7584 52.7
      vertex 46.0251 28.2035 52.7
      vertex 46 27.981 52.7
    endloop
  endfacet
  facet normal 0.993697 -0.112098 0
    outer loop
      vertex 46 27.981 60.7
      vertex 46.0251 28.2035 52.7
      vertex 46.0251 28.2035 60.7
    endloop
  endfacet
  facet normal 0.993697 -0.112098 0
    outer loop
      vertex 46.0251 28.2035 52.7
      vertex 46 27.981 60.7
      vertex 46 27.981 52.7
    endloop
  endfacet
  facet normal 0.707107 -0.707107 0
    outer loop
      vertex 46.2182 28.6045 60.7
      vertex 46.3765 28.7628 52.7
      vertex 46.3765 28.7628 60.7
    endloop
  endfacet
  facet normal 0.707107 -0.707107 0
    outer loop
      vertex 46.3765 28.7628 52.7
      vertex 46.2182 28.6045 60.7
      vertex 46.2182 28.6045 52.7
    endloop
  endfacet
  facet normal 0.33039 -0.943844 0
    outer loop
      vertex 46.5661 28.8819 52.7
      vertex 46.7775 28.9559 60.7
      vertex 46.5661 28.8819 60.7
    endloop
  endfacet
  facet normal 0.33039 -0.943844 0
    outer loop
      vertex 46.7775 28.9559 60.7
      vertex 46.5661 28.8819 52.7
      vertex 46.7775 28.9559 52.7
    endloop
  endfacet
  facet normal -0.993703 0.112048 0
    outer loop
      vertex 47.9749 27.7584 52.7
      vertex 48 27.981 60.7
      vertex 48 27.981 52.7
    endloop
  endfacet
  facet normal -0.993703 0.112048 0
    outer loop
      vertex 48 27.981 60.7
      vertex 47.9749 27.7584 52.7
      vertex 47.9749 27.7584 60.7
    endloop
  endfacet
  facet normal -0.33039 0.943844 0
    outer loop
      vertex 47.4339 27.08 52.7
      vertex 47.2225 27.006 60.7
      vertex 47.4339 27.08 60.7
    endloop
  endfacet
  facet normal -0.33039 0.943844 0
    outer loop
      vertex 47.2225 27.006 60.7
      vertex 47.4339 27.08 52.7
      vertex 47.2225 27.006 52.7
    endloop
  endfacet
  facet normal -0.70733 0.706883 0
    outer loop
      vertex 47.6235 27.1991 52.7
      vertex 47.7818 27.3575 60.7
      vertex 47.7818 27.3575 52.7
    endloop
  endfacet
  facet normal -0.70733 0.706883 0
    outer loop
      vertex 47.7818 27.3575 60.7
      vertex 47.6235 27.1991 52.7
      vertex 47.6235 27.1991 60.7
    endloop
  endfacet
  facet normal 0.111657 0.993747 -0
    outer loop
      vertex 47 26.981 52.7
      vertex 46.7775 27.006 60.7
      vertex 47 26.981 60.7
    endloop
  endfacet
  facet normal 0.111657 0.993747 0
    outer loop
      vertex 46.7775 27.006 60.7
      vertex 47 26.981 52.7
      vertex 46.7775 27.006 52.7
    endloop
  endfacet
  facet normal 0.70733 0.706883 0
    outer loop
      vertex 46.3765 27.1991 60.7
      vertex 46.2182 27.3575 52.7
      vertex 46.2182 27.3575 60.7
    endloop
  endfacet
  facet normal 0.70733 0.706883 0
    outer loop
      vertex 46.2182 27.3575 52.7
      vertex 46.3765 27.1991 60.7
      vertex 46.3765 27.1991 52.7
    endloop
  endfacet
  facet normal 0.943935 0.330132 0
    outer loop
      vertex 46.099 27.5471 60.7
      vertex 46.0251 27.7584 52.7
      vertex 46.0251 27.7584 60.7
    endloop
  endfacet
  facet normal 0.943935 0.330132 0
    outer loop
      vertex 46.0251 27.7584 52.7
      vertex 46.099 27.5471 60.7
      vertex 46.099 27.5471 52.7
    endloop
  endfacet
  facet normal 0.993703 0.112048 0
    outer loop
      vertex 46.0251 27.7584 60.7
      vertex 46 27.981 52.7
      vertex 46 27.981 60.7
    endloop
  endfacet
  facet normal 0.993703 0.112048 0
    outer loop
      vertex 46 27.981 52.7
      vertex 46.0251 27.7584 60.7
      vertex 46.0251 27.7584 52.7
    endloop
  endfacet
  facet normal -0.531925 0.846792 0
    outer loop
      vertex 47.6235 27.1991 52.7
      vertex 47.4339 27.08 60.7
      vertex 47.6235 27.1991 60.7
    endloop
  endfacet
  facet normal -0.531925 0.846792 0
    outer loop
      vertex 47.4339 27.08 60.7
      vertex 47.6235 27.1991 52.7
      vertex 47.4339 27.08 52.7
    endloop
  endfacet
  facet normal -0.846591 0.532245 0
    outer loop
      vertex 47.7818 27.3575 52.7
      vertex 47.901 27.5471 60.7
      vertex 47.901 27.5471 52.7
    endloop
  endfacet
  facet normal -0.846591 0.532245 0
    outer loop
      vertex 47.901 27.5471 60.7
      vertex 47.7818 27.3575 52.7
      vertex 47.7818 27.3575 60.7
    endloop
  endfacet
  facet normal -0.111657 0.993747 0
    outer loop
      vertex 47.2225 27.006 52.7
      vertex 47 26.981 60.7
      vertex 47.2225 27.006 60.7
    endloop
  endfacet
  facet normal -0.111657 0.993747 0
    outer loop
      vertex 47 26.981 60.7
      vertex 47.2225 27.006 52.7
      vertex 47 26.981 52.7
    endloop
  endfacet
  facet normal 0.531925 0.846792 -0
    outer loop
      vertex 46.5661 27.08 52.7
      vertex 46.3765 27.1991 60.7
      vertex 46.5661 27.08 60.7
    endloop
  endfacet
  facet normal 0.531925 0.846792 0
    outer loop
      vertex 46.3765 27.1991 60.7
      vertex 46.5661 27.08 52.7
      vertex 46.3765 27.1991 52.7
    endloop
  endfacet
  facet normal 0.846591 0.532245 0
    outer loop
      vertex 46.2182 27.3575 60.7
      vertex 46.099 27.5471 52.7
      vertex 46.099 27.5471 60.7
    endloop
  endfacet
  facet normal 0.846591 0.532245 0
    outer loop
      vertex 46.099 27.5471 52.7
      vertex 46.2182 27.3575 60.7
      vertex 46.2182 27.3575 52.7
    endloop
  endfacet
  facet normal 0 0 1
    outer loop
      vertex -44 44.0241 42.6
      vertex -46 40.0241 42.6
      vertex -44 36.0241 42.6
    endloop
  endfacet
  facet normal 0 0 1
    outer loop
      vertex -44 44.0241 42.6
      vertex -46.0251 40.2466 42.6
      vertex -46 40.0241 42.6
    endloop
  endfacet
  facet normal 0 0 1
    outer loop
      vertex -44 44.0241 42.6
      vertex -46.099 40.458 42.6
      vertex -46.0251 40.2466 42.6
    endloop
  endfacet
  facet normal 0 0 1
    outer loop
      vertex -44 44.0241 42.6
      vertex -46.2182 40.6476 42.6
      vertex -46.099 40.458 42.6
    endloop
  endfacet
  facet normal 0 0 1
    outer loop
      vertex -44 44.0241 42.6
      vertex -46.3765 40.8059 42.6
      vertex -46.2182 40.6476 42.6
    endloop
  endfacet
  facet normal 0 0 1
    outer loop
      vertex -44 44.0241 42.6
      vertex -46.5661 40.9251 42.6
      vertex -46.3765 40.8059 42.6
    endloop
  endfacet
  facet normal 0 0 1
    outer loop
      vertex -44 44.0241 42.6
      vertex -46.7775 40.999 42.6
      vertex -46.5661 40.9251 42.6
    endloop
  endfacet
  facet normal 0 0 1
    outer loop
      vertex -44 44.0241 42.6
      vertex -47 41.0241 42.6
      vertex -46.7775 40.999 42.6
    endloop
  endfacet
  facet normal -0 0 1
    outer loop
      vertex -50 44.0241 42.6
      vertex -47 41.0241 42.6
      vertex -44 44.0241 42.6
    endloop
  endfacet
  facet normal 0 0 1
    outer loop
      vertex -47 41.0241 42.6
      vertex -50 44.0241 42.6
      vertex -47.2225 40.999 42.6
    endloop
  endfacet
  facet normal 0 0 1
    outer loop
      vertex -47.2225 40.999 42.6
      vertex -50 44.0241 42.6
      vertex -47.4339 40.9251 42.6
    endloop
  endfacet
  facet normal 0 0 1
    outer loop
      vertex -47.9749 40.2466 42.6
      vertex -50 44.0241 42.6
      vertex -48 40.0241 42.6
    endloop
  endfacet
  facet normal 0 0 1
    outer loop
      vertex -47.901 40.458 42.6
      vertex -50 44.0241 42.6
      vertex -47.9749 40.2466 42.6
    endloop
  endfacet
  facet normal 0 0 1
    outer loop
      vertex -47.7818 40.6476 42.6
      vertex -50 44.0241 42.6
      vertex -47.901 40.458 42.6
    endloop
  endfacet
  facet normal 0 0 1
    outer loop
      vertex -47.6235 40.8059 42.6
      vertex -50 44.0241 42.6
      vertex -47.7818 40.6476 42.6
    endloop
  endfacet
  facet normal 0 0 1
    outer loop
      vertex -47.4339 40.9251 42.6
      vertex -50 44.0241 42.6
      vertex -47.6235 40.8059 42.6
    endloop
  endfacet
  facet normal -0 0 1
    outer loop
      vertex -46.0251 39.8016 42.6
      vertex -44 36.0241 42.6
      vertex -46 40.0241 42.6
    endloop
  endfacet
  facet normal -0 0 1
    outer loop
      vertex -46.099 39.5902 42.6
      vertex -44 36.0241 42.6
      vertex -46.0251 39.8016 42.6
    endloop
  endfacet
  facet normal -0 0 1
    outer loop
      vertex -46.2182 39.4006 42.6
      vertex -44 36.0241 42.6
      vertex -46.099 39.5902 42.6
    endloop
  endfacet
  facet normal -0 0 1
    outer loop
      vertex -46.3765 39.2423 42.6
      vertex -44 36.0241 42.6
      vertex -46.2182 39.4006 42.6
    endloop
  endfacet
  facet normal -0 0 1
    outer loop
      vertex -46.5661 39.1231 42.6
      vertex -44 36.0241 42.6
      vertex -46.3765 39.2423 42.6
    endloop
  endfacet
  facet normal -0 0 1
    outer loop
      vertex -46.7775 39.0492 42.6
      vertex -44 36.0241 42.6
      vertex -46.5661 39.1231 42.6
    endloop
  endfacet
  facet normal -0 0 1
    outer loop
      vertex -47 39.0241 42.6
      vertex -44 36.0241 42.6
      vertex -46.7775 39.0492 42.6
    endloop
  endfacet
  facet normal 0 0 1
    outer loop
      vertex -50 36.0241 42.6
      vertex -47 39.0241 42.6
      vertex -47.2225 39.0492 42.6
    endloop
  endfacet
  facet normal 0 0 1
    outer loop
      vertex -50 36.0241 42.6
      vertex -47.2225 39.0492 42.6
      vertex -47.4339 39.1231 42.6
    endloop
  endfacet
  facet normal 0 0 1
    outer loop
      vertex -50 36.0241 42.6
      vertex -47.4339 39.1231 42.6
      vertex -47.6235 39.2423 42.6
    endloop
  endfacet
  facet normal 0 0 1
    outer loop
      vertex -50 36.0241 42.6
      vertex -48 40.0241 42.6
      vertex -50 44.0241 42.6
    endloop
  endfacet
  facet normal 0 0 1
    outer loop
      vertex -48 40.0241 42.6
      vertex -50 36.0241 42.6
      vertex -47.9749 39.8016 42.6
    endloop
  endfacet
  facet normal 0 0 1
    outer loop
      vertex -47 39.0241 42.6
      vertex -50 36.0241 42.6
      vertex -44 36.0241 42.6
    endloop
  endfacet
  facet normal 0 0 1
    outer loop
      vertex -47.7818 39.4006 42.6
      vertex -50 36.0241 42.6
      vertex -47.6235 39.2423 42.6
    endloop
  endfacet
  facet normal 0 0 1
    outer loop
      vertex -47.901 39.5902 42.6
      vertex -50 36.0241 42.6
      vertex -47.7818 39.4006 42.6
    endloop
  endfacet
  facet normal 0 0 1
    outer loop
      vertex -47.9749 39.8016 42.6
      vertex -50 36.0241 42.6
      vertex -47.901 39.5902 42.6
    endloop
  endfacet
  facet normal 1 0 0
    outer loop
      vertex -44 44.0241 42.6
      vertex -44 39.7355 9
      vertex -44 44.0241 -7.62939e-07
    endloop
  endfacet
  facet normal 1 -0 0
    outer loop
      vertex -44 36.0241 42.6
      vertex -44 39.7355 9
      vertex -44 44.0241 42.6
    endloop
  endfacet
  facet normal 1 0 0
    outer loop
      vertex -44 39.7355 9
      vertex -44 36.0241 42.6
      vertex -44 36.0241 9
    endloop
  endfacet
  facet normal 1 0 0
    outer loop
      vertex -44 44.0241 -7.62939e-07
      vertex -44 39.7355 9
      vertex -44 39.7355 -7.62939e-07
    endloop
  endfacet
  facet normal 0 1 0
    outer loop
      vertex -44 44.0241 42.6
      vertex -44.167 44.0241 9
      vertex -50 44.0241 42.6
    endloop
  endfacet
  facet normal 0 1 -0
    outer loop
      vertex -44 44.0241 -7.62939e-07
      vertex -44.167 44.0241 9
      vertex -44 44.0241 42.6
    endloop
  endfacet
  facet normal 0 1 0
    outer loop
      vertex -44.167 44.0241 9
      vertex -44 44.0241 -7.62939e-07
      vertex -44.167 44.0241 -7.62939e-07
    endloop
  endfacet
  facet normal 0 1 -0
    outer loop
      vertex -49.8329 44.0241 9
      vertex -50 44.0241 42.6
      vertex -44.167 44.0241 9
    endloop
  endfacet
  facet normal 0 1 0
    outer loop
      vertex -50 44.0241 6
      vertex -49.8329 44.0241 9
      vertex -49.8329 44.0241 6
    endloop
  endfacet
  facet normal 0 1 0
    outer loop
      vertex -49.8329 44.0241 9
      vertex -50 44.0241 6
      vertex -50 44.0241 42.6
    endloop
  endfacet
  facet normal 0 -1 0
    outer loop
      vertex -50 36.0241 42.6
      vertex -45.0251 36.0241 9
      vertex -44 36.0241 42.6
    endloop
  endfacet
  facet normal 0 -1 0
    outer loop
      vertex -50 36.0241 6
      vertex -45.0251 36.0241 9
      vertex -50 36.0241 42.6
    endloop
  endfacet
  facet normal 0 -1 0
    outer loop
      vertex -46 36.0241 6
      vertex -45.0251 36.0241 9
      vertex -50 36.0241 6
    endloop
  endfacet
  facet normal 0 -1 0
    outer loop
      vertex -45.0251 36.0241 -7.62939e-07
      vertex -46 36.0241 6
      vertex -46 36.0241 -7.62939e-07
    endloop
  endfacet
  facet normal 0 -1 0
    outer loop
      vertex -46 36.0241 6
      vertex -45.0251 36.0241 -7.62939e-07
      vertex -45.0251 36.0241 9
    endloop
  endfacet
  facet normal 0 -1 -0
    outer loop
      vertex -44 36.0241 42.6
      vertex -45.0251 36.0241 9
      vertex -44 36.0241 9
    endloop
  endfacet
  facet normal 0.993697 0.112098 0
    outer loop
      vertex -47.9749 39.8016 42.6
      vertex -48 40.0241 34.6
      vertex -48 40.0241 42.6
    endloop
  endfacet
  facet normal 0.993697 0.112098 0
    outer loop
      vertex -48 40.0241 34.6
      vertex -47.9749 39.8016 42.6
      vertex -47.9749 39.8016 34.6
    endloop
  endfacet
  facet normal -0.112098 -0.993697 0
    outer loop
      vertex -47 41.0241 34.6
      vertex -46.7775 40.999 42.6
      vertex -47 41.0241 42.6
    endloop
  endfacet
  facet normal -0.112098 -0.993697 -0
    outer loop
      vertex -46.7775 40.999 42.6
      vertex -47 41.0241 34.6
      vertex -46.7775 40.999 34.6
    endloop
  endfacet
  facet normal -0.993697 0.112098 0
    outer loop
      vertex -46.0251 39.8016 34.6
      vertex -46 40.0241 42.6
      vertex -46 40.0241 34.6
    endloop
  endfacet
  facet normal -0.993697 0.112098 0
    outer loop
      vertex -46 40.0241 42.6
      vertex -46.0251 39.8016 34.6
      vertex -46.0251 39.8016 42.6
    endloop
  endfacet
  facet normal -0.846591 -0.532245 0
    outer loop
      vertex -46.099 40.458 34.6
      vertex -46.2182 40.6476 42.6
      vertex -46.2182 40.6476 34.6
    endloop
  endfacet
  facet normal -0.846591 -0.532245 0
    outer loop
      vertex -46.2182 40.6476 42.6
      vertex -46.099 40.458 34.6
      vertex -46.099 40.458 42.6
    endloop
  endfacet
  facet normal -0.943984 -0.329992 0
    outer loop
      vertex -46.0251 40.2466 34.6
      vertex -46.099 40.458 42.6
      vertex -46.099 40.458 34.6
    endloop
  endfacet
  facet normal -0.943984 -0.329992 0
    outer loop
      vertex -46.099 40.458 42.6
      vertex -46.0251 40.2466 34.6
      vertex -46.0251 40.2466 42.6
    endloop
  endfacet
  facet normal -0.329992 -0.943984 0
    outer loop
      vertex -46.7775 40.999 34.6
      vertex -46.5661 40.9251 42.6
      vertex -46.7775 40.999 42.6
    endloop
  endfacet
  facet normal -0.329992 -0.943984 -0
    outer loop
      vertex -46.5661 40.9251 42.6
      vertex -46.7775 40.999 34.6
      vertex -46.5661 40.9251 34.6
    endloop
  endfacet
  facet normal 0.112098 -0.993697 0
    outer loop
      vertex -47.2225 40.999 34.6
      vertex -47 41.0241 42.6
      vertex -47.2225 40.999 42.6
    endloop
  endfacet
  facet normal 0.112098 -0.993697 0
    outer loop
      vertex -47 41.0241 42.6
      vertex -47.2225 40.999 34.6
      vertex -47 41.0241 34.6
    endloop
  endfacet
  facet normal 0.846591 -0.532245 0
    outer loop
      vertex -47.901 40.458 42.6
      vertex -47.7818 40.6476 34.6
      vertex -47.7818 40.6476 42.6
    endloop
  endfacet
  facet normal 0.846591 -0.532245 0
    outer loop
      vertex -47.7818 40.6476 34.6
      vertex -47.901 40.458 42.6
      vertex -47.901 40.458 34.6
    endloop
  endfacet
  facet normal -0.329992 0.943984 0
    outer loop
      vertex -46.5661 39.1231 34.6
      vertex -46.7775 39.0492 42.6
      vertex -46.5661 39.1231 42.6
    endloop
  endfacet
  facet normal -0.329992 0.943984 0
    outer loop
      vertex -46.7775 39.0492 42.6
      vertex -46.5661 39.1231 34.6
      vertex -46.7775 39.0492 34.6
    endloop
  endfacet
  facet normal -0.707107 -0.707107 0
    outer loop
      vertex -46.2182 40.6476 34.6
      vertex -46.3765 40.8059 42.6
      vertex -46.3765 40.8059 34.6
    endloop
  endfacet
  facet normal -0.707107 -0.707107 0
    outer loop
      vertex -46.3765 40.8059 42.6
      vertex -46.2182 40.6476 34.6
      vertex -46.2182 40.6476 42.6
    endloop
  endfacet
  facet normal -0.532245 -0.846591 0
    outer loop
      vertex -46.5661 40.9251 34.6
      vertex -46.3765 40.8059 42.6
      vertex -46.5661 40.9251 42.6
    endloop
  endfacet
  facet normal -0.532245 -0.846591 -0
    outer loop
      vertex -46.3765 40.8059 42.6
      vertex -46.5661 40.9251 34.6
      vertex -46.3765 40.8059 34.6
    endloop
  endfacet
  facet normal 0.993697 -0.112098 0
    outer loop
      vertex -48 40.0241 42.6
      vertex -47.9749 40.2466 34.6
      vertex -47.9749 40.2466 42.6
    endloop
  endfacet
  facet normal 0.993697 -0.112098 0
    outer loop
      vertex -47.9749 40.2466 34.6
      vertex -48 40.0241 42.6
      vertex -48 40.0241 34.6
    endloop
  endfacet
  facet normal 0.707107 -0.707107 0
    outer loop
      vertex -47.7818 40.6476 42.6
      vertex -47.6235 40.8059 34.6
      vertex -47.6235 40.8059 42.6
    endloop
  endfacet
  facet normal 0.707107 -0.707107 0
    outer loop
      vertex -47.6235 40.8059 34.6
      vertex -47.7818 40.6476 42.6
      vertex -47.7818 40.6476 34.6
    endloop
  endfacet
  facet normal 0.329992 -0.943984 0
    outer loop
      vertex -47.4339 40.9251 34.6
      vertex -47.2225 40.999 42.6
      vertex -47.4339 40.9251 42.6
    endloop
  endfacet
  facet normal 0.329992 -0.943984 0
    outer loop
      vertex -47.2225 40.999 42.6
      vertex -47.4339 40.9251 34.6
      vertex -47.2225 40.999 34.6
    endloop
  endfacet
  facet normal 0.532245 -0.846591 0
    outer loop
      vertex -47.6235 40.8059 34.6
      vertex -47.4339 40.9251 42.6
      vertex -47.6235 40.8059 42.6
    endloop
  endfacet
  facet normal 0.532245 -0.846591 0
    outer loop
      vertex -47.4339 40.9251 42.6
      vertex -47.6235 40.8059 34.6
      vertex -47.4339 40.9251 34.6
    endloop
  endfacet
  facet normal -0.993697 -0.112098 0
    outer loop
      vertex -46 40.0241 34.6
      vertex -46.0251 40.2466 42.6
      vertex -46.0251 40.2466 34.6
    endloop
  endfacet
  facet normal -0.993697 -0.112098 0
    outer loop
      vertex -46.0251 40.2466 42.6
      vertex -46 40.0241 34.6
      vertex -46 40.0241 42.6
    endloop
  endfacet
  facet normal -0.943984 0.329992 0
    outer loop
      vertex -46.099 39.5902 34.6
      vertex -46.0251 39.8016 42.6
      vertex -46.0251 39.8016 34.6
    endloop
  endfacet
  facet normal -0.943984 0.329992 0
    outer loop
      vertex -46.0251 39.8016 42.6
      vertex -46.099 39.5902 34.6
      vertex -46.099 39.5902 42.6
    endloop
  endfacet
  facet normal -0.707107 0.707107 0
    outer loop
      vertex -46.3765 39.2423 34.6
      vertex -46.2182 39.4006 42.6
      vertex -46.2182 39.4006 34.6
    endloop
  endfacet
  facet normal -0.707107 0.707107 0
    outer loop
      vertex -46.2182 39.4006 42.6
      vertex -46.3765 39.2423 34.6
      vertex -46.3765 39.2423 42.6
    endloop
  endfacet
  facet normal 0.943984 -0.329992 0
    outer loop
      vertex -47.9749 40.2466 42.6
      vertex -47.901 40.458 34.6
      vertex -47.901 40.458 42.6
    endloop
  endfacet
  facet normal 0.943984 -0.329992 0
    outer loop
      vertex -47.901 40.458 34.6
      vertex -47.9749 40.2466 42.6
      vertex -47.9749 40.2466 34.6
    endloop
  endfacet
  facet normal 0.112098 0.993697 -0
    outer loop
      vertex -47 39.0241 34.6
      vertex -47.2225 39.0492 42.6
      vertex -47 39.0241 42.6
    endloop
  endfacet
  facet normal 0.112098 0.993697 0
    outer loop
      vertex -47.2225 39.0492 42.6
      vertex -47 39.0241 34.6
      vertex -47.2225 39.0492 34.6
    endloop
  endfacet
  facet normal -0.846591 0.532245 0
    outer loop
      vertex -46.2182 39.4006 34.6
      vertex -46.099 39.5902 42.6
      vertex -46.099 39.5902 34.6
    endloop
  endfacet
  facet normal -0.846591 0.532245 0
    outer loop
      vertex -46.099 39.5902 42.6
      vertex -46.2182 39.4006 34.6
      vertex -46.2182 39.4006 42.6
    endloop
  endfacet
  facet normal -0.532245 0.846591 0
    outer loop
      vertex -46.3765 39.2423 34.6
      vertex -46.5661 39.1231 42.6
      vertex -46.3765 39.2423 42.6
    endloop
  endfacet
  facet normal -0.532245 0.846591 0
    outer loop
      vertex -46.5661 39.1231 42.6
      vertex -46.3765 39.2423 34.6
      vertex -46.5661 39.1231 34.6
    endloop
  endfacet
  facet normal -0.112098 0.993697 0
    outer loop
      vertex -46.7775 39.0492 34.6
      vertex -47 39.0241 42.6
      vertex -46.7775 39.0492 42.6
    endloop
  endfacet
  facet normal -0.112098 0.993697 0
    outer loop
      vertex -47 39.0241 42.6
      vertex -46.7775 39.0492 34.6
      vertex -47 39.0241 34.6
    endloop
  endfacet
  facet normal 0.532245 0.846591 -0
    outer loop
      vertex -47.4339 39.1231 34.6
      vertex -47.6235 39.2423 42.6
      vertex -47.4339 39.1231 42.6
    endloop
  endfacet
  facet normal 0.532245 0.846591 0
    outer loop
      vertex -47.6235 39.2423 42.6
      vertex -47.4339 39.1231 34.6
      vertex -47.6235 39.2423 34.6
    endloop
  endfacet
  facet normal 0.329992 0.943984 -0
    outer loop
      vertex -47.2225 39.0492 34.6
      vertex -47.4339 39.1231 42.6
      vertex -47.2225 39.0492 42.6
    endloop
  endfacet
  facet normal 0.329992 0.943984 0
    outer loop
      vertex -47.4339 39.1231 42.6
      vertex -47.2225 39.0492 34.6
      vertex -47.4339 39.1231 34.6
    endloop
  endfacet
  facet normal 0.846591 0.532245 0
    outer loop
      vertex -47.7818 39.4006 42.6
      vertex -47.901 39.5902 34.6
      vertex -47.901 39.5902 42.6
    endloop
  endfacet
  facet normal 0.846591 0.532245 0
    outer loop
      vertex -47.901 39.5902 34.6
      vertex -47.7818 39.4006 42.6
      vertex -47.7818 39.4006 34.6
    endloop
  endfacet
  facet normal 0 0 1
    outer loop
      vertex -46.0251 40.2466 34.6
      vertex -46.0251 39.8016 34.6
      vertex -46 40.0241 34.6
    endloop
  endfacet
  facet normal 0 0 1
    outer loop
      vertex -46.099 40.458 34.6
      vertex -46.0251 39.8016 34.6
      vertex -46.0251 40.2466 34.6
    endloop
  endfacet
  facet normal 0 0 1
    outer loop
      vertex -46.099 40.458 34.6
      vertex -46.099 39.5902 34.6
      vertex -46.0251 39.8016 34.6
    endloop
  endfacet
  facet normal 0 0 1
    outer loop
      vertex -46.2182 40.6476 34.6
      vertex -46.099 39.5902 34.6
      vertex -46.099 40.458 34.6
    endloop
  endfacet
  facet normal 0 0 1
    outer loop
      vertex -46.2182 40.6476 34.6
      vertex -46.2182 39.4006 34.6
      vertex -46.099 39.5902 34.6
    endloop
  endfacet
  facet normal 0 0 1
    outer loop
      vertex -46.3765 40.8059 34.6
      vertex -46.2182 39.4006 34.6
      vertex -46.2182 40.6476 34.6
    endloop
  endfacet
  facet normal 0 0 1
    outer loop
      vertex -46.3765 40.8059 34.6
      vertex -46.3765 39.2423 34.6
      vertex -46.2182 39.4006 34.6
    endloop
  endfacet
  facet normal 0 0 1
    outer loop
      vertex -46.5661 40.9251 34.6
      vertex -46.3765 39.2423 34.6
      vertex -46.3765 40.8059 34.6
    endloop
  endfacet
  facet normal 0 0 1
    outer loop
      vertex -46.5661 40.9251 34.6
      vertex -46.5661 39.1231 34.6
      vertex -46.3765 39.2423 34.6
    endloop
  endfacet
  facet normal 0 0 1
    outer loop
      vertex -46.7775 40.999 34.6
      vertex -46.5661 39.1231 34.6
      vertex -46.5661 40.9251 34.6
    endloop
  endfacet
  facet normal 0 0 1
    outer loop
      vertex -46.7775 40.999 34.6
      vertex -46.7775 39.0492 34.6
      vertex -46.5661 39.1231 34.6
    endloop
  endfacet
  facet normal 0 0 1
    outer loop
      vertex -47 41.0241 34.6
      vertex -46.7775 39.0492 34.6
      vertex -46.7775 40.999 34.6
    endloop
  endfacet
  facet normal 0 0 1
    outer loop
      vertex -47 41.0241 34.6
      vertex -47 39.0241 34.6
      vertex -46.7775 39.0492 34.6
    endloop
  endfacet
  facet normal -0 0 1
    outer loop
      vertex -47.2225 40.999 34.6
      vertex -47 39.0241 34.6
      vertex -47 41.0241 34.6
    endloop
  endfacet
  facet normal 0 0 1
    outer loop
      vertex -47.2225 40.999 34.6
      vertex -47.2225 39.0492 34.6
      vertex -47 39.0241 34.6
    endloop
  endfacet
  facet normal -0 0 1
    outer loop
      vertex -47.4339 40.9251 34.6
      vertex -47.2225 39.0492 34.6
      vertex -47.2225 40.999 34.6
    endloop
  endfacet
  facet normal 0 0 1
    outer loop
      vertex -47.4339 40.9251 34.6
      vertex -47.4339 39.1231 34.6
      vertex -47.2225 39.0492 34.6
    endloop
  endfacet
  facet normal -0 0 1
    outer loop
      vertex -47.6235 40.8059 34.6
      vertex -47.4339 39.1231 34.6
      vertex -47.4339 40.9251 34.6
    endloop
  endfacet
  facet normal 0 0 1
    outer loop
      vertex -47.6235 40.8059 34.6
      vertex -47.6235 39.2423 34.6
      vertex -47.4339 39.1231 34.6
    endloop
  endfacet
  facet normal -0 0 1
    outer loop
      vertex -47.7818 40.6476 34.6
      vertex -47.6235 39.2423 34.6
      vertex -47.6235 40.8059 34.6
    endloop
  endfacet
  facet normal 0 0 1
    outer loop
      vertex -47.7818 40.6476 34.6
      vertex -47.7818 39.4006 34.6
      vertex -47.6235 39.2423 34.6
    endloop
  endfacet
  facet normal -0 0 1
    outer loop
      vertex -47.901 40.458 34.6
      vertex -47.7818 39.4006 34.6
      vertex -47.7818 40.6476 34.6
    endloop
  endfacet
  facet normal 0 0 1
    outer loop
      vertex -47.901 40.458 34.6
      vertex -47.901 39.5902 34.6
      vertex -47.7818 39.4006 34.6
    endloop
  endfacet
  facet normal -0 0 1
    outer loop
      vertex -47.9749 40.2466 34.6
      vertex -47.901 39.5902 34.6
      vertex -47.901 40.458 34.6
    endloop
  endfacet
  facet normal 0 0 1
    outer loop
      vertex -47.9749 40.2466 34.6
      vertex -47.9749 39.8016 34.6
      vertex -47.901 39.5902 34.6
    endloop
  endfacet
  facet normal 0 -0 1
    outer loop
      vertex -47.9749 39.8016 34.6
      vertex -47.9749 40.2466 34.6
      vertex -48 40.0241 34.6
    endloop
  endfacet
  facet normal 0.943984 0.329992 0
    outer loop
      vertex -47.901 39.5902 42.6
      vertex -47.9749 39.8016 34.6
      vertex -47.9749 39.8016 42.6
    endloop
  endfacet
  facet normal 0.943984 0.329992 0
    outer loop
      vertex -47.9749 39.8016 34.6
      vertex -47.901 39.5902 42.6
      vertex -47.901 39.5902 34.6
    endloop
  endfacet
  facet normal 0.707107 0.707107 0
    outer loop
      vertex -47.6235 39.2423 42.6
      vertex -47.7818 39.4006 34.6
      vertex -47.7818 39.4006 42.6
    endloop
  endfacet
  facet normal 0.707107 0.707107 0
    outer loop
      vertex -47.7818 39.4006 34.6
      vertex -47.6235 39.2423 42.6
      vertex -47.6235 39.2423 34.6
    endloop
  endfacet
  facet normal -1 0 0
    outer loop
      vertex 44 39.7355 9
      vertex 44 44.0241 -7.62939e-07
      vertex 44 39.7355 -7.62939e-07
    endloop
  endfacet
  facet normal -1 0 0
    outer loop
      vertex 44 44.0241 -7.62939e-07
      vertex 44 39.7355 9
      vertex 44 44.0241 42.6
    endloop
  endfacet
  facet normal -1 0 0
    outer loop
      vertex 44 36.0241 42.6
      vertex 44 39.7355 9
      vertex 44 36.0241 9
    endloop
  endfacet
  facet normal -1 0 0
    outer loop
      vertex 44 39.7355 9
      vertex 44 36.0241 42.6
      vertex 44 44.0241 42.6
    endloop
  endfacet
  facet normal 0 0 1
    outer loop
      vertex 50 44.0241 42.6
      vertex 48 40.0241 42.6
      vertex 50 36.0241 42.6
    endloop
  endfacet
  facet normal 0 0 1
    outer loop
      vertex 50 44.0241 42.6
      vertex 47.9749 40.2466 42.6
      vertex 48 40.0241 42.6
    endloop
  endfacet
  facet normal 0 0 1
    outer loop
      vertex 50 44.0241 42.6
      vertex 47.901 40.458 42.6
      vertex 47.9749 40.2466 42.6
    endloop
  endfacet
  facet normal 0 0 1
    outer loop
      vertex 50 44.0241 42.6
      vertex 47.7818 40.6476 42.6
      vertex 47.901 40.458 42.6
    endloop
  endfacet
  facet normal 0 0 1
    outer loop
      vertex 50 44.0241 42.6
      vertex 47.6235 40.8059 42.6
      vertex 47.7818 40.6476 42.6
    endloop
  endfacet
  facet normal 0 0 1
    outer loop
      vertex 50 44.0241 42.6
      vertex 47.4339 40.9251 42.6
      vertex 47.6235 40.8059 42.6
    endloop
  endfacet
  facet normal 0 0 1
    outer loop
      vertex 50 44.0241 42.6
      vertex 47.2225 40.999 42.6
      vertex 47.4339 40.9251 42.6
    endloop
  endfacet
  facet normal 0 0 1
    outer loop
      vertex 50 44.0241 42.6
      vertex 47 41.0241 42.6
      vertex 47.2225 40.999 42.6
    endloop
  endfacet
  facet normal -0 0 1
    outer loop
      vertex 44 44.0241 42.6
      vertex 47 41.0241 42.6
      vertex 50 44.0241 42.6
    endloop
  endfacet
  facet normal 0 0 1
    outer loop
      vertex 47 41.0241 42.6
      vertex 44 44.0241 42.6
      vertex 46.7775 40.999 42.6
    endloop
  endfacet
  facet normal 0 0 1
    outer loop
      vertex 46.7775 40.999 42.6
      vertex 44 44.0241 42.6
      vertex 46.5661 40.9251 42.6
    endloop
  endfacet
  facet normal 0 0 1
    outer loop
      vertex 46.0251 40.2466 42.6
      vertex 44 44.0241 42.6
      vertex 46 40.0241 42.6
    endloop
  endfacet
  facet normal 0 0 1
    outer loop
      vertex 46.099 40.458 42.6
      vertex 44 44.0241 42.6
      vertex 46.0251 40.2466 42.6
    endloop
  endfacet
  facet normal 0 0 1
    outer loop
      vertex 46.2182 40.6476 42.6
      vertex 44 44.0241 42.6
      vertex 46.099 40.458 42.6
    endloop
  endfacet
  facet normal 0 0 1
    outer loop
      vertex 46.3765 40.8059 42.6
      vertex 44 44.0241 42.6
      vertex 46.2182 40.6476 42.6
    endloop
  endfacet
  facet normal 0 0 1
    outer loop
      vertex 46.5661 40.9251 42.6
      vertex 44 44.0241 42.6
      vertex 46.3765 40.8059 42.6
    endloop
  endfacet
  facet normal -0 0 1
    outer loop
      vertex 47.9749 39.8016 42.6
      vertex 50 36.0241 42.6
      vertex 48 40.0241 42.6
    endloop
  endfacet
  facet normal -0 0 1
    outer loop
      vertex 47.901 39.5902 42.6
      vertex 50 36.0241 42.6
      vertex 47.9749 39.8016 42.6
    endloop
  endfacet
  facet normal -0 0 1
    outer loop
      vertex 47.7818 39.4006 42.6
      vertex 50 36.0241 42.6
      vertex 47.901 39.5902 42.6
    endloop
  endfacet
  facet normal -0 0 1
    outer loop
      vertex 47.6235 39.2423 42.6
      vertex 50 36.0241 42.6
      vertex 47.7818 39.4006 42.6
    endloop
  endfacet
  facet normal -0 0 1
    outer loop
      vertex 47.4339 39.1231 42.6
      vertex 50 36.0241 42.6
      vertex 47.6235 39.2423 42.6
    endloop
  endfacet
  facet normal -0 0 1
    outer loop
      vertex 47.2225 39.0492 42.6
      vertex 50 36.0241 42.6
      vertex 47.4339 39.1231 42.6
    endloop
  endfacet
  facet normal -0 0 1
    outer loop
      vertex 47 39.0241 42.6
      vertex 50 36.0241 42.6
      vertex 47.2225 39.0492 42.6
    endloop
  endfacet
  facet normal 0 0 1
    outer loop
      vertex 44 36.0241 42.6
      vertex 47 39.0241 42.6
      vertex 46.7775 39.0492 42.6
    endloop
  endfacet
  facet normal 0 0 1
    outer loop
      vertex 44 36.0241 42.6
      vertex 46.7775 39.0492 42.6
      vertex 46.5661 39.1231 42.6
    endloop
  endfacet
  facet normal 0 0 1
    outer loop
      vertex 44 36.0241 42.6
      vertex 46.5661 39.1231 42.6
      vertex 46.3765 39.2423 42.6
    endloop
  endfacet
  facet normal 0 0 1
    outer loop
      vertex 44 36.0241 42.6
      vertex 46 40.0241 42.6
      vertex 44 44.0241 42.6
    endloop
  endfacet
  facet normal 0 0 1
    outer loop
      vertex 46 40.0241 42.6
      vertex 44 36.0241 42.6
      vertex 46.0251 39.8016 42.6
    endloop
  endfacet
  facet normal 0 0 1
    outer loop
      vertex 47 39.0241 42.6
      vertex 44 36.0241 42.6
      vertex 50 36.0241 42.6
    endloop
  endfacet
  facet normal 0 0 1
    outer loop
      vertex 46.2182 39.4006 42.6
      vertex 44 36.0241 42.6
      vertex 46.3765 39.2423 42.6
    endloop
  endfacet
  facet normal 0 0 1
    outer loop
      vertex 46.099 39.5902 42.6
      vertex 44 36.0241 42.6
      vertex 46.2182 39.4006 42.6
    endloop
  endfacet
  facet normal 0 0 1
    outer loop
      vertex 46.0251 39.8016 42.6
      vertex 44 36.0241 42.6
      vertex 46.099 39.5902 42.6
    endloop
  endfacet
  facet normal 0 -1 0
    outer loop
      vertex 45.0251 36.0241 -7.62939e-07
      vertex 46 36.0241 6
      vertex 45.0251 36.0241 9
    endloop
  endfacet
  facet normal 0 -1 -0
    outer loop
      vertex 46 36.0241 6
      vertex 45.0251 36.0241 -7.62939e-07
      vertex 46 36.0241 -7.62939e-07
    endloop
  endfacet
  facet normal 0 -1 0
    outer loop
      vertex 45.0251 36.0241 9
      vertex 44 36.0241 42.6
      vertex 44 36.0241 9
    endloop
  endfacet
  facet normal 0 -1 0
    outer loop
      vertex 44 36.0241 42.6
      vertex 45.0251 36.0241 9
      vertex 50 36.0241 42.6
    endloop
  endfacet
  facet normal 0 -1 0
    outer loop
      vertex 50 36.0241 6
      vertex 45.0251 36.0241 9
      vertex 46 36.0241 6
    endloop
  endfacet
  facet normal 0 -1 0
    outer loop
      vertex 45.0251 36.0241 9
      vertex 50 36.0241 6
      vertex 50 36.0241 42.6
    endloop
  endfacet
  facet normal 0 1 0
    outer loop
      vertex 50 44.0241 42.6
      vertex 49.8329 44.0241 9
      vertex 44 44.0241 42.6
    endloop
  endfacet
  facet normal 0 1 -0
    outer loop
      vertex 50 44.0241 6
      vertex 49.8329 44.0241 9
      vertex 50 44.0241 42.6
    endloop
  endfacet
  facet normal 0 1 0
    outer loop
      vertex 49.8329 44.0241 9
      vertex 50 44.0241 6
      vertex 49.8329 44.0241 6
    endloop
  endfacet
  facet normal 0 1 -0
    outer loop
      vertex 44.167 44.0241 9
      vertex 44 44.0241 42.6
      vertex 49.8329 44.0241 9
    endloop
  endfacet
  facet normal 0 1 0
    outer loop
      vertex 44 44.0241 -7.62939e-07
      vertex 44.167 44.0241 9
      vertex 44.167 44.0241 -7.62939e-07
    endloop
  endfacet
  facet normal 0 1 0
    outer loop
      vertex 44.167 44.0241 9
      vertex 44 44.0241 -7.62939e-07
      vertex 44 44.0241 42.6
    endloop
  endfacet
  facet normal 0 0 1
    outer loop
      vertex 47.9749 40.2466 34.6
      vertex 47.9749 39.8016 34.6
      vertex 48 40.0241 34.6
    endloop
  endfacet
  facet normal 0 0 1
    outer loop
      vertex 47.901 40.458 34.6
      vertex 47.9749 39.8016 34.6
      vertex 47.9749 40.2466 34.6
    endloop
  endfacet
  facet normal 0 0 1
    outer loop
      vertex 47.901 40.458 34.6
      vertex 47.901 39.5902 34.6
      vertex 47.9749 39.8016 34.6
    endloop
  endfacet
  facet normal 0 0 1
    outer loop
      vertex 47.7818 40.6476 34.6
      vertex 47.901 39.5902 34.6
      vertex 47.901 40.458 34.6
    endloop
  endfacet
  facet normal 0 0 1
    outer loop
      vertex 47.7818 40.6476 34.6
      vertex 47.7818 39.4006 34.6
      vertex 47.901 39.5902 34.6
    endloop
  endfacet
  facet normal 0 0 1
    outer loop
      vertex 47.6235 40.8059 34.6
      vertex 47.7818 39.4006 34.6
      vertex 47.7818 40.6476 34.6
    endloop
  endfacet
  facet normal 0 0 1
    outer loop
      vertex 47.6235 40.8059 34.6
      vertex 47.6235 39.2423 34.6
      vertex 47.7818 39.4006 34.6
    endloop
  endfacet
  facet normal 0 0 1
    outer loop
      vertex 47.4339 40.9251 34.6
      vertex 47.6235 39.2423 34.6
      vertex 47.6235 40.8059 34.6
    endloop
  endfacet
  facet normal 0 0 1
    outer loop
      vertex 47.4339 40.9251 34.6
      vertex 47.4339 39.1231 34.6
      vertex 47.6235 39.2423 34.6
    endloop
  endfacet
  facet normal 0 0 1
    outer loop
      vertex 47.2225 40.999 34.6
      vertex 47.4339 39.1231 34.6
      vertex 47.4339 40.9251 34.6
    endloop
  endfacet
  facet normal 0 0 1
    outer loop
      vertex 47.2225 40.999 34.6
      vertex 47.2225 39.0492 34.6
      vertex 47.4339 39.1231 34.6
    endloop
  endfacet
  facet normal 0 0 1
    outer loop
      vertex 47 41.0241 34.6
      vertex 47.2225 39.0492 34.6
      vertex 47.2225 40.999 34.6
    endloop
  endfacet
  facet normal 0 0 1
    outer loop
      vertex 47 41.0241 34.6
      vertex 47 39.0241 34.6
      vertex 47.2225 39.0492 34.6
    endloop
  endfacet
  facet normal -0 0 1
    outer loop
      vertex 46.7775 40.999 34.6
      vertex 47 39.0241 34.6
      vertex 47 41.0241 34.6
    endloop
  endfacet
  facet normal 0 0 1
    outer loop
      vertex 46.7775 40.999 34.6
      vertex 46.7775 39.0492 34.6
      vertex 47 39.0241 34.6
    endloop
  endfacet
  facet normal -0 0 1
    outer loop
      vertex 46.5661 40.9251 34.6
      vertex 46.7775 39.0492 34.6
      vertex 46.7775 40.999 34.6
    endloop
  endfacet
  facet normal 0 0 1
    outer loop
      vertex 46.5661 40.9251 34.6
      vertex 46.5661 39.1231 34.6
      vertex 46.7775 39.0492 34.6
    endloop
  endfacet
  facet normal -0 0 1
    outer loop
      vertex 46.3765 40.8059 34.6
      vertex 46.5661 39.1231 34.6
      vertex 46.5661 40.9251 34.6
    endloop
  endfacet
  facet normal 0 0 1
    outer loop
      vertex 46.3765 40.8059 34.6
      vertex 46.3765 39.2423 34.6
      vertex 46.5661 39.1231 34.6
    endloop
  endfacet
  facet normal -0 0 1
    outer loop
      vertex 46.2182 40.6476 34.6
      vertex 46.3765 39.2423 34.6
      vertex 46.3765 40.8059 34.6
    endloop
  endfacet
  facet normal 0 0 1
    outer loop
      vertex 46.2182 40.6476 34.6
      vertex 46.2182 39.4006 34.6
      vertex 46.3765 39.2423 34.6
    endloop
  endfacet
  facet normal -0 0 1
    outer loop
      vertex 46.099 40.458 34.6
      vertex 46.2182 39.4006 34.6
      vertex 46.2182 40.6476 34.6
    endloop
  endfacet
  facet normal 0 0 1
    outer loop
      vertex 46.099 40.458 34.6
      vertex 46.099 39.5902 34.6
      vertex 46.2182 39.4006 34.6
    endloop
  endfacet
  facet normal -0 0 1
    outer loop
      vertex 46.0251 40.2466 34.6
      vertex 46.099 39.5902 34.6
      vertex 46.099 40.458 34.6
    endloop
  endfacet
  facet normal 0 0 1
    outer loop
      vertex 46.0251 40.2466 34.6
      vertex 46.0251 39.8016 34.6
      vertex 46.099 39.5902 34.6
    endloop
  endfacet
  facet normal 0 -0 1
    outer loop
      vertex 46.0251 39.8016 34.6
      vertex 46.0251 40.2466 34.6
      vertex 46 40.0241 34.6
    endloop
  endfacet
  facet normal -0.993697 0.112098 0
    outer loop
      vertex 47.9749 39.8016 34.6
      vertex 48 40.0241 42.6
      vertex 48 40.0241 34.6
    endloop
  endfacet
  facet normal -0.993697 0.112098 0
    outer loop
      vertex 48 40.0241 42.6
      vertex 47.9749 39.8016 34.6
      vertex 47.9749 39.8016 42.6
    endloop
  endfacet
  facet normal -0.846591 -0.532245 0
    outer loop
      vertex 47.901 40.458 34.6
      vertex 47.7818 40.6476 42.6
      vertex 47.7818 40.6476 34.6
    endloop
  endfacet
  facet normal -0.846591 -0.532245 0
    outer loop
      vertex 47.7818 40.6476 42.6
      vertex 47.901 40.458 34.6
      vertex 47.901 40.458 42.6
    endloop
  endfacet
  facet normal -0.943984 -0.329992 0
    outer loop
      vertex 47.9749 40.2466 34.6
      vertex 47.901 40.458 42.6
      vertex 47.901 40.458 34.6
    endloop
  endfacet
  facet normal -0.943984 -0.329992 0
    outer loop
      vertex 47.901 40.458 42.6
      vertex 47.9749 40.2466 34.6
      vertex 47.9749 40.2466 42.6
    endloop
  endfacet
  facet normal -0.329992 -0.943984 0
    outer loop
      vertex 47.2225 40.999 34.6
      vertex 47.4339 40.9251 42.6
      vertex 47.2225 40.999 42.6
    endloop
  endfacet
  facet normal -0.329992 -0.943984 -0
    outer loop
      vertex 47.4339 40.9251 42.6
      vertex 47.2225 40.999 34.6
      vertex 47.4339 40.9251 34.6
    endloop
  endfacet
  facet normal 0.532245 -0.846591 0
    outer loop
      vertex 46.3765 40.8059 34.6
      vertex 46.5661 40.9251 42.6
      vertex 46.3765 40.8059 42.6
    endloop
  endfacet
  facet normal 0.532245 -0.846591 0
    outer loop
      vertex 46.5661 40.9251 42.6
      vertex 46.3765 40.8059 34.6
      vertex 46.5661 40.9251 34.6
    endloop
  endfacet
  facet normal -0.329992 0.943984 0
    outer loop
      vertex 47.4339 39.1231 34.6
      vertex 47.2225 39.0492 42.6
      vertex 47.4339 39.1231 42.6
    endloop
  endfacet
  facet normal -0.329992 0.943984 0
    outer loop
      vertex 47.2225 39.0492 42.6
      vertex 47.4339 39.1231 34.6
      vertex 47.2225 39.0492 34.6
    endloop
  endfacet
  facet normal -0.707107 -0.707107 0
    outer loop
      vertex 47.7818 40.6476 34.6
      vertex 47.6235 40.8059 42.6
      vertex 47.6235 40.8059 34.6
    endloop
  endfacet
  facet normal -0.707107 -0.707107 0
    outer loop
      vertex 47.6235 40.8059 42.6
      vertex 47.7818 40.6476 34.6
      vertex 47.7818 40.6476 42.6
    endloop
  endfacet
  facet normal 0.112098 -0.993697 0
    outer loop
      vertex 46.7775 40.999 34.6
      vertex 47 41.0241 42.6
      vertex 46.7775 40.999 42.6
    endloop
  endfacet
  facet normal 0.112098 -0.993697 0
    outer loop
      vertex 47 41.0241 42.6
      vertex 46.7775 40.999 34.6
      vertex 47 41.0241 34.6
    endloop
  endfacet
  facet normal -0.532245 -0.846591 0
    outer loop
      vertex 47.4339 40.9251 34.6
      vertex 47.6235 40.8059 42.6
      vertex 47.4339 40.9251 42.6
    endloop
  endfacet
  facet normal -0.532245 -0.846591 -0
    outer loop
      vertex 47.6235 40.8059 42.6
      vertex 47.4339 40.9251 34.6
      vertex 47.6235 40.8059 34.6
    endloop
  endfacet
  facet normal 0.993697 0.112098 0
    outer loop
      vertex 46.0251 39.8016 42.6
      vertex 46 40.0241 34.6
      vertex 46 40.0241 42.6
    endloop
  endfacet
  facet normal 0.993697 0.112098 0
    outer loop
      vertex 46 40.0241 34.6
      vertex 46.0251 39.8016 42.6
      vertex 46.0251 39.8016 34.6
    endloop
  endfacet
  facet normal 0.943984 -0.329992 0
    outer loop
      vertex 46.0251 40.2466 42.6
      vertex 46.099 40.458 34.6
      vertex 46.099 40.458 42.6
    endloop
  endfacet
  facet normal 0.943984 -0.329992 0
    outer loop
      vertex 46.099 40.458 34.6
      vertex 46.0251 40.2466 42.6
      vertex 46.0251 40.2466 34.6
    endloop
  endfacet
  facet normal 0.707107 -0.707107 0
    outer loop
      vertex 46.2182 40.6476 42.6
      vertex 46.3765 40.8059 34.6
      vertex 46.3765 40.8059 42.6
    endloop
  endfacet
  facet normal 0.707107 -0.707107 0
    outer loop
      vertex 46.3765 40.8059 34.6
      vertex 46.2182 40.6476 42.6
      vertex 46.2182 40.6476 34.6
    endloop
  endfacet
  facet normal 0.329992 -0.943984 0
    outer loop
      vertex 46.5661 40.9251 34.6
      vertex 46.7775 40.999 42.6
      vertex 46.5661 40.9251 42.6
    endloop
  endfacet
  facet normal 0.329992 -0.943984 0
    outer loop
      vertex 46.7775 40.999 42.6
      vertex 46.5661 40.9251 34.6
      vertex 46.7775 40.999 34.6
    endloop
  endfacet
  facet normal 0.846591 -0.532245 0
    outer loop
      vertex 46.099 40.458 42.6
      vertex 46.2182 40.6476 34.6
      vertex 46.2182 40.6476 42.6
    endloop
  endfacet
  facet normal 0.846591 -0.532245 0
    outer loop
      vertex 46.2182 40.6476 34.6
      vertex 46.099 40.458 42.6
      vertex 46.099 40.458 34.6
    endloop
  endfacet
  facet normal -0.993697 -0.112098 0
    outer loop
      vertex 48 40.0241 34.6
      vertex 47.9749 40.2466 42.6
      vertex 47.9749 40.2466 34.6
    endloop
  endfacet
  facet normal -0.993697 -0.112098 0
    outer loop
      vertex 47.9749 40.2466 42.6
      vertex 48 40.0241 34.6
      vertex 48 40.0241 42.6
    endloop
  endfacet
  facet normal 0.532245 0.846591 -0
    outer loop
      vertex 46.5661 39.1231 34.6
      vertex 46.3765 39.2423 42.6
      vertex 46.5661 39.1231 42.6
    endloop
  endfacet
  facet normal 0.532245 0.846591 0
    outer loop
      vertex 46.3765 39.2423 42.6
      vertex 46.5661 39.1231 34.6
      vertex 46.3765 39.2423 34.6
    endloop
  endfacet
  facet normal 0.707107 0.707107 0
    outer loop
      vertex 46.3765 39.2423 42.6
      vertex 46.2182 39.4006 34.6
      vertex 46.2182 39.4006 42.6
    endloop
  endfacet
  facet normal 0.707107 0.707107 0
    outer loop
      vertex 46.2182 39.4006 34.6
      vertex 46.3765 39.2423 42.6
      vertex 46.3765 39.2423 34.6
    endloop
  endfacet
  facet normal -0.943984 0.329992 0
    outer loop
      vertex 47.901 39.5902 34.6
      vertex 47.9749 39.8016 42.6
      vertex 47.9749 39.8016 34.6
    endloop
  endfacet
  facet normal -0.943984 0.329992 0
    outer loop
      vertex 47.9749 39.8016 42.6
      vertex 47.901 39.5902 34.6
      vertex 47.901 39.5902 42.6
    endloop
  endfacet
  facet normal -0.707107 0.707107 0
    outer loop
      vertex 47.6235 39.2423 34.6
      vertex 47.7818 39.4006 42.6
      vertex 47.7818 39.4006 34.6
    endloop
  endfacet
  facet normal -0.707107 0.707107 0
    outer loop
      vertex 47.7818 39.4006 42.6
      vertex 47.6235 39.2423 34.6
      vertex 47.6235 39.2423 42.6
    endloop
  endfacet
  facet normal -0.112098 -0.993697 0
    outer loop
      vertex 47 41.0241 34.6
      vertex 47.2225 40.999 42.6
      vertex 47 41.0241 42.6
    endloop
  endfacet
  facet normal -0.112098 -0.993697 -0
    outer loop
      vertex 47.2225 40.999 42.6
      vertex 47 41.0241 34.6
      vertex 47.2225 40.999 34.6
    endloop
  endfacet
  facet normal 0.993697 -0.112098 0
    outer loop
      vertex 46 40.0241 42.6
      vertex 46.0251 40.2466 34.6
      vertex 46.0251 40.2466 42.6
    endloop
  endfacet
  facet normal 0.993697 -0.112098 0
    outer loop
      vertex 46.0251 40.2466 34.6
      vertex 46 40.0241 42.6
      vertex 46 40.0241 34.6
    endloop
  endfacet
  facet normal 0.943984 0.329992 0
    outer loop
      vertex 46.099 39.5902 42.6
      vertex 46.0251 39.8016 34.6
      vertex 46.0251 39.8016 42.6
    endloop
  endfacet
  facet normal 0.943984 0.329992 0
    outer loop
      vertex 46.0251 39.8016 34.6
      vertex 46.099 39.5902 42.6
      vertex 46.099 39.5902 34.6
    endloop
  endfacet
  facet normal -0.846591 0.532245 0
    outer loop
      vertex 47.7818 39.4006 34.6
      vertex 47.901 39.5902 42.6
      vertex 47.901 39.5902 34.6
    endloop
  endfacet
  facet normal -0.846591 0.532245 0
    outer loop
      vertex 47.901 39.5902 42.6
      vertex 47.7818 39.4006 34.6
      vertex 47.7818 39.4006 42.6
    endloop
  endfacet
  facet normal -0.532245 0.846591 0
    outer loop
      vertex 47.6235 39.2423 34.6
      vertex 47.4339 39.1231 42.6
      vertex 47.6235 39.2423 42.6
    endloop
  endfacet
  facet normal -0.532245 0.846591 0
    outer loop
      vertex 47.4339 39.1231 42.6
      vertex 47.6235 39.2423 34.6
      vertex 47.4339 39.1231 34.6
    endloop
  endfacet
  facet normal -0.112098 0.993697 0
    outer loop
      vertex 47.2225 39.0492 34.6
      vertex 47 39.0241 42.6
      vertex 47.2225 39.0492 42.6
    endloop
  endfacet
  facet normal -0.112098 0.993697 0
    outer loop
      vertex 47 39.0241 42.6
      vertex 47.2225 39.0492 34.6
      vertex 47 39.0241 34.6
    endloop
  endfacet
  facet normal 0.112098 0.993697 -0
    outer loop
      vertex 47 39.0241 34.6
      vertex 46.7775 39.0492 42.6
      vertex 47 39.0241 42.6
    endloop
  endfacet
  facet normal 0.112098 0.993697 0
    outer loop
      vertex 46.7775 39.0492 42.6
      vertex 47 39.0241 34.6
      vertex 46.7775 39.0492 34.6
    endloop
  endfacet
  facet normal 0.846591 0.532245 0
    outer loop
      vertex 46.2182 39.4006 42.6
      vertex 46.099 39.5902 34.6
      vertex 46.099 39.5902 42.6
    endloop
  endfacet
  facet normal 0.846591 0.532245 0
    outer loop
      vertex 46.099 39.5902 34.6
      vertex 46.2182 39.4006 42.6
      vertex 46.2182 39.4006 34.6
    endloop
  endfacet
  facet normal 0.329992 0.943984 -0
    outer loop
      vertex 46.7775 39.0492 34.6
      vertex 46.5661 39.1231 42.6
      vertex 46.7775 39.0492 42.6
    endloop
  endfacet
  facet normal 0.329992 0.943984 0
    outer loop
      vertex 46.5661 39.1231 42.6
      vertex 46.7775 39.0492 34.6
      vertex 46.5661 39.1231 34.6
    endloop
  endfacet
  facet normal 0.0871555 0.996195 -6.13997e-06
    outer loop
      vertex -29.8858 7.61467 10
      vertex -29.8933 7.61532 9
      vertex -32.3763 7.83256 10
    endloop
  endfacet
  facet normal 0.086343 0.996265 -0
    outer loop
      vertex -29.8858 7.61467 0.5
      vertex -29.8933 7.61532 9
      vertex -29.8858 7.61467 10
    endloop
  endfacet
  facet normal 0.086343 0.996265 0
    outer loop
      vertex -29.8933 7.61532 9
      vertex -29.8858 7.61467 0.5
      vertex -29.8933 7.61532 0.5
    endloop
  endfacet
  facet normal 0.087158 0.996195 -4.34142e-08
    outer loop
      vertex -32.3715 7.83214 9
      vertex -32.3763 7.83256 10
      vertex -29.8933 7.61532 9
    endloop
  endfacet
  facet normal 0.087167 0.996194 0
    outer loop
      vertex -32.3763 7.83256 0.5
      vertex -32.3715 7.83214 9
      vertex -32.3715 7.83214 0.5
    endloop
  endfacet
  facet normal 0.087167 0.996194 0
    outer loop
      vertex -32.3715 7.83214 9
      vertex -32.3763 7.83256 0.5
      vertex -32.3763 7.83256 10
    endloop
  endfacet
  facet normal 0.087167 0.996194 0
    outer loop
      vertex -32.3715 7.83214 0.5
      vertex -32.3715 7.83214 0.49514
      vertex -32.3763 7.83256 0.5
    endloop
  endfacet
  facet normal 0.086343 0.996265 0
    outer loop
      vertex -29.8933 7.61532 0.5
      vertex -29.8858 7.61467 0.5
      vertex -29.8933 7.61532 0.498134
    endloop
  endfacet
  facet normal 0.086343 0.996265 0
    outer loop
      vertex -29.8858 7.61467 0.5
      vertex -29.8933 7.61532 0.492538
      vertex -29.8933 7.61532 0.498134
    endloop
  endfacet
  facet normal 0 0 -1
    outer loop
      vertex -5.55674 -26.5138 0
      vertex -3.5 -26.5 0
      vertex -3.5 -26.7846 0
    endloop
  endfacet
  facet normal -0 0 -1
    outer loop
      vertex -3.5 -26.5 0
      vertex -5.55674 -26.5138 0
      vertex -5.29627 -25.0366 0
    endloop
  endfacet
  facet normal 0 0 -1
    outer loop
      vertex -5.55674 -26.5138 0
      vertex -7.89398 -24.4607 0
      vertex -5.29627 -25.0366 0
    endloop
  endfacet
  facet normal 0 0 -1
    outer loop
      vertex -8.28221 -25.9096 0
      vertex -7.89398 -24.4607 0
      vertex -5.55674 -26.5138 0
    endloop
  endfacet
  facet normal 0 0 -1
    outer loop
      vertex -8.28221 -25.9096 0
      vertex -10.4316 -23.6606 0
      vertex -7.89398 -24.4607 0
    endloop
  endfacet
  facet normal 0 0 -1
    outer loop
      vertex -10.9446 -25.0702 0
      vertex -10.4316 -23.6606 0
      vertex -8.28221 -25.9096 0
    endloop
  endfacet
  facet normal 0 0 -1
    outer loop
      vertex -10.9446 -25.0702 0
      vertex -12.8899 -22.6424 0
      vertex -10.4316 -23.6606 0
    endloop
  endfacet
  facet normal 0 0 -1
    outer loop
      vertex -13.5238 -24.0019 0
      vertex -12.8899 -22.6424 0
      vertex -10.9446 -25.0702 0
    endloop
  endfacet
  facet normal 0 0 -1
    outer loop
      vertex -13.5238 -24.0019 0
      vertex -15.25 -21.4138 0
      vertex -12.8899 -22.6424 0
    endloop
  endfacet
  facet normal 0 0 -1
    outer loop
      vertex -16 -22.7128 0
      vertex -15.25 -21.4138 0
      vertex -13.5238 -24.0019 0
    endloop
  endfacet
  facet normal 0 0 -1
    outer loop
      vertex -16 -22.7128 0
      vertex -17.4941 -19.9841 0
      vertex -15.25 -21.4138 0
    endloop
  endfacet
  facet normal 0 0 -1
    outer loop
      vertex -18.3544 -21.2129 0
      vertex -17.4941 -19.9841 0
      vertex -16 -22.7128 0
    endloop
  endfacet
  facet normal 0 0 -1
    outer loop
      vertex -18.3544 -21.2129 0
      vertex -19.605 -18.3644 0
      vertex -17.4941 -19.9841 0
    endloop
  endfacet
  facet normal 0 0 -1
    outer loop
      vertex -20.5692 -19.5134 0
      vertex -19.605 -18.3644 0
      vertex -18.3544 -21.2129 0
    endloop
  endfacet
  facet normal 0 0 -1
    outer loop
      vertex -20.5692 -19.5134 0
      vertex -21.5668 -16.5668 0
      vertex -19.605 -18.3644 0
    endloop
  endfacet
  facet normal 0 0 -1
    outer loop
      vertex -22.6274 -17.6274 0
      vertex -21.5668 -16.5668 0
      vertex -20.5692 -19.5134 0
    endloop
  endfacet
  facet normal 0 0 -1
    outer loop
      vertex -22.6274 -17.6274 0
      vertex -23.3644 -14.605 0
      vertex -21.5668 -16.5668 0
    endloop
  endfacet
  facet normal 0 0 -1
    outer loop
      vertex -24.5134 -15.5692 0
      vertex -23.3644 -14.605 0
      vertex -22.6274 -17.6274 0
    endloop
  endfacet
  facet normal 0 0 -1
    outer loop
      vertex -24.5134 -15.5692 0
      vertex -24.9841 -12.4941 0
      vertex -23.3644 -14.605 0
    endloop
  endfacet
  facet normal 0 0 -1
    outer loop
      vertex -26.2129 -13.3544 0
      vertex -24.9841 -12.4941 0
      vertex -24.5134 -15.5692 0
    endloop
  endfacet
  facet normal 0 0 -1
    outer loop
      vertex -26.2129 -13.3544 0
      vertex -26.4138 -10.25 0
      vertex -24.9841 -12.4941 0
    endloop
  endfacet
  facet normal 0 0 -1
    outer loop
      vertex -27.7128 -11 0
      vertex -26.4138 -10.25 0
      vertex -26.2129 -13.3544 0
    endloop
  endfacet
  facet normal -0 0 -1
    outer loop
      vertex -26.4138 -10.25 0
      vertex -27.7128 -11 0
      vertex -27.6424 -7.88986 0
    endloop
  endfacet
  facet normal 0 0 -1
    outer loop
      vertex -29.0019 -8.52378 0
      vertex -27.6424 -7.88986 0
      vertex -27.7128 -11 0
    endloop
  endfacet
  facet normal -0 0 -1
    outer loop
      vertex -27.6424 -7.88986 0
      vertex -29.0019 -8.52378 0
      vertex -28.6606 -5.43161 0
    endloop
  endfacet
  facet normal 0 0 -1
    outer loop
      vertex -30.0702 -5.94464 0
      vertex -28.6606 -5.43161 0
      vertex -29.0019 -8.52378 0
    endloop
  endfacet
  facet normal -0 0 -1
    outer loop
      vertex -28.6606 -5.43161 0
      vertex -30.0702 -5.94464 0
      vertex -29.4607 -2.89398 0
    endloop
  endfacet
  facet normal 0 0 -1
    outer loop
      vertex -30.9096 -3.28221 0
      vertex -29.4607 -2.89398 0
      vertex -30.0702 -5.94464 0
    endloop
  endfacet
  facet normal -0 0 -1
    outer loop
      vertex -29.4607 -2.89398 0
      vertex -30.9096 -3.28221 0
      vertex -30.0366 -0.296269 0
    endloop
  endfacet
  facet normal 0 0 -1
    outer loop
      vertex -31.5138 -0.556741 0
      vertex -30.0366 -0.296269 0
      vertex -30.9096 -3.28221 0
    endloop
  endfacet
  facet normal -0 0 -1
    outer loop
      vertex -30.0366 -0.296269 0
      vertex -31.5138 -0.556741 0
      vertex -30.3839 2.34175 0
    endloop
  endfacet
  facet normal 0 0 -1
    outer loop
      vertex -30.3839 2.34175 0
      vertex -30.501 4.25 0
      vertex -30.4699 4.30974 0
    endloop
  endfacet
  facet normal 0 0 -1
    outer loop
      vertex -31.8782 2.21102 0
      vertex -30.3839 2.34175 0
      vertex -31.5138 -0.556741 0
    endloop
  endfacet
  facet normal 0 0 -1
    outer loop
      vertex -30.3839 2.34175 0
      vertex -30.5713 4.13964 0
      vertex -30.501 4.25 0
    endloop
  endfacet
  facet normal 0 0 -1
    outer loop
      vertex -30.3839 2.34175 0
      vertex -30.6509 4.03582 0
      vertex -30.5713 4.13964 0
    endloop
  endfacet
  facet normal 0 0 -1
    outer loop
      vertex -30.3839 2.34175 0
      vertex -30.7393 3.93934 0
      vertex -30.6509 4.03582 0
    endloop
  endfacet
  facet normal 0 0 -1
    outer loop
      vertex -30.3839 2.34175 0
      vertex -30.8358 3.85093 0
      vertex -30.7393 3.93934 0
    endloop
  endfacet
  facet normal 0 -0 -1
    outer loop
      vertex -31.4118 3.55111 0
      vertex -30.3839 2.34175 0
      vertex -31.8782 2.21102 0
    endloop
  endfacet
  facet normal 0 0 -1
    outer loop
      vertex -30.3839 2.34175 0
      vertex -30.9396 3.77127 0
      vertex -30.8358 3.85093 0
    endloop
  endfacet
  facet normal 0 0 -1
    outer loop
      vertex -30.3839 2.34175 0
      vertex -31.05 3.70096 0
      vertex -30.9396 3.77127 0
    endloop
  endfacet
  facet normal 0 0 -1
    outer loop
      vertex -30.3839 2.34175 0
      vertex -31.1661 3.64054 0
      vertex -31.05 3.70096 0
    endloop
  endfacet
  facet normal 0 0 -1
    outer loop
      vertex -30.3839 2.34175 0
      vertex -31.287 3.59046 0
      vertex -31.1661 3.64054 0
    endloop
  endfacet
  facet normal 0 0 -1
    outer loop
      vertex -30.3839 2.34175 0
      vertex -31.4118 3.55111 0
      vertex -31.287 3.59046 0
    endloop
  endfacet
  facet normal 0 0 -1
    outer loop
      vertex -31.4118 3.55111 0
      vertex -31.8782 2.21102 0
      vertex -31.5395 3.52279 0
    endloop
  endfacet
  facet normal 0 0 -1
    outer loop
      vertex -31.5395 3.52279 0
      vertex -31.8782 2.21102 0
      vertex -31.6693 3.50571 0
    endloop
  endfacet
  facet normal 0 0 -1
    outer loop
      vertex -31.6693 3.50571 0
      vertex -31.8782 2.21102 0
      vertex -31.8 3.5 0
    endloop
  endfacet
  facet normal -0 0 -1
    outer loop
      vertex -31.8 3.5 0
      vertex -31.8782 2.21102 0
      vertex -31.9345 3.5 0
    endloop
  endfacet
  facet normal 0 0 -1
    outer loop
      vertex 31.8782 2.21102 0
      vertex 31.8 3.5 0
      vertex 31.9345 3.5 0
    endloop
  endfacet
  facet normal 0 0 -1
    outer loop
      vertex 31.8782 2.21102 0
      vertex 31.6693 3.50571 0
      vertex 31.8 3.5 0
    endloop
  endfacet
  facet normal 0 0 -1
    outer loop
      vertex 31.8782 2.21102 0
      vertex 31.5395 3.52279 0
      vertex 31.6693 3.50571 0
    endloop
  endfacet
  facet normal 0 0 -1
    outer loop
      vertex 30.3839 2.34175 0
      vertex 31.8782 2.21102 0
      vertex 31.5138 -0.556741 0
    endloop
  endfacet
  facet normal 0 -0 -1
    outer loop
      vertex 31.4118 3.55111 0
      vertex 31.8782 2.21102 0
      vertex 30.3839 2.34175 0
    endloop
  endfacet
  facet normal 0 0 -1
    outer loop
      vertex 31.8782 2.21102 0
      vertex 31.4118 3.55111 0
      vertex 31.5395 3.52279 0
    endloop
  endfacet
  facet normal -0 0 -1
    outer loop
      vertex 31.4118 3.55111 0
      vertex 30.3839 2.34175 0
      vertex 31.287 3.59046 0
    endloop
  endfacet
  facet normal -0 0 -1
    outer loop
      vertex 31.287 3.59046 0
      vertex 30.3839 2.34175 0
      vertex 31.1661 3.64054 0
    endloop
  endfacet
  facet normal -0 0 -1
    outer loop
      vertex 31.1661 3.64054 0
      vertex 30.3839 2.34175 0
      vertex 31.05 3.70096 0
    endloop
  endfacet
  facet normal 0 0 -1
    outer loop
      vertex 30.0366 -0.296269 0
      vertex 31.5138 -0.556741 0
      vertex 30.9096 -3.28221 0
    endloop
  endfacet
  facet normal -0 0 -1
    outer loop
      vertex 31.05 3.70096 0
      vertex 30.3839 2.34175 0
      vertex 30.9396 3.77127 0
    endloop
  endfacet
  facet normal -0 0 -1
    outer loop
      vertex 30.9396 3.77127 0
      vertex 30.3839 2.34175 0
      vertex 30.8358 3.85093 0
    endloop
  endfacet
  facet normal -0 0 -1
    outer loop
      vertex 30.8358 3.85093 0
      vertex 30.3839 2.34175 0
      vertex 30.7393 3.93934 0
    endloop
  endfacet
  facet normal -0 0 -1
    outer loop
      vertex 30.7393 3.93934 0
      vertex 30.3839 2.34175 0
      vertex 30.6509 4.03582 0
    endloop
  endfacet
  facet normal -0 0 -1
    outer loop
      vertex 30.6509 4.03582 0
      vertex 30.3839 2.34175 0
      vertex 30.5713 4.13964 0
    endloop
  endfacet
  facet normal -0 0 -1
    outer loop
      vertex 30.5713 4.13964 0
      vertex 30.3839 2.34175 0
      vertex 30.501 4.25 0
    endloop
  endfacet
  facet normal -0 0 -1
    outer loop
      vertex 30.501 4.25 0
      vertex 30.3839 2.34175 0
      vertex 30.4699 4.30974 0
    endloop
  endfacet
  facet normal 0 0 -1
    outer loop
      vertex 29.4607 -2.89398 0
      vertex 30.9096 -3.28221 0
      vertex 30.0702 -5.94464 0
    endloop
  endfacet
  facet normal 0 0 -1
    outer loop
      vertex 31.5138 -0.556741 0
      vertex 30.0366 -0.296269 0
      vertex 30.3839 2.34175 0
    endloop
  endfacet
  facet normal 0 0 -1
    outer loop
      vertex 30.9096 -3.28221 0
      vertex 29.4607 -2.89398 0
      vertex 30.0366 -0.296269 0
    endloop
  endfacet
  facet normal 0 0 -1
    outer loop
      vertex 28.6606 -5.43161 0
      vertex 30.0702 -5.94464 0
      vertex 29.0019 -8.52378 0
    endloop
  endfacet
  facet normal 0 0 -1
    outer loop
      vertex 30.0702 -5.94464 0
      vertex 28.6606 -5.43161 0
      vertex 29.4607 -2.89398 0
    endloop
  endfacet
  facet normal 0 0 -1
    outer loop
      vertex 27.6424 -7.88986 0
      vertex 29.0019 -8.52378 0
      vertex 27.7128 -11 0
    endloop
  endfacet
  facet normal 0 0 -1
    outer loop
      vertex 29.0019 -8.52378 0
      vertex 27.6424 -7.88986 0
      vertex 28.6606 -5.43161 0
    endloop
  endfacet
  facet normal 0 0 -1
    outer loop
      vertex 27.7128 -11 0
      vertex 26.4138 -10.25 0
      vertex 27.6424 -7.88986 0
    endloop
  endfacet
  facet normal 0 0 -1
    outer loop
      vertex 26.2129 -13.3544 0
      vertex 26.4138 -10.25 0
      vertex 27.7128 -11 0
    endloop
  endfacet
  facet normal 0 0 -1
    outer loop
      vertex 26.2129 -13.3544 0
      vertex 24.9841 -12.4941 0
      vertex 26.4138 -10.25 0
    endloop
  endfacet
  facet normal 0 0 -1
    outer loop
      vertex 24.5134 -15.5692 0
      vertex 24.9841 -12.4941 0
      vertex 26.2129 -13.3544 0
    endloop
  endfacet
  facet normal 0 0 -1
    outer loop
      vertex 24.5134 -15.5692 0
      vertex 23.3644 -14.605 0
      vertex 24.9841 -12.4941 0
    endloop
  endfacet
  facet normal 0 0 -1
    outer loop
      vertex 22.6274 -17.6274 0
      vertex 23.3644 -14.605 0
      vertex 24.5134 -15.5692 0
    endloop
  endfacet
  facet normal 0 0 -1
    outer loop
      vertex 22.6274 -17.6274 0
      vertex 21.5668 -16.5668 0
      vertex 23.3644 -14.605 0
    endloop
  endfacet
  facet normal 0 0 -1
    outer loop
      vertex 20.5692 -19.5134 0
      vertex 21.5668 -16.5668 0
      vertex 22.6274 -17.6274 0
    endloop
  endfacet
  facet normal 0 0 -1
    outer loop
      vertex 20.5692 -19.5134 0
      vertex 19.605 -18.3644 0
      vertex 21.5668 -16.5668 0
    endloop
  endfacet
  facet normal 0 0 -1
    outer loop
      vertex 18.3544 -21.2129 0
      vertex 19.605 -18.3644 0
      vertex 20.5692 -19.5134 0
    endloop
  endfacet
  facet normal 0 0 -1
    outer loop
      vertex 18.3544 -21.2129 0
      vertex 17.4941 -19.9841 0
      vertex 19.605 -18.3644 0
    endloop
  endfacet
  facet normal 0 0 -1
    outer loop
      vertex 16 -22.7128 0
      vertex 17.4941 -19.9841 0
      vertex 18.3544 -21.2129 0
    endloop
  endfacet
  facet normal 0 0 -1
    outer loop
      vertex 16 -22.7128 0
      vertex 15.25 -21.4138 0
      vertex 17.4941 -19.9841 0
    endloop
  endfacet
  facet normal 0 0 -1
    outer loop
      vertex 13.5238 -24.0019 0
      vertex 15.25 -21.4138 0
      vertex 16 -22.7128 0
    endloop
  endfacet
  facet normal 0 0 -1
    outer loop
      vertex 13.5238 -24.0019 0
      vertex 12.8899 -22.6424 0
      vertex 15.25 -21.4138 0
    endloop
  endfacet
  facet normal 0 0 -1
    outer loop
      vertex 10.9446 -25.0702 0
      vertex 12.8899 -22.6424 0
      vertex 13.5238 -24.0019 0
    endloop
  endfacet
  facet normal 0 0 -1
    outer loop
      vertex 10.9446 -25.0702 0
      vertex 10.4316 -23.6606 0
      vertex 12.8899 -22.6424 0
    endloop
  endfacet
  facet normal 0 0 -1
    outer loop
      vertex 8.28221 -25.9096 0
      vertex 10.4316 -23.6606 0
      vertex 10.9446 -25.0702 0
    endloop
  endfacet
  facet normal 0 0 -1
    outer loop
      vertex 8.28221 -25.9096 0
      vertex 7.89398 -24.4607 0
      vertex 10.4316 -23.6606 0
    endloop
  endfacet
  facet normal 0 0 -1
    outer loop
      vertex 5.55674 -26.5138 0
      vertex 7.89398 -24.4607 0
      vertex 8.28221 -25.9096 0
    endloop
  endfacet
  facet normal 0 0 -1
    outer loop
      vertex 5.55674 -26.5138 0
      vertex 5.29627 -25.0366 0
      vertex 7.89398 -24.4607 0
    endloop
  endfacet
  facet normal 0 0 -1
    outer loop
      vertex 3.5 -26.5 0
      vertex 5.55674 -26.5138 0
      vertex 3.5 -26.7846 0
    endloop
  endfacet
  facet normal 0 0 -1
    outer loop
      vertex 5.55674 -26.5138 0
      vertex 3.5 -26.5 0
      vertex 5.29627 -25.0366 0
    endloop
  endfacet
  facet normal 0 0 -1
    outer loop
      vertex 3.5 -26.5 0
      vertex 2.65825 -25.3839 0
      vertex 5.29627 -25.0366 0
    endloop
  endfacet
  facet normal 0 0 -1
    outer loop
      vertex 3.5 -26.5 0
      vertex 0 -25.5 0
      vertex 2.65825 -25.3839 0
    endloop
  endfacet
  facet normal 0 0 -1
    outer loop
      vertex -3.5 -26.5 0
      vertex 0 -25.5 0
      vertex 3.5 -26.5 0
    endloop
  endfacet
  facet normal -0 0 -1
    outer loop
      vertex 0 -25.5 0
      vertex -3.5 -26.5 0
      vertex -2.65825 -25.3839 0
    endloop
  endfacet
  facet normal -0 0 -1
    outer loop
      vertex -2.65825 -25.3839 0
      vertex -3.5 -26.5 0
      vertex -5.29627 -25.0366 0
    endloop
  endfacet
  facet normal 0 0 -1
    outer loop
      vertex -30.501 5.75 0
      vertex -30.4258 6.69978 0
      vertex -30.4699 5.69026 0
    endloop
  endfacet
  facet normal 0 0 -1
    outer loop
      vertex -30.5713 5.86036 0
      vertex -30.4258 6.69978 0
      vertex -30.501 5.75 0
    endloop
  endfacet
  facet normal 0 0 -1
    outer loop
      vertex -30.6509 5.96418 0
      vertex -30.4258 6.69978 0
      vertex -30.5713 5.86036 0
    endloop
  endfacet
  facet normal 0 0 -1
    outer loop
      vertex -30.4258 6.69978 0
      vertex -30.6509 5.96418 0
      vertex -30.5887 6.5974 0
    endloop
  endfacet
  facet normal 0 0 -1
    outer loop
      vertex -30.7393 6.06066 0
      vertex -30.5887 6.5974 0
      vertex -30.6509 5.96418 0
    endloop
  endfacet
  facet normal 0 0 -1
    outer loop
      vertex -30.8358 6.14907 0
      vertex -30.5887 6.5974 0
      vertex -30.7393 6.06066 0
    endloop
  endfacet
  facet normal 0 0 -1
    outer loop
      vertex -30.8358 6.14907 0
      vertex -30.8529 6.50494 0
      vertex -30.5887 6.5974 0
    endloop
  endfacet
  facet normal 0 0 -1
    outer loop
      vertex -30.9396 6.22873 0
      vertex -30.8529 6.50494 0
      vertex -30.8358 6.14907 0
    endloop
  endfacet
  facet normal 0 0 -1
    outer loop
      vertex -31.05 6.29904 0
      vertex -30.8529 6.50494 0
      vertex -30.9396 6.22873 0
    endloop
  endfacet
  facet normal 0 0 -1
    outer loop
      vertex -31.05 6.29904 0
      vertex -31.1311 6.4736 0
      vertex -30.8529 6.50494 0
    endloop
  endfacet
  facet normal 0 0 -1
    outer loop
      vertex -31.1661 6.35946 0
      vertex -31.1311 6.4736 0
      vertex -31.05 6.29904 0
    endloop
  endfacet
  facet normal 0 0 -1
    outer loop
      vertex -31.287 6.40954 0
      vertex -31.1311 6.4736 0
      vertex -31.1661 6.35946 0
    endloop
  endfacet
  facet normal 0 0 -1
    outer loop
      vertex -31.287 6.40954 0
      vertex -31.4092 6.50494 0
      vertex -31.1311 6.4736 0
    endloop
  endfacet
  facet normal 0 0 -1
    outer loop
      vertex -31.4118 6.44889 0
      vertex -31.4092 6.50494 0
      vertex -31.287 6.40954 0
    endloop
  endfacet
  facet normal 0 0 -1
    outer loop
      vertex -31.5395 6.47721 0
      vertex -31.4092 6.50494 0
      vertex -31.4118 6.44889 0
    endloop
  endfacet
  facet normal 0 0 -1
    outer loop
      vertex -31.6734 6.5974 0
      vertex -31.5395 6.47721 0
      vertex -31.6693 6.49429 0
    endloop
  endfacet
  facet normal 0 0 -1
    outer loop
      vertex -31.5395 6.47721 0
      vertex -31.6734 6.5974 0
      vertex -31.4092 6.50494 0
    endloop
  endfacet
  facet normal 0 0 -1
    outer loop
      vertex -31.8 6.5 0
      vertex -31.6734 6.5974 0
      vertex -31.6693 6.49429 0
    endloop
  endfacet
  facet normal 0 0 -1
    outer loop
      vertex -31.8 6.5 0
      vertex -31.9104 6.74632 0
      vertex -31.6734 6.5974 0
    endloop
  endfacet
  facet normal 0 0 -1
    outer loop
      vertex -31.9345 6.5 0
      vertex -31.9104 6.74632 0
      vertex -31.8 6.5 0
    endloop
  endfacet
  facet normal -0 0 -1
    outer loop
      vertex -31.9104 6.74632 0
      vertex -31.9345 6.5 0
      vertex -31.9232 6.75907 0
    endloop
  endfacet
  facet normal 0 0 -1
    outer loop
      vertex 31.9345 6.5 0
      vertex 31.9104 6.74632 0
      vertex 31.9232 6.75907 0
    endloop
  endfacet
  facet normal 0 0 -1
    outer loop
      vertex 31.8 6.5 0
      vertex 31.9104 6.74632 0
      vertex 31.9345 6.5 0
    endloop
  endfacet
  facet normal 0 0 -1
    outer loop
      vertex 31.8 6.5 0
      vertex 31.6734 6.5974 0
      vertex 31.9104 6.74632 0
    endloop
  endfacet
  facet normal 0 0 -1
    outer loop
      vertex 31.6693 6.49429 0
      vertex 31.6734 6.5974 0
      vertex 31.8 6.5 0
    endloop
  endfacet
  facet normal 0 0 -1
    outer loop
      vertex 31.5395 6.47721 0
      vertex 31.6734 6.5974 0
      vertex 31.6693 6.49429 0
    endloop
  endfacet
  facet normal 0 0 -1
    outer loop
      vertex 31.4092 6.50494 0
      vertex 31.5395 6.47721 0
      vertex 31.4118 6.44889 0
    endloop
  endfacet
  facet normal 0 0 -1
    outer loop
      vertex 31.5395 6.47721 0
      vertex 31.4092 6.50494 0
      vertex 31.6734 6.5974 0
    endloop
  endfacet
  facet normal 0 0 -1
    outer loop
      vertex 31.287 6.40954 0
      vertex 31.4092 6.50494 0
      vertex 31.4118 6.44889 0
    endloop
  endfacet
  facet normal 0 0 -1
    outer loop
      vertex 31.1311 6.4736 0
      vertex 31.287 6.40954 0
      vertex 31.1661 6.35946 0
    endloop
  endfacet
  facet normal 0 0 -1
    outer loop
      vertex 31.287 6.40954 0
      vertex 31.1311 6.4736 0
      vertex 31.4092 6.50494 0
    endloop
  endfacet
  facet normal 0 0 -1
    outer loop
      vertex 31.05 6.29904 0
      vertex 31.1311 6.4736 0
      vertex 31.1661 6.35946 0
    endloop
  endfacet
  facet normal 0 0 -1
    outer loop
      vertex 30.8529 6.50494 0
      vertex 31.05 6.29904 0
      vertex 30.9396 6.22873 0
    endloop
  endfacet
  facet normal 0 0 -1
    outer loop
      vertex 31.05 6.29904 0
      vertex 30.8529 6.50494 0
      vertex 31.1311 6.4736 0
    endloop
  endfacet
  facet normal 0 0 -1
    outer loop
      vertex 30.8358 6.14907 0
      vertex 30.8529 6.50494 0
      vertex 30.9396 6.22873 0
    endloop
  endfacet
  facet normal 0 0 -1
    outer loop
      vertex 30.5887 6.5974 0
      vertex 30.8358 6.14907 0
      vertex 30.7393 6.06066 0
    endloop
  endfacet
  facet normal 0 0 -1
    outer loop
      vertex 30.5887 6.5974 0
      vertex 30.7393 6.06066 0
      vertex 30.6509 5.96418 0
    endloop
  endfacet
  facet normal 0 0 -1
    outer loop
      vertex 30.8358 6.14907 0
      vertex 30.5887 6.5974 0
      vertex 30.8529 6.50494 0
    endloop
  endfacet
  facet normal 0 0 -1
    outer loop
      vertex 30.4258 6.69978 0
      vertex 30.6509 5.96418 0
      vertex 30.5713 5.86036 0
    endloop
  endfacet
  facet normal 0 0 -1
    outer loop
      vertex 30.4258 6.69978 0
      vertex 30.5713 5.86036 0
      vertex 30.501 5.75 0
    endloop
  endfacet
  facet normal 0 0 -1
    outer loop
      vertex 30.4258 6.69978 0
      vertex 30.501 5.75 0
      vertex 30.4699 5.69026 0
    endloop
  endfacet
  facet normal 0 0 -1
    outer loop
      vertex 30.6509 5.96418 0
      vertex 30.4258 6.69978 0
      vertex 30.5887 6.5974 0
    endloop
  endfacet
  facet normal 0.703675 -0.0301297 -0.709883
    outer loop
      vertex -29.8858 7.61467 0.5
      vertex -29.9124 7.44547 0.480814
      vertex -29.8933 7.61532 0.492538
    endloop
  endfacet
  facet normal 0.70633 -0.0308501 -0.70721
    outer loop
      vertex -30 5 0.5
      vertex -29.9124 7.44547 0.480814
      vertex -29.8858 7.61467 0.5
    endloop
  endfacet
  facet normal 0.706579 -0.0308571 -0.706961
    outer loop
      vertex -30 5 0.5
      vertex -30.0049 7.18126 0.399896
      vertex -29.9124 7.44547 0.480814
    endloop
  endfacet
  facet normal 0.706822 -0.0308454 -0.706718
    outer loop
      vertex -30 5 0.5
      vertex -30.1538 6.94424 0.261319
      vertex -30.0049 7.18126 0.399896
    endloop
  endfacet
  facet normal 0.706735 -0.030863 -0.706805
    outer loop
      vertex -30.1538 6.94424 0.261319
      vertex -30 5 0.5
      vertex -30.2648 6.83326 0.155176
    endloop
  endfacet
  facet normal 0.70663 -0.0308685 -0.706909
    outer loop
      vertex -30.3517 6.74632 0.0720385
      vertex -30.4699 5.69026 0
      vertex -30.4258 6.69978 0
    endloop
  endfacet
  facet normal 0.706941 -0.0309247 -0.706596
    outer loop
      vertex -30.2648 6.83326 0.155176
      vertex -30.4699 5.69026 0
      vertex -30.3517 6.74632 0.0720385
    endloop
  endfacet
  facet normal 0.706096 -0.0306566 -0.707453
    outer loop
      vertex -30.2648 6.83326 0.155176
      vertex -30.4405 5.63393 0.0317846
      vertex -30.4699 5.69026 0
    endloop
  endfacet
  facet normal 0.707196 -0.0309322 -0.706341
    outer loop
      vertex -30.2648 6.83326 0.155176
      vertex -30.3905 5.51303 0.0871396
      vertex -30.4405 5.63393 0.0317846
    endloop
  endfacet
  facet normal 0.706732 -0.030864 -0.706808
    outer loop
      vertex -30 5 0.5
      vertex -30.3905 5.51303 0.0871396
      vertex -30.2648 6.83326 0.155176
    endloop
  endfacet
  facet normal 0.707034 -0.0304069 -0.706526
    outer loop
      vertex -30.3905 5.51303 0.0871396
      vertex -30 5 0.5
      vertex -30.3511 5.38823 0.131939
    endloop
  endfacet
  facet normal 0.706692 -0.0310155 -0.706841
    outer loop
      vertex -30.3511 5.38823 0.131939
      vertex -30 5 0.5
      vertex -30.3228 5.26047 0.165839
    endloop
  endfacet
  facet normal 0.706807 -0.0307412 -0.706738
    outer loop
      vertex -30.3228 5.26047 0.165839
      vertex -30 5 0.5
      vertex -30.3057 5.13073 0.188584
    endloop
  endfacet
  facet normal 0.706768 -0.0309081 -0.70677
    outer loop
      vertex -30.3057 5.13073 0.188584
      vertex -30 5 0.5
      vertex -30.3 5 0.200001
    endloop
  endfacet
  facet normal 0.999048 -0.043635 0
    outer loop
      vertex -30 5 10
      vertex -29.8858 7.61467 0.5
      vertex -29.8858 7.61467 10
    endloop
  endfacet
  facet normal 0.999048 -0.043635 0
    outer loop
      vertex -29.8858 7.61467 0.5
      vertex -30 5 10
      vertex -30 5 0.5
    endloop
  endfacet
  facet normal -0.999048 0.0436337 0
    outer loop
      vertex -32.4345 6.5 0.5
      vertex -32.3763 7.83256 10
      vertex -32.3763 7.83256 0.5
    endloop
  endfacet
  facet normal -0.999048 0.0436337 0
    outer loop
      vertex -32.4345 6.5 10
      vertex -32.3763 7.83256 10
      vertex -32.4345 6.5 0.5
    endloop
  endfacet
  facet normal -0 0 1
    outer loop
      vertex -32.4345 6.5 10
      vertex -32.5 5 10
      vertex -32.3763 7.83256 10
    endloop
  endfacet
  facet normal -0.709808 0.0309079 -0.703716
    outer loop
      vertex -32.3715 7.83214 0.49514
      vertex -32.3734 7.8105 0.496106
      vertex -32.3763 7.83256 0.5
    endloop
  endfacet
  facet normal -0.706741 0.0308263 -0.7068
    outer loop
      vertex -32.1993 6.5 0.264778
      vertex -31.9232 6.75907 0
      vertex -31.9345 6.5 0
    endloop
  endfacet
  facet normal -0.706737 0.0308175 -0.706805
    outer loop
      vertex -31.9232 6.75907 0
      vertex -32.1993 6.5 0.264778
      vertex -32.1084 6.94424 0.193256
    endloop
  endfacet
  facet normal -0.706833 0.0308527 -0.706707
    outer loop
      vertex -32.1993 6.5 0.264778
      vertex -32.2573 7.18126 0.35253
      vertex -32.1084 6.94424 0.193256
    endloop
  endfacet
  facet normal -0.706768 0.0308664 -0.706772
    outer loop
      vertex -32.2573 7.18126 0.35253
      vertex -32.1993 6.5 0.264778
      vertex -32.3097 7.33104 0.411471
    endloop
  endfacet
  facet normal -0.708558 0.0312916 -0.704959
    outer loop
      vertex -32.3811 7.7236 0.499988
      vertex -32.3763 7.83256 0.5
      vertex -32.3734 7.8105 0.496106
    endloop
  endfacet
  facet normal -0.706803 0.0308557 -0.706737
    outer loop
      vertex -32.4345 6.5 0.5
      vertex -32.3097 7.33104 0.411471
      vertex -32.1993 6.5 0.264778
    endloop
  endfacet
  facet normal -0.280023 0.0122301 0.959915
    outer loop
      vertex -32.3811 7.7236 0.499988
      vertex -32.4345 6.5 0.5
      vertex -32.3763 7.83256 0.5
    endloop
  endfacet
  facet normal -0.706362 0.0308199 -0.70718
    outer loop
      vertex -32.3497 7.44547 0.456503
      vertex -32.4345 6.5 0.5
      vertex -32.3811 7.7236 0.499988
    endloop
  endfacet
  facet normal -0.707002 0.0309069 -0.706536
    outer loop
      vertex -32.3097 7.33104 0.411471
      vertex -32.4345 6.5 0.5
      vertex -32.3497 7.44547 0.456503
    endloop
  endfacet
  facet normal 0.706768 0.0309081 -0.70677
    outer loop
      vertex -30 5 0.5
      vertex -30.3057 4.86927 0.188584
      vertex -30.3 5 0.200001
    endloop
  endfacet
  facet normal 0.706807 0.0307412 -0.706738
    outer loop
      vertex -30 5 0.5
      vertex -30.3228 4.73953 0.165839
      vertex -30.3057 4.86927 0.188584
    endloop
  endfacet
  facet normal 0.706692 0.0310155 -0.706841
    outer loop
      vertex -30 5 0.5
      vertex -30.3511 4.61177 0.131939
      vertex -30.3228 4.73953 0.165839
    endloop
  endfacet
  facet normal 0.706991 0.0304838 -0.706565
    outer loop
      vertex -30 5 0.5
      vertex -30.3842 4.5069 0.0942946
      vertex -30.3511 4.61177 0.131939
    endloop
  endfacet
  facet normal 0.706742 0.0308681 -0.706797
    outer loop
      vertex -30.3842 4.5069 0.0942946
      vertex -30 5 0.5
      vertex -29.8858 2.38533 0.5
    endloop
  endfacet
  facet normal 0.706269 0.030665 -0.707279
    outer loop
      vertex -29.8858 2.38533 0.5
      vertex -30.3905 4.48697 0.0871395
      vertex -30.3842 4.5069 0.0942946
    endloop
  endfacet
  facet normal 0.707087 0.031025 -0.706445
    outer loop
      vertex -29.8858 2.38533 0.5
      vertex -30.4405 4.36607 0.0317845
      vertex -30.3905 4.48697 0.0871395
    endloop
  endfacet
  facet normal 0.706189 0.0305565 -0.707364
    outer loop
      vertex -29.8858 2.38533 0.5
      vertex -30.4699 4.30974 0
      vertex -30.4405 4.36607 0.0317845
    endloop
  endfacet
  facet normal 0.706766 0.0308853 -0.706773
    outer loop
      vertex -30.4699 4.30974 0
      vertex -29.8858 2.38533 0.5
      vertex -30.3839 2.34175 0
    endloop
  endfacet
  facet normal 0.999048 0.043635 0
    outer loop
      vertex -29.8858 2.38533 10
      vertex -30 5 0.5
      vertex -30 5 10
    endloop
  endfacet
  facet normal 0.999048 0.043635 0
    outer loop
      vertex -30 5 0.5
      vertex -29.8858 2.38533 10
      vertex -29.8858 2.38533 0.5
    endloop
  endfacet
  facet normal 0 0 1
    outer loop
      vertex -32.5 5 10
      vertex -30 5 10
      vertex -29.8858 7.61467 10
    endloop
  endfacet
  facet normal 0 0 1
    outer loop
      vertex -30 5 10
      vertex -31.3926 -3.41162 10
      vertex -30.54 -6.11565 10
    endloop
  endfacet
  facet normal 0 0 1
    outer loop
      vertex -30 5 10
      vertex -32.0063 -0.643565 10
      vertex -31.3926 -3.41162 10
    endloop
  endfacet
  facet normal 0 0 1
    outer loop
      vertex -32.5 5 10
      vertex -29.8858 7.61467 10
      vertex -32.3763 7.83256 10
    endloop
  endfacet
  facet normal 0 0 1
    outer loop
      vertex -30 5 10
      vertex -32.3763 2.16744 10
      vertex -32.0063 -0.643565 10
    endloop
  endfacet
  facet normal 0 0 1
    outer loop
      vertex -30 5 10
      vertex -32.5 5 10
      vertex -32.3763 2.16744 10
    endloop
  endfacet
  facet normal 0 0 1
    outer loop
      vertex 30 5 10
      vertex 32.5 5 10
      vertex 32.3763 7.83256 10
    endloop
  endfacet
  facet normal 0 0 1
    outer loop
      vertex 32.5 5 10
      vertex 30 5 10
      vertex 32.3763 2.16744 10
    endloop
  endfacet
  facet normal 0 0 1
    outer loop
      vertex 32.3763 2.16744 10
      vertex 29.8858 2.38533 10
      vertex 32.0063 -0.643565 10
    endloop
  endfacet
  facet normal -0 0 1
    outer loop
      vertex 29.5442 -0.209445 10
      vertex 32.0063 -0.643565 10
      vertex 29.8858 2.38533 10
    endloop
  endfacet
  facet normal 0 0 1
    outer loop
      vertex 32.3763 2.16744 10
      vertex 30 5 10
      vertex 29.8858 2.38533 10
    endloop
  endfacet
  facet normal 0 -0 1
    outer loop
      vertex 30 5 10
      vertex 32.3763 7.83256 10
      vertex 29.8858 7.61467 10
    endloop
  endfacet
  facet normal 0 0 1
    outer loop
      vertex 32.0063 -0.643565 10
      vertex 29.5442 -0.209445 10
      vertex 31.3926 -3.41162 10
    endloop
  endfacet
  facet normal -0 0 1
    outer loop
      vertex 28.9778 -2.76457 10
      vertex 31.3926 -3.41162 10
      vertex 29.5442 -0.209445 10
    endloop
  endfacet
  facet normal 0 0 1
    outer loop
      vertex 31.3926 -3.41162 10
      vertex 28.9778 -2.76457 10
      vertex 30.54 -6.11565 10
    endloop
  endfacet
  facet normal -0 0 1
    outer loop
      vertex 28.1908 -5.2606 10
      vertex 30.54 -6.11565 10
      vertex 28.9778 -2.76457 10
    endloop
  endfacet
  facet normal 0 0 1
    outer loop
      vertex 30.54 -6.11565 10
      vertex 28.1908 -5.2606 10
      vertex 29.455 -8.73509 10
    endloop
  endfacet
  facet normal -0 0 1
    outer loop
      vertex 27.1892 -7.67855 10
      vertex 29.455 -8.73509 10
      vertex 28.1908 -5.2606 10
    endloop
  endfacet
  facet normal 0 0 1
    outer loop
      vertex 29.455 -8.73509 10
      vertex 27.1892 -7.67855 10
      vertex 28.1458 -11.25 10
    endloop
  endfacet
  facet normal -0 0 1
    outer loop
      vertex 25.9808 -10 10
      vertex 28.1458 -11.25 10
      vertex 27.1892 -7.67855 10
    endloop
  endfacet
  facet normal 0 0 1
    outer loop
      vertex 28.1458 -11.25 10
      vertex 25.9808 -10 10
      vertex 26.6224 -13.6412 10
    endloop
  endfacet
  facet normal -0 0 1
    outer loop
      vertex 24.5746 -12.2073 10
      vertex 26.6224 -13.6412 10
      vertex 25.9808 -10 10
    endloop
  endfacet
  facet normal 0 0 1
    outer loop
      vertex 26.6224 -13.6412 10
      vertex 24.5746 -12.2073 10
      vertex 24.8964 -15.8906 10
    endloop
  endfacet
  facet normal -0 0 1
    outer loop
      vertex 22.9813 -14.2836 10
      vertex 24.8964 -15.8906 10
      vertex 24.5746 -12.2073 10
    endloop
  endfacet
  facet normal 0 0 1
    outer loop
      vertex 22.9813 -14.2836 10
      vertex 22.981 -17.981 10
      vertex 24.8964 -15.8906 10
    endloop
  endfacet
  facet normal -0 0 1
    outer loop
      vertex 21.2132 -16.2132 10
      vertex 22.981 -17.981 10
      vertex 22.9813 -14.2836 10
    endloop
  endfacet
  facet normal 0 0 1
    outer loop
      vertex 21.2132 -16.2132 10
      vertex 20.8906 -19.8964 10
      vertex 22.981 -17.981 10
    endloop
  endfacet
  facet normal -0 0 1
    outer loop
      vertex 19.2836 -17.9813 10
      vertex 20.8906 -19.8964 10
      vertex 21.2132 -16.2132 10
    endloop
  endfacet
  facet normal 0 0 1
    outer loop
      vertex 19.2836 -17.9813 10
      vertex 18.6412 -21.6224 10
      vertex 20.8906 -19.8964 10
    endloop
  endfacet
  facet normal -0 0 1
    outer loop
      vertex 17.2073 -19.5746 10
      vertex 18.6412 -21.6224 10
      vertex 19.2836 -17.9813 10
    endloop
  endfacet
  facet normal 0 0 1
    outer loop
      vertex 17.2073 -19.5746 10
      vertex 16.25 -23.1458 10
      vertex 18.6412 -21.6224 10
    endloop
  endfacet
  facet normal -0 0 1
    outer loop
      vertex 15 -20.9808 10
      vertex 16.25 -23.1458 10
      vertex 17.2073 -19.5746 10
    endloop
  endfacet
  facet normal 0 0 1
    outer loop
      vertex 15 -20.9808 10
      vertex 13.7351 -24.455 10
      vertex 16.25 -23.1458 10
    endloop
  endfacet
  facet normal -0 0 1
    outer loop
      vertex 12.6785 -22.1892 10
      vertex 13.7351 -24.455 10
      vertex 15 -20.9808 10
    endloop
  endfacet
  facet normal 0 0 1
    outer loop
      vertex 12.6785 -22.1892 10
      vertex 11.1157 -25.54 10
      vertex 13.7351 -24.455 10
    endloop
  endfacet
  facet normal -0 0 1
    outer loop
      vertex 10.2606 -23.1908 10
      vertex 11.1157 -25.54 10
      vertex 12.6785 -22.1892 10
    endloop
  endfacet
  facet normal 0 0 1
    outer loop
      vertex 10.2606 -23.1908 10
      vertex 8.41162 -26.3926 10
      vertex 11.1157 -25.54 10
    endloop
  endfacet
  facet normal -0 0 1
    outer loop
      vertex 7.76457 -23.9778 10
      vertex 8.41162 -26.3926 10
      vertex 10.2606 -23.1908 10
    endloop
  endfacet
  facet normal 0 0 1
    outer loop
      vertex 7.76457 -23.9778 10
      vertex 5.64357 -27.0063 10
      vertex 8.41162 -26.3926 10
    endloop
  endfacet
  facet normal -0 0 1
    outer loop
      vertex 5.20944 -24.5442 10
      vertex 5.64357 -27.0063 10
      vertex 7.76457 -23.9778 10
    endloop
  endfacet
  facet normal 0 0 1
    outer loop
      vertex 5.20944 -24.5442 10
      vertex 2.83256 -27.3763 10
      vertex 5.64357 -27.0063 10
    endloop
  endfacet
  facet normal -0 0 1
    outer loop
      vertex 2.61467 -24.8858 10
      vertex 2.83256 -27.3763 10
      vertex 5.20944 -24.5442 10
    endloop
  endfacet
  facet normal -0 0 1
    outer loop
      vertex 0 -25 10
      vertex 2.83256 -27.3763 10
      vertex 2.61467 -24.8858 10
    endloop
  endfacet
  facet normal 0 0 1
    outer loop
      vertex 0 -25 10
      vertex 0 -27.5 10
      vertex 2.83256 -27.3763 10
    endloop
  endfacet
  facet normal 0 0 1
    outer loop
      vertex -2.61467 -24.8858 10
      vertex 0 -27.5 10
      vertex 0 -25 10
    endloop
  endfacet
  facet normal 0 0 1
    outer loop
      vertex -2.61467 -24.8858 10
      vertex -2.83256 -27.3763 10
      vertex 0 -27.5 10
    endloop
  endfacet
  facet normal 0 0 1
    outer loop
      vertex -5.20944 -24.5442 10
      vertex -2.83256 -27.3763 10
      vertex -2.61467 -24.8858 10
    endloop
  endfacet
  facet normal 0 0 1
    outer loop
      vertex -5.20944 -24.5442 10
      vertex -5.64357 -27.0063 10
      vertex -2.83256 -27.3763 10
    endloop
  endfacet
  facet normal 0 0 1
    outer loop
      vertex -7.76457 -23.9778 10
      vertex -5.64357 -27.0063 10
      vertex -5.20944 -24.5442 10
    endloop
  endfacet
  facet normal 0 0 1
    outer loop
      vertex -7.76457 -23.9778 10
      vertex -8.41162 -26.3926 10
      vertex -5.64357 -27.0063 10
    endloop
  endfacet
  facet normal 0 0 1
    outer loop
      vertex -10.2606 -23.1908 10
      vertex -8.41162 -26.3926 10
      vertex -7.76457 -23.9778 10
    endloop
  endfacet
  facet normal 0 0 1
    outer loop
      vertex -10.2606 -23.1908 10
      vertex -11.1157 -25.54 10
      vertex -8.41162 -26.3926 10
    endloop
  endfacet
  facet normal 0 0 1
    outer loop
      vertex -12.6785 -22.1892 10
      vertex -11.1157 -25.54 10
      vertex -10.2606 -23.1908 10
    endloop
  endfacet
  facet normal 0 0 1
    outer loop
      vertex -12.6785 -22.1892 10
      vertex -13.7351 -24.455 10
      vertex -11.1157 -25.54 10
    endloop
  endfacet
  facet normal 0 0 1
    outer loop
      vertex -15 -20.9808 10
      vertex -13.7351 -24.455 10
      vertex -12.6785 -22.1892 10
    endloop
  endfacet
  facet normal 0 0 1
    outer loop
      vertex -15 -20.9808 10
      vertex -16.25 -23.1458 10
      vertex -13.7351 -24.455 10
    endloop
  endfacet
  facet normal 0 0 1
    outer loop
      vertex -17.2073 -19.5746 10
      vertex -16.25 -23.1458 10
      vertex -15 -20.9808 10
    endloop
  endfacet
  facet normal 0 0 1
    outer loop
      vertex -17.2073 -19.5746 10
      vertex -18.6412 -21.6224 10
      vertex -16.25 -23.1458 10
    endloop
  endfacet
  facet normal 0 0 1
    outer loop
      vertex -19.2836 -17.9813 10
      vertex -18.6412 -21.6224 10
      vertex -17.2073 -19.5746 10
    endloop
  endfacet
  facet normal 0 0 1
    outer loop
      vertex -19.2836 -17.9813 10
      vertex -20.8906 -19.8964 10
      vertex -18.6412 -21.6224 10
    endloop
  endfacet
  facet normal 0 0 1
    outer loop
      vertex -21.2132 -16.2132 10
      vertex -20.8906 -19.8964 10
      vertex -19.2836 -17.9813 10
    endloop
  endfacet
  facet normal 0 0 1
    outer loop
      vertex -21.2132 -16.2132 10
      vertex -22.981 -17.981 10
      vertex -20.8906 -19.8964 10
    endloop
  endfacet
  facet normal 0 0 1
    outer loop
      vertex -22.9813 -14.2836 10
      vertex -22.981 -17.981 10
      vertex -21.2132 -16.2132 10
    endloop
  endfacet
  facet normal 0 0 1
    outer loop
      vertex -24.8964 -15.8906 10
      vertex -22.9813 -14.2836 10
      vertex -24.5746 -12.2073 10
    endloop
  endfacet
  facet normal 0 0 1
    outer loop
      vertex -22.9813 -14.2836 10
      vertex -24.8964 -15.8906 10
      vertex -22.981 -17.981 10
    endloop
  endfacet
  facet normal 0 0 1
    outer loop
      vertex -26.6224 -13.6412 10
      vertex -24.5746 -12.2073 10
      vertex -25.9808 -10 10
    endloop
  endfacet
  facet normal 0 0 1
    outer loop
      vertex -24.5746 -12.2073 10
      vertex -26.6224 -13.6412 10
      vertex -24.8964 -15.8906 10
    endloop
  endfacet
  facet normal 0 0 1
    outer loop
      vertex -28.1458 -11.25 10
      vertex -25.9808 -10 10
      vertex -27.1892 -7.67855 10
    endloop
  endfacet
  facet normal 0 0 1
    outer loop
      vertex -25.9808 -10 10
      vertex -28.1458 -11.25 10
      vertex -26.6224 -13.6412 10
    endloop
  endfacet
  facet normal 0 0 1
    outer loop
      vertex -29.455 -8.73509 10
      vertex -27.1892 -7.67855 10
      vertex -28.1908 -5.2606 10
    endloop
  endfacet
  facet normal 0 0 1
    outer loop
      vertex -30.54 -6.11565 10
      vertex -28.1908 -5.2606 10
      vertex -28.9778 -2.76457 10
    endloop
  endfacet
  facet normal 0 0 1
    outer loop
      vertex -27.1892 -7.67855 10
      vertex -29.455 -8.73509 10
      vertex -28.1458 -11.25 10
    endloop
  endfacet
  facet normal 0 0 1
    outer loop
      vertex -30.54 -6.11565 10
      vertex -28.9778 -2.76457 10
      vertex -29.5442 -0.209445 10
    endloop
  endfacet
  facet normal 0 0 1
    outer loop
      vertex -30.54 -6.11565 10
      vertex -29.5442 -0.209445 10
      vertex -29.8858 2.38533 10
    endloop
  endfacet
  facet normal 0 0 1
    outer loop
      vertex -30.54 -6.11565 10
      vertex -29.8858 2.38533 10
      vertex -30 5 10
    endloop
  endfacet
  facet normal 0 0 1
    outer loop
      vertex -28.1908 -5.2606 10
      vertex -30.54 -6.11565 10
      vertex -29.455 -8.73509 10
    endloop
  endfacet
  facet normal -0 -0 1
    outer loop
      vertex -32.4345 3.5 10
      vertex -32.3763 2.16744 10
      vertex -32.5 5 10
    endloop
  endfacet
  facet normal -0.999048 -0.0436337 -0
    outer loop
      vertex -32.3763 2.16744 10
      vertex -32.4345 3.5 10
      vertex -32.3763 2.16744 0.5
    endloop
  endfacet
  facet normal -0.999048 -0.0436337 0
    outer loop
      vertex -32.4345 3.5 0.5
      vertex -32.3763 2.16744 0.5
      vertex -32.4345 3.5 10
    endloop
  endfacet
  facet normal -0.706747 -0.0308693 -0.706793
    outer loop
      vertex -31.9345 3.5 0
      vertex -31.8782 2.21102 0
      vertex -32.1656 3.5 0.231085
    endloop
  endfacet
  facet normal -0.706767 -0.0308774 -0.706772
    outer loop
      vertex -32.3763 2.16744 0.5
      vertex -32.1656 3.5 0.231085
      vertex -31.8782 2.21102 0
    endloop
  endfacet
  facet normal -0.70679 -0.0308693 -0.70675
    outer loop
      vertex -32.1656 3.5 0.231085
      vertex -32.3763 2.16744 0.5
      vertex -32.4345 3.5 0.5
    endloop
  endfacet
  facet normal 0.701389 0.0923373 -0.706772
    outer loop
      vertex -29.8858 2.38533 0.5
      vertex -29.5442 -0.209445 0.5
      vertex -30.3839 2.34175 0
    endloop
  endfacet
  facet normal 0.701394 0.0923398 -0.706767
    outer loop
      vertex -29.5442 -0.209445 0.5
      vertex -30.0366 -0.296269 0
      vertex -30.3839 2.34175 0
    endloop
  endfacet
  facet normal 0.991445 0.130523 0
    outer loop
      vertex -29.5442 -0.209445 10
      vertex -29.8858 2.38533 0.5
      vertex -29.8858 2.38533 10
    endloop
  endfacet
  facet normal 0.991445 0.130523 0
    outer loop
      vertex -29.8858 2.38533 0.5
      vertex -29.5442 -0.209445 10
      vertex -29.5442 -0.209445 0.5
    endloop
  endfacet
  facet normal -0.991448 -0.1305 0
    outer loop
      vertex -32.0063 -0.643565 0.5
      vertex -32.3763 2.16744 10
      vertex -32.3763 2.16744 0.5
    endloop
  endfacet
  facet normal -0.991448 -0.1305 0
    outer loop
      vertex -32.3763 2.16744 10
      vertex -32.0063 -0.643565 0.5
      vertex -32.0063 -0.643565 10
    endloop
  endfacet
  facet normal -0.701389 -0.092344 -0.706772
    outer loop
      vertex -31.8782 2.21102 0
      vertex -31.5138 -0.556741 0
      vertex -32.3763 2.16744 0.5
    endloop
  endfacet
  facet normal -0.701327 -0.0923125 -0.706837
    outer loop
      vertex -31.5138 -0.556741 0
      vertex -32.0063 -0.643565 0.5
      vertex -32.3763 2.16744 0.5
    endloop
  endfacet
  facet normal 0.69068 0.153104 -0.706768
    outer loop
      vertex -29.5442 -0.209445 0.5
      vertex -28.9778 -2.76457 0.5
      vertex -30.0366 -0.296269 0
    endloop
  endfacet
  facet normal 0.690716 0.153128 -0.706727
    outer loop
      vertex -28.9778 -2.76457 0.5
      vertex -29.4607 -2.89398 0
      vertex -30.0366 -0.296269 0
    endloop
  endfacet
  facet normal 0.976301 0.216419 0
    outer loop
      vertex -28.9778 -2.76457 10
      vertex -29.5442 -0.209445 0.5
      vertex -29.5442 -0.209445 10
    endloop
  endfacet
  facet normal 0.976301 0.216419 0
    outer loop
      vertex -29.5442 -0.209445 0.5
      vertex -28.9778 -2.76457 10
      vertex -28.9778 -2.76457 0.5
    endloop
  endfacet
  facet normal -0.976293 -0.216452 0
    outer loop
      vertex -31.3926 -3.41162 0.5
      vertex -32.0063 -0.643565 10
      vertex -32.0063 -0.643565 0.5
    endloop
  endfacet
  facet normal -0.976293 -0.216452 0
    outer loop
      vertex -32.0063 -0.643565 10
      vertex -31.3926 -3.41162 0.5
      vertex -31.3926 -3.41162 10
    endloop
  endfacet
  facet normal -0.69061 -0.153099 -0.706837
    outer loop
      vertex -31.5138 -0.556741 0
      vertex -30.9096 -3.28221 0
      vertex -32.0063 -0.643565 0.5
    endloop
  endfacet
  facet normal -0.690647 -0.153122 -0.706796
    outer loop
      vertex -30.9096 -3.28221 0
      vertex -31.3926 -3.41162 0.5
      vertex -32.0063 -0.643565 0.5
    endloop
  endfacet
  facet normal 0.674741 0.212746 -0.706728
    outer loop
      vertex -28.9778 -2.76457 0.5
      vertex -28.1908 -5.2606 0.5
      vertex -29.4607 -2.89398 0
    endloop
  endfacet
  facet normal 0.674731 0.212739 -0.706739
    outer loop
      vertex -28.1908 -5.2606 0.5
      vertex -28.6606 -5.43161 0
      vertex -29.4607 -2.89398 0
    endloop
  endfacet
  facet normal 0.953716 0.300707 0
    outer loop
      vertex -28.1908 -5.2606 10
      vertex -28.9778 -2.76457 0.5
      vertex -28.9778 -2.76457 10
    endloop
  endfacet
  facet normal 0.953716 0.300707 0
    outer loop
      vertex -28.9778 -2.76457 0.5
      vertex -28.1908 -5.2606 10
      vertex -28.1908 -5.2606 0.5
    endloop
  endfacet
  facet normal -0.953715 -0.300713 0
    outer loop
      vertex -30.54 -6.11565 0.5
      vertex -31.3926 -3.41162 10
      vertex -31.3926 -3.41162 0.5
    endloop
  endfacet
  facet normal -0.953715 -0.300713 0
    outer loop
      vertex -31.3926 -3.41162 10
      vertex -30.54 -6.11565 0.5
      vertex -30.54 -6.11565 10
    endloop
  endfacet
  facet normal -0.674681 -0.212711 -0.706796
    outer loop
      vertex -30.9096 -3.28221 0
      vertex -30.0702 -5.94464 0
      vertex -31.3926 -3.41162 0.5
    endloop
  endfacet
  facet normal -0.674729 -0.212747 -0.706739
    outer loop
      vertex -30.0702 -5.94464 0
      vertex -30.54 -6.11565 0.5
      vertex -31.3926 -3.41162 0.5
    endloop
  endfacet
  facet normal 0.653616 0.270751 -0.706739
    outer loop
      vertex -28.1908 -5.2606 0.5
      vertex -27.1892 -7.67855 0.5
      vertex -28.6606 -5.43161 0
    endloop
  endfacet
  facet normal 0.653568 0.270706 -0.7068
    outer loop
      vertex -27.1892 -7.67855 0.5
      vertex -27.6424 -7.88986 0
      vertex -28.6606 -5.43161 0
    endloop
  endfacet
  facet normal 0.923872 0.3827 0
    outer loop
      vertex -27.1892 -7.67855 10
      vertex -28.1908 -5.2606 0.5
      vertex -28.1908 -5.2606 10
    endloop
  endfacet
  facet normal 0.923872 0.3827 0
    outer loop
      vertex -28.1908 -5.2606 0.5
      vertex -27.1892 -7.67855 10
      vertex -27.1892 -7.67855 0.5
    endloop
  endfacet
  facet normal -0.92388 -0.382681 0
    outer loop
      vertex -29.455 -8.73509 0.5
      vertex -30.54 -6.11565 10
      vertex -30.54 -6.11565 0.5
    endloop
  endfacet
  facet normal -0.92388 -0.382681 0
    outer loop
      vertex -30.54 -6.11565 10
      vertex -29.455 -8.73509 0.5
      vertex -29.455 -8.73509 10
    endloop
  endfacet
  facet normal -0.653622 -0.270735 -0.70674
    outer loop
      vertex -30.0702 -5.94464 0
      vertex -29.0019 -8.52378 0
      vertex -30.54 -6.11565 0.5
    endloop
  endfacet
  facet normal -0.653625 -0.270739 -0.706735
    outer loop
      vertex -29.0019 -8.52378 0
      vertex -29.455 -8.73509 0.5
      vertex -30.54 -6.11565 0.5
    endloop
  endfacet
  facet normal 0.627491 0.326632 -0.7068
    outer loop
      vertex -27.1892 -7.67855 0.5
      vertex -25.9808 -10 0.5
      vertex -27.6424 -7.88986 0
    endloop
  endfacet
  facet normal 0.627518 0.326662 -0.706762
    outer loop
      vertex -25.9808 -10 0.5
      vertex -26.4138 -10.25 0
      vertex -27.6424 -7.88986 0
    endloop
  endfacet
  facet normal 0.887022 0.461727 0
    outer loop
      vertex -25.9808 -10 10
      vertex -27.1892 -7.67855 0.5
      vertex -27.1892 -7.67855 10
    endloop
  endfacet
  facet normal 0.887022 0.461727 0
    outer loop
      vertex -27.1892 -7.67855 0.5
      vertex -25.9808 -10 10
      vertex -25.9808 -10 0.5
    endloop
  endfacet
  facet normal -0.887008 -0.461754 0
    outer loop
      vertex -28.1458 -11.25 0.5
      vertex -29.455 -8.73509 10
      vertex -29.455 -8.73509 0.5
    endloop
  endfacet
  facet normal -0.887008 -0.461754 0
    outer loop
      vertex -29.455 -8.73509 10
      vertex -28.1458 -11.25 0.5
      vertex -28.1458 -11.25 10
    endloop
  endfacet
  facet normal -0.627534 -0.326689 -0.706736
    outer loop
      vertex -29.0019 -8.52378 0
      vertex -27.7128 -11 0
      vertex -29.455 -8.73509 0.5
    endloop
  endfacet
  facet normal -0.627515 -0.326669 -0.706762
    outer loop
      vertex -27.7128 -11 0
      vertex -28.1458 -11.25 0.5
      vertex -29.455 -8.73509 0.5
    endloop
  endfacet
  facet normal 0.596659 0.380112 -0.706762
    outer loop
      vertex -25.9808 -10 0.5
      vertex -24.5746 -12.2073 0.5
      vertex -26.4138 -10.25 0
    endloop
  endfacet
  facet normal 0.59668 0.38014 -0.706729
    outer loop
      vertex -24.5746 -12.2073 0.5
      vertex -24.9841 -12.4941 0
      vertex -26.4138 -10.25 0
    endloop
  endfacet
  facet normal 0.843392 0.537298 0
    outer loop
      vertex -24.5746 -12.2073 10
      vertex -25.9808 -10 0.5
      vertex -25.9808 -10 10
    endloop
  endfacet
  facet normal 0.843392 0.537298 0
    outer loop
      vertex -25.9808 -10 0.5
      vertex -24.5746 -12.2073 10
      vertex -24.5746 -12.2073 0.5
    endloop
  endfacet
  facet normal -0.843385 -0.537309 0
    outer loop
      vertex -26.6224 -13.6412 0.5
      vertex -28.1458 -11.25 10
      vertex -28.1458 -11.25 0.5
    endloop
  endfacet
  facet normal -0.843385 -0.537309 0
    outer loop
      vertex -28.1458 -11.25 10
      vertex -26.6224 -13.6412 0.5
      vertex -26.6224 -13.6412 10
    endloop
  endfacet
  facet normal -0.59666 -0.38011 -0.706763
    outer loop
      vertex -27.7128 -11 0
      vertex -26.2129 -13.3544 0
      vertex -28.1458 -11.25 0.5
    endloop
  endfacet
  facet normal -0.596682 -0.380138 -0.706729
    outer loop
      vertex -26.2129 -13.3544 0
      vertex -26.6224 -13.6412 0.5
      vertex -28.1458 -11.25 0.5
    endloop
  endfacet
  facet normal 0.56127 0.430704 -0.706732
    outer loop
      vertex -24.5746 -12.2073 0.5
      vertex -22.9813 -14.2836 0.5
      vertex -24.9841 -12.4941 0
    endloop
  endfacet
  facet normal 0.561222 0.430628 -0.706816
    outer loop
      vertex -22.9813 -14.2836 0.5
      vertex -23.3644 -14.605 0
      vertex -24.9841 -12.4941 0
    endloop
  endfacet
  facet normal 0.793335 0.608785 0
    outer loop
      vertex -22.9813 -14.2836 10
      vertex -24.5746 -12.2073 0.5
      vertex -24.5746 -12.2073 10
    endloop
  endfacet
  facet normal 0.793335 0.608785 0
    outer loop
      vertex -24.5746 -12.2073 0.5
      vertex -22.9813 -14.2836 10
      vertex -22.9813 -14.2836 0.5
    endloop
  endfacet
  facet normal -0.793358 -0.608756 0
    outer loop
      vertex -24.8964 -15.8906 0.5
      vertex -26.6224 -13.6412 10
      vertex -26.6224 -13.6412 0.5
    endloop
  endfacet
  facet normal -0.793358 -0.608756 0
    outer loop
      vertex -26.6224 -13.6412 10
      vertex -24.8964 -15.8906 0.5
      vertex -24.8964 -15.8906 10
    endloop
  endfacet
  facet normal -0.56128 -0.430691 -0.706732
    outer loop
      vertex -26.2129 -13.3544 0
      vertex -24.5134 -15.5692 0
      vertex -26.6224 -13.6412 0.5
    endloop
  endfacet
  facet normal -0.561263 -0.430666 -0.70676
    outer loop
      vertex -24.5134 -15.5692 0
      vertex -24.8964 -15.8906 0.5
      vertex -26.6224 -13.6412 0.5
    endloop
  endfacet
  facet normal 0.521557 0.477905 -0.706814
    outer loop
      vertex -22.9813 -14.2836 0.5
      vertex -21.2132 -16.2132 0.5
      vertex -23.3644 -14.605 0
    endloop
  endfacet
  facet normal 0.521556 0.477902 -0.706816
    outer loop
      vertex -21.2132 -16.2132 0.5
      vertex -21.5668 -16.5668 0
      vertex -23.3644 -14.605 0
    endloop
  endfacet
  facet normal 0.737287 0.675579 0
    outer loop
      vertex -21.2132 -16.2132 10
      vertex -22.9813 -14.2836 0.5
      vertex -22.9813 -14.2836 10
    endloop
  endfacet
  facet normal 0.737287 0.675579 0
    outer loop
      vertex -22.9813 -14.2836 0.5
      vertex -21.2132 -16.2132 10
      vertex -21.2132 -16.2132 0.5
    endloop
  endfacet
  facet normal -0.737295 -0.675571 0
    outer loop
      vertex -22.981 -17.981 0.5
      vertex -24.8964 -15.8906 10
      vertex -24.8964 -15.8906 0.5
    endloop
  endfacet
  facet normal -0.737295 -0.675571 0
    outer loop
      vertex -24.8964 -15.8906 10
      vertex -22.981 -17.981 0.5
      vertex -22.981 -17.981 10
    endloop
  endfacet
  facet normal -0.521587 -0.477949 -0.706761
    outer loop
      vertex -24.5134 -15.5692 0
      vertex -22.6274 -17.6274 0
      vertex -24.8964 -15.8906 0.5
    endloop
  endfacet
  facet normal -0.52156 -0.477897 -0.706816
    outer loop
      vertex -22.6274 -17.6274 0
      vertex -22.981 -17.981 0.5
      vertex -24.8964 -15.8906 0.5
    endloop
  endfacet
  facet normal 0.477903 0.521555 -0.706816
    outer loop
      vertex -21.2132 -16.2132 0.5
      vertex -19.2836 -17.9813 0.5
      vertex -21.5668 -16.5668 0
    endloop
  endfacet
  facet normal 0.477904 0.521557 -0.706814
    outer loop
      vertex -19.2836 -17.9813 0.5
      vertex -19.605 -18.3644 0
      vertex -21.5668 -16.5668 0
    endloop
  endfacet
  facet normal 0.675579 0.737287 -0
    outer loop
      vertex -19.2836 -17.9813 0.5
      vertex -21.2132 -16.2132 10
      vertex -19.2836 -17.9813 10
    endloop
  endfacet
  facet normal 0.675579 0.737287 0
    outer loop
      vertex -21.2132 -16.2132 10
      vertex -19.2836 -17.9813 0.5
      vertex -21.2132 -16.2132 0.5
    endloop
  endfacet
  facet normal -0.675571 -0.737295 0
    outer loop
      vertex -22.981 -17.981 0.5
      vertex -20.8906 -19.8964 10
      vertex -22.981 -17.981 10
    endloop
  endfacet
  facet normal -0.675571 -0.737295 -0
    outer loop
      vertex -20.8906 -19.8964 10
      vertex -22.981 -17.981 0.5
      vertex -20.8906 -19.8964 0.5
    endloop
  endfacet
  facet normal -0.477911 -0.521547 -0.706817
    outer loop
      vertex -22.6274 -17.6274 0
      vertex -20.5692 -19.5134 0
      vertex -22.981 -17.981 0.5
    endloop
  endfacet
  facet normal -0.477934 -0.5216 -0.706762
    outer loop
      vertex -20.5692 -19.5134 0
      vertex -20.8906 -19.8964 0.5
      vertex -22.981 -17.981 0.5
    endloop
  endfacet
  facet normal 0.430653 0.561203 -0.706817
    outer loop
      vertex -19.2836 -17.9813 0.5
      vertex -17.2073 -19.5746 0.5
      vertex -19.605 -18.3644 0
    endloop
  endfacet
  facet normal 0.430679 0.561289 -0.706733
    outer loop
      vertex -17.2073 -19.5746 0.5
      vertex -17.4941 -19.9841 0
      vertex -19.605 -18.3644 0
    endloop
  endfacet
  facet normal 0.608785 0.793335 -0
    outer loop
      vertex -17.2073 -19.5746 0.5
      vertex -19.2836 -17.9813 10
      vertex -17.2073 -19.5746 10
    endloop
  endfacet
  facet normal 0.608785 0.793335 0
    outer loop
      vertex -19.2836 -17.9813 10
      vertex -17.2073 -19.5746 0.5
      vertex -19.2836 -17.9813 0.5
    endloop
  endfacet
  facet normal -0.608756 -0.793358 0
    outer loop
      vertex -20.8906 -19.8964 0.5
      vertex -18.6412 -21.6224 10
      vertex -20.8906 -19.8964 10
    endloop
  endfacet
  facet normal -0.608756 -0.793358 -0
    outer loop
      vertex -18.6412 -21.6224 10
      vertex -20.8906 -19.8964 0.5
      vertex -18.6412 -21.6224 0.5
    endloop
  endfacet
  facet normal -0.430674 -0.561257 -0.70676
    outer loop
      vertex -20.5692 -19.5134 0
      vertex -18.3544 -21.2129 0
      vertex -20.8906 -19.8964 0.5
    endloop
  endfacet
  facet normal -0.430683 -0.561285 -0.706733
    outer loop
      vertex -18.3544 -21.2129 0
      vertex -18.6412 -21.6224 0.5
      vertex -20.8906 -19.8964 0.5
    endloop
  endfacet
  facet normal 0.38013 0.596687 -0.706729
    outer loop
      vertex -17.2073 -19.5746 0.5
      vertex -15 -20.9808 0.5
      vertex -17.4941 -19.9841 0
    endloop
  endfacet
  facet normal 0.380123 0.596652 -0.706762
    outer loop
      vertex -15 -20.9808 0.5
      vertex -15.25 -21.4138 0
      vertex -17.4941 -19.9841 0
    endloop
  endfacet
  facet normal 0.537298 0.843392 -0
    outer loop
      vertex -15 -20.9808 0.5
      vertex -17.2073 -19.5746 10
      vertex -15 -20.9808 10
    endloop
  endfacet
  facet normal 0.537298 0.843392 0
    outer loop
      vertex -17.2073 -19.5746 10
      vertex -15 -20.9808 0.5
      vertex -17.2073 -19.5746 0.5
    endloop
  endfacet
  facet normal -0.537309 -0.843385 0
    outer loop
      vertex -18.6412 -21.6224 0.5
      vertex -16.25 -23.1458 10
      vertex -18.6412 -21.6224 10
    endloop
  endfacet
  facet normal -0.537309 -0.843385 -0
    outer loop
      vertex -16.25 -23.1458 10
      vertex -18.6412 -21.6224 0.5
      vertex -16.25 -23.1458 0.5
    endloop
  endfacet
  facet normal -0.380128 -0.596688 -0.706729
    outer loop
      vertex -18.3544 -21.2129 0
      vertex -16 -22.7128 0
      vertex -18.6412 -21.6224 0.5
    endloop
  endfacet
  facet normal -0.38012 -0.596654 -0.706762
    outer loop
      vertex -16 -22.7128 0
      vertex -16.25 -23.1458 0.5
      vertex -18.6412 -21.6224 0.5
    endloop
  endfacet
  facet normal 0.326644 0.627528 -0.706762
    outer loop
      vertex -15 -20.9808 0.5
      vertex -12.6785 -22.1892 0.5
      vertex -15.25 -21.4138 0
    endloop
  endfacet
  facet normal 0.326636 0.627457 -0.706829
    outer loop
      vertex -12.6785 -22.1892 0.5
      vertex -12.8899 -22.6424 0
      vertex -15.25 -21.4138 0
    endloop
  endfacet
  facet normal 0.46172 0.887026 -0
    outer loop
      vertex -12.6785 -22.1892 0.5
      vertex -15 -20.9808 10
      vertex -12.6785 -22.1892 10
    endloop
  endfacet
  facet normal 0.46172 0.887026 0
    outer loop
      vertex -15 -20.9808 10
      vertex -12.6785 -22.1892 0.5
      vertex -15 -20.9808 0.5
    endloop
  endfacet
  facet normal -0.461756 -0.887007 0
    outer loop
      vertex -16.25 -23.1458 0.5
      vertex -13.7351 -24.455 10
      vertex -16.25 -23.1458 10
    endloop
  endfacet
  facet normal -0.461756 -0.887007 -0
    outer loop
      vertex -13.7351 -24.455 10
      vertex -16.25 -23.1458 0.5
      vertex -13.7351 -24.455 0.5
    endloop
  endfacet
  facet normal -0.326679 -0.627509 -0.706762
    outer loop
      vertex -16 -22.7128 0
      vertex -13.5238 -24.0019 0
      vertex -16.25 -23.1458 0.5
    endloop
  endfacet
  facet normal -0.326683 -0.62754 -0.706733
    outer loop
      vertex -13.5238 -24.0019 0
      vertex -13.7351 -24.455 0.5
      vertex -16.25 -23.1458 0.5
    endloop
  endfacet
  facet normal 0.270723 0.653535 -0.706825
    outer loop
      vertex -12.6785 -22.1892 0.5
      vertex -10.2606 -23.1908 0.5
      vertex -12.8899 -22.6424 0
    endloop
  endfacet
  facet normal 0.270725 0.653628 -0.706737
    outer loop
      vertex -10.2606 -23.1908 0.5
      vertex -10.4316 -23.6606 0
      vertex -12.8899 -22.6424 0
    endloop
  endfacet
  facet normal 0.382707 0.92387 -0
    outer loop
      vertex -10.2606 -23.1908 0.5
      vertex -12.6785 -22.1892 10
      vertex -10.2606 -23.1908 10
    endloop
  endfacet
  facet normal 0.382707 0.92387 0
    outer loop
      vertex -12.6785 -22.1892 10
      vertex -10.2606 -23.1908 0.5
      vertex -12.6785 -22.1892 0.5
    endloop
  endfacet
  facet normal -0.382686 -0.923878 0
    outer loop
      vertex -13.7351 -24.455 0.5
      vertex -11.1157 -25.54 10
      vertex -13.7351 -24.455 10
    endloop
  endfacet
  facet normal -0.382686 -0.923878 -0
    outer loop
      vertex -11.1157 -25.54 10
      vertex -13.7351 -24.455 0.5
      vertex -11.1157 -25.54 0.5
    endloop
  endfacet
  facet normal -0.270733 -0.653631 -0.706732
    outer loop
      vertex -13.5238 -24.0019 0
      vertex -10.9446 -25.0702 0
      vertex -13.7351 -24.455 0.5
    endloop
  endfacet
  facet normal -0.270731 -0.653597 -0.706764
    outer loop
      vertex -10.9446 -25.0702 0
      vertex -11.1157 -25.54 0.5
      vertex -13.7351 -24.455 0.5
    endloop
  endfacet
  facet normal 0.212744 0.674732 -0.706737
    outer loop
      vertex -10.2606 -23.1908 0.5
      vertex -7.76457 -23.9778 0.5
      vertex -10.4316 -23.6606 0
    endloop
  endfacet
  facet normal 0.212743 0.674742 -0.706728
    outer loop
      vertex -7.76457 -23.9778 0.5
      vertex -7.89398 -24.4607 0
      vertex -10.4316 -23.6606 0
    endloop
  endfacet
  facet normal 0.300707 0.953716 -0
    outer loop
      vertex -7.76457 -23.9778 0.5
      vertex -10.2606 -23.1908 10
      vertex -7.76457 -23.9778 10
    endloop
  endfacet
  facet normal 0.300707 0.953716 0
    outer loop
      vertex -10.2606 -23.1908 10
      vertex -7.76457 -23.9778 0.5
      vertex -10.2606 -23.1908 0.5
    endloop
  endfacet
  facet normal -0.300708 -0.953716 0
    outer loop
      vertex -11.1157 -25.54 0.5
      vertex -8.41162 -26.3926 10
      vertex -11.1157 -25.54 10
    endloop
  endfacet
  facet normal -0.300708 -0.953716 -0
    outer loop
      vertex -8.41162 -26.3926 10
      vertex -11.1157 -25.54 0.5
      vertex -8.41162 -26.3926 0.5
    endloop
  endfacet
  facet normal -0.212725 -0.674716 -0.706758
    outer loop
      vertex -10.9446 -25.0702 0
      vertex -8.28221 -25.9096 0
      vertex -11.1157 -25.54 0.5
    endloop
  endfacet
  facet normal -0.212726 -0.674676 -0.706795
    outer loop
      vertex -8.28221 -25.9096 0
      vertex -8.41162 -26.3926 0.5
      vertex -11.1157 -25.54 0.5
    endloop
  endfacet
  facet normal 0.153113 0.69072 -0.706726
    outer loop
      vertex -7.76457 -23.9778 0.5
      vertex -5.20944 -24.5442 0.5
      vertex -7.89398 -24.4607 0
    endloop
  endfacet
  facet normal 0.15312 0.690676 -0.706768
    outer loop
      vertex -5.20944 -24.5442 0.5
      vertex -5.29627 -25.0366 0
      vertex -7.89398 -24.4607 0
    endloop
  endfacet
  facet normal 0.216418 0.976301 -0
    outer loop
      vertex -5.20944 -24.5442 0.5
      vertex -7.76457 -23.9778 10
      vertex -5.20944 -24.5442 10
    endloop
  endfacet
  facet normal 0.216418 0.976301 0
    outer loop
      vertex -7.76457 -23.9778 10
      vertex -5.20944 -24.5442 0.5
      vertex -7.76457 -23.9778 0.5
    endloop
  endfacet
  facet normal -0.216452 -0.976293 0
    outer loop
      vertex -8.41162 -26.3926 0.5
      vertex -5.64357 -27.0063 10
      vertex -8.41162 -26.3926 10
    endloop
  endfacet
  facet normal -0.216452 -0.976293 -0
    outer loop
      vertex -5.64357 -27.0063 10
      vertex -8.41162 -26.3926 0.5
      vertex -5.64357 -27.0063 0.5
    endloop
  endfacet
  facet normal -0.153108 -0.69065 -0.706796
    outer loop
      vertex -8.28221 -25.9096 0
      vertex -5.55674 -26.5138 0
      vertex -8.41162 -26.3926 0.5
    endloop
  endfacet
  facet normal -0.153113 -0.690607 -0.706837
    outer loop
      vertex -5.55674 -26.5138 0
      vertex -5.64357 -27.0063 0.5
      vertex -8.41162 -26.3926 0.5
    endloop
  endfacet
  facet normal 0.0923381 0.701394 -0.706768
    outer loop
      vertex -5.20944 -24.5442 0.5
      vertex -2.61467 -24.8858 0.5
      vertex -5.29627 -25.0366 0
    endloop
  endfacet
  facet normal 0.0923391 0.701389 -0.706772
    outer loop
      vertex -2.61467 -24.8858 0.5
      vertex -2.65825 -25.3839 0
      vertex -5.29627 -25.0366 0
    endloop
  endfacet
  facet normal 0.130523 0.991445 -0
    outer loop
      vertex -2.61467 -24.8858 0.5
      vertex -5.20944 -24.5442 10
      vertex -2.61467 -24.8858 10
    endloop
  endfacet
  facet normal 0.130523 0.991445 0
    outer loop
      vertex -5.20944 -24.5442 10
      vertex -2.61467 -24.8858 0.5
      vertex -5.20944 -24.5442 0.5
    endloop
  endfacet
  facet normal 0 0 1
    outer loop
      vertex -5.64357 -27.0063 10
      vertex -3.5 -27.2885 10
      vertex -2.83256 -27.3763 10
    endloop
  endfacet
  facet normal -0.130523 -0.991445 0
    outer loop
      vertex -5.64357 -27.0063 0.5
      vertex -3.5 -27.2885 10
      vertex -5.64357 -27.0063 10
    endloop
  endfacet
  facet normal -0.130523 -0.991445 -0
    outer loop
      vertex -3.5 -27.2885 10
      vertex -5.64357 -27.0063 0.5
      vertex -3.5 -27.2885 0.5
    endloop
  endfacet
  facet normal -0.0923466 -0.701377 -0.706783
    outer loop
      vertex -3.5 -26.9101 0.12454
      vertex -5.55674 -26.5138 0
      vertex -3.5 -26.7846 0
    endloop
  endfacet
  facet normal -0.0923329 -0.701323 -0.706838
    outer loop
      vertex -5.55674 -26.5138 0
      vertex -3.5 -26.9101 0.12454
      vertex -5.64357 -27.0063 0.5
    endloop
  endfacet
  facet normal -0.0923304 -0.701335 -0.706827
    outer loop
      vertex -3.5 -26.9101 0.12454
      vertex -3.5 -27.2885 0.5
      vertex -5.64357 -27.0063 0.5
    endloop
  endfacet
  facet normal 0.0308692 0.706767 -0.706772
    outer loop
      vertex -2.61467 -24.8858 0.5
      vertex 0 -25 0.5
      vertex -2.65825 -25.3839 0
    endloop
  endfacet
  facet normal 0.0308684 0.70677 -0.70677
    outer loop
      vertex 0 -25 0.5
      vertex 0 -25.5 0
      vertex -2.65825 -25.3839 0
    endloop
  endfacet
  facet normal 0.043635 0.999048 -0
    outer loop
      vertex 0 -25 0.5
      vertex -2.61467 -24.8858 10
      vertex 0 -25 10
    endloop
  endfacet
  facet normal 0.043635 0.999048 0
    outer loop
      vertex -2.61467 -24.8858 10
      vertex 0 -25 0.5
      vertex -2.61467 -24.8858 0.5
    endloop
  endfacet
  facet normal -0.087167 0.996194 0
    outer loop
      vertex 32.3763 7.83256 0.5
      vertex 32.3715 7.83214 0.49514
      vertex 32.3715 7.83214 0.5
    endloop
  endfacet
  facet normal -0.086343 0.996265 0
    outer loop
      vertex 29.8933 7.61532 0.5
      vertex 29.8933 7.61532 0.498134
      vertex 29.8858 7.61467 0.5
    endloop
  endfacet
  facet normal -0.0871555 0.996195 -5.51997e-08
    outer loop
      vertex 32.3763 7.83256 10
      vertex 32.3715 7.83214 9
      vertex 29.8858 7.61467 10
    endloop
  endfacet
  facet normal -0.087167 0.996194 0
    outer loop
      vertex 32.3763 7.83256 0.5
      vertex 32.3715 7.83214 9
      vertex 32.3763 7.83256 10
    endloop
  endfacet
  facet normal -0.087167 0.996194 0
    outer loop
      vertex 32.3715 7.83214 9
      vertex 32.3763 7.83256 0.5
      vertex 32.3715 7.83214 0.5
    endloop
  endfacet
  facet normal -0.087158 0.996195 -6.15838e-06
    outer loop
      vertex 29.8933 7.61532 9
      vertex 29.8858 7.61467 10
      vertex 32.3715 7.83214 9
    endloop
  endfacet
  facet normal -0.086343 0.996265 0
    outer loop
      vertex 29.8858 7.61467 0.5
      vertex 29.8933 7.61532 9
      vertex 29.8933 7.61532 0.5
    endloop
  endfacet
  facet normal -0.086343 0.996265 0
    outer loop
      vertex 29.8933 7.61532 9
      vertex 29.8858 7.61467 0.5
      vertex 29.8858 7.61467 10
    endloop
  endfacet
  facet normal -0.086343 0.996265 0
    outer loop
      vertex 29.8933 7.61532 0.498134
      vertex 29.8933 7.61532 0.492538
      vertex 29.8858 7.61467 0.5
    endloop
  endfacet
  facet normal -0.0308693 0.70677 -0.70677
    outer loop
      vertex 0 -25 0.5
      vertex 2.61467 -24.8858 0.5
      vertex 0 -25.5 0
    endloop
  endfacet
  facet normal -0.0308683 0.706767 -0.706772
    outer loop
      vertex 2.61467 -24.8858 0.5
      vertex 2.65825 -25.3839 0
      vertex 0 -25.5 0
    endloop
  endfacet
  facet normal -0.043635 0.999048 0
    outer loop
      vertex 2.61467 -24.8858 0.5
      vertex 0 -25 10
      vertex 2.61467 -24.8858 10
    endloop
  endfacet
  facet normal -0.043635 0.999048 0
    outer loop
      vertex 0 -25 10
      vertex 2.61467 -24.8858 0.5
      vertex 0 -25 0.5
    endloop
  endfacet
  facet normal -0.0923375 0.701389 -0.706772
    outer loop
      vertex 5.20944 -24.5442 0.5
      vertex 2.65825 -25.3839 0
      vertex 2.61467 -24.8858 0.5
    endloop
  endfacet
  facet normal -0.0923397 0.701393 -0.706768
    outer loop
      vertex 5.20944 -24.5442 0.5
      vertex 5.29627 -25.0366 0
      vertex 2.65825 -25.3839 0
    endloop
  endfacet
  facet normal -0.130523 0.991445 0
    outer loop
      vertex 5.20944 -24.5442 0.5
      vertex 2.61467 -24.8858 10
      vertex 5.20944 -24.5442 10
    endloop
  endfacet
  facet normal -0.130523 0.991445 0
    outer loop
      vertex 2.61467 -24.8858 10
      vertex 5.20944 -24.5442 0.5
      vertex 2.61467 -24.8858 0.5
    endloop
  endfacet
  facet normal 0 0 1
    outer loop
      vertex 2.83256 -27.3763 10
      vertex 3.5 -27.2885 10
      vertex 5.64357 -27.0063 10
    endloop
  endfacet
  facet normal 0.130523 -0.991445 0
    outer loop
      vertex 3.5 -27.2885 0.5
      vertex 5.64357 -27.0063 10
      vertex 3.5 -27.2885 10
    endloop
  endfacet
  facet normal 0.130523 -0.991445 0
    outer loop
      vertex 5.64357 -27.0063 10
      vertex 3.5 -27.2885 0.5
      vertex 5.64357 -27.0063 0.5
    endloop
  endfacet
  facet normal 0.0923474 -0.701383 -0.706777
    outer loop
      vertex 3.5 -26.7846 0
      vertex 5.55674 -26.5138 0
      vertex 3.5 -27.165 0.377497
    endloop
  endfacet
  facet normal 0.0923163 -0.701228 -0.706935
    outer loop
      vertex 3.5 -27.165 0.377497
      vertex 5.64357 -27.0063 0.5
      vertex 3.5 -27.2885 0.5
    endloop
  endfacet
  facet normal 0.092318 -0.701326 -0.706838
    outer loop
      vertex 5.64357 -27.0063 0.5
      vertex 3.5 -27.165 0.377497
      vertex 5.55674 -26.5138 0
    endloop
  endfacet
  facet normal -0.153104 0.690679 -0.706769
    outer loop
      vertex 7.76457 -23.9778 0.5
      vertex 5.29627 -25.0366 0
      vertex 5.20944 -24.5442 0.5
    endloop
  endfacet
  facet normal -0.153129 0.690716 -0.706727
    outer loop
      vertex 7.76457 -23.9778 0.5
      vertex 7.89398 -24.4607 0
      vertex 5.29627 -25.0366 0
    endloop
  endfacet
  facet normal -0.216418 0.976301 0
    outer loop
      vertex 7.76457 -23.9778 0.5
      vertex 5.20944 -24.5442 10
      vertex 7.76457 -23.9778 10
    endloop
  endfacet
  facet normal -0.216418 0.976301 0
    outer loop
      vertex 5.20944 -24.5442 10
      vertex 7.76457 -23.9778 0.5
      vertex 5.20944 -24.5442 0.5
    endloop
  endfacet
  facet normal 0.216452 -0.976293 0
    outer loop
      vertex 5.64357 -27.0063 0.5
      vertex 8.41162 -26.3926 10
      vertex 5.64357 -27.0063 10
    endloop
  endfacet
  facet normal 0.216452 -0.976293 0
    outer loop
      vertex 8.41162 -26.3926 10
      vertex 5.64357 -27.0063 0.5
      vertex 8.41162 -26.3926 0.5
    endloop
  endfacet
  facet normal 0.153099 -0.69061 -0.706838
    outer loop
      vertex 8.28221 -25.9096 0
      vertex 5.64357 -27.0063 0.5
      vertex 5.55674 -26.5138 0
    endloop
  endfacet
  facet normal 0.153122 -0.690647 -0.706796
    outer loop
      vertex 8.28221 -25.9096 0
      vertex 8.41162 -26.3926 0.5
      vertex 5.64357 -27.0063 0.5
    endloop
  endfacet
  facet normal -0.212746 0.674741 -0.706728
    outer loop
      vertex 10.2606 -23.1908 0.5
      vertex 7.89398 -24.4607 0
      vertex 7.76457 -23.9778 0.5
    endloop
  endfacet
  facet normal -0.21274 0.674733 -0.706737
    outer loop
      vertex 10.2606 -23.1908 0.5
      vertex 10.4316 -23.6606 0
      vertex 7.89398 -24.4607 0
    endloop
  endfacet
  facet normal -0.300707 0.953716 0
    outer loop
      vertex 10.2606 -23.1908 0.5
      vertex 7.76457 -23.9778 10
      vertex 10.2606 -23.1908 10
    endloop
  endfacet
  facet normal -0.300707 0.953716 0
    outer loop
      vertex 7.76457 -23.9778 10
      vertex 10.2606 -23.1908 0.5
      vertex 7.76457 -23.9778 0.5
    endloop
  endfacet
  facet normal 0.300708 -0.953716 0
    outer loop
      vertex 8.41162 -26.3926 0.5
      vertex 11.1157 -25.54 10
      vertex 8.41162 -26.3926 10
    endloop
  endfacet
  facet normal 0.300708 -0.953716 0
    outer loop
      vertex 11.1157 -25.54 10
      vertex 8.41162 -26.3926 0.5
      vertex 11.1157 -25.54 0.5
    endloop
  endfacet
  facet normal 0.212714 -0.67468 -0.706795
    outer loop
      vertex 10.9446 -25.0702 0
      vertex 8.41162 -26.3926 0.5
      vertex 8.28221 -25.9096 0
    endloop
  endfacet
  facet normal 0.212738 -0.674712 -0.706758
    outer loop
      vertex 10.9446 -25.0702 0
      vertex 11.1157 -25.54 0.5
      vertex 8.41162 -26.3926 0.5
    endloop
  endfacet
  facet normal -0.270756 0.653616 -0.706737
    outer loop
      vertex 12.6785 -22.1892 0.5
      vertex 10.4316 -23.6606 0
      vertex 10.2606 -23.1908 0.5
    endloop
  endfacet
  facet normal -0.270692 0.653548 -0.706824
    outer loop
      vertex 12.6785 -22.1892 0.5
      vertex 12.8899 -22.6424 0
      vertex 10.4316 -23.6606 0
    endloop
  endfacet
  facet normal -0.382707 0.92387 0
    outer loop
      vertex 12.6785 -22.1892 0.5
      vertex 10.2606 -23.1908 10
      vertex 12.6785 -22.1892 10
    endloop
  endfacet
  facet normal -0.382707 0.92387 0
    outer loop
      vertex 10.2606 -23.1908 10
      vertex 12.6785 -22.1892 0.5
      vertex 10.2606 -23.1908 0.5
    endloop
  endfacet
  facet normal 0.382686 -0.923878 0
    outer loop
      vertex 11.1157 -25.54 0.5
      vertex 13.7351 -24.455 10
      vertex 11.1157 -25.54 10
    endloop
  endfacet
  facet normal 0.382686 -0.923878 0
    outer loop
      vertex 13.7351 -24.455 10
      vertex 11.1157 -25.54 0.5
      vertex 13.7351 -24.455 0.5
    endloop
  endfacet
  facet normal 0.27072 -0.653601 -0.706764
    outer loop
      vertex 13.5238 -24.0019 0
      vertex 11.1157 -25.54 0.5
      vertex 10.9446 -25.0702 0
    endloop
  endfacet
  facet normal 0.270743 -0.653626 -0.706732
    outer loop
      vertex 13.5238 -24.0019 0
      vertex 13.7351 -24.455 0.5
      vertex 11.1157 -25.54 0.5
    endloop
  endfacet
  facet normal -0.326613 0.627468 -0.706829
    outer loop
      vertex 15 -20.9808 0.5
      vertex 12.8899 -22.6424 0
      vertex 12.6785 -22.1892 0.5
    endloop
  endfacet
  facet normal -0.326667 0.627516 -0.706762
    outer loop
      vertex 15 -20.9808 0.5
      vertex 15.25 -21.4138 0
      vertex 12.8899 -22.6424 0
    endloop
  endfacet
  facet normal -0.46172 0.887026 0
    outer loop
      vertex 15 -20.9808 0.5
      vertex 12.6785 -22.1892 10
      vertex 15 -20.9808 10
    endloop
  endfacet
  facet normal -0.46172 0.887026 0
    outer loop
      vertex 12.6785 -22.1892 10
      vertex 15 -20.9808 0.5
      vertex 12.6785 -22.1892 0.5
    endloop
  endfacet
  facet normal 0.461756 -0.887007 0
    outer loop
      vertex 13.7351 -24.455 0.5
      vertex 16.25 -23.1458 10
      vertex 13.7351 -24.455 10
    endloop
  endfacet
  facet normal 0.461756 -0.887007 0
    outer loop
      vertex 16.25 -23.1458 10
      vertex 13.7351 -24.455 0.5
      vertex 16.25 -23.1458 0.5
    endloop
  endfacet
  facet normal 0.326692 -0.627535 -0.706733
    outer loop
      vertex 16 -22.7128 0
      vertex 13.7351 -24.455 0.5
      vertex 13.5238 -24.0019 0
    endloop
  endfacet
  facet normal 0.32667 -0.627514 -0.706762
    outer loop
      vertex 16 -22.7128 0
      vertex 16.25 -23.1458 0.5
      vertex 13.7351 -24.455 0.5
    endloop
  endfacet
  facet normal -0.380112 0.596659 -0.706762
    outer loop
      vertex 17.2073 -19.5746 0.5
      vertex 15.25 -21.4138 0
      vertex 15 -20.9808 0.5
    endloop
  endfacet
  facet normal -0.38014 0.59668 -0.706729
    outer loop
      vertex 17.2073 -19.5746 0.5
      vertex 17.4941 -19.9841 0
      vertex 15.25 -21.4138 0
    endloop
  endfacet
  facet normal -0.537298 0.843392 0
    outer loop
      vertex 17.2073 -19.5746 0.5
      vertex 15 -20.9808 10
      vertex 17.2073 -19.5746 10
    endloop
  endfacet
  facet normal -0.537298 0.843392 0
    outer loop
      vertex 15 -20.9808 10
      vertex 17.2073 -19.5746 0.5
      vertex 15 -20.9808 0.5
    endloop
  endfacet
  facet normal 0.537309 -0.843385 0
    outer loop
      vertex 16.25 -23.1458 0.5
      vertex 18.6412 -21.6224 10
      vertex 16.25 -23.1458 10
    endloop
  endfacet
  facet normal 0.537309 -0.843385 0
    outer loop
      vertex 18.6412 -21.6224 10
      vertex 16.25 -23.1458 0.5
      vertex 18.6412 -21.6224 0.5
    endloop
  endfacet
  facet normal 0.38011 -0.59666 -0.706763
    outer loop
      vertex 18.3544 -21.2129 0
      vertex 16.25 -23.1458 0.5
      vertex 16 -22.7128 0
    endloop
  endfacet
  facet normal 0.380138 -0.596682 -0.706729
    outer loop
      vertex 18.3544 -21.2129 0
      vertex 18.6412 -21.6224 0.5
      vertex 16.25 -23.1458 0.5
    endloop
  endfacet
  facet normal -0.430704 0.56127 -0.706732
    outer loop
      vertex 19.2836 -17.9813 0.5
      vertex 17.4941 -19.9841 0
      vertex 17.2073 -19.5746 0.5
    endloop
  endfacet
  facet normal -0.430628 0.561222 -0.706816
    outer loop
      vertex 19.2836 -17.9813 0.5
      vertex 19.605 -18.3644 0
      vertex 17.4941 -19.9841 0
    endloop
  endfacet
  facet normal -0.608785 0.793335 0
    outer loop
      vertex 19.2836 -17.9813 0.5
      vertex 17.2073 -19.5746 10
      vertex 19.2836 -17.9813 10
    endloop
  endfacet
  facet normal -0.608785 0.793335 0
    outer loop
      vertex 17.2073 -19.5746 10
      vertex 19.2836 -17.9813 0.5
      vertex 17.2073 -19.5746 0.5
    endloop
  endfacet
  facet normal 0.608756 -0.793358 0
    outer loop
      vertex 18.6412 -21.6224 0.5
      vertex 20.8906 -19.8964 10
      vertex 18.6412 -21.6224 10
    endloop
  endfacet
  facet normal 0.608756 -0.793358 0
    outer loop
      vertex 20.8906 -19.8964 10
      vertex 18.6412 -21.6224 0.5
      vertex 20.8906 -19.8964 0.5
    endloop
  endfacet
  facet normal 0.430691 -0.56128 -0.706732
    outer loop
      vertex 20.5692 -19.5134 0
      vertex 18.6412 -21.6224 0.5
      vertex 18.3544 -21.2129 0
    endloop
  endfacet
  facet normal 0.430666 -0.561263 -0.70676
    outer loop
      vertex 20.5692 -19.5134 0
      vertex 20.8906 -19.8964 0.5
      vertex 18.6412 -21.6224 0.5
    endloop
  endfacet
  facet normal -0.477905 0.521557 -0.706814
    outer loop
      vertex 21.2132 -16.2132 0.5
      vertex 19.605 -18.3644 0
      vertex 19.2836 -17.9813 0.5
    endloop
  endfacet
  facet normal -0.477902 0.521556 -0.706816
    outer loop
      vertex 21.2132 -16.2132 0.5
      vertex 21.5668 -16.5668 0
      vertex 19.605 -18.3644 0
    endloop
  endfacet
  facet normal -0.675579 0.737287 0
    outer loop
      vertex 21.2132 -16.2132 0.5
      vertex 19.2836 -17.9813 10
      vertex 21.2132 -16.2132 10
    endloop
  endfacet
  facet normal -0.675579 0.737287 0
    outer loop
      vertex 19.2836 -17.9813 10
      vertex 21.2132 -16.2132 0.5
      vertex 19.2836 -17.9813 0.5
    endloop
  endfacet
  facet normal 0.675571 -0.737295 0
    outer loop
      vertex 20.8906 -19.8964 0.5
      vertex 22.981 -17.981 10
      vertex 20.8906 -19.8964 10
    endloop
  endfacet
  facet normal 0.675571 -0.737295 0
    outer loop
      vertex 22.981 -17.981 10
      vertex 20.8906 -19.8964 0.5
      vertex 22.981 -17.981 0.5
    endloop
  endfacet
  facet normal 0.477949 -0.521587 -0.706761
    outer loop
      vertex 22.6274 -17.6274 0
      vertex 20.8906 -19.8964 0.5
      vertex 20.5692 -19.5134 0
    endloop
  endfacet
  facet normal 0.477897 -0.52156 -0.706816
    outer loop
      vertex 22.6274 -17.6274 0
      vertex 22.981 -17.981 0.5
      vertex 20.8906 -19.8964 0.5
    endloop
  endfacet
  facet normal -0.521555 0.477903 -0.706816
    outer loop
      vertex 22.9813 -14.2836 0.5
      vertex 21.5668 -16.5668 0
      vertex 21.2132 -16.2132 0.5
    endloop
  endfacet
  facet normal -0.521557 0.477904 -0.706814
    outer loop
      vertex 22.9813 -14.2836 0.5
      vertex 23.3644 -14.605 0
      vertex 21.5668 -16.5668 0
    endloop
  endfacet
  facet normal -0.737287 0.675579 0
    outer loop
      vertex 21.2132 -16.2132 0.5
      vertex 22.9813 -14.2836 10
      vertex 22.9813 -14.2836 0.5
    endloop
  endfacet
  facet normal -0.737287 0.675579 0
    outer loop
      vertex 22.9813 -14.2836 10
      vertex 21.2132 -16.2132 0.5
      vertex 21.2132 -16.2132 10
    endloop
  endfacet
  facet normal 0.737295 -0.675571 0
    outer loop
      vertex 22.981 -17.981 10
      vertex 24.8964 -15.8906 0.5
      vertex 24.8964 -15.8906 10
    endloop
  endfacet
  facet normal 0.737295 -0.675571 0
    outer loop
      vertex 24.8964 -15.8906 0.5
      vertex 22.981 -17.981 10
      vertex 22.981 -17.981 0.5
    endloop
  endfacet
  facet normal 0.521547 -0.477911 -0.706817
    outer loop
      vertex 24.5134 -15.5692 0
      vertex 22.981 -17.981 0.5
      vertex 22.6274 -17.6274 0
    endloop
  endfacet
  facet normal 0.5216 -0.477934 -0.706762
    outer loop
      vertex 24.5134 -15.5692 0
      vertex 24.8964 -15.8906 0.5
      vertex 22.981 -17.981 0.5
    endloop
  endfacet
  facet normal -0.561203 0.430653 -0.706817
    outer loop
      vertex 24.5746 -12.2073 0.5
      vertex 23.3644 -14.605 0
      vertex 22.9813 -14.2836 0.5
    endloop
  endfacet
  facet normal -0.561289 0.430679 -0.706733
    outer loop
      vertex 24.5746 -12.2073 0.5
      vertex 24.9841 -12.4941 0
      vertex 23.3644 -14.605 0
    endloop
  endfacet
  facet normal -0.793335 0.608785 0
    outer loop
      vertex 22.9813 -14.2836 0.5
      vertex 24.5746 -12.2073 10
      vertex 24.5746 -12.2073 0.5
    endloop
  endfacet
  facet normal -0.793335 0.608785 0
    outer loop
      vertex 24.5746 -12.2073 10
      vertex 22.9813 -14.2836 0.5
      vertex 22.9813 -14.2836 10
    endloop
  endfacet
  facet normal 0.793358 -0.608756 0
    outer loop
      vertex 24.8964 -15.8906 10
      vertex 26.6224 -13.6412 0.5
      vertex 26.6224 -13.6412 10
    endloop
  endfacet
  facet normal 0.793358 -0.608756 0
    outer loop
      vertex 26.6224 -13.6412 0.5
      vertex 24.8964 -15.8906 10
      vertex 24.8964 -15.8906 0.5
    endloop
  endfacet
  facet normal 0.561257 -0.430674 -0.70676
    outer loop
      vertex 26.2129 -13.3544 0
      vertex 24.8964 -15.8906 0.5
      vertex 24.5134 -15.5692 0
    endloop
  endfacet
  facet normal 0.561285 -0.430683 -0.706733
    outer loop
      vertex 26.2129 -13.3544 0
      vertex 26.6224 -13.6412 0.5
      vertex 24.8964 -15.8906 0.5
    endloop
  endfacet
  facet normal -0.596687 0.38013 -0.706729
    outer loop
      vertex 25.9808 -10 0.5
      vertex 24.9841 -12.4941 0
      vertex 24.5746 -12.2073 0.5
    endloop
  endfacet
  facet normal -0.596652 0.380123 -0.706762
    outer loop
      vertex 25.9808 -10 0.5
      vertex 26.4138 -10.25 0
      vertex 24.9841 -12.4941 0
    endloop
  endfacet
  facet normal -0.843392 0.537298 0
    outer loop
      vertex 24.5746 -12.2073 0.5
      vertex 25.9808 -10 10
      vertex 25.9808 -10 0.5
    endloop
  endfacet
  facet normal -0.843392 0.537298 0
    outer loop
      vertex 25.9808 -10 10
      vertex 24.5746 -12.2073 0.5
      vertex 24.5746 -12.2073 10
    endloop
  endfacet
  facet normal 0.843385 -0.537309 0
    outer loop
      vertex 26.6224 -13.6412 10
      vertex 28.1458 -11.25 0.5
      vertex 28.1458 -11.25 10
    endloop
  endfacet
  facet normal 0.843385 -0.537309 0
    outer loop
      vertex 28.1458 -11.25 0.5
      vertex 26.6224 -13.6412 10
      vertex 26.6224 -13.6412 0.5
    endloop
  endfacet
  facet normal 0.596688 -0.380128 -0.706729
    outer loop
      vertex 27.7128 -11 0
      vertex 26.6224 -13.6412 0.5
      vertex 26.2129 -13.3544 0
    endloop
  endfacet
  facet normal 0.596654 -0.38012 -0.706762
    outer loop
      vertex 27.7128 -11 0
      vertex 28.1458 -11.25 0.5
      vertex 26.6224 -13.6412 0.5
    endloop
  endfacet
  facet normal -0.627525 0.32665 -0.706762
    outer loop
      vertex 27.1892 -7.67855 0.5
      vertex 26.4138 -10.25 0
      vertex 25.9808 -10 0.5
    endloop
  endfacet
  facet normal -0.627485 0.326645 -0.706799
    outer loop
      vertex 27.1892 -7.67855 0.5
      vertex 27.6424 -7.88986 0
      vertex 26.4138 -10.25 0
    endloop
  endfacet
  facet normal -0.887022 0.461727 0
    outer loop
      vertex 25.9808 -10 0.5
      vertex 27.1892 -7.67855 10
      vertex 27.1892 -7.67855 0.5
    endloop
  endfacet
  facet normal -0.887022 0.461727 0
    outer loop
      vertex 27.1892 -7.67855 10
      vertex 25.9808 -10 0.5
      vertex 25.9808 -10 10
    endloop
  endfacet
  facet normal 0.887008 -0.461754 0
    outer loop
      vertex 28.1458 -11.25 10
      vertex 29.455 -8.73509 0.5
      vertex 29.455 -8.73509 10
    endloop
  endfacet
  facet normal 0.887008 -0.461754 0
    outer loop
      vertex 29.455 -8.73509 0.5
      vertex 28.1458 -11.25 10
      vertex 28.1458 -11.25 0.5
    endloop
  endfacet
  facet normal 0.62751 -0.326677 -0.706762
    outer loop
      vertex 29.0019 -8.52378 0
      vertex 28.1458 -11.25 0.5
      vertex 27.7128 -11 0
    endloop
  endfacet
  facet normal 0.627538 -0.326681 -0.706736
    outer loop
      vertex 29.0019 -8.52378 0
      vertex 29.455 -8.73509 0.5
      vertex 28.1458 -11.25 0.5
    endloop
  endfacet
  facet normal -0.653559 0.270727 -0.706801
    outer loop
      vertex 28.1908 -5.2606 0.5
      vertex 27.6424 -7.88986 0
      vertex 27.1892 -7.67855 0.5
    endloop
  endfacet
  facet normal -0.653624 0.270729 -0.70674
    outer loop
      vertex 28.1908 -5.2606 0.5
      vertex 28.6606 -5.43161 0
      vertex 27.6424 -7.88986 0
    endloop
  endfacet
  facet normal -0.923872 0.3827 0
    outer loop
      vertex 27.1892 -7.67855 0.5
      vertex 28.1908 -5.2606 10
      vertex 28.1908 -5.2606 0.5
    endloop
  endfacet
  facet normal -0.923872 0.3827 0
    outer loop
      vertex 28.1908 -5.2606 10
      vertex 27.1892 -7.67855 0.5
      vertex 27.1892 -7.67855 10
    endloop
  endfacet
  facet normal 0.92388 -0.382681 0
    outer loop
      vertex 29.455 -8.73509 10
      vertex 30.54 -6.11565 0.5
      vertex 30.54 -6.11565 10
    endloop
  endfacet
  facet normal 0.92388 -0.382681 0
    outer loop
      vertex 30.54 -6.11565 0.5
      vertex 29.455 -8.73509 10
      vertex 29.455 -8.73509 0.5
    endloop
  endfacet
  facet normal 0.653626 -0.270737 -0.706735
    outer loop
      vertex 30.0702 -5.94464 0
      vertex 29.455 -8.73509 0.5
      vertex 29.0019 -8.52378 0
    endloop
  endfacet
  facet normal 0.653621 -0.270737 -0.70674
    outer loop
      vertex 30.0702 -5.94464 0
      vertex 30.54 -6.11565 0.5
      vertex 29.455 -8.73509 0.5
    endloop
  endfacet
  facet normal -0.67473 0.212743 -0.706739
    outer loop
      vertex 28.9778 -2.76457 0.5
      vertex 28.6606 -5.43161 0
      vertex 28.1908 -5.2606 0.5
    endloop
  endfacet
  facet normal -0.674742 0.212742 -0.706728
    outer loop
      vertex 28.9778 -2.76457 0.5
      vertex 29.4607 -2.89398 0
      vertex 28.6606 -5.43161 0
    endloop
  endfacet
  facet normal -0.953716 0.300707 0
    outer loop
      vertex 28.1908 -5.2606 0.5
      vertex 28.9778 -2.76457 10
      vertex 28.9778 -2.76457 0.5
    endloop
  endfacet
  facet normal -0.953716 0.300707 0
    outer loop
      vertex 28.9778 -2.76457 10
      vertex 28.1908 -5.2606 0.5
      vertex 28.1908 -5.2606 10
    endloop
  endfacet
  facet normal 0.953715 -0.300713 0
    outer loop
      vertex 30.54 -6.11565 10
      vertex 31.3926 -3.41162 0.5
      vertex 31.3926 -3.41162 10
    endloop
  endfacet
  facet normal 0.953715 -0.300713 0
    outer loop
      vertex 31.3926 -3.41162 0.5
      vertex 30.54 -6.11565 10
      vertex 30.54 -6.11565 0.5
    endloop
  endfacet
  facet normal 0.674735 -0.212728 -0.706738
    outer loop
      vertex 30.9096 -3.28221 0
      vertex 30.54 -6.11565 0.5
      vertex 30.0702 -5.94464 0
    endloop
  endfacet
  facet normal 0.674675 -0.21273 -0.706795
    outer loop
      vertex 30.9096 -3.28221 0
      vertex 31.3926 -3.41162 0.5
      vertex 30.54 -6.11565 0.5
    endloop
  endfacet
  facet normal -0.69072 0.153113 -0.706726
    outer loop
      vertex 29.5442 -0.209445 0.5
      vertex 29.4607 -2.89398 0
      vertex 28.9778 -2.76457 0.5
    endloop
  endfacet
  facet normal -0.690677 0.15312 -0.706767
    outer loop
      vertex 29.5442 -0.209445 0.5
      vertex 30.0366 -0.296269 0
      vertex 29.4607 -2.89398 0
    endloop
  endfacet
  facet normal -0.976301 0.216419 0
    outer loop
      vertex 28.9778 -2.76457 0.5
      vertex 29.5442 -0.209445 10
      vertex 29.5442 -0.209445 0.5
    endloop
  endfacet
  facet normal -0.976301 0.216419 0
    outer loop
      vertex 29.5442 -0.209445 10
      vertex 28.9778 -2.76457 0.5
      vertex 28.9778 -2.76457 10
    endloop
  endfacet
  facet normal 0.976293 -0.216452 0
    outer loop
      vertex 31.3926 -3.41162 10
      vertex 32.0063 -0.643565 0.5
      vertex 32.0063 -0.643565 10
    endloop
  endfacet
  facet normal 0.976293 -0.216452 0
    outer loop
      vertex 32.0063 -0.643565 0.5
      vertex 31.3926 -3.41162 10
      vertex 31.3926 -3.41162 0.5
    endloop
  endfacet
  facet normal 0.69065 -0.153108 -0.706796
    outer loop
      vertex 31.5138 -0.556741 0
      vertex 31.3926 -3.41162 0.5
      vertex 30.9096 -3.28221 0
    endloop
  endfacet
  facet normal 0.690608 -0.153113 -0.706836
    outer loop
      vertex 31.5138 -0.556741 0
      vertex 32.0063 -0.643565 0.5
      vertex 31.3926 -3.41162 0.5
    endloop
  endfacet
  facet normal -0.701394 0.092338 -0.706767
    outer loop
      vertex 29.8858 2.38533 0.5
      vertex 30.0366 -0.296269 0
      vertex 29.5442 -0.209445 0.5
    endloop
  endfacet
  facet normal -0.701389 0.0923392 -0.706772
    outer loop
      vertex 30.3839 2.34175 0
      vertex 30.0366 -0.296269 0
      vertex 29.8858 2.38533 0.5
    endloop
  endfacet
  facet normal -0.991445 0.130523 0
    outer loop
      vertex 29.5442 -0.209445 0.5
      vertex 29.8858 2.38533 10
      vertex 29.8858 2.38533 0.5
    endloop
  endfacet
  facet normal -0.991445 0.130523 0
    outer loop
      vertex 29.8858 2.38533 10
      vertex 29.5442 -0.209445 0.5
      vertex 29.5442 -0.209445 10
    endloop
  endfacet
  facet normal 0.991448 -0.1305 0
    outer loop
      vertex 32.0063 -0.643565 10
      vertex 32.3763 2.16744 0.5
      vertex 32.3763 2.16744 10
    endloop
  endfacet
  facet normal 0.991448 -0.1305 0
    outer loop
      vertex 32.3763 2.16744 0.5
      vertex 32.0063 -0.643565 10
      vertex 32.0063 -0.643565 0.5
    endloop
  endfacet
  facet normal 0.701324 -0.0923354 -0.706838
    outer loop
      vertex 31.8782 2.21102 0
      vertex 32.0063 -0.643565 0.5
      vertex 31.5138 -0.556741 0
    endloop
  endfacet
  facet normal 0.701391 -0.092321 -0.706773
    outer loop
      vertex 32.3763 2.16744 0.5
      vertex 32.0063 -0.643565 0.5
      vertex 31.8782 2.21102 0
    endloop
  endfacet
  facet normal -0.706767 0.0308692 -0.706772
    outer loop
      vertex 30 5 0.5
      vertex 30.3839 2.34175 0
      vertex 29.8858 2.38533 0.5
    endloop
  endfacet
  facet normal -0.706768 0.0309081 -0.70677
    outer loop
      vertex 30.3057 4.86927 0.188584
      vertex 30 5 0.5
      vertex 30.3 5 0.200001
    endloop
  endfacet
  facet normal -0.706807 0.0307412 -0.706738
    outer loop
      vertex 30.3228 4.73953 0.165839
      vertex 30 5 0.5
      vertex 30.3057 4.86927 0.188584
    endloop
  endfacet
  facet normal -0.706692 0.0310155 -0.706841
    outer loop
      vertex 30.3511 4.61177 0.131939
      vertex 30 5 0.5
      vertex 30.3228 4.73953 0.165839
    endloop
  endfacet
  facet normal -0.707033 0.0304078 -0.706526
    outer loop
      vertex 30.3905 4.48697 0.0871395
      vertex 30 5 0.5
      vertex 30.3511 4.61177 0.131939
    endloop
  endfacet
  facet normal -0.706026 0.0319313 -0.707466
    outer loop
      vertex 30.4405 4.36607 0.0317845
      vertex 30 5 0.5
      vertex 30.3905 4.48697 0.0871395
    endloop
  endfacet
  facet normal -0.705914 0.030848 -0.707626
    outer loop
      vertex 30.3839 2.34175 0
      vertex 30.4405 4.36607 0.0317845
      vertex 30.4699 4.30974 0
    endloop
  endfacet
  facet normal -0.706799 0.0308589 -0.706741
    outer loop
      vertex 30.4405 4.36607 0.0317845
      vertex 30.3839 2.34175 0
      vertex 30 5 0.5
    endloop
  endfacet
  facet normal -0.999048 0.043635 0
    outer loop
      vertex 29.8858 2.38533 0.5
      vertex 30 5 10
      vertex 30 5 0.5
    endloop
  endfacet
  facet normal -0.999048 0.043635 0
    outer loop
      vertex 30 5 10
      vertex 29.8858 2.38533 0.5
      vertex 29.8858 2.38533 10
    endloop
  endfacet
  facet normal 0 0 1
    outer loop
      vertex 32.3763 2.16744 10
      vertex 32.4345 3.5 10
      vertex 32.5 5 10
    endloop
  endfacet
  facet normal 0.999048 -0.0436337 0
    outer loop
      vertex 32.3763 2.16744 10
      vertex 32.4345 3.5 0.5
      vertex 32.4345 3.5 10
    endloop
  endfacet
  facet normal 0.999048 -0.0436337 0
    outer loop
      vertex 32.4345 3.5 0.5
      vertex 32.3763 2.16744 10
      vertex 32.3763 2.16744 0.5
    endloop
  endfacet
  facet normal 0.70674 -0.030869 -0.706799
    outer loop
      vertex 32.1993 3.5 0.264778
      vertex 31.8782 2.21102 0
      vertex 31.9345 3.5 0
    endloop
  endfacet
  facet normal 0.706767 -0.030881 -0.706772
    outer loop
      vertex 31.8782 2.21102 0
      vertex 32.1993 3.5 0.264778
      vertex 32.3763 2.16744 0.5
    endloop
  endfacet
  facet normal 0.706803 -0.0308698 -0.706737
    outer loop
      vertex 32.4345 3.5 0.5
      vertex 32.3763 2.16744 0.5
      vertex 32.1993 3.5 0.264778
    endloop
  endfacet
  facet normal -0.70228 -0.0297522 -0.711279
    outer loop
      vertex 29.9124 7.44547 0.480814
      vertex 29.8858 7.61467 0.5
      vertex 29.9003 7.55324 0.488253
    endloop
  endfacet
  facet normal -0.706753 -0.0308518 -0.706787
    outer loop
      vertex 30 5 0.5
      vertex 29.9525 7.33097 0.445749
      vertex 30.3842 5.4931 0.0942945
    endloop
  endfacet
  facet normal -0.70699 -0.0304849 -0.706566
    outer loop
      vertex 30 5 0.5
      vertex 30.3842 5.4931 0.0942945
      vertex 30.3511 5.38823 0.131939
    endloop
  endfacet
  facet normal -0.706692 -0.0310155 -0.706841
    outer loop
      vertex 30 5 0.5
      vertex 30.3511 5.38823 0.131939
      vertex 30.3228 5.26047 0.165839
    endloop
  endfacet
  facet normal -0.706807 -0.0307412 -0.706738
    outer loop
      vertex 30 5 0.5
      vertex 30.3228 5.26047 0.165839
      vertex 30.3057 5.13073 0.188584
    endloop
  endfacet
  facet normal -0.706768 -0.0309081 -0.70677
    outer loop
      vertex 30 5 0.5
      vertex 30.3057 5.13073 0.188584
      vertex 30.3 5 0.200001
    endloop
  endfacet
  facet normal -0.70633 -0.0308501 -0.70721
    outer loop
      vertex 29.9124 7.44547 0.480814
      vertex 30 5 0.5
      vertex 29.8858 7.61467 0.5
    endloop
  endfacet
  facet normal -0.706425 -0.0308528 -0.707115
    outer loop
      vertex 29.9525 7.33097 0.445749
      vertex 30 5 0.5
      vertex 29.9124 7.44547 0.480814
    endloop
  endfacet
  facet normal -0.703661 -0.0303441 -0.709888
    outer loop
      vertex 29.8933 7.61532 0.492538
      vertex 29.9003 7.55324 0.488253
      vertex 29.8858 7.61467 0.5
    endloop
  endfacet
  facet normal -0.70663 -0.0308685 -0.706909
    outer loop
      vertex 30.4699 5.69026 0
      vertex 30.3517 6.74632 0.0720385
      vertex 30.4258 6.69978 0
    endloop
  endfacet
  facet normal -0.706833 -0.0309051 -0.706705
    outer loop
      vertex 30.4699 5.69026 0
      vertex 30.1538 6.94424 0.261319
      vertex 30.3517 6.74632 0.0720385
    endloop
  endfacet
  facet normal -0.706157 -0.0305913 -0.707394
    outer loop
      vertex 30.4405 5.63393 0.0317846
      vertex 30.1538 6.94424 0.261319
      vertex 30.4699 5.69026 0
    endloop
  endfacet
  facet normal -0.707138 -0.0309807 -0.706396
    outer loop
      vertex 30.3905 5.51303 0.0871395
      vertex 30.1538 6.94424 0.261319
      vertex 30.4405 5.63393 0.0317846
    endloop
  endfacet
  facet normal -0.706198 -0.0307092 -0.707349
    outer loop
      vertex 30.3842 5.4931 0.0942945
      vertex 30.1538 6.94424 0.261319
      vertex 30.3905 5.51303 0.0871395
    endloop
  endfacet
  facet normal -0.706859 -0.0308913 -0.706679
    outer loop
      vertex 30.1538 6.94424 0.261319
      vertex 30.3842 5.4931 0.0942945
      vertex 30.0049 7.18126 0.399896
    endloop
  endfacet
  facet normal -0.70656 -0.030769 -0.706984
    outer loop
      vertex 30.0049 7.18126 0.399896
      vertex 30.3842 5.4931 0.0942945
      vertex 29.9525 7.33097 0.445749
    endloop
  endfacet
  facet normal -0.999048 -0.043635 0
    outer loop
      vertex 30 5 0.5
      vertex 29.8858 7.61467 10
      vertex 29.8858 7.61467 0.5
    endloop
  endfacet
  facet normal -0.999048 -0.043635 0
    outer loop
      vertex 29.8858 7.61467 10
      vertex 30 5 0.5
      vertex 30 5 10
    endloop
  endfacet
  facet normal 0.999048 0.0436337 0
    outer loop
      vertex 32.3763 7.83256 10
      vertex 32.4345 6.5 10
      vertex 32.3763 7.83256 0.5
    endloop
  endfacet
  facet normal 0 0 1
    outer loop
      vertex 32.5 5 10
      vertex 32.4345 6.5 10
      vertex 32.3763 7.83256 10
    endloop
  endfacet
  facet normal 0.999048 0.0436337 0
    outer loop
      vertex 32.3763 7.83256 0.5
      vertex 32.4345 6.5 10
      vertex 32.4345 6.5 0.5
    endloop
  endfacet
  facet normal 0.706744 0.0308197 -0.706798
    outer loop
      vertex 32.1656 6.5 0.231085
      vertex 31.9232 6.75907 0
      vertex 32.0742 6.91005 0.157572
    endloop
  endfacet
  facet normal 0.706748 0.0308266 -0.706794
    outer loop
      vertex 31.9232 6.75907 0
      vertex 32.1656 6.5 0.231085
      vertex 31.9345 6.5 0
    endloop
  endfacet
  facet normal 0.706362 0.0308199 -0.70718
    outer loop
      vertex 32.4345 6.5 0.5
      vertex 32.3497 7.44547 0.456503
      vertex 32.3811 7.7236 0.499988
    endloop
  endfacet
  facet normal 0.706864 0.0308881 -0.706675
    outer loop
      vertex 32.4345 6.5 0.5
      vertex 32.2573 7.18126 0.35253
      vertex 32.3497 7.44547 0.456503
    endloop
  endfacet
  facet normal 0.706791 0.0308228 -0.706751
    outer loop
      vertex 32.1084 6.94424 0.193256
      vertex 32.4345 6.5 0.5
      vertex 32.1656 6.5 0.231085
    endloop
  endfacet
  facet normal 0.706821 0.0308676 -0.706719
    outer loop
      vertex 32.4345 6.5 0.5
      vertex 32.1084 6.94424 0.193256
      vertex 32.2573 7.18126 0.35253
    endloop
  endfacet
  facet normal 0.706708 0.0308052 -0.706834
    outer loop
      vertex 32.1084 6.94424 0.193256
      vertex 32.1656 6.5 0.231085
      vertex 32.0742 6.91005 0.157572
    endloop
  endfacet
  facet normal 0.280023 0.0122301 0.959915
    outer loop
      vertex 32.3811 7.7236 0.499988
      vertex 32.3763 7.83256 0.5
      vertex 32.4345 6.5 0.5
    endloop
  endfacet
  facet normal 0.70978 0.0313453 -0.703726
    outer loop
      vertex 32.3763 7.83256 0.5
      vertex 32.3811 7.7236 0.499988
      vertex 32.3715 7.83214 0.49514
    endloop
  endfacet
  facet normal -0.976334 -0.216267 0
    outer loop
      vertex -49.4489 4.61177 6
      vertex -49.4772 4.73953 10
      vertex -49.4772 4.73953 6
    endloop
  endfacet
  facet normal -0.976334 -0.216267 0
    outer loop
      vertex -49.4772 4.73953 10
      vertex -49.4489 4.61177 6
      vertex -49.4489 4.61177 10
    endloop
  endfacet
  facet normal -0.737306 0.675559 0
    outer loop
      vertex -49.1491 5.96418 6
      vertex -49.0607 6.06066 10
      vertex -49.0607 6.06066 6
    endloop
  endfacet
  facet normal -0.737306 0.675559 0
    outer loop
      vertex -49.0607 6.06066 10
      vertex -49.1491 5.96418 6
      vertex -49.1491 5.96418 10
    endloop
  endfacet
  facet normal 0 -1 0
    outer loop
      vertex -46 3.5 6
      vertex -48 3.5 10
      vertex -48 3.5 6
    endloop
  endfacet
  facet normal 0 -1 0
    outer loop
      vertex -48 3.5 10
      vertex -46 3.5 6
      vertex -32.4345 3.5 10
    endloop
  endfacet
  facet normal 0 -1 0
    outer loop
      vertex -46 3.5 6
      vertex -32.4345 3.5 0.5
      vertex -32.4345 3.5 10
    endloop
  endfacet
  facet normal 0 -1 0
    outer loop
      vertex -46 3.5 -7.62939e-07
      vertex -32.4345 3.5 0.5
      vertex -46 3.5 6
    endloop
  endfacet
  facet normal 0 -1 -0
    outer loop
      vertex -32.4345 3.5 0.5
      vertex -46 3.5 -7.62939e-07
      vertex -32.1656 3.5 0.231085
    endloop
  endfacet
  facet normal 0 -1 -0
    outer loop
      vertex -32.1656 3.5 0.231085
      vertex -46 3.5 -7.62939e-07
      vertex -31.9345 3.5 0
    endloop
  endfacet
  facet normal 0 -1 0
    outer loop
      vertex -31.8 3.5 -7.62939e-07
      vertex -31.9345 3.5 0
      vertex -46 3.5 -7.62939e-07
    endloop
  endfacet
  facet normal 0 -1 0
    outer loop
      vertex -31.9345 3.5 0
      vertex -31.8 3.5 -7.62939e-07
      vertex -31.8 3.5 0
    endloop
  endfacet
  facet normal 0 1 0
    outer loop
      vertex -31.8 6.5 0
      vertex -31.8 6.5 -7.62939e-07
      vertex -31.9345 6.5 0
    endloop
  endfacet
  facet normal 0 1 0
    outer loop
      vertex -32.4345 6.5 10
      vertex -46 6.5 6
      vertex -48 6.5 10
    endloop
  endfacet
  facet normal 0 1 -0
    outer loop
      vertex -32.4345 6.5 0.5
      vertex -46 6.5 6
      vertex -32.4345 6.5 10
    endloop
  endfacet
  facet normal 0 1 0
    outer loop
      vertex -46 6.5 -7.62939e-07
      vertex -32.4345 6.5 0.5
      vertex -32.1993 6.5 0.264778
    endloop
  endfacet
  facet normal 0 1 0
    outer loop
      vertex -46 6.5 -7.62939e-07
      vertex -32.1993 6.5 0.264778
      vertex -31.9345 6.5 0
    endloop
  endfacet
  facet normal 0 1 0
    outer loop
      vertex -32.4345 6.5 0.5
      vertex -46 6.5 -7.62939e-07
      vertex -46 6.5 6
    endloop
  endfacet
  facet normal 0 1 0
    outer loop
      vertex -46 6.5 -7.62939e-07
      vertex -31.9345 6.5 0
      vertex -31.8 6.5 -7.62939e-07
    endloop
  endfacet
  facet normal 0 1 0
    outer loop
      vertex -48 6.5 10
      vertex -46 6.5 6
      vertex -48 6.5 6
    endloop
  endfacet
  facet normal 0.0436462 0.999047 -0
    outer loop
      vertex -31.6693 6.49429 -7.62939e-07
      vertex -31.8 6.5 0
      vertex -31.6693 6.49429 0
    endloop
  endfacet
  facet normal 0.0436462 0.999047 0
    outer loop
      vertex -31.8 6.5 0
      vertex -31.6693 6.49429 -7.62939e-07
      vertex -31.8 6.5 -7.62939e-07
    endloop
  endfacet
  facet normal 0.999051 0.0435599 -0
    outer loop
      vertex -30.3 5 -7.62939e-07
      vertex -30.3057 5.13073 0.188584
      vertex -30.3 5 0.200001
    endloop
  endfacet
  facet normal 0.999051 0.0435599 0
    outer loop
      vertex -30.3057 5.13073 0.188584
      vertex -30.3 5 -7.62939e-07
      vertex -30.3057 5.13073 -7.62939e-07
    endloop
  endfacet
  facet normal 0.793589 -0.608454 0
    outer loop
      vertex -30.6509 4.03582 0
      vertex -30.5713 4.13964 -7.62939e-07
      vertex -30.5713 4.13964 0
    endloop
  endfacet
  facet normal 0.793589 -0.608454 0
    outer loop
      vertex -30.5713 4.13964 -7.62939e-07
      vertex -30.6509 4.03582 0
      vertex -30.6509 4.03582 -7.62939e-07
    endloop
  endfacet
  facet normal -0.991426 -0.130672 0
    outer loop
      vertex -49.4772 4.73953 6
      vertex -49.4943 4.86927 10
      vertex -49.4943 4.86927 6
    endloop
  endfacet
  facet normal -0.991426 -0.130672 0
    outer loop
      vertex -49.4943 4.86927 10
      vertex -49.4772 4.73953 6
      vertex -49.4772 4.73953 10
    endloop
  endfacet
  facet normal -0.999051 0.0435599 0
    outer loop
      vertex -49.5 5 6
      vertex -49.4943 5.13073 10
      vertex -49.4943 5.13073 6
    endloop
  endfacet
  facet normal -0.999051 0.0435599 0
    outer loop
      vertex -49.4943 5.13073 10
      vertex -49.5 5 6
      vertex -49.5 5 10
    endloop
  endfacet
  facet normal -0.382694 0.923875 0
    outer loop
      vertex -48.513 6.40954 6
      vertex -48.6339 6.35946 10
      vertex -48.513 6.40954 10
    endloop
  endfacet
  facet normal -0.382694 0.923875 0
    outer loop
      vertex -48.6339 6.35946 10
      vertex -48.513 6.40954 6
      vertex -48.6339 6.35946 6
    endloop
  endfacet
  facet normal 0.737306 0.675559 0
    outer loop
      vertex -30.6509 5.96418 0
      vertex -30.7393 6.06066 -7.62939e-07
      vertex -30.7393 6.06066 0
    endloop
  endfacet
  facet normal 0.737306 0.675559 0
    outer loop
      vertex -30.7393 6.06066 -7.62939e-07
      vertex -30.6509 5.96418 0
      vertex -30.6509 5.96418 -7.62939e-07
    endloop
  endfacet
  facet normal 0.130462 0.991453 -0
    outer loop
      vertex -31.5395 6.47721 -7.62939e-07
      vertex -31.6693 6.49429 0
      vertex -31.5395 6.47721 0
    endloop
  endfacet
  facet normal 0.130462 0.991453 0
    outer loop
      vertex -31.6693 6.49429 0
      vertex -31.5395 6.47721 -7.62939e-07
      vertex -31.6693 6.49429 -7.62939e-07
    endloop
  endfacet
  facet normal 0.991426 0.130672 -0
    outer loop
      vertex -30.3057 5.13073 -7.62939e-07
      vertex -30.3228 5.26047 0.165839
      vertex -30.3057 5.13073 0.188584
    endloop
  endfacet
  facet normal 0.991426 0.130672 0
    outer loop
      vertex -30.3228 5.26047 0.165839
      vertex -30.3057 5.13073 -7.62939e-07
      vertex -30.3228 5.26047 -7.62939e-07
    endloop
  endfacet
  facet normal 0.924091 -0.382172 0
    outer loop
      vertex -30.4405 4.36607 0.0317845
      vertex -30.3905 4.48697 -7.62939e-07
      vertex -30.3905 4.48697 0.0871395
    endloop
  endfacet
  facet normal 0.924091 -0.382172 0
    outer loop
      vertex -30.3905 4.48697 -7.62939e-07
      vertex -30.4405 4.36607 0.0317845
      vertex -30.4405 4.36607 -7.62939e-07
    endloop
  endfacet
  facet normal -0.737306 -0.675559 0
    outer loop
      vertex -49.0607 3.93934 6
      vertex -49.1491 4.03582 10
      vertex -49.1491 4.03582 6
    endloop
  endfacet
  facet normal -0.737306 -0.675559 0
    outer loop
      vertex -49.1491 4.03582 10
      vertex -49.0607 3.93934 6
      vertex -49.0607 3.93934 10
    endloop
  endfacet
  facet normal 0.675524 -0.737338 0
    outer loop
      vertex -30.8358 3.85093 -7.62939e-07
      vertex -30.7393 3.93934 0
      vertex -30.8358 3.85093 0
    endloop
  endfacet
  facet normal 0.675524 -0.737338 0
    outer loop
      vertex -30.7393 3.93934 0
      vertex -30.8358 3.85093 -7.62939e-07
      vertex -30.7393 3.93934 -7.62939e-07
    endloop
  endfacet
  facet normal -0.953606 -0.301058 0
    outer loop
      vertex -49.4095 4.48697 6
      vertex -49.4489 4.61177 10
      vertex -49.4489 4.61177 6
    endloop
  endfacet
  facet normal -0.953606 -0.301058 0
    outer loop
      vertex -49.4489 4.61177 10
      vertex -49.4095 4.48697 6
      vertex -49.4095 4.48697 10
    endloop
  endfacet
  facet normal -0.886767 -0.462216 0
    outer loop
      vertex -49.299 4.25 6
      vertex -49.3595 4.36607 10
      vertex -49.3595 4.36607 6
    endloop
  endfacet
  facet normal -0.886767 -0.462216 0
    outer loop
      vertex -49.3595 4.36607 10
      vertex -49.299 4.25 6
      vertex -49.299 4.25 10
    endloop
  endfacet
  facet normal -0.991426 0.130672 0
    outer loop
      vertex -49.4943 5.13073 6
      vertex -49.4772 5.26047 10
      vertex -49.4772 5.26047 6
    endloop
  endfacet
  facet normal -0.991426 0.130672 0
    outer loop
      vertex -49.4772 5.26047 10
      vertex -49.4943 5.13073 6
      vertex -49.4943 5.13073 10
    endloop
  endfacet
  facet normal 0 0 1
    outer loop
      vertex -32.4345 6.5 10
      vertex -48 6.5 10
      vertex -32.5 5 10
    endloop
  endfacet
  facet normal 0 0 1
    outer loop
      vertex -48 3.5 10
      vertex -32.5 5 10
      vertex -48 6.5 10
    endloop
  endfacet
  facet normal 0 0 1
    outer loop
      vertex -32.5 5 10
      vertex -48 3.5 10
      vertex -32.4345 3.5 10
    endloop
  endfacet
  facet normal -0 0 1
    outer loop
      vertex -48.1307 6.49429 10
      vertex -48 3.5 10
      vertex -48 6.5 10
    endloop
  endfacet
  facet normal 0 0 1
    outer loop
      vertex -48.1307 6.49429 10
      vertex -48.1307 3.50571 10
      vertex -48 3.5 10
    endloop
  endfacet
  facet normal -0 0 1
    outer loop
      vertex -48.2605 6.47721 10
      vertex -48.1307 3.50571 10
      vertex -48.1307 6.49429 10
    endloop
  endfacet
  facet normal 0 0 1
    outer loop
      vertex -48.2605 6.47721 10
      vertex -48.2605 3.52279 10
      vertex -48.1307 3.50571 10
    endloop
  endfacet
  facet normal -0 0 1
    outer loop
      vertex -48.3882 6.44889 10
      vertex -48.2605 3.52279 10
      vertex -48.2605 6.47721 10
    endloop
  endfacet
  facet normal 0 0 1
    outer loop
      vertex -48.3882 6.44889 10
      vertex -48.3882 3.55111 10
      vertex -48.2605 3.52279 10
    endloop
  endfacet
  facet normal -0 0 1
    outer loop
      vertex -48.513 6.40954 10
      vertex -48.3882 3.55111 10
      vertex -48.3882 6.44889 10
    endloop
  endfacet
  facet normal 0 0 1
    outer loop
      vertex -48.513 6.40954 10
      vertex -48.513 3.59046 10
      vertex -48.3882 3.55111 10
    endloop
  endfacet
  facet normal -0 0 1
    outer loop
      vertex -48.6339 6.35946 10
      vertex -48.513 3.59046 10
      vertex -48.513 6.40954 10
    endloop
  endfacet
  facet normal 0 0 1
    outer loop
      vertex -48.6339 6.35946 10
      vertex -48.6339 3.64054 10
      vertex -48.513 3.59046 10
    endloop
  endfacet
  facet normal -0 0 1
    outer loop
      vertex -48.75 6.29904 10
      vertex -48.6339 3.64054 10
      vertex -48.6339 6.35946 10
    endloop
  endfacet
  facet normal 0 0 1
    outer loop
      vertex -48.75 6.29904 10
      vertex -48.75 3.70096 10
      vertex -48.6339 3.64054 10
    endloop
  endfacet
  facet normal -0 0 1
    outer loop
      vertex -48.8604 6.22873 10
      vertex -48.75 3.70096 10
      vertex -48.75 6.29904 10
    endloop
  endfacet
  facet normal 0 0 1
    outer loop
      vertex -48.8604 6.22873 10
      vertex -48.8604 3.77127 10
      vertex -48.75 3.70096 10
    endloop
  endfacet
  facet normal -0 0 1
    outer loop
      vertex -48.9642 6.14907 10
      vertex -48.8604 3.77127 10
      vertex -48.8604 6.22873 10
    endloop
  endfacet
  facet normal 0 0 1
    outer loop
      vertex -48.9642 6.14907 10
      vertex -48.9642 3.85093 10
      vertex -48.8604 3.77127 10
    endloop
  endfacet
  facet normal -0 0 1
    outer loop
      vertex -49.0607 6.06066 10
      vertex -48.9642 3.85093 10
      vertex -48.9642 6.14907 10
    endloop
  endfacet
  facet normal 0 0 1
    outer loop
      vertex -49.0607 6.06066 10
      vertex -49.0607 3.93934 10
      vertex -48.9642 3.85093 10
    endloop
  endfacet
  facet normal -0 0 1
    outer loop
      vertex -49.1491 5.96418 10
      vertex -49.0607 3.93934 10
      vertex -49.0607 6.06066 10
    endloop
  endfacet
  facet normal 0 0 1
    outer loop
      vertex -49.1491 5.96418 10
      vertex -49.1491 4.03582 10
      vertex -49.0607 3.93934 10
    endloop
  endfacet
  facet normal -0 0 1
    outer loop
      vertex -49.2287 5.86036 10
      vertex -49.1491 4.03582 10
      vertex -49.1491 5.96418 10
    endloop
  endfacet
  facet normal 0 0 1
    outer loop
      vertex -49.2287 5.86036 10
      vertex -49.2287 4.13964 10
      vertex -49.1491 4.03582 10
    endloop
  endfacet
  facet normal -0 0 1
    outer loop
      vertex -49.299 5.75 10
      vertex -49.2287 4.13964 10
      vertex -49.2287 5.86036 10
    endloop
  endfacet
  facet normal 0 0 1
    outer loop
      vertex -49.299 5.75 10
      vertex -49.299 4.25 10
      vertex -49.2287 4.13964 10
    endloop
  endfacet
  facet normal -0 0 1
    outer loop
      vertex -49.3595 5.63393 10
      vertex -49.299 4.25 10
      vertex -49.299 5.75 10
    endloop
  endfacet
  facet normal 0 0 1
    outer loop
      vertex -49.3595 5.63393 10
      vertex -49.3595 4.36607 10
      vertex -49.299 4.25 10
    endloop
  endfacet
  facet normal -0 0 1
    outer loop
      vertex -49.4095 5.51303 10
      vertex -49.3595 4.36607 10
      vertex -49.3595 5.63393 10
    endloop
  endfacet
  facet normal 0 0 1
    outer loop
      vertex -49.4095 5.51303 10
      vertex -49.4095 4.48697 10
      vertex -49.3595 4.36607 10
    endloop
  endfacet
  facet normal -0 0 1
    outer loop
      vertex -49.4489 5.38823 10
      vertex -49.4095 4.48697 10
      vertex -49.4095 5.51303 10
    endloop
  endfacet
  facet normal 0 0 1
    outer loop
      vertex -49.4489 5.38823 10
      vertex -49.4489 4.61177 10
      vertex -49.4095 4.48697 10
    endloop
  endfacet
  facet normal -0 0 1
    outer loop
      vertex -49.4772 5.26047 10
      vertex -49.4489 4.61177 10
      vertex -49.4489 5.38823 10
    endloop
  endfacet
  facet normal 0 0 1
    outer loop
      vertex -49.4772 5.26047 10
      vertex -49.4772 4.73953 10
      vertex -49.4489 4.61177 10
    endloop
  endfacet
  facet normal -0 0 1
    outer loop
      vertex -49.4943 5.13073 10
      vertex -49.4772 4.73953 10
      vertex -49.4772 5.26047 10
    endloop
  endfacet
  facet normal 0 0 1
    outer loop
      vertex -49.4943 5.13073 10
      vertex -49.4943 4.86927 10
      vertex -49.4772 4.73953 10
    endloop
  endfacet
  facet normal 0 -0 1
    outer loop
      vertex -49.4943 4.86927 10
      vertex -49.4943 5.13073 10
      vertex -49.5 5 10
    endloop
  endfacet
  facet normal -0.999051 -0.0435599 0
    outer loop
      vertex -49.4943 4.86927 6
      vertex -49.5 5 10
      vertex -49.5 5 6
    endloop
  endfacet
  facet normal -0.999051 -0.0435599 0
    outer loop
      vertex -49.5 5 10
      vertex -49.4943 4.86927 6
      vertex -49.4943 4.86927 10
    endloop
  endfacet
  facet normal -0.924091 0.382172 0
    outer loop
      vertex -49.4095 5.51303 6
      vertex -49.3595 5.63393 10
      vertex -49.3595 5.63393 6
    endloop
  endfacet
  facet normal -0.924091 0.382172 0
    outer loop
      vertex -49.3595 5.63393 10
      vertex -49.4095 5.51303 6
      vertex -49.4095 5.51303 10
    endloop
  endfacet
  facet normal -0.21651 0.976281 0
    outer loop
      vertex -48.2605 6.47721 6
      vertex -48.3882 6.44889 10
      vertex -48.2605 6.47721 10
    endloop
  endfacet
  facet normal -0.21651 0.976281 0
    outer loop
      vertex -48.3882 6.44889 10
      vertex -48.2605 6.47721 6
      vertex -48.3882 6.44889 6
    endloop
  endfacet
  facet normal -0.675524 0.737338 0
    outer loop
      vertex -48.9642 6.14907 6
      vertex -49.0607 6.06066 10
      vertex -48.9642 6.14907 10
    endloop
  endfacet
  facet normal -0.675524 0.737338 0
    outer loop
      vertex -49.0607 6.06066 10
      vertex -48.9642 6.14907 6
      vertex -49.0607 6.06066 6
    endloop
  endfacet
  facet normal -0.461641 0.887067 0
    outer loop
      vertex -48.6339 6.35946 6
      vertex -48.75 6.29904 10
      vertex -48.6339 6.35946 10
    endloop
  endfacet
  facet normal -0.461641 0.887067 0
    outer loop
      vertex -48.75 6.29904 10
      vertex -48.6339 6.35946 6
      vertex -48.75 6.29904 6
    endloop
  endfacet
  facet normal -0.608817 0.793311 0
    outer loop
      vertex -48.8604 6.22873 6
      vertex -48.9642 6.14907 10
      vertex -48.8604 6.22873 10
    endloop
  endfacet
  facet normal -0.608817 0.793311 0
    outer loop
      vertex -48.9642 6.14907 10
      vertex -48.8604 6.22873 6
      vertex -48.9642 6.14907 6
    endloop
  endfacet
  facet normal -0.300711 0.953715 0
    outer loop
      vertex -48.3882 6.44889 6
      vertex -48.513 6.40954 10
      vertex -48.3882 6.44889 10
    endloop
  endfacet
  facet normal -0.300711 0.953715 0
    outer loop
      vertex -48.513 6.40954 10
      vertex -48.3882 6.44889 6
      vertex -48.513 6.40954 6
    endloop
  endfacet
  facet normal 0.924091 0.382172 -0
    outer loop
      vertex -30.3905 5.51303 -7.62939e-07
      vertex -30.4405 5.63393 0.0317846
      vertex -30.3905 5.51303 0.0871396
    endloop
  endfacet
  facet normal 0.924091 0.382172 0
    outer loop
      vertex -30.4405 5.63393 0.0317846
      vertex -30.3905 5.51303 -7.62939e-07
      vertex -30.4405 5.63393 -7.62939e-07
    endloop
  endfacet
  facet normal 0.976334 0.216267 -0
    outer loop
      vertex -30.3228 5.26047 -7.62939e-07
      vertex -30.3511 5.38823 0.131939
      vertex -30.3228 5.26047 0.165839
    endloop
  endfacet
  facet normal 0.976334 0.216267 0
    outer loop
      vertex -30.3511 5.38823 0.131939
      vertex -30.3228 5.26047 -7.62939e-07
      vertex -30.3511 5.38823 -7.62939e-07
    endloop
  endfacet
  facet normal 0.461641 0.887067 -0
    outer loop
      vertex -31.05 6.29904 -7.62939e-07
      vertex -31.1661 6.35946 0
      vertex -31.05 6.29904 0
    endloop
  endfacet
  facet normal 0.461641 0.887067 0
    outer loop
      vertex -31.1661 6.35946 0
      vertex -31.05 6.29904 -7.62939e-07
      vertex -31.1661 6.35946 -7.62939e-07
    endloop
  endfacet
  facet normal 0.999051 -0.0435599 0
    outer loop
      vertex -30.3057 4.86927 0.188584
      vertex -30.3 5 -7.62939e-07
      vertex -30.3 5 0.200001
    endloop
  endfacet
  facet normal 0.999051 -0.0435599 0
    outer loop
      vertex -30.3 5 -7.62939e-07
      vertex -30.3057 4.86927 0.188584
      vertex -30.3057 4.86927 -7.62939e-07
    endloop
  endfacet
  facet normal 0.976334 -0.216267 0
    outer loop
      vertex -30.3511 4.61177 0.131939
      vertex -30.3228 4.73953 -7.62939e-07
      vertex -30.3228 4.73953 0.165839
    endloop
  endfacet
  facet normal 0.976334 -0.216267 0
    outer loop
      vertex -30.3228 4.73953 -7.62939e-07
      vertex -30.3511 4.61177 0.131939
      vertex -30.3511 4.61177 -7.62939e-07
    endloop
  endfacet
  facet normal 0.991426 -0.130672 0
    outer loop
      vertex -30.3228 4.73953 0.165839
      vertex -30.3057 4.86927 -7.62939e-07
      vertex -30.3057 4.86927 0.188584
    endloop
  endfacet
  facet normal 0.991426 -0.130672 0
    outer loop
      vertex -30.3057 4.86927 -7.62939e-07
      vertex -30.3228 4.73953 0.165839
      vertex -30.3228 4.73953 -7.62939e-07
    endloop
  endfacet
  facet normal 0.953627 -0.300992 0
    outer loop
      vertex -30.3842 4.5069 0.0942946
      vertex -30.3511 4.61177 -7.62939e-07
      vertex -30.3511 4.61177 0.131939
    endloop
  endfacet
  facet normal 0.953496 -0.301406 0
    outer loop
      vertex -30.3905 4.48697 -7.62939e-07
      vertex -30.3842 4.5069 0.0942946
      vertex -30.3905 4.48697 0.0871395
    endloop
  endfacet
  facet normal 0.953606 -0.301058 -8.08713e-05
    outer loop
      vertex -30.3842 4.5069 0.0942946
      vertex -30.3905 4.48697 -7.62939e-07
      vertex -30.3511 4.61177 -7.62939e-07
    endloop
  endfacet
  facet normal 0.886517 -0.462695 0
    outer loop
      vertex -30.4699 4.30974 0
      vertex -30.4405 4.36607 -7.62939e-07
      vertex -30.4405 4.36607 0.0317845
    endloop
  endfacet
  facet normal 0.887003 -0.461764 0
    outer loop
      vertex -30.501 4.25 -7.62939e-07
      vertex -30.4699 4.30974 0
      vertex -30.501 4.25 0
    endloop
  endfacet
  facet normal 0.0197045 -0.0102707 0.999753
    outer loop
      vertex -30.4699 4.30974 0
      vertex -30.501 4.25 -7.62939e-07
      vertex -30.4405 4.36607 -7.62939e-07
    endloop
  endfacet
  facet normal 0.843416 -0.537261 0
    outer loop
      vertex -30.5713 4.13964 0
      vertex -30.501 4.25 -7.62939e-07
      vertex -30.501 4.25 0
    endloop
  endfacet
  facet normal 0.843416 -0.537261 0
    outer loop
      vertex -30.501 4.25 -7.62939e-07
      vertex -30.5713 4.13964 0
      vertex -30.5713 4.13964 -7.62939e-07
    endloop
  endfacet
  facet normal -0.130462 -0.991453 0
    outer loop
      vertex -48.2605 3.52279 6
      vertex -48.1307 3.50571 10
      vertex -48.2605 3.52279 10
    endloop
  endfacet
  facet normal -0.130462 -0.991453 -0
    outer loop
      vertex -48.1307 3.50571 10
      vertex -48.2605 3.52279 6
      vertex -48.1307 3.50571 6
    endloop
  endfacet
  facet normal -0.461641 -0.887067 0
    outer loop
      vertex -48.75 3.70096 6
      vertex -48.6339 3.64054 10
      vertex -48.75 3.70096 10
    endloop
  endfacet
  facet normal -0.461641 -0.887067 -0
    outer loop
      vertex -48.6339 3.64054 10
      vertex -48.75 3.70096 6
      vertex -48.6339 3.64054 6
    endloop
  endfacet
  facet normal 0.461641 -0.887067 0
    outer loop
      vertex -31.1661 3.64054 -7.62939e-07
      vertex -31.05 3.70096 0
      vertex -31.1661 3.64054 0
    endloop
  endfacet
  facet normal 0.461641 -0.887067 0
    outer loop
      vertex -31.05 3.70096 0
      vertex -31.1661 3.64054 -7.62939e-07
      vertex -31.05 3.70096 -7.62939e-07
    endloop
  endfacet
  facet normal 0.608817 -0.793311 0
    outer loop
      vertex -30.9396 3.77127 -7.62939e-07
      vertex -30.8358 3.85093 0
      vertex -30.9396 3.77127 0
    endloop
  endfacet
  facet normal 0.608817 -0.793311 0
    outer loop
      vertex -30.8358 3.85093 0
      vertex -30.9396 3.77127 -7.62939e-07
      vertex -30.8358 3.85093 -7.62939e-07
    endloop
  endfacet
  facet normal 0.0436462 -0.999047 0
    outer loop
      vertex -31.8 3.5 -7.62939e-07
      vertex -31.6693 3.50571 0
      vertex -31.8 3.5 0
    endloop
  endfacet
  facet normal 0.0436462 -0.999047 0
    outer loop
      vertex -31.6693 3.50571 0
      vertex -31.8 3.5 -7.62939e-07
      vertex -31.6693 3.50571 -7.62939e-07
    endloop
  endfacet
  facet normal -0.976334 0.216267 0
    outer loop
      vertex -49.4772 5.26047 6
      vertex -49.4489 5.38823 10
      vertex -49.4489 5.38823 6
    endloop
  endfacet
  facet normal -0.976334 0.216267 0
    outer loop
      vertex -49.4489 5.38823 10
      vertex -49.4772 5.26047 6
      vertex -49.4772 5.26047 10
    endloop
  endfacet
  facet normal -0.886767 0.462216 0
    outer loop
      vertex -49.3595 5.63393 6
      vertex -49.299 5.75 10
      vertex -49.299 5.75 6
    endloop
  endfacet
  facet normal -0.886767 0.462216 0
    outer loop
      vertex -49.299 5.75 10
      vertex -49.3595 5.63393 6
      vertex -49.3595 5.63393 10
    endloop
  endfacet
  facet normal -0.843416 0.537261 0
    outer loop
      vertex -49.299 5.75 6
      vertex -49.2287 5.86036 10
      vertex -49.2287 5.86036 6
    endloop
  endfacet
  facet normal -0.843416 0.537261 0
    outer loop
      vertex -49.2287 5.86036 10
      vertex -49.299 5.75 6
      vertex -49.299 5.75 10
    endloop
  endfacet
  facet normal -0.793589 0.608454 0
    outer loop
      vertex -49.2287 5.86036 6
      vertex -49.1491 5.96418 10
      vertex -49.1491 5.96418 6
    endloop
  endfacet
  facet normal -0.793589 0.608454 0
    outer loop
      vertex -49.1491 5.96418 10
      vertex -49.2287 5.86036 6
      vertex -49.2287 5.86036 10
    endloop
  endfacet
  facet normal -0.537177 0.84347 0
    outer loop
      vertex -48.75 6.29904 6
      vertex -48.8604 6.22873 10
      vertex -48.75 6.29904 10
    endloop
  endfacet
  facet normal -0.537177 0.84347 0
    outer loop
      vertex -48.8604 6.22873 10
      vertex -48.75 6.29904 6
      vertex -48.8604 6.22873 6
    endloop
  endfacet
  facet normal -0.130462 0.991453 0
    outer loop
      vertex -48.1307 6.49429 6
      vertex -48.2605 6.47721 10
      vertex -48.1307 6.49429 10
    endloop
  endfacet
  facet normal -0.130462 0.991453 0
    outer loop
      vertex -48.2605 6.47721 10
      vertex -48.1307 6.49429 6
      vertex -48.2605 6.47721 6
    endloop
  endfacet
  facet normal -0.0436462 0.999047 0
    outer loop
      vertex -48 6.5 6
      vertex -48.1307 6.49429 10
      vertex -48 6.5 10
    endloop
  endfacet
  facet normal -0.0436462 0.999047 0
    outer loop
      vertex -48.1307 6.49429 10
      vertex -48 6.5 6
      vertex -48.1307 6.49429 6
    endloop
  endfacet
  facet normal 0.953606 0.301058 -0
    outer loop
      vertex -30.3511 5.38823 -7.62939e-07
      vertex -30.3905 5.51303 0.0871396
      vertex -30.3511 5.38823 0.131939
    endloop
  endfacet
  facet normal 0.953606 0.301058 0
    outer loop
      vertex -30.3905 5.51303 0.0871396
      vertex -30.3511 5.38823 -7.62939e-07
      vertex -30.3905 5.51303 -7.62939e-07
    endloop
  endfacet
  facet normal 0.793589 0.608454 0
    outer loop
      vertex -30.5713 5.86036 0
      vertex -30.6509 5.96418 -7.62939e-07
      vertex -30.6509 5.96418 0
    endloop
  endfacet
  facet normal 0.793589 0.608454 0
    outer loop
      vertex -30.6509 5.96418 -7.62939e-07
      vertex -30.5713 5.86036 0
      vertex -30.5713 5.86036 -7.62939e-07
    endloop
  endfacet
  facet normal 0.843416 0.537261 0
    outer loop
      vertex -30.501 5.75 0
      vertex -30.5713 5.86036 -7.62939e-07
      vertex -30.5713 5.86036 0
    endloop
  endfacet
  facet normal 0.843416 0.537261 0
    outer loop
      vertex -30.5713 5.86036 -7.62939e-07
      vertex -30.501 5.75 0
      vertex -30.501 5.75 -7.62939e-07
    endloop
  endfacet
  facet normal 0.887003 0.461764 0
    outer loop
      vertex -30.4699 5.69026 0
      vertex -30.501 5.75 -7.62939e-07
      vertex -30.501 5.75 0
    endloop
  endfacet
  facet normal 0.0197045 0.0102707 0.999753
    outer loop
      vertex -30.4699 5.69026 0
      vertex -30.4405 5.63393 -7.62939e-07
      vertex -30.501 5.75 -7.62939e-07
    endloop
  endfacet
  facet normal 0.886517 0.462695 -0
    outer loop
      vertex -30.4405 5.63393 -7.62939e-07
      vertex -30.4699 5.69026 0
      vertex -30.4405 5.63393 0.0317846
    endloop
  endfacet
  facet normal 0.537177 0.84347 -0
    outer loop
      vertex -30.9396 6.22873 -7.62939e-07
      vertex -31.05 6.29904 0
      vertex -30.9396 6.22873 0
    endloop
  endfacet
  facet normal 0.537177 0.84347 0
    outer loop
      vertex -31.05 6.29904 0
      vertex -30.9396 6.22873 -7.62939e-07
      vertex -31.05 6.29904 -7.62939e-07
    endloop
  endfacet
  facet normal 0.608817 0.793311 -0
    outer loop
      vertex -30.8358 6.14907 -7.62939e-07
      vertex -30.9396 6.22873 0
      vertex -30.8358 6.14907 0
    endloop
  endfacet
  facet normal 0.608817 0.793311 0
    outer loop
      vertex -30.9396 6.22873 0
      vertex -30.8358 6.14907 -7.62939e-07
      vertex -30.9396 6.22873 -7.62939e-07
    endloop
  endfacet
  facet normal 0.675524 0.737338 -0
    outer loop
      vertex -30.7393 6.06066 -7.62939e-07
      vertex -30.8358 6.14907 0
      vertex -30.7393 6.06066 0
    endloop
  endfacet
  facet normal 0.675524 0.737338 0
    outer loop
      vertex -30.8358 6.14907 0
      vertex -30.7393 6.06066 -7.62939e-07
      vertex -30.8358 6.14907 -7.62939e-07
    endloop
  endfacet
  facet normal 0.21651 0.976281 -0
    outer loop
      vertex -31.4118 6.44889 -7.62939e-07
      vertex -31.5395 6.47721 0
      vertex -31.4118 6.44889 0
    endloop
  endfacet
  facet normal 0.21651 0.976281 0
    outer loop
      vertex -31.5395 6.47721 0
      vertex -31.4118 6.44889 -7.62939e-07
      vertex -31.5395 6.47721 -7.62939e-07
    endloop
  endfacet
  facet normal 0.300711 0.953715 -0
    outer loop
      vertex -31.287 6.40954 -7.62939e-07
      vertex -31.4118 6.44889 0
      vertex -31.287 6.40954 0
    endloop
  endfacet
  facet normal 0.300711 0.953715 0
    outer loop
      vertex -31.4118 6.44889 0
      vertex -31.287 6.40954 -7.62939e-07
      vertex -31.4118 6.44889 -7.62939e-07
    endloop
  endfacet
  facet normal 0.382694 0.923875 -0
    outer loop
      vertex -31.1661 6.35946 -7.62939e-07
      vertex -31.287 6.40954 0
      vertex -31.1661 6.35946 0
    endloop
  endfacet
  facet normal 0.382694 0.923875 0
    outer loop
      vertex -31.287 6.40954 0
      vertex -31.1661 6.35946 -7.62939e-07
      vertex -31.287 6.40954 -7.62939e-07
    endloop
  endfacet
  facet normal -0.924091 -0.382172 0
    outer loop
      vertex -49.3595 4.36607 6
      vertex -49.4095 4.48697 10
      vertex -49.4095 4.48697 6
    endloop
  endfacet
  facet normal -0.924091 -0.382172 0
    outer loop
      vertex -49.4095 4.48697 10
      vertex -49.3595 4.36607 6
      vertex -49.3595 4.36607 10
    endloop
  endfacet
  facet normal -0.675524 -0.737338 0
    outer loop
      vertex -49.0607 3.93934 6
      vertex -48.9642 3.85093 10
      vertex -49.0607 3.93934 10
    endloop
  endfacet
  facet normal -0.675524 -0.737338 -0
    outer loop
      vertex -48.9642 3.85093 10
      vertex -49.0607 3.93934 6
      vertex -48.9642 3.85093 6
    endloop
  endfacet
  facet normal -0.608817 -0.793311 0
    outer loop
      vertex -48.9642 3.85093 6
      vertex -48.8604 3.77127 10
      vertex -48.9642 3.85093 10
    endloop
  endfacet
  facet normal -0.608817 -0.793311 -0
    outer loop
      vertex -48.8604 3.77127 10
      vertex -48.9642 3.85093 6
      vertex -48.8604 3.77127 6
    endloop
  endfacet
  facet normal -0.0436462 -0.999047 0
    outer loop
      vertex -48.1307 3.50571 6
      vertex -48 3.5 10
      vertex -48.1307 3.50571 10
    endloop
  endfacet
  facet normal -0.0436462 -0.999047 -0
    outer loop
      vertex -48 3.5 10
      vertex -48.1307 3.50571 6
      vertex -48 3.5 6
    endloop
  endfacet
  facet normal -0.300711 -0.953715 0
    outer loop
      vertex -48.513 3.59046 6
      vertex -48.3882 3.55111 10
      vertex -48.513 3.59046 10
    endloop
  endfacet
  facet normal -0.300711 -0.953715 -0
    outer loop
      vertex -48.3882 3.55111 10
      vertex -48.513 3.59046 6
      vertex -48.3882 3.55111 6
    endloop
  endfacet
  facet normal -0.21651 -0.976281 0
    outer loop
      vertex -48.3882 3.55111 6
      vertex -48.2605 3.52279 10
      vertex -48.3882 3.55111 10
    endloop
  endfacet
  facet normal -0.21651 -0.976281 -0
    outer loop
      vertex -48.2605 3.52279 10
      vertex -48.3882 3.55111 6
      vertex -48.2605 3.52279 6
    endloop
  endfacet
  facet normal -0.537177 -0.84347 0
    outer loop
      vertex -48.8604 3.77127 6
      vertex -48.75 3.70096 10
      vertex -48.8604 3.77127 10
    endloop
  endfacet
  facet normal -0.537177 -0.84347 -0
    outer loop
      vertex -48.75 3.70096 10
      vertex -48.8604 3.77127 6
      vertex -48.75 3.70096 6
    endloop
  endfacet
  facet normal 0.737306 -0.675559 0
    outer loop
      vertex -30.7393 3.93934 0
      vertex -30.6509 4.03582 -7.62939e-07
      vertex -30.6509 4.03582 0
    endloop
  endfacet
  facet normal 0.737306 -0.675559 0
    outer loop
      vertex -30.6509 4.03582 -7.62939e-07
      vertex -30.7393 3.93934 0
      vertex -30.7393 3.93934 -7.62939e-07
    endloop
  endfacet
  facet normal 0.537177 -0.84347 0
    outer loop
      vertex -31.05 3.70096 -7.62939e-07
      vertex -30.9396 3.77127 0
      vertex -31.05 3.70096 0
    endloop
  endfacet
  facet normal 0.537177 -0.84347 0
    outer loop
      vertex -30.9396 3.77127 0
      vertex -31.05 3.70096 -7.62939e-07
      vertex -30.9396 3.77127 -7.62939e-07
    endloop
  endfacet
  facet normal 0.130462 -0.991453 0
    outer loop
      vertex -31.6693 3.50571 -7.62939e-07
      vertex -31.5395 3.52279 0
      vertex -31.6693 3.50571 0
    endloop
  endfacet
  facet normal 0.130462 -0.991453 0
    outer loop
      vertex -31.5395 3.52279 0
      vertex -31.6693 3.50571 -7.62939e-07
      vertex -31.5395 3.52279 -7.62939e-07
    endloop
  endfacet
  facet normal 0.382694 -0.923875 0
    outer loop
      vertex -31.287 3.59046 -7.62939e-07
      vertex -31.1661 3.64054 0
      vertex -31.287 3.59046 0
    endloop
  endfacet
  facet normal 0.382694 -0.923875 0
    outer loop
      vertex -31.1661 3.64054 0
      vertex -31.287 3.59046 -7.62939e-07
      vertex -31.1661 3.64054 -7.62939e-07
    endloop
  endfacet
  facet normal -0.953606 0.301058 0
    outer loop
      vertex -49.4489 5.38823 6
      vertex -49.4095 5.51303 10
      vertex -49.4095 5.51303 6
    endloop
  endfacet
  facet normal -0.953606 0.301058 0
    outer loop
      vertex -49.4095 5.51303 10
      vertex -49.4489 5.38823 6
      vertex -49.4489 5.38823 10
    endloop
  endfacet
  facet normal -0.793589 -0.608454 0
    outer loop
      vertex -49.1491 4.03582 6
      vertex -49.2287 4.13964 10
      vertex -49.2287 4.13964 6
    endloop
  endfacet
  facet normal -0.793589 -0.608454 0
    outer loop
      vertex -49.2287 4.13964 10
      vertex -49.1491 4.03582 6
      vertex -49.1491 4.03582 10
    endloop
  endfacet
  facet normal -0.843416 -0.537261 0
    outer loop
      vertex -49.2287 4.13964 6
      vertex -49.299 4.25 10
      vertex -49.299 4.25 6
    endloop
  endfacet
  facet normal -0.843416 -0.537261 0
    outer loop
      vertex -49.299 4.25 10
      vertex -49.2287 4.13964 6
      vertex -49.2287 4.13964 10
    endloop
  endfacet
  facet normal -0.382694 -0.923875 0
    outer loop
      vertex -48.6339 3.64054 6
      vertex -48.513 3.59046 10
      vertex -48.6339 3.64054 10
    endloop
  endfacet
  facet normal -0.382694 -0.923875 -0
    outer loop
      vertex -48.513 3.59046 10
      vertex -48.6339 3.64054 6
      vertex -48.513 3.59046 6
    endloop
  endfacet
  facet normal 0.300711 -0.953715 0
    outer loop
      vertex -31.4118 3.55111 -7.62939e-07
      vertex -31.287 3.59046 0
      vertex -31.4118 3.55111 0
    endloop
  endfacet
  facet normal 0.300711 -0.953715 0
    outer loop
      vertex -31.287 3.59046 0
      vertex -31.4118 3.55111 -7.62939e-07
      vertex -31.287 3.59046 -7.62939e-07
    endloop
  endfacet
  facet normal 0.21651 -0.976281 0
    outer loop
      vertex -31.5395 3.52279 -7.62939e-07
      vertex -31.4118 3.55111 0
      vertex -31.5395 3.52279 0
    endloop
  endfacet
  facet normal 0.21651 -0.976281 0
    outer loop
      vertex -31.4118 3.55111 0
      vertex -31.5395 3.52279 -7.62939e-07
      vertex -31.4118 3.55111 -7.62939e-07
    endloop
  endfacet
  facet normal -0.991426 -0.130672 -0
    outer loop
      vertex 30.3228 4.73953 0.165839
      vertex 30.3057 4.86927 -7.62939e-07
      vertex 30.3228 4.73953 -7.62939e-07
    endloop
  endfacet
  facet normal -0.991426 -0.130672 0
    outer loop
      vertex 30.3057 4.86927 -7.62939e-07
      vertex 30.3228 4.73953 0.165839
      vertex 30.3057 4.86927 0.188584
    endloop
  endfacet
  facet normal -0.999051 -0.0435599 -0
    outer loop
      vertex 30.3057 4.86927 0.188584
      vertex 30.3 5 -7.62939e-07
      vertex 30.3057 4.86927 -7.62939e-07
    endloop
  endfacet
  facet normal -0.999051 -0.0435599 0
    outer loop
      vertex 30.3 5 -7.62939e-07
      vertex 30.3057 4.86927 0.188584
      vertex 30.3 5 0.200001
    endloop
  endfacet
  facet normal 0.0436462 0.999047 -0
    outer loop
      vertex 48.1307 6.49429 6
      vertex 48 6.5 10
      vertex 48.1307 6.49429 10
    endloop
  endfacet
  facet normal 0.0436462 0.999047 0
    outer loop
      vertex 48 6.5 10
      vertex 48.1307 6.49429 6
      vertex 48 6.5 6
    endloop
  endfacet
  facet normal 0.0436462 -0.999047 0
    outer loop
      vertex 48 3.5 6
      vertex 48.1307 3.50571 10
      vertex 48 3.5 10
    endloop
  endfacet
  facet normal 0.0436462 -0.999047 0
    outer loop
      vertex 48.1307 3.50571 10
      vertex 48 3.5 6
      vertex 48.1307 3.50571 6
    endloop
  endfacet
  facet normal 0 1 0
    outer loop
      vertex 46 6.5 6
      vertex 48 6.5 10
      vertex 48 6.5 6
    endloop
  endfacet
  facet normal 0 1 0
    outer loop
      vertex 48 6.5 10
      vertex 46 6.5 6
      vertex 32.4345 6.5 10
    endloop
  endfacet
  facet normal 0 1 0
    outer loop
      vertex 46 6.5 6
      vertex 32.4345 6.5 0.5
      vertex 32.4345 6.5 10
    endloop
  endfacet
  facet normal 0 1 -0
    outer loop
      vertex 46 6.5 -7.62939e-07
      vertex 32.4345 6.5 0.5
      vertex 46 6.5 6
    endloop
  endfacet
  facet normal 0 1 0
    outer loop
      vertex 32.4345 6.5 0.5
      vertex 46 6.5 -7.62939e-07
      vertex 32.1656 6.5 0.231085
    endloop
  endfacet
  facet normal 0 1 0
    outer loop
      vertex 32.1656 6.5 0.231085
      vertex 46 6.5 -7.62939e-07
      vertex 31.9345 6.5 0
    endloop
  endfacet
  facet normal 0 1 0
    outer loop
      vertex 31.8 6.5 -7.62939e-07
      vertex 31.9345 6.5 0
      vertex 46 6.5 -7.62939e-07
    endloop
  endfacet
  facet normal 0 1 0
    outer loop
      vertex 31.9345 6.5 0
      vertex 31.8 6.5 -7.62939e-07
      vertex 31.8 6.5 0
    endloop
  endfacet
  facet normal -0.887003 0.461764 0
    outer loop
      vertex 30.501 5.75 -7.62939e-07
      vertex 30.4699 5.69026 0
      vertex 30.501 5.75 0
    endloop
  endfacet
  facet normal -0.0197045 0.0102707 0.999753
    outer loop
      vertex 30.4405 5.63393 -7.62939e-07
      vertex 30.4699 5.69026 0
      vertex 30.501 5.75 -7.62939e-07
    endloop
  endfacet
  facet normal -0.886517 0.462695 0
    outer loop
      vertex 30.4699 5.69026 0
      vertex 30.4405 5.63393 -7.62939e-07
      vertex 30.4405 5.63393 0.0317846
    endloop
  endfacet
  facet normal -0.0436462 -0.999047 0
    outer loop
      vertex 31.6693 3.50571 -7.62939e-07
      vertex 31.8 3.5 0
      vertex 31.6693 3.50571 0
    endloop
  endfacet
  facet normal -0.0436462 -0.999047 -0
    outer loop
      vertex 31.8 3.5 0
      vertex 31.6693 3.50571 -7.62939e-07
      vertex 31.8 3.5 -7.62939e-07
    endloop
  endfacet
  facet normal -0.130462 0.991453 0
    outer loop
      vertex 31.6693 6.49429 -7.62939e-07
      vertex 31.5395 6.47721 0
      vertex 31.6693 6.49429 0
    endloop
  endfacet
  facet normal -0.130462 0.991453 0
    outer loop
      vertex 31.5395 6.47721 0
      vertex 31.6693 6.49429 -7.62939e-07
      vertex 31.5395 6.47721 -7.62939e-07
    endloop
  endfacet
  facet normal -0.21651 0.976281 0
    outer loop
      vertex 31.5395 6.47721 -7.62939e-07
      vertex 31.4118 6.44889 0
      vertex 31.5395 6.47721 0
    endloop
  endfacet
  facet normal -0.21651 0.976281 0
    outer loop
      vertex 31.4118 6.44889 0
      vertex 31.5395 6.47721 -7.62939e-07
      vertex 31.4118 6.44889 -7.62939e-07
    endloop
  endfacet
  facet normal 0.21651 -0.976281 0
    outer loop
      vertex 48.2605 3.52279 6
      vertex 48.3882 3.55111 10
      vertex 48.2605 3.52279 10
    endloop
  endfacet
  facet normal 0.21651 -0.976281 0
    outer loop
      vertex 48.3882 3.55111 10
      vertex 48.2605 3.52279 6
      vertex 48.3882 3.55111 6
    endloop
  endfacet
  facet normal 0.737306 -0.675559 0
    outer loop
      vertex 49.0607 3.93934 10
      vertex 49.1491 4.03582 6
      vertex 49.1491 4.03582 10
    endloop
  endfacet
  facet normal 0.737306 -0.675559 0
    outer loop
      vertex 49.1491 4.03582 6
      vertex 49.0607 3.93934 10
      vertex 49.0607 3.93934 6
    endloop
  endfacet
  facet normal 0.793589 -0.608454 0
    outer loop
      vertex 49.1491 4.03582 10
      vertex 49.2287 4.13964 6
      vertex 49.2287 4.13964 10
    endloop
  endfacet
  facet normal 0.793589 -0.608454 0
    outer loop
      vertex 49.2287 4.13964 6
      vertex 49.1491 4.03582 10
      vertex 49.1491 4.03582 6
    endloop
  endfacet
  facet normal 0.886767 -0.462216 0
    outer loop
      vertex 49.299 4.25 10
      vertex 49.3595 4.36607 6
      vertex 49.3595 4.36607 10
    endloop
  endfacet
  facet normal 0.886767 -0.462216 0
    outer loop
      vertex 49.3595 4.36607 6
      vertex 49.299 4.25 10
      vertex 49.299 4.25 6
    endloop
  endfacet
  facet normal -0.675524 -0.737338 0
    outer loop
      vertex 30.7393 3.93934 -7.62939e-07
      vertex 30.8358 3.85093 0
      vertex 30.7393 3.93934 0
    endloop
  endfacet
  facet normal -0.675524 -0.737338 -0
    outer loop
      vertex 30.8358 3.85093 0
      vertex 30.7393 3.93934 -7.62939e-07
      vertex 30.8358 3.85093 -7.62939e-07
    endloop
  endfacet
  facet normal 0 -1 0
    outer loop
      vertex 31.8 3.5 0
      vertex 31.8 3.5 -7.62939e-07
      vertex 31.9345 3.5 0
    endloop
  endfacet
  facet normal 0 -1 0
    outer loop
      vertex 32.4345 3.5 10
      vertex 46 3.5 6
      vertex 48 3.5 10
    endloop
  endfacet
  facet normal 0 -1 0
    outer loop
      vertex 32.4345 3.5 0.5
      vertex 46 3.5 6
      vertex 32.4345 3.5 10
    endloop
  endfacet
  facet normal 0 -1 0
    outer loop
      vertex 46 3.5 -7.62939e-07
      vertex 32.4345 3.5 0.5
      vertex 32.1993 3.5 0.264778
    endloop
  endfacet
  facet normal 0 -1 0
    outer loop
      vertex 46 3.5 -7.62939e-07
      vertex 32.1993 3.5 0.264778
      vertex 31.9345 3.5 0
    endloop
  endfacet
  facet normal 0 -1 0
    outer loop
      vertex 32.4345 3.5 0.5
      vertex 46 3.5 -7.62939e-07
      vertex 46 3.5 6
    endloop
  endfacet
  facet normal 0 -1 0
    outer loop
      vertex 46 3.5 -7.62939e-07
      vertex 31.9345 3.5 0
      vertex 31.8 3.5 -7.62939e-07
    endloop
  endfacet
  facet normal 0 -1 -0
    outer loop
      vertex 48 3.5 10
      vertex 46 3.5 6
      vertex 48 3.5 6
    endloop
  endfacet
  facet normal -0.999051 0.0435599 0
    outer loop
      vertex 30.3 5 -7.62939e-07
      vertex 30.3057 5.13073 0.188584
      vertex 30.3057 5.13073 -7.62939e-07
    endloop
  endfacet
  facet normal -0.999051 0.0435599 0
    outer loop
      vertex 30.3057 5.13073 0.188584
      vertex 30.3 5 -7.62939e-07
      vertex 30.3 5 0.200001
    endloop
  endfacet
  facet normal 0.976334 0.216267 0
    outer loop
      vertex 49.4772 5.26047 10
      vertex 49.4489 5.38823 6
      vertex 49.4489 5.38823 10
    endloop
  endfacet
  facet normal 0.976334 0.216267 0
    outer loop
      vertex 49.4489 5.38823 6
      vertex 49.4772 5.26047 10
      vertex 49.4772 5.26047 6
    endloop
  endfacet
  facet normal 0.461641 0.887067 -0
    outer loop
      vertex 48.75 6.29904 6
      vertex 48.6339 6.35946 10
      vertex 48.75 6.29904 10
    endloop
  endfacet
  facet normal 0.461641 0.887067 0
    outer loop
      vertex 48.6339 6.35946 10
      vertex 48.75 6.29904 6
      vertex 48.6339 6.35946 6
    endloop
  endfacet
  facet normal 0.886767 0.462216 0
    outer loop
      vertex 49.3595 5.63393 10
      vertex 49.299 5.75 6
      vertex 49.299 5.75 10
    endloop
  endfacet
  facet normal 0.886767 0.462216 0
    outer loop
      vertex 49.299 5.75 6
      vertex 49.3595 5.63393 10
      vertex 49.3595 5.63393 6
    endloop
  endfacet
  facet normal -0.953496 0.301406 0
    outer loop
      vertex 30.3905 5.51303 -7.62939e-07
      vertex 30.3842 5.4931 0.0942945
      vertex 30.3905 5.51303 0.0871395
    endloop
  endfacet
  facet normal -0.953606 0.301058 -8.08714e-05
    outer loop
      vertex 30.3511 5.38823 -7.62939e-07
      vertex 30.3842 5.4931 0.0942945
      vertex 30.3905 5.51303 -7.62939e-07
    endloop
  endfacet
  facet normal -0.953627 0.300992 0
    outer loop
      vertex 30.3842 5.4931 0.0942945
      vertex 30.3511 5.38823 -7.62939e-07
      vertex 30.3511 5.38823 0.131939
    endloop
  endfacet
  facet normal -0.991426 0.130672 0
    outer loop
      vertex 30.3057 5.13073 -7.62939e-07
      vertex 30.3228 5.26047 0.165839
      vertex 30.3228 5.26047 -7.62939e-07
    endloop
  endfacet
  facet normal -0.991426 0.130672 0
    outer loop
      vertex 30.3228 5.26047 0.165839
      vertex 30.3057 5.13073 -7.62939e-07
      vertex 30.3057 5.13073 0.188584
    endloop
  endfacet
  facet normal -0.300711 0.953715 0
    outer loop
      vertex 31.4118 6.44889 -7.62939e-07
      vertex 31.287 6.40954 0
      vertex 31.4118 6.44889 0
    endloop
  endfacet
  facet normal -0.300711 0.953715 0
    outer loop
      vertex 31.287 6.40954 0
      vertex 31.4118 6.44889 -7.62939e-07
      vertex 31.287 6.40954 -7.62939e-07
    endloop
  endfacet
  facet normal -0.675524 0.737338 0
    outer loop
      vertex 30.8358 6.14907 -7.62939e-07
      vertex 30.7393 6.06066 0
      vertex 30.8358 6.14907 0
    endloop
  endfacet
  facet normal -0.675524 0.737338 0
    outer loop
      vertex 30.7393 6.06066 0
      vertex 30.8358 6.14907 -7.62939e-07
      vertex 30.7393 6.06066 -7.62939e-07
    endloop
  endfacet
  facet normal -0.382694 0.923875 0
    outer loop
      vertex 31.287 6.40954 -7.62939e-07
      vertex 31.1661 6.35946 0
      vertex 31.287 6.40954 0
    endloop
  endfacet
  facet normal -0.382694 0.923875 0
    outer loop
      vertex 31.1661 6.35946 0
      vertex 31.287 6.40954 -7.62939e-07
      vertex 31.1661 6.35946 -7.62939e-07
    endloop
  endfacet
  facet normal -0.461641 0.887067 0
    outer loop
      vertex 31.1661 6.35946 -7.62939e-07
      vertex 31.05 6.29904 0
      vertex 31.1661 6.35946 0
    endloop
  endfacet
  facet normal -0.461641 0.887067 0
    outer loop
      vertex 31.05 6.29904 0
      vertex 31.1661 6.35946 -7.62939e-07
      vertex 31.05 6.29904 -7.62939e-07
    endloop
  endfacet
  facet normal -0.737306 0.675559 0
    outer loop
      vertex 30.6509 5.96418 -7.62939e-07
      vertex 30.7393 6.06066 0
      vertex 30.7393 6.06066 -7.62939e-07
    endloop
  endfacet
  facet normal -0.737306 0.675559 0
    outer loop
      vertex 30.7393 6.06066 0
      vertex 30.6509 5.96418 -7.62939e-07
      vertex 30.6509 5.96418 0
    endloop
  endfacet
  facet normal -0.793589 0.608454 0
    outer loop
      vertex 30.5713 5.86036 -7.62939e-07
      vertex 30.6509 5.96418 0
      vertex 30.6509 5.96418 -7.62939e-07
    endloop
  endfacet
  facet normal -0.793589 0.608454 0
    outer loop
      vertex 30.6509 5.96418 0
      vertex 30.5713 5.86036 -7.62939e-07
      vertex 30.5713 5.86036 0
    endloop
  endfacet
  facet normal 0.999051 0.0435599 0
    outer loop
      vertex 49.5 5 10
      vertex 49.4943 5.13073 6
      vertex 49.4943 5.13073 10
    endloop
  endfacet
  facet normal 0.999051 0.0435599 0
    outer loop
      vertex 49.4943 5.13073 6
      vertex 49.5 5 10
      vertex 49.5 5 6
    endloop
  endfacet
  facet normal 0.130462 -0.991453 0
    outer loop
      vertex 48.1307 3.50571 6
      vertex 48.2605 3.52279 10
      vertex 48.1307 3.50571 10
    endloop
  endfacet
  facet normal 0.130462 -0.991453 0
    outer loop
      vertex 48.2605 3.52279 10
      vertex 48.1307 3.50571 6
      vertex 48.2605 3.52279 6
    endloop
  endfacet
  facet normal 0.461641 -0.887067 0
    outer loop
      vertex 48.6339 3.64054 6
      vertex 48.75 3.70096 10
      vertex 48.6339 3.64054 10
    endloop
  endfacet
  facet normal 0.461641 -0.887067 0
    outer loop
      vertex 48.75 3.70096 10
      vertex 48.6339 3.64054 6
      vertex 48.75 3.70096 6
    endloop
  endfacet
  facet normal 0.675524 -0.737338 0
    outer loop
      vertex 48.9642 3.85093 6
      vertex 49.0607 3.93934 10
      vertex 48.9642 3.85093 10
    endloop
  endfacet
  facet normal 0.675524 -0.737338 0
    outer loop
      vertex 49.0607 3.93934 10
      vertex 48.9642 3.85093 6
      vertex 49.0607 3.93934 6
    endloop
  endfacet
  facet normal 0.537177 -0.84347 0
    outer loop
      vertex 48.75 3.70096 6
      vertex 48.8604 3.77127 10
      vertex 48.75 3.70096 10
    endloop
  endfacet
  facet normal 0.537177 -0.84347 0
    outer loop
      vertex 48.8604 3.77127 10
      vertex 48.75 3.70096 6
      vertex 48.8604 3.77127 6
    endloop
  endfacet
  facet normal 0.991426 -0.130672 0
    outer loop
      vertex 49.4772 4.73953 10
      vertex 49.4943 4.86927 6
      vertex 49.4943 4.86927 10
    endloop
  endfacet
  facet normal 0.991426 -0.130672 0
    outer loop
      vertex 49.4943 4.86927 6
      vertex 49.4772 4.73953 10
      vertex 49.4772 4.73953 6
    endloop
  endfacet
  facet normal 0.999051 -0.0435599 0
    outer loop
      vertex 49.4943 4.86927 10
      vertex 49.5 5 6
      vertex 49.5 5 10
    endloop
  endfacet
  facet normal 0.999051 -0.0435599 0
    outer loop
      vertex 49.5 5 6
      vertex 49.4943 4.86927 10
      vertex 49.4943 4.86927 6
    endloop
  endfacet
  facet normal 0.843416 -0.537261 0
    outer loop
      vertex 49.2287 4.13964 10
      vertex 49.299 4.25 6
      vertex 49.299 4.25 10
    endloop
  endfacet
  facet normal 0.843416 -0.537261 0
    outer loop
      vertex 49.299 4.25 6
      vertex 49.2287 4.13964 10
      vertex 49.2287 4.13964 6
    endloop
  endfacet
  facet normal -0.537177 -0.84347 0
    outer loop
      vertex 30.9396 3.77127 -7.62939e-07
      vertex 31.05 3.70096 0
      vertex 30.9396 3.77127 0
    endloop
  endfacet
  facet normal -0.537177 -0.84347 -0
    outer loop
      vertex 31.05 3.70096 0
      vertex 30.9396 3.77127 -7.62939e-07
      vertex 31.05 3.70096 -7.62939e-07
    endloop
  endfacet
  facet normal -0.130462 -0.991453 0
    outer loop
      vertex 31.5395 3.52279 -7.62939e-07
      vertex 31.6693 3.50571 0
      vertex 31.5395 3.52279 0
    endloop
  endfacet
  facet normal -0.130462 -0.991453 -0
    outer loop
      vertex 31.6693 3.50571 0
      vertex 31.5395 3.52279 -7.62939e-07
      vertex 31.6693 3.50571 -7.62939e-07
    endloop
  endfacet
  facet normal -0.924091 -0.382172 -0
    outer loop
      vertex 30.4405 4.36607 0.0317845
      vertex 30.3905 4.48697 -7.62939e-07
      vertex 30.4405 4.36607 -7.62939e-07
    endloop
  endfacet
  facet normal -0.924091 -0.382172 0
    outer loop
      vertex 30.3905 4.48697 -7.62939e-07
      vertex 30.4405 4.36607 0.0317845
      vertex 30.3905 4.48697 0.0871395
    endloop
  endfacet
  facet normal -0.976334 -0.216267 -0
    outer loop
      vertex 30.3511 4.61177 0.131939
      vertex 30.3228 4.73953 -7.62939e-07
      vertex 30.3511 4.61177 -7.62939e-07
    endloop
  endfacet
  facet normal -0.976334 -0.216267 0
    outer loop
      vertex 30.3228 4.73953 -7.62939e-07
      vertex 30.3511 4.61177 0.131939
      vertex 30.3228 4.73953 0.165839
    endloop
  endfacet
  facet normal -0.793589 -0.608454 0
    outer loop
      vertex 30.6509 4.03582 -7.62939e-07
      vertex 30.5713 4.13964 0
      vertex 30.5713 4.13964 -7.62939e-07
    endloop
  endfacet
  facet normal -0.793589 -0.608454 0
    outer loop
      vertex 30.5713 4.13964 0
      vertex 30.6509 4.03582 -7.62939e-07
      vertex 30.6509 4.03582 0
    endloop
  endfacet
  facet normal 0.924091 0.382172 0
    outer loop
      vertex 49.4095 5.51303 10
      vertex 49.3595 5.63393 6
      vertex 49.3595 5.63393 10
    endloop
  endfacet
  facet normal 0.924091 0.382172 0
    outer loop
      vertex 49.3595 5.63393 6
      vertex 49.4095 5.51303 10
      vertex 49.4095 5.51303 6
    endloop
  endfacet
  facet normal 0.991426 0.130672 0
    outer loop
      vertex 49.4943 5.13073 10
      vertex 49.4772 5.26047 6
      vertex 49.4772 5.26047 10
    endloop
  endfacet
  facet normal 0.991426 0.130672 0
    outer loop
      vertex 49.4772 5.26047 6
      vertex 49.4943 5.13073 10
      vertex 49.4943 5.13073 6
    endloop
  endfacet
  facet normal 0.608817 0.793311 -0
    outer loop
      vertex 48.9642 6.14907 6
      vertex 48.8604 6.22873 10
      vertex 48.9642 6.14907 10
    endloop
  endfacet
  facet normal 0.608817 0.793311 0
    outer loop
      vertex 48.8604 6.22873 10
      vertex 48.9642 6.14907 6
      vertex 48.8604 6.22873 6
    endloop
  endfacet
  facet normal 0.793589 0.608454 0
    outer loop
      vertex 49.2287 5.86036 10
      vertex 49.1491 5.96418 6
      vertex 49.1491 5.96418 10
    endloop
  endfacet
  facet normal 0.793589 0.608454 0
    outer loop
      vertex 49.1491 5.96418 6
      vertex 49.2287 5.86036 10
      vertex 49.2287 5.86036 6
    endloop
  endfacet
  facet normal 0 0 1
    outer loop
      vertex 49.4943 5.13073 10
      vertex 49.4943 4.86927 10
      vertex 49.5 5 10
    endloop
  endfacet
  facet normal 0 0 1
    outer loop
      vertex 49.4772 5.26047 10
      vertex 49.4943 4.86927 10
      vertex 49.4943 5.13073 10
    endloop
  endfacet
  facet normal 0 0 1
    outer loop
      vertex 49.4772 5.26047 10
      vertex 49.4772 4.73953 10
      vertex 49.4943 4.86927 10
    endloop
  endfacet
  facet normal 0 0 1
    outer loop
      vertex 49.4489 5.38823 10
      vertex 49.4772 4.73953 10
      vertex 49.4772 5.26047 10
    endloop
  endfacet
  facet normal 0 0 1
    outer loop
      vertex 49.4489 5.38823 10
      vertex 49.4489 4.61177 10
      vertex 49.4772 4.73953 10
    endloop
  endfacet
  facet normal 0 0 1
    outer loop
      vertex 49.4095 5.51303 10
      vertex 49.4489 4.61177 10
      vertex 49.4489 5.38823 10
    endloop
  endfacet
  facet normal 0 0 1
    outer loop
      vertex 49.4095 5.51303 10
      vertex 49.4095 4.48697 10
      vertex 49.4489 4.61177 10
    endloop
  endfacet
  facet normal 0 0 1
    outer loop
      vertex 49.3595 5.63393 10
      vertex 49.4095 4.48697 10
      vertex 49.4095 5.51303 10
    endloop
  endfacet
  facet normal 0 0 1
    outer loop
      vertex 49.3595 5.63393 10
      vertex 49.3595 4.36607 10
      vertex 49.4095 4.48697 10
    endloop
  endfacet
  facet normal 0 0 1
    outer loop
      vertex 49.299 5.75 10
      vertex 49.3595 4.36607 10
      vertex 49.3595 5.63393 10
    endloop
  endfacet
  facet normal 0 0 1
    outer loop
      vertex 49.299 5.75 10
      vertex 49.299 4.25 10
      vertex 49.3595 4.36607 10
    endloop
  endfacet
  facet normal 0 0 1
    outer loop
      vertex 49.2287 5.86036 10
      vertex 49.299 4.25 10
      vertex 49.299 5.75 10
    endloop
  endfacet
  facet normal 0 0 1
    outer loop
      vertex 49.2287 5.86036 10
      vertex 49.2287 4.13964 10
      vertex 49.299 4.25 10
    endloop
  endfacet
  facet normal 0 0 1
    outer loop
      vertex 49.1491 5.96418 10
      vertex 49.2287 4.13964 10
      vertex 49.2287 5.86036 10
    endloop
  endfacet
  facet normal 0 0 1
    outer loop
      vertex 49.1491 5.96418 10
      vertex 49.1491 4.03582 10
      vertex 49.2287 4.13964 10
    endloop
  endfacet
  facet normal 0 0 1
    outer loop
      vertex 49.0607 6.06066 10
      vertex 49.1491 4.03582 10
      vertex 49.1491 5.96418 10
    endloop
  endfacet
  facet normal 0 0 1
    outer loop
      vertex 49.0607 6.06066 10
      vertex 49.0607 3.93934 10
      vertex 49.1491 4.03582 10
    endloop
  endfacet
  facet normal 0 0 1
    outer loop
      vertex 48.9642 6.14907 10
      vertex 49.0607 3.93934 10
      vertex 49.0607 6.06066 10
    endloop
  endfacet
  facet normal 0 0 1
    outer loop
      vertex 48.9642 6.14907 10
      vertex 48.9642 3.85093 10
      vertex 49.0607 3.93934 10
    endloop
  endfacet
  facet normal 0 0 1
    outer loop
      vertex 48.8604 6.22873 10
      vertex 48.9642 3.85093 10
      vertex 48.9642 6.14907 10
    endloop
  endfacet
  facet normal 0 0 1
    outer loop
      vertex 48.8604 6.22873 10
      vertex 48.8604 3.77127 10
      vertex 48.9642 3.85093 10
    endloop
  endfacet
  facet normal 0 0 1
    outer loop
      vertex 48.75 6.29904 10
      vertex 48.8604 3.77127 10
      vertex 48.8604 6.22873 10
    endloop
  endfacet
  facet normal 0 0 1
    outer loop
      vertex 48.75 6.29904 10
      vertex 48.75 3.70096 10
      vertex 48.8604 3.77127 10
    endloop
  endfacet
  facet normal 0 0 1
    outer loop
      vertex 48.6339 6.35946 10
      vertex 48.75 3.70096 10
      vertex 48.75 6.29904 10
    endloop
  endfacet
  facet normal 0 0 1
    outer loop
      vertex 48.6339 6.35946 10
      vertex 48.6339 3.64054 10
      vertex 48.75 3.70096 10
    endloop
  endfacet
  facet normal 0 0 1
    outer loop
      vertex 48.513 6.40954 10
      vertex 48.6339 3.64054 10
      vertex 48.6339 6.35946 10
    endloop
  endfacet
  facet normal 0 0 1
    outer loop
      vertex 48.513 6.40954 10
      vertex 48.513 3.59046 10
      vertex 48.6339 3.64054 10
    endloop
  endfacet
  facet normal 0 0 1
    outer loop
      vertex 48.3882 6.44889 10
      vertex 48.513 3.59046 10
      vertex 48.513 6.40954 10
    endloop
  endfacet
  facet normal 0 0 1
    outer loop
      vertex 48.3882 6.44889 10
      vertex 48.3882 3.55111 10
      vertex 48.513 3.59046 10
    endloop
  endfacet
  facet normal 0 0 1
    outer loop
      vertex 48.2605 6.47721 10
      vertex 48.3882 3.55111 10
      vertex 48.3882 6.44889 10
    endloop
  endfacet
  facet normal 0 0 1
    outer loop
      vertex 48.2605 6.47721 10
      vertex 48.2605 3.52279 10
      vertex 48.3882 3.55111 10
    endloop
  endfacet
  facet normal 0 0 1
    outer loop
      vertex 48.1307 6.49429 10
      vertex 48.2605 3.52279 10
      vertex 48.2605 6.47721 10
    endloop
  endfacet
  facet normal 0 0 1
    outer loop
      vertex 48.1307 6.49429 10
      vertex 48.1307 3.50571 10
      vertex 48.2605 3.52279 10
    endloop
  endfacet
  facet normal 0 0 1
    outer loop
      vertex 48 6.5 10
      vertex 48.1307 3.50571 10
      vertex 48.1307 6.49429 10
    endloop
  endfacet
  facet normal 0 0 1
    outer loop
      vertex 48 6.5 10
      vertex 48 3.5 10
      vertex 48.1307 3.50571 10
    endloop
  endfacet
  facet normal 0 0 1
    outer loop
      vertex 48 6.5 10
      vertex 32.5 5 10
      vertex 48 3.5 10
    endloop
  endfacet
  facet normal 0 -0 1
    outer loop
      vertex 32.5 5 10
      vertex 48 6.5 10
      vertex 32.4345 6.5 10
    endloop
  endfacet
  facet normal 0 0 1
    outer loop
      vertex 48 3.5 10
      vertex 32.5 5 10
      vertex 32.4345 3.5 10
    endloop
  endfacet
  facet normal -0.924091 0.382172 0
    outer loop
      vertex 30.3905 5.51303 -7.62939e-07
      vertex 30.4405 5.63393 0.0317846
      vertex 30.4405 5.63393 -7.62939e-07
    endloop
  endfacet
  facet normal -0.924091 0.382172 0
    outer loop
      vertex 30.4405 5.63393 0.0317846
      vertex 30.3905 5.51303 -7.62939e-07
      vertex 30.3905 5.51303 0.0871395
    endloop
  endfacet
  facet normal -0.0436462 0.999047 0
    outer loop
      vertex 31.8 6.5 -7.62939e-07
      vertex 31.6693 6.49429 0
      vertex 31.8 6.5 0
    endloop
  endfacet
  facet normal -0.0436462 0.999047 0
    outer loop
      vertex 31.6693 6.49429 0
      vertex 31.8 6.5 -7.62939e-07
      vertex 31.6693 6.49429 -7.62939e-07
    endloop
  endfacet
  facet normal -0.537177 0.84347 0
    outer loop
      vertex 31.05 6.29904 -7.62939e-07
      vertex 30.9396 6.22873 0
      vertex 31.05 6.29904 0
    endloop
  endfacet
  facet normal -0.537177 0.84347 0
    outer loop
      vertex 30.9396 6.22873 0
      vertex 31.05 6.29904 -7.62939e-07
      vertex 30.9396 6.22873 -7.62939e-07
    endloop
  endfacet
  facet normal -0.608817 0.793311 0
    outer loop
      vertex 30.9396 6.22873 -7.62939e-07
      vertex 30.8358 6.14907 0
      vertex 30.9396 6.22873 0
    endloop
  endfacet
  facet normal -0.608817 0.793311 0
    outer loop
      vertex 30.8358 6.14907 0
      vertex 30.9396 6.22873 -7.62939e-07
      vertex 30.8358 6.14907 -7.62939e-07
    endloop
  endfacet
  facet normal -0.843416 0.537261 0
    outer loop
      vertex 30.501 5.75 -7.62939e-07
      vertex 30.5713 5.86036 0
      vertex 30.5713 5.86036 -7.62939e-07
    endloop
  endfacet
  facet normal -0.843416 0.537261 0
    outer loop
      vertex 30.5713 5.86036 0
      vertex 30.501 5.75 -7.62939e-07
      vertex 30.501 5.75 0
    endloop
  endfacet
  facet normal 0.382694 -0.923875 0
    outer loop
      vertex 48.513 3.59046 6
      vertex 48.6339 3.64054 10
      vertex 48.513 3.59046 10
    endloop
  endfacet
  facet normal 0.382694 -0.923875 0
    outer loop
      vertex 48.6339 3.64054 10
      vertex 48.513 3.59046 6
      vertex 48.6339 3.64054 6
    endloop
  endfacet
  facet normal 0.300711 -0.953715 0
    outer loop
      vertex 48.3882 3.55111 6
      vertex 48.513 3.59046 10
      vertex 48.3882 3.55111 10
    endloop
  endfacet
  facet normal 0.300711 -0.953715 0
    outer loop
      vertex 48.513 3.59046 10
      vertex 48.3882 3.55111 6
      vertex 48.513 3.59046 6
    endloop
  endfacet
  facet normal 0.953606 -0.301058 0
    outer loop
      vertex 49.4095 4.48697 10
      vertex 49.4489 4.61177 6
      vertex 49.4489 4.61177 10
    endloop
  endfacet
  facet normal 0.953606 -0.301058 0
    outer loop
      vertex 49.4489 4.61177 6
      vertex 49.4095 4.48697 10
      vertex 49.4095 4.48697 6
    endloop
  endfacet
  facet normal 0.976334 -0.216267 0
    outer loop
      vertex 49.4489 4.61177 10
      vertex 49.4772 4.73953 6
      vertex 49.4772 4.73953 10
    endloop
  endfacet
  facet normal 0.976334 -0.216267 0
    outer loop
      vertex 49.4772 4.73953 6
      vertex 49.4489 4.61177 10
      vertex 49.4489 4.61177 6
    endloop
  endfacet
  facet normal 0.924091 -0.382172 0
    outer loop
      vertex 49.3595 4.36607 10
      vertex 49.4095 4.48697 6
      vertex 49.4095 4.48697 10
    endloop
  endfacet
  facet normal 0.924091 -0.382172 0
    outer loop
      vertex 49.4095 4.48697 6
      vertex 49.3595 4.36607 10
      vertex 49.3595 4.36607 6
    endloop
  endfacet
  facet normal -0.300711 -0.953715 0
    outer loop
      vertex 31.287 3.59046 -7.62939e-07
      vertex 31.4118 3.55111 0
      vertex 31.287 3.59046 0
    endloop
  endfacet
  facet normal -0.300711 -0.953715 -0
    outer loop
      vertex 31.4118 3.55111 0
      vertex 31.287 3.59046 -7.62939e-07
      vertex 31.4118 3.55111 -7.62939e-07
    endloop
  endfacet
  facet normal -0.608817 -0.793311 0
    outer loop
      vertex 30.8358 3.85093 -7.62939e-07
      vertex 30.9396 3.77127 0
      vertex 30.8358 3.85093 0
    endloop
  endfacet
  facet normal -0.608817 -0.793311 -0
    outer loop
      vertex 30.9396 3.77127 0
      vertex 30.8358 3.85093 -7.62939e-07
      vertex 30.9396 3.77127 -7.62939e-07
    endloop
  endfacet
  facet normal -0.382694 -0.923875 0
    outer loop
      vertex 31.1661 3.64054 -7.62939e-07
      vertex 31.287 3.59046 0
      vertex 31.1661 3.64054 0
    endloop
  endfacet
  facet normal -0.382694 -0.923875 -0
    outer loop
      vertex 31.287 3.59046 0
      vertex 31.1661 3.64054 -7.62939e-07
      vertex 31.287 3.59046 -7.62939e-07
    endloop
  endfacet
  facet normal -0.21651 -0.976281 0
    outer loop
      vertex 31.4118 3.55111 -7.62939e-07
      vertex 31.5395 3.52279 0
      vertex 31.4118 3.55111 0
    endloop
  endfacet
  facet normal -0.21651 -0.976281 -0
    outer loop
      vertex 31.5395 3.52279 0
      vertex 31.4118 3.55111 -7.62939e-07
      vertex 31.5395 3.52279 -7.62939e-07
    endloop
  endfacet
  facet normal -0.953606 -0.301058 -0
    outer loop
      vertex 30.3905 4.48697 0.0871395
      vertex 30.3511 4.61177 -7.62939e-07
      vertex 30.3905 4.48697 -7.62939e-07
    endloop
  endfacet
  facet normal -0.953606 -0.301058 0
    outer loop
      vertex 30.3511 4.61177 -7.62939e-07
      vertex 30.3905 4.48697 0.0871395
      vertex 30.3511 4.61177 0.131939
    endloop
  endfacet
  facet normal -0.886517 -0.462695 0
    outer loop
      vertex 30.4405 4.36607 -7.62939e-07
      vertex 30.4699 4.30974 0
      vertex 30.4405 4.36607 0.0317845
    endloop
  endfacet
  facet normal -0.0197045 -0.0102707 0.999753
    outer loop
      vertex 30.501 4.25 -7.62939e-07
      vertex 30.4699 4.30974 0
      vertex 30.4405 4.36607 -7.62939e-07
    endloop
  endfacet
  facet normal -0.887003 -0.461764 0
    outer loop
      vertex 30.4699 4.30974 0
      vertex 30.501 4.25 -7.62939e-07
      vertex 30.501 4.25 0
    endloop
  endfacet
  facet normal 0.130462 0.991453 -0
    outer loop
      vertex 48.2605 6.47721 6
      vertex 48.1307 6.49429 10
      vertex 48.2605 6.47721 10
    endloop
  endfacet
  facet normal 0.130462 0.991453 0
    outer loop
      vertex 48.1307 6.49429 10
      vertex 48.2605 6.47721 6
      vertex 48.1307 6.49429 6
    endloop
  endfacet
  facet normal 0.21651 0.976281 -0
    outer loop
      vertex 48.3882 6.44889 6
      vertex 48.2605 6.47721 10
      vertex 48.3882 6.44889 10
    endloop
  endfacet
  facet normal 0.21651 0.976281 0
    outer loop
      vertex 48.2605 6.47721 10
      vertex 48.3882 6.44889 6
      vertex 48.2605 6.47721 6
    endloop
  endfacet
  facet normal 0.300711 0.953715 -0
    outer loop
      vertex 48.513 6.40954 6
      vertex 48.3882 6.44889 10
      vertex 48.513 6.40954 10
    endloop
  endfacet
  facet normal 0.300711 0.953715 0
    outer loop
      vertex 48.3882 6.44889 10
      vertex 48.513 6.40954 6
      vertex 48.3882 6.44889 6
    endloop
  endfacet
  facet normal 0.382694 0.923875 -0
    outer loop
      vertex 48.6339 6.35946 6
      vertex 48.513 6.40954 10
      vertex 48.6339 6.35946 10
    endloop
  endfacet
  facet normal 0.382694 0.923875 0
    outer loop
      vertex 48.513 6.40954 10
      vertex 48.6339 6.35946 6
      vertex 48.513 6.40954 6
    endloop
  endfacet
  facet normal 0.675524 0.737338 -0
    outer loop
      vertex 49.0607 6.06066 6
      vertex 48.9642 6.14907 10
      vertex 49.0607 6.06066 10
    endloop
  endfacet
  facet normal 0.675524 0.737338 0
    outer loop
      vertex 48.9642 6.14907 10
      vertex 49.0607 6.06066 6
      vertex 48.9642 6.14907 6
    endloop
  endfacet
  facet normal 0.843416 0.537261 0
    outer loop
      vertex 49.299 5.75 10
      vertex 49.2287 5.86036 6
      vertex 49.2287 5.86036 10
    endloop
  endfacet
  facet normal 0.843416 0.537261 0
    outer loop
      vertex 49.2287 5.86036 6
      vertex 49.299 5.75 10
      vertex 49.299 5.75 6
    endloop
  endfacet
  facet normal -0.976334 0.216267 0
    outer loop
      vertex 30.3228 5.26047 -7.62939e-07
      vertex 30.3511 5.38823 0.131939
      vertex 30.3511 5.38823 -7.62939e-07
    endloop
  endfacet
  facet normal -0.976334 0.216267 0
    outer loop
      vertex 30.3511 5.38823 0.131939
      vertex 30.3228 5.26047 -7.62939e-07
      vertex 30.3228 5.26047 0.165839
    endloop
  endfacet
  facet normal 0.608817 -0.793311 0
    outer loop
      vertex 48.8604 3.77127 6
      vertex 48.9642 3.85093 10
      vertex 48.8604 3.77127 10
    endloop
  endfacet
  facet normal 0.608817 -0.793311 0
    outer loop
      vertex 48.9642 3.85093 10
      vertex 48.8604 3.77127 6
      vertex 48.9642 3.85093 6
    endloop
  endfacet
  facet normal -0.461641 -0.887067 0
    outer loop
      vertex 31.05 3.70096 -7.62939e-07
      vertex 31.1661 3.64054 0
      vertex 31.05 3.70096 0
    endloop
  endfacet
  facet normal -0.461641 -0.887067 -0
    outer loop
      vertex 31.1661 3.64054 0
      vertex 31.05 3.70096 -7.62939e-07
      vertex 31.1661 3.64054 -7.62939e-07
    endloop
  endfacet
  facet normal -0.843416 -0.537261 0
    outer loop
      vertex 30.5713 4.13964 -7.62939e-07
      vertex 30.501 4.25 0
      vertex 30.501 4.25 -7.62939e-07
    endloop
  endfacet
  facet normal -0.843416 -0.537261 0
    outer loop
      vertex 30.501 4.25 0
      vertex 30.5713 4.13964 -7.62939e-07
      vertex 30.5713 4.13964 0
    endloop
  endfacet
  facet normal -0.737306 -0.675559 0
    outer loop
      vertex 30.7393 3.93934 -7.62939e-07
      vertex 30.6509 4.03582 0
      vertex 30.6509 4.03582 -7.62939e-07
    endloop
  endfacet
  facet normal -0.737306 -0.675559 0
    outer loop
      vertex 30.6509 4.03582 0
      vertex 30.7393 3.93934 -7.62939e-07
      vertex 30.7393 3.93934 0
    endloop
  endfacet
  facet normal 0.953606 0.301058 0
    outer loop
      vertex 49.4489 5.38823 10
      vertex 49.4095 5.51303 6
      vertex 49.4095 5.51303 10
    endloop
  endfacet
  facet normal 0.953606 0.301058 0
    outer loop
      vertex 49.4095 5.51303 6
      vertex 49.4489 5.38823 10
      vertex 49.4489 5.38823 6
    endloop
  endfacet
  facet normal 0.537177 0.84347 -0
    outer loop
      vertex 48.8604 6.22873 6
      vertex 48.75 6.29904 10
      vertex 48.8604 6.22873 10
    endloop
  endfacet
  facet normal 0.537177 0.84347 0
    outer loop
      vertex 48.75 6.29904 10
      vertex 48.8604 6.22873 6
      vertex 48.75 6.29904 6
    endloop
  endfacet
  facet normal 0.737306 0.675559 0
    outer loop
      vertex 49.1491 5.96418 10
      vertex 49.0607 6.06066 6
      vertex 49.0607 6.06066 10
    endloop
  endfacet
  facet normal 0.737306 0.675559 0
    outer loop
      vertex 49.0607 6.06066 6
      vertex 49.1491 5.96418 10
      vertex 49.1491 5.96418 6
    endloop
  endfacet
  facet normal 0 0 1
    outer loop
      vertex -29.6695 12.5919 9
      vertex -32.1614 12.4317 9
      vertex -32.1383 11.9731 9
    endloop
  endfacet
  facet normal 0 0 1
    outer loop
      vertex -30.5905 15.2271 9
      vertex -32.2014 12.6345 9
      vertex -32.1614 12.4317 9
    endloop
  endfacet
  facet normal 0 0 1
    outer loop
      vertex -33.716 15.9458 9
      vertex -31.4636 17.0305 9
      vertex -32.4678 18.936 9
    endloop
  endfacet
  facet normal 0 0 1
    outer loop
      vertex -30.5905 15.2271 9
      vertex -32.8429 14.1424 9
      vertex -32.2014 12.6345 9
    endloop
  endfacet
  facet normal 0 0 1
    outer loop
      vertex -34.7202 17.8513 9
      vertex -32.4678 18.936 9
      vertex -33.5775 20.9274 9
    endloop
  endfacet
  facet normal 0 0 1
    outer loop
      vertex -31.4636 17.0305 9
      vertex -33.716 15.9458 9
      vertex -32.8429 14.1424 9
    endloop
  endfacet
  facet normal 0 0 1
    outer loop
      vertex -32.4678 18.936 9
      vertex -34.7202 17.8513 9
      vertex -33.716 15.9458 9
    endloop
  endfacet
  facet normal 0 0 1
    outer loop
      vertex -35.83 19.8426 9
      vertex -33.5775 20.9274 9
      vertex -34.7674 22.9881 9
    endloop
  endfacet
  facet normal 0 0 1
    outer loop
      vertex -33.5775 20.9274 9
      vertex -35.83 19.8426 9
      vertex -34.7202 17.8513 9
    endloop
  endfacet
  facet normal 0 0 1
    outer loop
      vertex -37.0199 21.9033 9
      vertex -34.7674 22.9881 9
      vertex -36.0121 25.1017 9
    endloop
  endfacet
  facet normal 0 0 1
    outer loop
      vertex -34.7674 22.9881 9
      vertex -37.0199 21.9033 9
      vertex -35.83 19.8426 9
    endloop
  endfacet
  facet normal 0 0 1
    outer loop
      vertex -38.2645 24.017 9
      vertex -36.0121 25.1017 9
      vertex -37.286 27.252 9
    endloop
  endfacet
  facet normal 0 0 1
    outer loop
      vertex -36.0121 25.1017 9
      vertex -38.2645 24.017 9
      vertex -37.0199 21.9033 9
    endloop
  endfacet
  facet normal 0 0 1
    outer loop
      vertex -39.5384 26.1673 9
      vertex -37.286 27.252 9
      vertex -38.5638 29.4223 9
    endloop
  endfacet
  facet normal 0 0 1
    outer loop
      vertex -37.286 27.252 9
      vertex -39.5384 26.1673 9
      vertex -38.2645 24.017 9
    endloop
  endfacet
  facet normal 0 0 1
    outer loop
      vertex -40.8162 28.3376 9
      vertex -38.5638 29.4223 9
      vertex -39.82 31.5965 9
    endloop
  endfacet
  facet normal 0 0 1
    outer loop
      vertex -38.5638 29.4223 9
      vertex -40.8162 28.3376 9
      vertex -39.5384 26.1673 9
    endloop
  endfacet
  facet normal 0 0 1
    outer loop
      vertex -42.0724 30.5118 9
      vertex -39.82 31.5965 9
      vertex -41.0293 33.758 9
    endloop
  endfacet
  facet normal 0 0 1
    outer loop
      vertex -39.82 31.5965 9
      vertex -42.0724 30.5118 9
      vertex -40.8162 28.3376 9
    endloop
  endfacet
  facet normal 0 0 1
    outer loop
      vertex -43.2817 32.6733 9
      vertex -41.0293 33.758 9
      vertex -42.1661 35.8904 9
    endloop
  endfacet
  facet normal -0 0 1
    outer loop
      vertex -44 36.0241 9
      vertex -42.1661 35.8904 9
      vertex -43.205 37.9773 9
    endloop
  endfacet
  facet normal 0 0 1
    outer loop
      vertex -41.0293 33.758 9
      vertex -43.2817 32.6733 9
      vertex -42.0724 30.5118 9
    endloop
  endfacet
  facet normal 0 0 1
    outer loop
      vertex -44 36.0241 9
      vertex -43.205 37.9773 9
      vertex -44 39.7355 9
    endloop
  endfacet
  facet normal 0 0 1
    outer loop
      vertex -44.4185 34.8057 9
      vertex -42.1661 35.8904 9
      vertex -44 36.0241 9
    endloop
  endfacet
  facet normal 0 0 1
    outer loop
      vertex -42.1661 35.8904 9
      vertex -44.4185 34.8057 9
      vertex -43.2817 32.6733 9
    endloop
  endfacet
  facet normal 0 -0 1
    outer loop
      vertex -44.4185 34.8057 9
      vertex -44 36.0241 9
      vertex -45.0251 36.0241 9
    endloop
  endfacet
  facet normal 0 0 1
    outer loop
      vertex -32.1383 11.9731 9
      vertex -29.6383 11.9731 9
      vertex -29.6695 12.5919 9
    endloop
  endfacet
  facet normal 0 0 1
    outer loop
      vertex -29.6383 11.9731 9
      vertex -32.1383 11.9731 9
      vertex -29.6457 11.213 9
    endloop
  endfacet
  facet normal 0 0 1
    outer loop
      vertex -32.1614 12.4317 9
      vertex -29.6695 12.5919 9
      vertex -29.7009 12.87 9
    endloop
  endfacet
  facet normal 0 0 1
    outer loop
      vertex -29.6457 11.213 9
      vertex -32.1383 11.9731 9
      vertex -32.1457 11.213 9
    endloop
  endfacet
  facet normal 0 0 1
    outer loop
      vertex -32.1614 12.4317 9
      vertex -29.7009 12.87 9
      vertex -29.7813 13.2781 9
    endloop
  endfacet
  facet normal 0 0 1
    outer loop
      vertex -32.1806 10.3811 9
      vertex -29.6806 10.3811 9
      vertex -32.1457 11.213 9
    endloop
  endfacet
  facet normal 0 0 1
    outer loop
      vertex -29.6806 10.3811 9
      vertex -32.1806 10.3811 9
      vertex -29.7325 9.54672 9
    endloop
  endfacet
  facet normal 0 0 1
    outer loop
      vertex -32.1614 12.4317 9
      vertex -29.7813 13.2781 9
      vertex -29.8738 13.5423 9
    endloop
  endfacet
  facet normal 0 0 1
    outer loop
      vertex -32.2325 9.54672 9
      vertex -29.7325 9.54672 9
      vertex -32.1806 10.3811 9
    endloop
  endfacet
  facet normal 0 0 1
    outer loop
      vertex -32.2904 8.7794 9
      vertex -29.7904 8.7794 9
      vertex -32.2325 9.54672 9
    endloop
  endfacet
  facet normal 0 0 1
    outer loop
      vertex -32.1614 12.4317 9
      vertex -29.8738 13.5423 9
      vertex -30.5905 15.2271 9
    endloop
  endfacet
  facet normal 0 0 1
    outer loop
      vertex -32.8429 14.1424 9
      vertex -30.5905 15.2271 9
      vertex -31.4636 17.0305 9
    endloop
  endfacet
  facet normal 0 0 1
    outer loop
      vertex -29.6457 11.213 9
      vertex -32.1457 11.213 9
      vertex -29.6806 10.3811 9
    endloop
  endfacet
  facet normal 0 0 1
    outer loop
      vertex -29.7325 9.54672 9
      vertex -32.2325 9.54672 9
      vertex -29.7904 8.7794 9
    endloop
  endfacet
  facet normal 0 0 1
    outer loop
      vertex -29.7904 8.7794 9
      vertex -32.2904 8.7794 9
      vertex -29.8435 8.14856 9
    endloop
  endfacet
  facet normal 0 0 1
    outer loop
      vertex -32.3435 8.14856 9
      vertex -29.8435 8.14856 9
      vertex -32.2904 8.7794 9
    endloop
  endfacet
  facet normal 0 0 1
    outer loop
      vertex -29.8435 8.14856 9
      vertex -32.3435 8.14856 9
      vertex -29.8811 7.7236 9
    endloop
  endfacet
  facet normal -0 0 1
    outer loop
      vertex -32.3715 7.83214 9
      vertex -29.8811 7.7236 9
      vertex -32.3435 8.14856 9
    endloop
  endfacet
  facet normal 0 0 1
    outer loop
      vertex -29.8811 7.7236 9
      vertex -32.3715 7.83214 9
      vertex -29.8933 7.61532 9
    endloop
  endfacet
  facet normal 0 0 1
    outer loop
      vertex -44.0369 45.4693 9
      vertex -44.0369 44.5307 9
      vertex -44 45 9
    endloop
  endfacet
  facet normal 0 0 1
    outer loop
      vertex -44.1468 45.927 9
      vertex -44.0369 44.5307 9
      vertex -44.0369 45.4693 9
    endloop
  endfacet
  facet normal 0 0 1
    outer loop
      vertex -44.167 44.0241 9
      vertex -44.0369 44.5307 9
      vertex -44.1468 45.927 9
    endloop
  endfacet
  facet normal 0 0 1
    outer loop
      vertex -44.0369 44.5307 9
      vertex -44.167 44.0241 9
      vertex -44.1468 44.0729 9
    endloop
  endfacet
  facet normal 0 0 1
    outer loop
      vertex -44.327 46.362 9
      vertex -44.167 44.0241 9
      vertex -44.1468 45.927 9
    endloop
  endfacet
  facet normal 0 0 1
    outer loop
      vertex -44.5729 46.7634 9
      vertex -44.167 44.0241 9
      vertex -44.327 46.362 9
    endloop
  endfacet
  facet normal 0 0 1
    outer loop
      vertex -44.8787 47.1213 9
      vertex -44.167 44.0241 9
      vertex -44.5729 46.7634 9
    endloop
  endfacet
  facet normal 0 0 1
    outer loop
      vertex -45.2366 47.427 9
      vertex -44.167 44.0241 9
      vertex -44.8787 47.1213 9
    endloop
  endfacet
  facet normal 0 0 1
    outer loop
      vertex -45.638 47.673 9
      vertex -44.167 44.0241 9
      vertex -45.2366 47.427 9
    endloop
  endfacet
  facet normal 0 0 1
    outer loop
      vertex -46.0729 47.8532 9
      vertex -44.167 44.0241 9
      vertex -45.638 47.673 9
    endloop
  endfacet
  facet normal 0 0 1
    outer loop
      vertex -46.5307 47.9631 9
      vertex -44.167 44.0241 9
      vertex -46.0729 47.8532 9
    endloop
  endfacet
  facet normal 0 0 1
    outer loop
      vertex -47 48 9
      vertex -44.167 44.0241 9
      vertex -46.5307 47.9631 9
    endloop
  endfacet
  facet normal -0 0 1
    outer loop
      vertex -47.4693 47.9631 9
      vertex -44.167 44.0241 9
      vertex -47 48 9
    endloop
  endfacet
  facet normal -0 0 1
    outer loop
      vertex -47.927 47.8532 9
      vertex -44.167 44.0241 9
      vertex -47.4693 47.9631 9
    endloop
  endfacet
  facet normal -0 0 1
    outer loop
      vertex -48.362 47.673 9
      vertex -44.167 44.0241 9
      vertex -47.927 47.8532 9
    endloop
  endfacet
  facet normal -0 0 1
    outer loop
      vertex -48.7634 47.427 9
      vertex -44.167 44.0241 9
      vertex -48.362 47.673 9
    endloop
  endfacet
  facet normal -0 0 1
    outer loop
      vertex -49.1213 47.1213 9
      vertex -44.167 44.0241 9
      vertex -48.7634 47.427 9
    endloop
  endfacet
  facet normal -0 0 1
    outer loop
      vertex -49.427 46.7634 9
      vertex -44.167 44.0241 9
      vertex -49.1213 47.1213 9
    endloop
  endfacet
  facet normal -0 0 1
    outer loop
      vertex -49.673 46.362 9
      vertex -44.167 44.0241 9
      vertex -49.427 46.7634 9
    endloop
  endfacet
  facet normal 0 0 1
    outer loop
      vertex -49.673 46.362 9
      vertex -49.8329 44.0241 9
      vertex -44.167 44.0241 9
    endloop
  endfacet
  facet normal -0 0 1
    outer loop
      vertex -49.8532 45.927 9
      vertex -49.8329 44.0241 9
      vertex -49.673 46.362 9
    endloop
  endfacet
  facet normal -0 0 1
    outer loop
      vertex -49.9631 45.4693 9
      vertex -49.8329 44.0241 9
      vertex -49.8532 45.927 9
    endloop
  endfacet
  facet normal -0 0 1
    outer loop
      vertex -49.9631 44.5307 9
      vertex -49.8329 44.0241 9
      vertex -49.9631 45.4693 9
    endloop
  endfacet
  facet normal 0 0 1
    outer loop
      vertex -49.8329 44.0241 9
      vertex -49.9631 44.5307 9
      vertex -49.8532 44.0729 9
    endloop
  endfacet
  facet normal 0 -0 1
    outer loop
      vertex -49.9631 44.5307 9
      vertex -49.9631 45.4693 9
      vertex -50 45 9
    endloop
  endfacet
  facet normal 0.330319 -0.943869 0
    outer loop
      vertex -30.8529 6.50494 -7.62939e-07
      vertex -30.5887 6.5974 0
      vertex -30.8529 6.50494 0
    endloop
  endfacet
  facet normal 0.330319 -0.943869 0
    outer loop
      vertex -30.5887 6.5974 0
      vertex -30.8529 6.50494 -7.62939e-07
      vertex -30.5887 6.5974 -7.62939e-07
    endloop
  endfacet
  facet normal 0.532118 -0.84667 0
    outer loop
      vertex -30.5887 6.5974 0
      vertex -30.5887 6.5974 -7.62939e-07
      vertex -30.4258 6.69978 0
    endloop
  endfacet
  facet normal 0.531867 -0.846828 0
    outer loop
      vertex -30.4258 6.69978 0
      vertex -30.3517 6.74632 -7.62939e-07
      vertex -30.3517 6.74632 0.0720385
    endloop
  endfacet
  facet normal 0.022739 -0.0361882 0.999086
    outer loop
      vertex -30.3517 6.74632 -7.62939e-07
      vertex -30.4258 6.69978 0
      vertex -30.5887 6.5974 -7.62939e-07
    endloop
  endfacet
  facet normal 0.707043 -0.70717 0
    outer loop
      vertex -30.2648 6.83326 0.155176
      vertex -30.1538 6.94424 -7.62939e-07
      vertex -30.1538 6.94424 0.261319
    endloop
  endfacet
  facet normal 0.707177 -0.707036 0.000192315
    outer loop
      vertex -30.3517 6.74632 0.0720385
      vertex -30.1538 6.94424 -7.62939e-07
      vertex -30.2648 6.83326 0.155176
    endloop
  endfacet
  facet normal 0.707143 -0.707071 0
    outer loop
      vertex -30.1538 6.94424 -7.62939e-07
      vertex -30.3517 6.74632 0.0720385
      vertex -30.3517 6.74632 -7.62939e-07
    endloop
  endfacet
  facet normal 0.846772 -0.531956 0
    outer loop
      vertex -30.1538 6.94424 0.261319
      vertex -30.0049 7.18126 -7.62939e-07
      vertex -30.0049 7.18126 0.399896
    endloop
  endfacet
  facet normal 0.846772 -0.531956 0
    outer loop
      vertex -30.0049 7.18126 -7.62939e-07
      vertex -30.1538 6.94424 0.261319
      vertex -30.1538 6.94424 -7.62939e-07
    endloop
  endfacet
  facet normal 0.943829 -0.330435 0
    outer loop
      vertex -30.0049 7.18126 0.399896
      vertex -29.9124 7.44547 -7.62939e-07
      vertex -29.9124 7.44547 0.480814
    endloop
  endfacet
  facet normal 0.943829 -0.330435 0
    outer loop
      vertex -29.9124 7.44547 -7.62939e-07
      vertex -30.0049 7.18126 0.399896
      vertex -30.0049 7.18126 -7.62939e-07
    endloop
  endfacet
  facet normal 0.993712 -0.111962 0
    outer loop
      vertex -29.8933 7.61532 0.5
      vertex -29.8811 7.7236 9
      vertex -29.8933 7.61532 9
    endloop
  endfacet
  facet normal 0.993712 -0.111962 0
    outer loop
      vertex -29.8811 7.7236 9
      vertex -29.8933 7.61532 0.5
      vertex -29.8811 7.7236 -7.62939e-07
    endloop
  endfacet
  facet normal 0.993712 -0.111962 0
    outer loop
      vertex -29.8933 7.61532 0.498134
      vertex -29.8811 7.7236 -7.62939e-07
      vertex -29.8933 7.61532 0.5
    endloop
  endfacet
  facet normal 0.993712 -0.111962 0
    outer loop
      vertex -29.8933 7.61532 0.492538
      vertex -29.8811 7.7236 -7.62939e-07
      vertex -29.8933 7.61532 0.498134
    endloop
  endfacet
  facet normal 0.993737 -0.111748 0
    outer loop
      vertex -29.9124 7.44547 -7.62939e-07
      vertex -29.8933 7.61532 0.492538
      vertex -29.9124 7.44547 0.480814
    endloop
  endfacet
  facet normal 0.993727 -0.111831 2.91757e-05
    outer loop
      vertex -29.8933 7.61532 0.492538
      vertex -29.9124 7.44547 -7.62939e-07
      vertex -29.8811 7.7236 -7.62939e-07
    endloop
  endfacet
  facet normal 0.996109 -0.0881346 0
    outer loop
      vertex -29.8811 7.7236 9
      vertex -29.8435 8.14856 -7.62939e-07
      vertex -29.8435 8.14856 9
    endloop
  endfacet
  facet normal 0.996109 -0.0881346 0
    outer loop
      vertex -29.8435 8.14856 -7.62939e-07
      vertex -29.8811 7.7236 9
      vertex -29.8811 7.7236 -7.62939e-07
    endloop
  endfacet
  facet normal 0.996476 -0.0838769 0
    outer loop
      vertex -29.8435 8.14856 9
      vertex -29.7904 8.7794 -7.62939e-07
      vertex -29.7904 8.7794 9
    endloop
  endfacet
  facet normal 0.996476 -0.0838769 0
    outer loop
      vertex -29.7904 8.7794 -7.62939e-07
      vertex -29.8435 8.14856 9
      vertex -29.8435 8.14856 -7.62939e-07
    endloop
  endfacet
  facet normal 0.997165 -0.0752435 0
    outer loop
      vertex -29.7904 8.7794 9
      vertex -29.7325 9.54672 -7.62939e-07
      vertex -29.7325 9.54672 9
    endloop
  endfacet
  facet normal 0.997165 -0.0752435 0
    outer loop
      vertex -29.7325 9.54672 -7.62939e-07
      vertex -29.7904 8.7794 9
      vertex -29.7904 8.7794 -7.62939e-07
    endloop
  endfacet
  facet normal 0.998071 -0.0620819 0
    outer loop
      vertex -29.7325 9.54672 9
      vertex -29.6806 10.3811 -7.62939e-07
      vertex -29.6806 10.3811 9
    endloop
  endfacet
  facet normal 0.998071 -0.0620819 0
    outer loop
      vertex -29.6806 10.3811 -7.62939e-07
      vertex -29.7325 9.54672 9
      vertex -29.7325 9.54672 -7.62939e-07
    endloop
  endfacet
  facet normal 0.999121 -0.0419153 0
    outer loop
      vertex -29.6806 10.3811 9
      vertex -29.6457 11.213 -7.62939e-07
      vertex -29.6457 11.213 9
    endloop
  endfacet
  facet normal 0.999121 -0.0419153 0
    outer loop
      vertex -29.6457 11.213 -7.62939e-07
      vertex -29.6806 10.3811 9
      vertex -29.6806 10.3811 -7.62939e-07
    endloop
  endfacet
  facet normal 0.999953 -0.0097351 0
    outer loop
      vertex -29.6457 11.213 9
      vertex -29.6383 11.9731 -7.62939e-07
      vertex -29.6383 11.9731 9
    endloop
  endfacet
  facet normal 0.999953 -0.0097351 0
    outer loop
      vertex -29.6383 11.9731 -7.62939e-07
      vertex -29.6457 11.213 9
      vertex -29.6457 11.213 -7.62939e-07
    endloop
  endfacet
  facet normal 0.998731 0.0503562 0
    outer loop
      vertex -29.6383 11.9731 9
      vertex -29.6695 12.5919 -7.62939e-07
      vertex -29.6695 12.5919 9
    endloop
  endfacet
  facet normal 0.998731 0.0503562 0
    outer loop
      vertex -29.6695 12.5919 -7.62939e-07
      vertex -29.6383 11.9731 9
      vertex -29.6383 11.9731 -7.62939e-07
    endloop
  endfacet
  facet normal 0.993686 0.112196 0
    outer loop
      vertex -29.6695 12.5919 9
      vertex -29.7009 12.87 -7.62939e-07
      vertex -29.7009 12.87 9
    endloop
  endfacet
  facet normal 0.993686 0.112196 0
    outer loop
      vertex -29.7009 12.87 -7.62939e-07
      vertex -29.6695 12.5919 9
      vertex -29.6695 12.5919 -7.62939e-07
    endloop
  endfacet
  facet normal 0.981141 0.193295 0
    outer loop
      vertex -29.7009 12.87 9
      vertex -29.7813 13.2781 -7.62939e-07
      vertex -29.7813 13.2781 9
    endloop
  endfacet
  facet normal 0.981141 0.193295 0
    outer loop
      vertex -29.7813 13.2781 -7.62939e-07
      vertex -29.7009 12.87 9
      vertex -29.7009 12.87 -7.62939e-07
    endloop
  endfacet
  facet normal 0.943825 0.330446 0
    outer loop
      vertex -29.7813 13.2781 9
      vertex -29.8738 13.5423 -7.62939e-07
      vertex -29.8738 13.5423 9
    endloop
  endfacet
  facet normal 0.943825 0.330446 0
    outer loop
      vertex -29.8738 13.5423 -7.62939e-07
      vertex -29.7813 13.2781 9
      vertex -29.7813 13.2781 -7.62939e-07
    endloop
  endfacet
  facet normal 0.920201 0.391446 0
    outer loop
      vertex -29.8738 13.5423 9
      vertex -30.5905 15.2271 -7.62939e-07
      vertex -30.5905 15.2271 9
    endloop
  endfacet
  facet normal 0.920201 0.391446 0
    outer loop
      vertex -30.5905 15.2271 -7.62939e-07
      vertex -29.8738 13.5423 9
      vertex -29.8738 13.5423 -7.62939e-07
    endloop
  endfacet
  facet normal 0.900064 0.435758 0
    outer loop
      vertex -30.5905 15.2271 9
      vertex -31.4636 17.0305 -7.62939e-07
      vertex -31.4636 17.0305 9
    endloop
  endfacet
  facet normal 0.900064 0.435758 0
    outer loop
      vertex -31.4636 17.0305 -7.62939e-07
      vertex -30.5905 15.2271 9
      vertex -30.5905 15.2271 -7.62939e-07
    endloop
  endfacet
  facet normal 0.884668 0.466221 0
    outer loop
      vertex -31.4636 17.0305 9
      vertex -32.4678 18.936 -7.62939e-07
      vertex -32.4678 18.936 9
    endloop
  endfacet
  facet normal 0.884668 0.466221 0
    outer loop
      vertex -32.4678 18.936 -7.62939e-07
      vertex -31.4636 17.0305 9
      vertex -31.4636 17.0305 -7.62939e-07
    endloop
  endfacet
  facet normal 0.87353 0.486771 0
    outer loop
      vertex -32.4678 18.936 9
      vertex -33.5775 20.9274 -7.62939e-07
      vertex -33.5775 20.9274 9
    endloop
  endfacet
  facet normal 0.87353 0.486771 0
    outer loop
      vertex -33.5775 20.9274 -7.62939e-07
      vertex -32.4678 18.936 9
      vertex -32.4678 18.936 -7.62939e-07
    endloop
  endfacet
  facet normal 0.865997 0.500049 0
    outer loop
      vertex -33.5775 20.9274 9
      vertex -34.7674 22.9881 -7.62939e-07
      vertex -34.7674 22.9881 9
    endloop
  endfacet
  facet normal 0.865997 0.500049 0
    outer loop
      vertex -34.7674 22.9881 -7.62939e-07
      vertex -33.5775 20.9274 9
      vertex -33.5775 20.9274 -7.62939e-07
    endloop
  endfacet
  facet normal 0.861684 0.507446 0
    outer loop
      vertex -34.7674 22.9881 9
      vertex -36.0121 25.1017 -7.62939e-07
      vertex -36.0121 25.1017 9
    endloop
  endfacet
  facet normal 0.861684 0.507446 0
    outer loop
      vertex -36.0121 25.1017 -7.62939e-07
      vertex -34.7674 22.9881 9
      vertex -34.7674 22.9881 -7.62939e-07
    endloop
  endfacet
  facet normal 0.860353 0.509698 0
    outer loop
      vertex -36.0121 25.1017 9
      vertex -37.286 27.252 -7.62939e-07
      vertex -37.286 27.252 9
    endloop
  endfacet
  facet normal 0.860353 0.509698 0
    outer loop
      vertex -37.286 27.252 -7.62939e-07
      vertex -36.0121 25.1017 9
      vertex -36.0121 25.1017 -7.62939e-07
    endloop
  endfacet
  facet normal 0.861734 0.50736 0
    outer loop
      vertex -37.286 27.252 9
      vertex -38.5638 29.4223 -7.62939e-07
      vertex -38.5638 29.4223 9
    endloop
  endfacet
  facet normal 0.861734 0.50736 0
    outer loop
      vertex -38.5638 29.4223 -7.62939e-07
      vertex -37.286 27.252 9
      vertex -37.286 27.252 -7.62939e-07
    endloop
  endfacet
  facet normal 0.865866 0.500276 0
    outer loop
      vertex -38.5638 29.4223 9
      vertex -39.82 31.5965 -7.62939e-07
      vertex -39.82 31.5965 9
    endloop
  endfacet
  facet normal 0.865866 0.500276 0
    outer loop
      vertex -39.82 31.5965 -7.62939e-07
      vertex -38.5638 29.4223 9
      vertex -38.5638 29.4223 -7.62939e-07
    endloop
  endfacet
  facet normal 0.872702 0.488253 0
    outer loop
      vertex -39.82 31.5965 9
      vertex -41.0293 33.758 -7.62939e-07
      vertex -41.0293 33.758 9
    endloop
  endfacet
  facet normal 0.872702 0.488253 0
    outer loop
      vertex -41.0293 33.758 -7.62939e-07
      vertex -39.82 31.5965 9
      vertex -39.82 31.5965 -7.62939e-07
    endloop
  endfacet
  facet normal 0.882435 0.470434 0
    outer loop
      vertex -41.0293 33.758 9
      vertex -42.1661 35.8904 -7.62939e-07
      vertex -42.1661 35.8904 9
    endloop
  endfacet
  facet normal 0.882435 0.470434 0
    outer loop
      vertex -42.1661 35.8904 -7.62939e-07
      vertex -41.0293 33.758 9
      vertex -41.0293 33.758 -7.62939e-07
    endloop
  endfacet
  facet normal 0.895207 0.445651 0
    outer loop
      vertex -42.1661 35.8904 9
      vertex -43.205 37.9773 -7.62939e-07
      vertex -43.205 37.9773 9
    endloop
  endfacet
  facet normal 0.895207 0.445651 0
    outer loop
      vertex -43.205 37.9773 -7.62939e-07
      vertex -42.1661 35.8904 9
      vertex -42.1661 35.8904 -7.62939e-07
    endloop
  endfacet
  facet normal 0.911181 0.412006 0
    outer loop
      vertex -43.205 37.9773 9
      vertex -44 39.7355 -7.62939e-07
      vertex -44 39.7355 9
    endloop
  endfacet
  facet normal 0.911181 0.412006 0
    outer loop
      vertex -44 39.7355 -7.62939e-07
      vertex -43.205 37.9773 9
      vertex -43.205 37.9773 -7.62939e-07
    endloop
  endfacet
  facet normal 0.923971 -0.382463 0
    outer loop
      vertex -44.167 44.0241 9
      vertex -44.1468 44.0729 -7.62939e-07
      vertex -44.1468 44.0729 9
    endloop
  endfacet
  facet normal 0.923971 -0.382463 0
    outer loop
      vertex -44.1468 44.0729 -7.62939e-07
      vertex -44.167 44.0241 9
      vertex -44.167 44.0241 -7.62939e-07
    endloop
  endfacet
  facet normal 0.972374 -0.233429 0
    outer loop
      vertex -44.1468 44.0729 9
      vertex -44.0369 44.5307 -7.62939e-07
      vertex -44.0369 44.5307 9
    endloop
  endfacet
  facet normal 0.972374 -0.233429 0
    outer loop
      vertex -44.0369 44.5307 -7.62939e-07
      vertex -44.1468 44.0729 9
      vertex -44.1468 44.0729 -7.62939e-07
    endloop
  endfacet
  facet normal 0.996923 -0.0783858 0
    outer loop
      vertex -44.0369 44.5307 9
      vertex -44 45 -7.62939e-07
      vertex -44 45 9
    endloop
  endfacet
  facet normal 0.996923 -0.0783858 0
    outer loop
      vertex -44 45 -7.62939e-07
      vertex -44.0369 44.5307 9
      vertex -44.0369 44.5307 -7.62939e-07
    endloop
  endfacet
  facet normal 0.996923 0.0783858 0
    outer loop
      vertex -44 45 9
      vertex -44.0369 45.4693 -7.62939e-07
      vertex -44.0369 45.4693 9
    endloop
  endfacet
  facet normal 0.996923 0.0783858 0
    outer loop
      vertex -44.0369 45.4693 -7.62939e-07
      vertex -44 45 9
      vertex -44 45 -7.62939e-07
    endloop
  endfacet
  facet normal 0.972362 0.233477 0
    outer loop
      vertex -44.0369 45.4693 9
      vertex -44.1468 45.927 -7.62939e-07
      vertex -44.1468 45.927 9
    endloop
  endfacet
  facet normal 0.972362 0.233477 0
    outer loop
      vertex -44.1468 45.927 -7.62939e-07
      vertex -44.0369 45.4693 9
      vertex -44.0369 45.4693 -7.62939e-07
    endloop
  endfacet
  facet normal 0.923867 0.382714 0
    outer loop
      vertex -44.1468 45.927 9
      vertex -44.327 46.362 -7.62939e-07
      vertex -44.327 46.362 9
    endloop
  endfacet
  facet normal 0.923867 0.382714 0
    outer loop
      vertex -44.327 46.362 -7.62939e-07
      vertex -44.1468 45.927 9
      vertex -44.1468 45.927 -7.62939e-07
    endloop
  endfacet
  facet normal 0.852714 0.522378 0
    outer loop
      vertex -44.327 46.362 9
      vertex -44.5729 46.7634 -7.62939e-07
      vertex -44.5729 46.7634 9
    endloop
  endfacet
  facet normal 0.852714 0.522378 0
    outer loop
      vertex -44.5729 46.7634 -7.62939e-07
      vertex -44.327 46.362 9
      vertex -44.327 46.362 -7.62939e-07
    endloop
  endfacet
  facet normal 0.760275 0.649601 0
    outer loop
      vertex -44.5729 46.7634 9
      vertex -44.8787 47.1213 -7.62939e-07
      vertex -44.8787 47.1213 9
    endloop
  endfacet
  facet normal 0.760275 0.649601 0
    outer loop
      vertex -44.8787 47.1213 -7.62939e-07
      vertex -44.5729 46.7634 9
      vertex -44.5729 46.7634 -7.62939e-07
    endloop
  endfacet
  facet normal 0.649478 0.76038 -0
    outer loop
      vertex -44.8787 47.1213 -7.62939e-07
      vertex -45.2366 47.427 9
      vertex -44.8787 47.1213 9
    endloop
  endfacet
  facet normal 0.649478 0.76038 0
    outer loop
      vertex -45.2366 47.427 9
      vertex -44.8787 47.1213 -7.62939e-07
      vertex -45.2366 47.427 -7.62939e-07
    endloop
  endfacet
  facet normal 0.522532 0.85262 -0
    outer loop
      vertex -45.2366 47.427 -7.62939e-07
      vertex -45.638 47.673 9
      vertex -45.2366 47.427 9
    endloop
  endfacet
  facet normal 0.522532 0.85262 0
    outer loop
      vertex -45.638 47.673 9
      vertex -45.2366 47.427 -7.62939e-07
      vertex -45.638 47.673 -7.62939e-07
    endloop
  endfacet
  facet normal 0.38279 0.923836 1.84102e-06
    outer loop
      vertex -45.638 47.673 9
      vertex -46 47.823 6
      vertex -46.0729 47.8532 9
    endloop
  endfacet
  facet normal 0.382803 0.92383 -0
    outer loop
      vertex -45.638 47.673 -7.62939e-07
      vertex -46 47.823 6
      vertex -45.638 47.673 9
    endloop
  endfacet
  facet normal 0.382803 0.92383 0
    outer loop
      vertex -46 47.823 6
      vertex -45.638 47.673 -7.62939e-07
      vertex -46 47.823 -7.62939e-07
    endloop
  endfacet
  facet normal 0.382725 0.923862 0
    outer loop
      vertex -46.0729 47.8532 9
      vertex -46 47.823 6
      vertex -46.0729 47.8532 6
    endloop
  endfacet
  facet normal 0.233429 0.972374 -0
    outer loop
      vertex -46.0729 47.8532 6
      vertex -46.5307 47.9631 9
      vertex -46.0729 47.8532 9
    endloop
  endfacet
  facet normal 0.233429 0.972374 0
    outer loop
      vertex -46.5307 47.9631 9
      vertex -46.0729 47.8532 6
      vertex -46.5307 47.9631 6
    endloop
  endfacet
  facet normal 0.0783858 0.996923 -0
    outer loop
      vertex -46.5307 47.9631 6
      vertex -47 48 9
      vertex -46.5307 47.9631 9
    endloop
  endfacet
  facet normal 0.0783858 0.996923 0
    outer loop
      vertex -47 48 9
      vertex -46.5307 47.9631 6
      vertex -47 48 6
    endloop
  endfacet
  facet normal -0.0783858 0.996923 0
    outer loop
      vertex -47 48 6
      vertex -47.4693 47.9631 9
      vertex -47 48 9
    endloop
  endfacet
  facet normal -0.0783858 0.996923 0
    outer loop
      vertex -47.4693 47.9631 9
      vertex -47 48 6
      vertex -47.4693 47.9631 6
    endloop
  endfacet
  facet normal -0.233477 0.972362 0
    outer loop
      vertex -47.4693 47.9631 6
      vertex -47.927 47.8532 9
      vertex -47.4693 47.9631 9
    endloop
  endfacet
  facet normal -0.233477 0.972362 0
    outer loop
      vertex -47.927 47.8532 9
      vertex -47.4693 47.9631 6
      vertex -47.927 47.8532 6
    endloop
  endfacet
  facet normal -0.382714 0.923867 0
    outer loop
      vertex -47.927 47.8532 6
      vertex -48.362 47.673 9
      vertex -47.927 47.8532 9
    endloop
  endfacet
  facet normal -0.382714 0.923867 0
    outer loop
      vertex -48.362 47.673 9
      vertex -47.927 47.8532 6
      vertex -48.362 47.673 6
    endloop
  endfacet
  facet normal -0.522532 0.85262 0
    outer loop
      vertex -48.362 47.673 6
      vertex -48.7634 47.427 9
      vertex -48.362 47.673 9
    endloop
  endfacet
  facet normal -0.522532 0.85262 0
    outer loop
      vertex -48.7634 47.427 9
      vertex -48.362 47.673 6
      vertex -48.7634 47.427 6
    endloop
  endfacet
  facet normal -0.649478 0.76038 0
    outer loop
      vertex -48.7634 47.427 6
      vertex -49.1213 47.1213 9
      vertex -48.7634 47.427 9
    endloop
  endfacet
  facet normal -0.649478 0.76038 0
    outer loop
      vertex -49.1213 47.1213 9
      vertex -48.7634 47.427 6
      vertex -49.1213 47.1213 6
    endloop
  endfacet
  facet normal -0.76038 0.649478 0
    outer loop
      vertex -49.427 46.7634 6
      vertex -49.1213 47.1213 9
      vertex -49.1213 47.1213 6
    endloop
  endfacet
  facet normal -0.76038 0.649478 0
    outer loop
      vertex -49.1213 47.1213 9
      vertex -49.427 46.7634 6
      vertex -49.427 46.7634 9
    endloop
  endfacet
  facet normal -0.85262 0.522532 0
    outer loop
      vertex -49.673 46.362 6
      vertex -49.427 46.7634 9
      vertex -49.427 46.7634 6
    endloop
  endfacet
  facet normal -0.85262 0.522532 0
    outer loop
      vertex -49.427 46.7634 9
      vertex -49.673 46.362 6
      vertex -49.673 46.362 9
    endloop
  endfacet
  facet normal -0.923867 0.382714 0
    outer loop
      vertex -49.8532 45.927 6
      vertex -49.673 46.362 9
      vertex -49.673 46.362 6
    endloop
  endfacet
  facet normal -0.923867 0.382714 0
    outer loop
      vertex -49.673 46.362 9
      vertex -49.8532 45.927 6
      vertex -49.8532 45.927 9
    endloop
  endfacet
  facet normal -0.972362 0.233477 0
    outer loop
      vertex -49.9631 45.4693 6
      vertex -49.8532 45.927 9
      vertex -49.8532 45.927 6
    endloop
  endfacet
  facet normal -0.972362 0.233477 0
    outer loop
      vertex -49.8532 45.927 9
      vertex -49.9631 45.4693 6
      vertex -49.9631 45.4693 9
    endloop
  endfacet
  facet normal -0.996923 0.0783858 0
    outer loop
      vertex -50 45 6
      vertex -49.9631 45.4693 9
      vertex -49.9631 45.4693 6
    endloop
  endfacet
  facet normal -0.996923 0.0783858 0
    outer loop
      vertex -49.9631 45.4693 9
      vertex -50 45 6
      vertex -50 45 9
    endloop
  endfacet
  facet normal -0.996923 -0.0783858 0
    outer loop
      vertex -49.9631 44.5307 6
      vertex -50 45 9
      vertex -50 45 6
    endloop
  endfacet
  facet normal -0.996923 -0.0783858 0
    outer loop
      vertex -50 45 9
      vertex -49.9631 44.5307 6
      vertex -49.9631 44.5307 9
    endloop
  endfacet
  facet normal -0.972374 -0.233429 0
    outer loop
      vertex -49.8532 44.0729 6
      vertex -49.9631 44.5307 9
      vertex -49.9631 44.5307 6
    endloop
  endfacet
  facet normal -0.972374 -0.233429 0
    outer loop
      vertex -49.9631 44.5307 9
      vertex -49.8532 44.0729 6
      vertex -49.8532 44.0729 9
    endloop
  endfacet
  facet normal -0.923301 -0.384078 0
    outer loop
      vertex -49.8329 44.0241 6
      vertex -49.8532 44.0729 9
      vertex -49.8532 44.0729 6
    endloop
  endfacet
  facet normal -0.923301 -0.384078 0
    outer loop
      vertex -49.8532 44.0729 9
      vertex -49.8329 44.0241 6
      vertex -49.8329 44.0241 9
    endloop
  endfacet
  facet normal -0.89519 -0.445685 0
    outer loop
      vertex -44.4185 34.8057 -7.62939e-07
      vertex -45.0251 36.0241 9
      vertex -45.0251 36.0241 -7.62939e-07
    endloop
  endfacet
  facet normal -0.89519 -0.445685 0
    outer loop
      vertex -45.0251 36.0241 9
      vertex -44.4185 34.8057 -7.62939e-07
      vertex -44.4185 34.8057 9
    endloop
  endfacet
  facet normal -0.882435 -0.470434 0
    outer loop
      vertex -43.2817 32.6733 -7.62939e-07
      vertex -44.4185 34.8057 9
      vertex -44.4185 34.8057 -7.62939e-07
    endloop
  endfacet
  facet normal -0.882435 -0.470434 0
    outer loop
      vertex -44.4185 34.8057 9
      vertex -43.2817 32.6733 -7.62939e-07
      vertex -43.2817 32.6733 9
    endloop
  endfacet
  facet normal -0.872702 -0.488253 0
    outer loop
      vertex -42.0724 30.5118 -7.62939e-07
      vertex -43.2817 32.6733 9
      vertex -43.2817 32.6733 -7.62939e-07
    endloop
  endfacet
  facet normal -0.872702 -0.488253 0
    outer loop
      vertex -43.2817 32.6733 9
      vertex -42.0724 30.5118 -7.62939e-07
      vertex -42.0724 30.5118 9
    endloop
  endfacet
  facet normal -0.865866 -0.500276 0
    outer loop
      vertex -40.8162 28.3376 -7.62939e-07
      vertex -42.0724 30.5118 9
      vertex -42.0724 30.5118 -7.62939e-07
    endloop
  endfacet
  facet normal -0.865866 -0.500276 0
    outer loop
      vertex -42.0724 30.5118 9
      vertex -40.8162 28.3376 -7.62939e-07
      vertex -40.8162 28.3376 9
    endloop
  endfacet
  facet normal -0.861734 -0.50736 0
    outer loop
      vertex -39.5384 26.1673 -7.62939e-07
      vertex -40.8162 28.3376 9
      vertex -40.8162 28.3376 -7.62939e-07
    endloop
  endfacet
  facet normal -0.861734 -0.50736 0
    outer loop
      vertex -40.8162 28.3376 9
      vertex -39.5384 26.1673 -7.62939e-07
      vertex -39.5384 26.1673 9
    endloop
  endfacet
  facet normal -0.860353 -0.509698 0
    outer loop
      vertex -38.2645 24.017 -7.62939e-07
      vertex -39.5384 26.1673 9
      vertex -39.5384 26.1673 -7.62939e-07
    endloop
  endfacet
  facet normal -0.860353 -0.509698 0
    outer loop
      vertex -39.5384 26.1673 9
      vertex -38.2645 24.017 -7.62939e-07
      vertex -38.2645 24.017 9
    endloop
  endfacet
  facet normal -0.861712 -0.507398 0
    outer loop
      vertex -37.0199 21.9033 -7.62939e-07
      vertex -38.2645 24.017 9
      vertex -38.2645 24.017 -7.62939e-07
    endloop
  endfacet
  facet normal -0.861712 -0.507398 0
    outer loop
      vertex -38.2645 24.017 9
      vertex -37.0199 21.9033 -7.62939e-07
      vertex -37.0199 21.9033 9
    endloop
  endfacet
  facet normal -0.865997 -0.500049 0
    outer loop
      vertex -35.83 19.8426 -7.62939e-07
      vertex -37.0199 21.9033 9
      vertex -37.0199 21.9033 -7.62939e-07
    endloop
  endfacet
  facet normal -0.865997 -0.500049 0
    outer loop
      vertex -37.0199 21.9033 9
      vertex -35.83 19.8426 -7.62939e-07
      vertex -35.83 19.8426 9
    endloop
  endfacet
  facet normal -0.873501 -0.486823 0
    outer loop
      vertex -34.7202 17.8513 -7.62939e-07
      vertex -35.83 19.8426 9
      vertex -35.83 19.8426 -7.62939e-07
    endloop
  endfacet
  facet normal -0.873501 -0.486823 0
    outer loop
      vertex -35.83 19.8426 9
      vertex -34.7202 17.8513 -7.62939e-07
      vertex -34.7202 17.8513 9
    endloop
  endfacet
  facet normal -0.884668 -0.466221 0
    outer loop
      vertex -33.716 15.9458 -7.62939e-07
      vertex -34.7202 17.8513 9
      vertex -34.7202 17.8513 -7.62939e-07
    endloop
  endfacet
  facet normal -0.884668 -0.466221 0
    outer loop
      vertex -34.7202 17.8513 9
      vertex -33.716 15.9458 -7.62939e-07
      vertex -33.716 15.9458 9
    endloop
  endfacet
  facet normal -0.900064 -0.435758 0
    outer loop
      vertex -32.8429 14.1424 -7.62939e-07
      vertex -33.716 15.9458 9
      vertex -33.716 15.9458 -7.62939e-07
    endloop
  endfacet
  facet normal -0.900064 -0.435758 0
    outer loop
      vertex -33.716 15.9458 9
      vertex -32.8429 14.1424 -7.62939e-07
      vertex -32.8429 14.1424 9
    endloop
  endfacet
  facet normal -0.92019 -0.391473 0
    outer loop
      vertex -32.2014 12.6345 -7.62939e-07
      vertex -32.8429 14.1424 9
      vertex -32.8429 14.1424 -7.62939e-07
    endloop
  endfacet
  facet normal -0.92019 -0.391473 0
    outer loop
      vertex -32.8429 14.1424 9
      vertex -32.2014 12.6345 -7.62939e-07
      vertex -32.2014 12.6345 9
    endloop
  endfacet
  facet normal -0.981098 -0.19351 0
    outer loop
      vertex -32.1614 12.4317 -7.62939e-07
      vertex -32.2014 12.6345 9
      vertex -32.2014 12.6345 -7.62939e-07
    endloop
  endfacet
  facet normal -0.981098 -0.19351 0
    outer loop
      vertex -32.2014 12.6345 9
      vertex -32.1614 12.4317 -7.62939e-07
      vertex -32.1614 12.4317 9
    endloop
  endfacet
  facet normal -0.998734 -0.0503069 0
    outer loop
      vertex -32.1383 11.9731 -7.62939e-07
      vertex -32.1614 12.4317 9
      vertex -32.1614 12.4317 -7.62939e-07
    endloop
  endfacet
  facet normal -0.998734 -0.0503069 0
    outer loop
      vertex -32.1614 12.4317 9
      vertex -32.1383 11.9731 -7.62939e-07
      vertex -32.1383 11.9731 9
    endloop
  endfacet
  facet normal -0.999953 0.0097351 0
    outer loop
      vertex -32.1457 11.213 -7.62939e-07
      vertex -32.1383 11.9731 9
      vertex -32.1383 11.9731 -7.62939e-07
    endloop
  endfacet
  facet normal -0.999953 0.0097351 0
    outer loop
      vertex -32.1383 11.9731 9
      vertex -32.1457 11.213 -7.62939e-07
      vertex -32.1457 11.213 9
    endloop
  endfacet
  facet normal -0.999121 0.0419153 0
    outer loop
      vertex -32.1806 10.3811 -7.62939e-07
      vertex -32.1457 11.213 9
      vertex -32.1457 11.213 -7.62939e-07
    endloop
  endfacet
  facet normal -0.999121 0.0419153 0
    outer loop
      vertex -32.1457 11.213 9
      vertex -32.1806 10.3811 -7.62939e-07
      vertex -32.1806 10.3811 9
    endloop
  endfacet
  facet normal -0.998071 0.0620819 0
    outer loop
      vertex -32.2325 9.54672 -7.62939e-07
      vertex -32.1806 10.3811 9
      vertex -32.1806 10.3811 -7.62939e-07
    endloop
  endfacet
  facet normal -0.998071 0.0620819 0
    outer loop
      vertex -32.1806 10.3811 9
      vertex -32.2325 9.54672 -7.62939e-07
      vertex -32.2325 9.54672 9
    endloop
  endfacet
  facet normal -0.997165 0.0752435 0
    outer loop
      vertex -32.2904 8.7794 -7.62939e-07
      vertex -32.2325 9.54672 9
      vertex -32.2325 9.54672 -7.62939e-07
    endloop
  endfacet
  facet normal -0.997165 0.0752435 0
    outer loop
      vertex -32.2325 9.54672 9
      vertex -32.2904 8.7794 -7.62939e-07
      vertex -32.2904 8.7794 9
    endloop
  endfacet
  facet normal -0.996476 0.0838769 0
    outer loop
      vertex -32.3435 8.14856 -7.62939e-07
      vertex -32.2904 8.7794 9
      vertex -32.2904 8.7794 -7.62939e-07
    endloop
  endfacet
  facet normal -0.996476 0.0838769 0
    outer loop
      vertex -32.2904 8.7794 9
      vertex -32.3435 8.14856 -7.62939e-07
      vertex -32.3435 8.14856 9
    endloop
  endfacet
  facet normal -0.996108 0.0881455 0
    outer loop
      vertex -32.3715 7.83214 0.5
      vertex -32.3435 8.14856 -7.62939e-07
      vertex -32.3715 7.83214 0.49514
    endloop
  endfacet
  facet normal -0.996109 0.0881346 -7.04422e-06
    outer loop
      vertex -32.3811 7.7236 -7.62939e-07
      vertex -32.3715 7.83214 0.49514
      vertex -32.3435 8.14856 -7.62939e-07
    endloop
  endfacet
  facet normal -0.996167 0.0874701 0.000139762
    outer loop
      vertex -32.3715 7.83214 0.49514
      vertex -32.3811 7.7236 -7.62939e-07
      vertex -32.3734 7.8105 0.496106
    endloop
  endfacet
  facet normal -0.996097 0.0882618 0
    outer loop
      vertex -32.3734 7.8105 0.496106
      vertex -32.3811 7.7236 -7.62939e-07
      vertex -32.3811 7.7236 0.499988
    endloop
  endfacet
  facet normal -0.996108 0.0881455 0
    outer loop
      vertex -32.3435 8.14856 -7.62939e-07
      vertex -32.3715 7.83214 0.5
      vertex -32.3435 8.14856 9
    endloop
  endfacet
  facet normal -0.996108 0.0881455 0
    outer loop
      vertex -32.3435 8.14856 9
      vertex -32.3715 7.83214 0.5
      vertex -32.3715 7.83214 9
    endloop
  endfacet
  facet normal -0.993687 -0.112184 -0
    outer loop
      vertex -32.3497 7.44547 0.456503
      vertex -32.3811 7.7236 -7.62939e-07
      vertex -32.3497 7.44547 -7.62939e-07
    endloop
  endfacet
  facet normal -0.993687 -0.112184 0
    outer loop
      vertex -32.3811 7.7236 -7.62939e-07
      vertex -32.3497 7.44547 0.456503
      vertex -32.3811 7.7236 0.499988
    endloop
  endfacet
  facet normal -0.943988 -0.329979 0
    outer loop
      vertex -32.3497 7.44547 -7.62939e-07
      vertex -32.3097 7.33104 0.411471
      vertex -32.3497 7.44547 0.456503
    endloop
  endfacet
  facet normal -0.94394 -0.330116 -0
    outer loop
      vertex -32.2573 7.18126 0.35253
      vertex -32.3497 7.44547 -7.62939e-07
      vertex -32.2573 7.18126 -7.62939e-07
    endloop
  endfacet
  facet normal -0.943912 -0.330197 -6.8086e-05
    outer loop
      vertex -32.3497 7.44547 -7.62939e-07
      vertex -32.2573 7.18126 0.35253
      vertex -32.3097 7.33104 0.411471
    endloop
  endfacet
  facet normal -0.846772 -0.531956 -0
    outer loop
      vertex -32.1084 6.94424 0.193256
      vertex -32.2573 7.18126 -7.62939e-07
      vertex -32.1084 6.94424 -7.62939e-07
    endloop
  endfacet
  facet normal -0.846772 -0.531956 0
    outer loop
      vertex -32.2573 7.18126 -7.62939e-07
      vertex -32.1084 6.94424 0.193256
      vertex -32.2573 7.18126 0.35253
    endloop
  endfacet
  facet normal -0.70705 -0.707164 0
    outer loop
      vertex -32.1084 6.94424 -7.62939e-07
      vertex -31.9232 6.75907 0
      vertex -32.1084 6.94424 0.193256
    endloop
  endfacet
  facet normal -0.0170073 -0.0170142 -0.999711
    outer loop
      vertex -31.9104 6.74632 -7.62939e-07
      vertex -31.9232 6.75907 0
      vertex -32.1084 6.94424 -7.62939e-07
    endloop
  endfacet
  facet normal -0.705722 -0.708489 0
    outer loop
      vertex -31.9232 6.75907 0
      vertex -31.9104 6.74632 -7.62939e-07
      vertex -31.9104 6.74632 0
    endloop
  endfacet
  facet normal -0.53204 -0.846719 0
    outer loop
      vertex -31.9104 6.74632 -7.62939e-07
      vertex -31.6734 6.5974 0
      vertex -31.9104 6.74632 0
    endloop
  endfacet
  facet normal -0.53204 -0.846719 -0
    outer loop
      vertex -31.6734 6.5974 0
      vertex -31.9104 6.74632 -7.62939e-07
      vertex -31.6734 6.5974 -7.62939e-07
    endloop
  endfacet
  facet normal -0.330319 -0.943869 0
    outer loop
      vertex -31.6734 6.5974 -7.62939e-07
      vertex -31.4092 6.50494 0
      vertex -31.6734 6.5974 0
    endloop
  endfacet
  facet normal -0.330319 -0.943869 -0
    outer loop
      vertex -31.4092 6.50494 0
      vertex -31.6734 6.5974 -7.62939e-07
      vertex -31.4092 6.50494 -7.62939e-07
    endloop
  endfacet
  facet normal -0.111984 -0.99371 0
    outer loop
      vertex -31.4092 6.50494 -7.62939e-07
      vertex -31.1311 6.4736 0
      vertex -31.4092 6.50494 0
    endloop
  endfacet
  facet normal -0.111984 -0.99371 -0
    outer loop
      vertex -31.1311 6.4736 0
      vertex -31.4092 6.50494 -7.62939e-07
      vertex -31.1311 6.4736 -7.62939e-07
    endloop
  endfacet
  facet normal 0.111945 -0.993714 0
    outer loop
      vertex -31.1311 6.4736 -7.62939e-07
      vertex -30.8529 6.50494 0
      vertex -31.1311 6.4736 0
    endloop
  endfacet
  facet normal 0.111945 -0.993714 0
    outer loop
      vertex -30.8529 6.50494 0
      vertex -31.1311 6.4736 -7.62939e-07
      vertex -30.8529 6.50494 -7.62939e-07
    endloop
  endfacet
  facet normal -0 0 1
    outer loop
      vertex 43.205 37.9773 9
      vertex 44 36.0241 9
      vertex 44 39.7355 9
    endloop
  endfacet
  facet normal 0 0 1
    outer loop
      vertex 42.1661 35.8904 9
      vertex 44 36.0241 9
      vertex 43.205 37.9773 9
    endloop
  endfacet
  facet normal 0 0 1
    outer loop
      vertex 44 36.0241 9
      vertex 42.1661 35.8904 9
      vertex 43.2817 32.6733 9
    endloop
  endfacet
  facet normal -0 0 1
    outer loop
      vertex 41.0293 33.758 9
      vertex 43.2817 32.6733 9
      vertex 42.1661 35.8904 9
    endloop
  endfacet
  facet normal 0 0 1
    outer loop
      vertex 43.2817 32.6733 9
      vertex 41.0293 33.758 9
      vertex 42.0724 30.5118 9
    endloop
  endfacet
  facet normal -0 0 1
    outer loop
      vertex 39.82 31.5965 9
      vertex 42.0724 30.5118 9
      vertex 41.0293 33.758 9
    endloop
  endfacet
  facet normal 0 0 1
    outer loop
      vertex 42.0724 30.5118 9
      vertex 39.82 31.5965 9
      vertex 40.8162 28.3376 9
    endloop
  endfacet
  facet normal -0 0 1
    outer loop
      vertex 38.5638 29.4223 9
      vertex 40.8162 28.3376 9
      vertex 39.82 31.5965 9
    endloop
  endfacet
  facet normal 0 0 1
    outer loop
      vertex 40.8162 28.3376 9
      vertex 38.5638 29.4223 9
      vertex 39.5384 26.1673 9
    endloop
  endfacet
  facet normal -0 0 1
    outer loop
      vertex 37.286 27.252 9
      vertex 39.5384 26.1673 9
      vertex 38.5638 29.4223 9
    endloop
  endfacet
  facet normal 0 0 1
    outer loop
      vertex 39.5384 26.1673 9
      vertex 37.286 27.252 9
      vertex 38.2645 24.017 9
    endloop
  endfacet
  facet normal -0 0 1
    outer loop
      vertex 36.0121 25.1017 9
      vertex 38.2645 24.017 9
      vertex 37.286 27.252 9
    endloop
  endfacet
  facet normal 0 0 1
    outer loop
      vertex 38.2645 24.017 9
      vertex 36.0121 25.1017 9
      vertex 37.0199 21.9033 9
    endloop
  endfacet
  facet normal -0 0 1
    outer loop
      vertex 34.7674 22.9881 9
      vertex 37.0199 21.9033 9
      vertex 36.0121 25.1017 9
    endloop
  endfacet
  facet normal 0 0 1
    outer loop
      vertex 37.0199 21.9033 9
      vertex 34.7674 22.9881 9
      vertex 35.83 19.8426 9
    endloop
  endfacet
  facet normal -0 0 1
    outer loop
      vertex 33.5775 20.9274 9
      vertex 35.83 19.8426 9
      vertex 34.7674 22.9881 9
    endloop
  endfacet
  facet normal 0 0 1
    outer loop
      vertex 35.83 19.8426 9
      vertex 33.5775 20.9274 9
      vertex 34.7202 17.8513 9
    endloop
  endfacet
  facet normal -0 0 1
    outer loop
      vertex 32.4678 18.936 9
      vertex 34.7202 17.8513 9
      vertex 33.5775 20.9274 9
    endloop
  endfacet
  facet normal 0 0 1
    outer loop
      vertex 34.7202 17.8513 9
      vertex 32.4678 18.936 9
      vertex 33.716 15.9458 9
    endloop
  endfacet
  facet normal -0 0 1
    outer loop
      vertex 31.4636 17.0305 9
      vertex 33.716 15.9458 9
      vertex 32.4678 18.936 9
    endloop
  endfacet
  facet normal 0 0 1
    outer loop
      vertex 33.716 15.9458 9
      vertex 31.4636 17.0305 9
      vertex 32.8429 14.1424 9
    endloop
  endfacet
  facet normal -0 0 1
    outer loop
      vertex 30.5905 15.2271 9
      vertex 32.8429 14.1424 9
      vertex 31.4636 17.0305 9
    endloop
  endfacet
  facet normal 0 0 1
    outer loop
      vertex 29.8738 13.5423 9
      vertex 32.8429 14.1424 9
      vertex 30.5905 15.2271 9
    endloop
  endfacet
  facet normal 0 0 1
    outer loop
      vertex 32.8429 14.1424 9
      vertex 29.8738 13.5423 9
      vertex 32.2014 12.6345 9
    endloop
  endfacet
  facet normal -0 0 1
    outer loop
      vertex 44 36.0241 9
      vertex 44.4185 34.8057 9
      vertex 45.0251 36.0241 9
    endloop
  endfacet
  facet normal 0 0 1
    outer loop
      vertex 44.4185 34.8057 9
      vertex 44 36.0241 9
      vertex 43.2817 32.6733 9
    endloop
  endfacet
  facet normal -0 0 1
    outer loop
      vertex 29.7813 13.2781 9
      vertex 32.2014 12.6345 9
      vertex 29.8738 13.5423 9
    endloop
  endfacet
  facet normal -0 0 1
    outer loop
      vertex 29.7009 12.87 9
      vertex 32.2014 12.6345 9
      vertex 29.7813 13.2781 9
    endloop
  endfacet
  facet normal 0 0 1
    outer loop
      vertex 32.2014 12.6345 9
      vertex 29.7009 12.87 9
      vertex 32.1614 12.4317 9
    endloop
  endfacet
  facet normal -0 0 1
    outer loop
      vertex 29.6695 12.5919 9
      vertex 32.1614 12.4317 9
      vertex 29.7009 12.87 9
    endloop
  endfacet
  facet normal 0 0 1
    outer loop
      vertex 32.1614 12.4317 9
      vertex 29.6695 12.5919 9
      vertex 32.1383 11.9731 9
    endloop
  endfacet
  facet normal 0 -0 1
    outer loop
      vertex 29.6457 11.213 9
      vertex 32.1383 11.9731 9
      vertex 29.6383 11.9731 9
    endloop
  endfacet
  facet normal 0 -0 1
    outer loop
      vertex 29.6806 10.3811 9
      vertex 32.1457 11.213 9
      vertex 29.6457 11.213 9
    endloop
  endfacet
  facet normal 0 0 1
    outer loop
      vertex 32.1457 11.213 9
      vertex 29.6806 10.3811 9
      vertex 32.1806 10.3811 9
    endloop
  endfacet
  facet normal 0 0 1
    outer loop
      vertex 32.3435 8.14856 9
      vertex 29.8811 7.7236 9
      vertex 32.3715 7.83214 9
    endloop
  endfacet
  facet normal 0 0 1
    outer loop
      vertex 32.1806 10.3811 9
      vertex 29.7325 9.54672 9
      vertex 32.2325 9.54672 9
    endloop
  endfacet
  facet normal 0 0 1
    outer loop
      vertex 32.3715 7.83214 9
      vertex 29.8811 7.7236 9
      vertex 29.8933 7.61532 9
    endloop
  endfacet
  facet normal 0 -0 1
    outer loop
      vertex 29.8811 7.7236 9
      vertex 32.3435 8.14856 9
      vertex 29.8435 8.14856 9
    endloop
  endfacet
  facet normal 0 0 1
    outer loop
      vertex 29.6383 11.9731 9
      vertex 32.1383 11.9731 9
      vertex 29.6695 12.5919 9
    endloop
  endfacet
  facet normal 0 0 1
    outer loop
      vertex 32.2904 8.7794 9
      vertex 29.8435 8.14856 9
      vertex 32.3435 8.14856 9
    endloop
  endfacet
  facet normal 0 0 1
    outer loop
      vertex 32.1383 11.9731 9
      vertex 29.6457 11.213 9
      vertex 32.1457 11.213 9
    endloop
  endfacet
  facet normal 0 -0 1
    outer loop
      vertex 29.8435 8.14856 9
      vertex 32.2904 8.7794 9
      vertex 29.7904 8.7794 9
    endloop
  endfacet
  facet normal 0 -0 1
    outer loop
      vertex 29.7325 9.54672 9
      vertex 32.1806 10.3811 9
      vertex 29.6806 10.3811 9
    endloop
  endfacet
  facet normal 0 0 1
    outer loop
      vertex 32.2325 9.54672 9
      vertex 29.7904 8.7794 9
      vertex 32.2904 8.7794 9
    endloop
  endfacet
  facet normal 0 -0 1
    outer loop
      vertex 29.7904 8.7794 9
      vertex 32.2325 9.54672 9
      vertex 29.7325 9.54672 9
    endloop
  endfacet
  facet normal 0 0 1
    outer loop
      vertex 49.9631 45.4693 9
      vertex 49.9631 44.5307 9
      vertex 50 45 9
    endloop
  endfacet
  facet normal 0 0 1
    outer loop
      vertex 49.8532 45.927 9
      vertex 49.9631 44.5307 9
      vertex 49.9631 45.4693 9
    endloop
  endfacet
  facet normal 0 0 1
    outer loop
      vertex 49.8329 44.0241 9
      vertex 49.9631 44.5307 9
      vertex 49.8532 45.927 9
    endloop
  endfacet
  facet normal 0 0 1
    outer loop
      vertex 49.9631 44.5307 9
      vertex 49.8329 44.0241 9
      vertex 49.8532 44.0729 9
    endloop
  endfacet
  facet normal 0 0 1
    outer loop
      vertex 49.673 46.362 9
      vertex 49.8329 44.0241 9
      vertex 49.8532 45.927 9
    endloop
  endfacet
  facet normal 0 0 1
    outer loop
      vertex 49.427 46.7634 9
      vertex 49.8329 44.0241 9
      vertex 49.673 46.362 9
    endloop
  endfacet
  facet normal 0 0 1
    outer loop
      vertex 49.1213 47.1213 9
      vertex 49.8329 44.0241 9
      vertex 49.427 46.7634 9
    endloop
  endfacet
  facet normal 0 0 1
    outer loop
      vertex 48.7634 47.427 9
      vertex 49.8329 44.0241 9
      vertex 49.1213 47.1213 9
    endloop
  endfacet
  facet normal 0 0 1
    outer loop
      vertex 48.362 47.673 9
      vertex 49.8329 44.0241 9
      vertex 48.7634 47.427 9
    endloop
  endfacet
  facet normal 0 0 1
    outer loop
      vertex 47.927 47.8532 9
      vertex 49.8329 44.0241 9
      vertex 48.362 47.673 9
    endloop
  endfacet
  facet normal 0 0 1
    outer loop
      vertex 47.4693 47.9631 9
      vertex 49.8329 44.0241 9
      vertex 47.927 47.8532 9
    endloop
  endfacet
  facet normal 0 0 1
    outer loop
      vertex 47 48 9
      vertex 49.8329 44.0241 9
      vertex 47.4693 47.9631 9
    endloop
  endfacet
  facet normal -0 0 1
    outer loop
      vertex 46.5307 47.9631 9
      vertex 49.8329 44.0241 9
      vertex 47 48 9
    endloop
  endfacet
  facet normal -0 0 1
    outer loop
      vertex 46.0729 47.8532 9
      vertex 49.8329 44.0241 9
      vertex 46.5307 47.9631 9
    endloop
  endfacet
  facet normal -0 0 1
    outer loop
      vertex 45.638 47.673 9
      vertex 49.8329 44.0241 9
      vertex 46.0729 47.8532 9
    endloop
  endfacet
  facet normal -0 0 1
    outer loop
      vertex 45.2366 47.427 9
      vertex 49.8329 44.0241 9
      vertex 45.638 47.673 9
    endloop
  endfacet
  facet normal -0 0 1
    outer loop
      vertex 44.8787 47.1213 9
      vertex 49.8329 44.0241 9
      vertex 45.2366 47.427 9
    endloop
  endfacet
  facet normal -0 0 1
    outer loop
      vertex 44.5729 46.7634 9
      vertex 49.8329 44.0241 9
      vertex 44.8787 47.1213 9
    endloop
  endfacet
  facet normal -0 0 1
    outer loop
      vertex 44.327 46.362 9
      vertex 49.8329 44.0241 9
      vertex 44.5729 46.7634 9
    endloop
  endfacet
  facet normal 0 0 1
    outer loop
      vertex 44.327 46.362 9
      vertex 44.167 44.0241 9
      vertex 49.8329 44.0241 9
    endloop
  endfacet
  facet normal -0 0 1
    outer loop
      vertex 44.1468 45.927 9
      vertex 44.167 44.0241 9
      vertex 44.327 46.362 9
    endloop
  endfacet
  facet normal -0 0 1
    outer loop
      vertex 44.0369 45.4693 9
      vertex 44.167 44.0241 9
      vertex 44.1468 45.927 9
    endloop
  endfacet
  facet normal -0 0 1
    outer loop
      vertex 44.0369 44.5307 9
      vertex 44.167 44.0241 9
      vertex 44.0369 45.4693 9
    endloop
  endfacet
  facet normal 0 0 1
    outer loop
      vertex 44.167 44.0241 9
      vertex 44.0369 44.5307 9
      vertex 44.1468 44.0729 9
    endloop
  endfacet
  facet normal 0 -0 1
    outer loop
      vertex 44.0369 44.5307 9
      vertex 44.0369 45.4693 9
      vertex 44 45 9
    endloop
  endfacet
  facet normal 0.330319 -0.943869 0
    outer loop
      vertex 31.4092 6.50494 -7.62939e-07
      vertex 31.6734 6.5974 0
      vertex 31.4092 6.50494 0
    endloop
  endfacet
  facet normal 0.330319 -0.943869 0
    outer loop
      vertex 31.6734 6.5974 0
      vertex 31.4092 6.50494 -7.62939e-07
      vertex 31.6734 6.5974 -7.62939e-07
    endloop
  endfacet
  facet normal 0.53204 -0.846719 0
    outer loop
      vertex 31.6734 6.5974 -7.62939e-07
      vertex 31.9104 6.74632 0
      vertex 31.6734 6.5974 0
    endloop
  endfacet
  facet normal 0.53204 -0.846719 0
    outer loop
      vertex 31.9104 6.74632 0
      vertex 31.6734 6.5974 -7.62939e-07
      vertex 31.9104 6.74632 -7.62939e-07
    endloop
  endfacet
  facet normal 0.707003 -0.70721 0
    outer loop
      vertex 32.0742 6.91005 0.157572
      vertex 32.1084 6.94424 -7.62939e-07
      vertex 32.1084 6.94424 0.193256
    endloop
  endfacet
  facet normal 0.70705 -0.707164 2.00161e-05
    outer loop
      vertex 31.9232 6.75907 0
      vertex 32.1084 6.94424 -7.62939e-07
      vertex 32.0742 6.91005 0.157572
    endloop
  endfacet
  facet normal 0.705722 -0.708489 0
    outer loop
      vertex 31.9104 6.74632 -7.62939e-07
      vertex 31.9232 6.75907 0
      vertex 31.9104 6.74632 0
    endloop
  endfacet
  facet normal 0.0170073 -0.0170142 -0.999711
    outer loop
      vertex 31.9232 6.75907 0
      vertex 31.9104 6.74632 -7.62939e-07
      vertex 32.1084 6.94424 -7.62939e-07
    endloop
  endfacet
  facet normal 0.846772 -0.531956 0
    outer loop
      vertex 32.1084 6.94424 0.193256
      vertex 32.2573 7.18126 -7.62939e-07
      vertex 32.2573 7.18126 0.35253
    endloop
  endfacet
  facet normal 0.846772 -0.531956 0
    outer loop
      vertex 32.2573 7.18126 -7.62939e-07
      vertex 32.1084 6.94424 0.193256
      vertex 32.1084 6.94424 -7.62939e-07
    endloop
  endfacet
  facet normal 0.94394 -0.330116 0
    outer loop
      vertex 32.2573 7.18126 0.35253
      vertex 32.3497 7.44547 -7.62939e-07
      vertex 32.3497 7.44547 0.456503
    endloop
  endfacet
  facet normal 0.94394 -0.330116 0
    outer loop
      vertex 32.3497 7.44547 -7.62939e-07
      vertex 32.2573 7.18126 0.35253
      vertex 32.2573 7.18126 -7.62939e-07
    endloop
  endfacet
  facet normal 0.993687 -0.112184 0
    outer loop
      vertex 32.3497 7.44547 0.456503
      vertex 32.3811 7.7236 -7.62939e-07
      vertex 32.3811 7.7236 0.499988
    endloop
  endfacet
  facet normal 0.993687 -0.112184 0
    outer loop
      vertex 32.3811 7.7236 -7.62939e-07
      vertex 32.3497 7.44547 0.456503
      vertex 32.3497 7.44547 -7.62939e-07
    endloop
  endfacet
  facet normal 0.996108 0.0881455 -0
    outer loop
      vertex 32.3715 7.83214 0.5
      vertex 32.3435 8.14856 9
      vertex 32.3715 7.83214 9
    endloop
  endfacet
  facet normal 0.996108 0.0881455 0
    outer loop
      vertex 32.3435 8.14856 9
      vertex 32.3715 7.83214 0.5
      vertex 32.3435 8.14856 -7.62939e-07
    endloop
  endfacet
  facet normal 0.996108 0.0881455 -0
    outer loop
      vertex 32.3715 7.83214 0.49514
      vertex 32.3435 8.14856 -7.62939e-07
      vertex 32.3715 7.83214 0.5
    endloop
  endfacet
  facet normal 0.996111 0.0881027 -0
    outer loop
      vertex 32.3811 7.7236 -7.62939e-07
      vertex 32.3715 7.83214 0.49514
      vertex 32.3811 7.7236 0.499988
    endloop
  endfacet
  facet normal 0.996109 0.0881346 -7.04422e-06
    outer loop
      vertex 32.3715 7.83214 0.49514
      vertex 32.3811 7.7236 -7.62939e-07
      vertex 32.3435 8.14856 -7.62939e-07
    endloop
  endfacet
  facet normal 0.996476 0.0838769 0
    outer loop
      vertex 32.3435 8.14856 9
      vertex 32.2904 8.7794 -7.62939e-07
      vertex 32.2904 8.7794 9
    endloop
  endfacet
  facet normal 0.996476 0.0838769 0
    outer loop
      vertex 32.2904 8.7794 -7.62939e-07
      vertex 32.3435 8.14856 9
      vertex 32.3435 8.14856 -7.62939e-07
    endloop
  endfacet
  facet normal 0.997165 0.0752435 0
    outer loop
      vertex 32.2904 8.7794 9
      vertex 32.2325 9.54672 -7.62939e-07
      vertex 32.2325 9.54672 9
    endloop
  endfacet
  facet normal 0.997165 0.0752435 0
    outer loop
      vertex 32.2325 9.54672 -7.62939e-07
      vertex 32.2904 8.7794 9
      vertex 32.2904 8.7794 -7.62939e-07
    endloop
  endfacet
  facet normal 0.998071 0.0620819 0
    outer loop
      vertex 32.2325 9.54672 9
      vertex 32.1806 10.3811 -7.62939e-07
      vertex 32.1806 10.3811 9
    endloop
  endfacet
  facet normal 0.998071 0.0620819 0
    outer loop
      vertex 32.1806 10.3811 -7.62939e-07
      vertex 32.2325 9.54672 9
      vertex 32.2325 9.54672 -7.62939e-07
    endloop
  endfacet
  facet normal 0.999121 0.0419153 0
    outer loop
      vertex 32.1806 10.3811 9
      vertex 32.1457 11.213 -7.62939e-07
      vertex 32.1457 11.213 9
    endloop
  endfacet
  facet normal 0.999121 0.0419153 0
    outer loop
      vertex 32.1457 11.213 -7.62939e-07
      vertex 32.1806 10.3811 9
      vertex 32.1806 10.3811 -7.62939e-07
    endloop
  endfacet
  facet normal 0.999953 0.0097351 0
    outer loop
      vertex 32.1457 11.213 9
      vertex 32.1383 11.9731 -7.62939e-07
      vertex 32.1383 11.9731 9
    endloop
  endfacet
  facet normal 0.999953 0.0097351 0
    outer loop
      vertex 32.1383 11.9731 -7.62939e-07
      vertex 32.1457 11.213 9
      vertex 32.1457 11.213 -7.62939e-07
    endloop
  endfacet
  facet normal 0.998734 -0.0503069 0
    outer loop
      vertex 32.1383 11.9731 9
      vertex 32.1614 12.4317 -7.62939e-07
      vertex 32.1614 12.4317 9
    endloop
  endfacet
  facet normal 0.998734 -0.0503069 0
    outer loop
      vertex 32.1614 12.4317 -7.62939e-07
      vertex 32.1383 11.9731 9
      vertex 32.1383 11.9731 -7.62939e-07
    endloop
  endfacet
  facet normal 0.981098 -0.19351 0
    outer loop
      vertex 32.1614 12.4317 9
      vertex 32.2014 12.6345 -7.62939e-07
      vertex 32.2014 12.6345 9
    endloop
  endfacet
  facet normal 0.981098 -0.19351 0
    outer loop
      vertex 32.2014 12.6345 -7.62939e-07
      vertex 32.1614 12.4317 9
      vertex 32.1614 12.4317 -7.62939e-07
    endloop
  endfacet
  facet normal 0.92019 -0.391473 0
    outer loop
      vertex 32.2014 12.6345 9
      vertex 32.8429 14.1424 -7.62939e-07
      vertex 32.8429 14.1424 9
    endloop
  endfacet
  facet normal 0.92019 -0.391473 0
    outer loop
      vertex 32.8429 14.1424 -7.62939e-07
      vertex 32.2014 12.6345 9
      vertex 32.2014 12.6345 -7.62939e-07
    endloop
  endfacet
  facet normal 0.900064 -0.435758 0
    outer loop
      vertex 32.8429 14.1424 9
      vertex 33.716 15.9458 -7.62939e-07
      vertex 33.716 15.9458 9
    endloop
  endfacet
  facet normal 0.900064 -0.435758 0
    outer loop
      vertex 33.716 15.9458 -7.62939e-07
      vertex 32.8429 14.1424 9
      vertex 32.8429 14.1424 -7.62939e-07
    endloop
  endfacet
  facet normal 0.884668 -0.466221 0
    outer loop
      vertex 33.716 15.9458 9
      vertex 34.7202 17.8513 -7.62939e-07
      vertex 34.7202 17.8513 9
    endloop
  endfacet
  facet normal 0.884668 -0.466221 0
    outer loop
      vertex 34.7202 17.8513 -7.62939e-07
      vertex 33.716 15.9458 9
      vertex 33.716 15.9458 -7.62939e-07
    endloop
  endfacet
  facet normal 0.873501 -0.486823 0
    outer loop
      vertex 34.7202 17.8513 9
      vertex 35.83 19.8426 -7.62939e-07
      vertex 35.83 19.8426 9
    endloop
  endfacet
  facet normal 0.873501 -0.486823 0
    outer loop
      vertex 35.83 19.8426 -7.62939e-07
      vertex 34.7202 17.8513 9
      vertex 34.7202 17.8513 -7.62939e-07
    endloop
  endfacet
  facet normal 0.865997 -0.500049 0
    outer loop
      vertex 35.83 19.8426 9
      vertex 37.0199 21.9033 -7.62939e-07
      vertex 37.0199 21.9033 9
    endloop
  endfacet
  facet normal 0.865997 -0.500049 0
    outer loop
      vertex 37.0199 21.9033 -7.62939e-07
      vertex 35.83 19.8426 9
      vertex 35.83 19.8426 -7.62939e-07
    endloop
  endfacet
  facet normal 0.861712 -0.507398 0
    outer loop
      vertex 37.0199 21.9033 9
      vertex 38.2645 24.017 -7.62939e-07
      vertex 38.2645 24.017 9
    endloop
  endfacet
  facet normal 0.861712 -0.507398 0
    outer loop
      vertex 38.2645 24.017 -7.62939e-07
      vertex 37.0199 21.9033 9
      vertex 37.0199 21.9033 -7.62939e-07
    endloop
  endfacet
  facet normal 0.860353 -0.509698 0
    outer loop
      vertex 38.2645 24.017 9
      vertex 39.5384 26.1673 -7.62939e-07
      vertex 39.5384 26.1673 9
    endloop
  endfacet
  facet normal 0.860353 -0.509698 0
    outer loop
      vertex 39.5384 26.1673 -7.62939e-07
      vertex 38.2645 24.017 9
      vertex 38.2645 24.017 -7.62939e-07
    endloop
  endfacet
  facet normal 0.861734 -0.50736 0
    outer loop
      vertex 39.5384 26.1673 9
      vertex 40.8162 28.3376 -7.62939e-07
      vertex 40.8162 28.3376 9
    endloop
  endfacet
  facet normal 0.861734 -0.50736 0
    outer loop
      vertex 40.8162 28.3376 -7.62939e-07
      vertex 39.5384 26.1673 9
      vertex 39.5384 26.1673 -7.62939e-07
    endloop
  endfacet
  facet normal 0.865866 -0.500276 0
    outer loop
      vertex 40.8162 28.3376 9
      vertex 42.0724 30.5118 -7.62939e-07
      vertex 42.0724 30.5118 9
    endloop
  endfacet
  facet normal 0.865866 -0.500276 0
    outer loop
      vertex 42.0724 30.5118 -7.62939e-07
      vertex 40.8162 28.3376 9
      vertex 40.8162 28.3376 -7.62939e-07
    endloop
  endfacet
  facet normal 0.872702 -0.488253 0
    outer loop
      vertex 42.0724 30.5118 9
      vertex 43.2817 32.6733 -7.62939e-07
      vertex 43.2817 32.6733 9
    endloop
  endfacet
  facet normal 0.872702 -0.488253 0
    outer loop
      vertex 43.2817 32.6733 -7.62939e-07
      vertex 42.0724 30.5118 9
      vertex 42.0724 30.5118 -7.62939e-07
    endloop
  endfacet
  facet normal 0.882435 -0.470434 0
    outer loop
      vertex 43.2817 32.6733 9
      vertex 44.4185 34.8057 -7.62939e-07
      vertex 44.4185 34.8057 9
    endloop
  endfacet
  facet normal 0.882435 -0.470434 0
    outer loop
      vertex 44.4185 34.8057 -7.62939e-07
      vertex 43.2817 32.6733 9
      vertex 43.2817 32.6733 -7.62939e-07
    endloop
  endfacet
  facet normal 0.89519 -0.445685 0
    outer loop
      vertex 44.4185 34.8057 9
      vertex 45.0251 36.0241 -7.62939e-07
      vertex 45.0251 36.0241 9
    endloop
  endfacet
  facet normal 0.89519 -0.445685 0
    outer loop
      vertex 45.0251 36.0241 -7.62939e-07
      vertex 44.4185 34.8057 9
      vertex 44.4185 34.8057 -7.62939e-07
    endloop
  endfacet
  facet normal 0.923301 -0.384078 0
    outer loop
      vertex 49.8329 44.0241 9
      vertex 49.8532 44.0729 6
      vertex 49.8532 44.0729 9
    endloop
  endfacet
  facet normal 0.923301 -0.384078 0
    outer loop
      vertex 49.8532 44.0729 6
      vertex 49.8329 44.0241 9
      vertex 49.8329 44.0241 6
    endloop
  endfacet
  facet normal 0.972374 -0.233429 0
    outer loop
      vertex 49.8532 44.0729 9
      vertex 49.9631 44.5307 6
      vertex 49.9631 44.5307 9
    endloop
  endfacet
  facet normal 0.972374 -0.233429 0
    outer loop
      vertex 49.9631 44.5307 6
      vertex 49.8532 44.0729 9
      vertex 49.8532 44.0729 6
    endloop
  endfacet
  facet normal 0.996923 -0.0783858 0
    outer loop
      vertex 49.9631 44.5307 9
      vertex 50 45 6
      vertex 50 45 9
    endloop
  endfacet
  facet normal 0.996923 -0.0783858 0
    outer loop
      vertex 50 45 6
      vertex 49.9631 44.5307 9
      vertex 49.9631 44.5307 6
    endloop
  endfacet
  facet normal 0.996923 0.0783858 0
    outer loop
      vertex 50 45 9
      vertex 49.9631 45.4693 6
      vertex 49.9631 45.4693 9
    endloop
  endfacet
  facet normal 0.996923 0.0783858 0
    outer loop
      vertex 49.9631 45.4693 6
      vertex 50 45 9
      vertex 50 45 6
    endloop
  endfacet
  facet normal 0.972362 0.233477 0
    outer loop
      vertex 49.9631 45.4693 9
      vertex 49.8532 45.927 6
      vertex 49.8532 45.927 9
    endloop
  endfacet
  facet normal 0.972362 0.233477 0
    outer loop
      vertex 49.8532 45.927 6
      vertex 49.9631 45.4693 9
      vertex 49.9631 45.4693 6
    endloop
  endfacet
  facet normal 0.923867 0.382714 0
    outer loop
      vertex 49.8532 45.927 9
      vertex 49.673 46.362 6
      vertex 49.673 46.362 9
    endloop
  endfacet
  facet normal 0.923867 0.382714 0
    outer loop
      vertex 49.673 46.362 6
      vertex 49.8532 45.927 9
      vertex 49.8532 45.927 6
    endloop
  endfacet
  facet normal 0.85262 0.522532 0
    outer loop
      vertex 49.673 46.362 9
      vertex 49.427 46.7634 6
      vertex 49.427 46.7634 9
    endloop
  endfacet
  facet normal 0.85262 0.522532 0
    outer loop
      vertex 49.427 46.7634 6
      vertex 49.673 46.362 9
      vertex 49.673 46.362 6
    endloop
  endfacet
  facet normal 0.76038 0.649478 0
    outer loop
      vertex 49.427 46.7634 9
      vertex 49.1213 47.1213 6
      vertex 49.1213 47.1213 9
    endloop
  endfacet
  facet normal 0.76038 0.649478 0
    outer loop
      vertex 49.1213 47.1213 6
      vertex 49.427 46.7634 9
      vertex 49.427 46.7634 6
    endloop
  endfacet
  facet normal 0.649478 0.76038 -0
    outer loop
      vertex 49.1213 47.1213 6
      vertex 48.7634 47.427 9
      vertex 49.1213 47.1213 9
    endloop
  endfacet
  facet normal 0.649478 0.76038 0
    outer loop
      vertex 48.7634 47.427 9
      vertex 49.1213 47.1213 6
      vertex 48.7634 47.427 6
    endloop
  endfacet
  facet normal 0.522532 0.85262 -0
    outer loop
      vertex 48.7634 47.427 6
      vertex 48.362 47.673 9
      vertex 48.7634 47.427 9
    endloop
  endfacet
  facet normal 0.522532 0.85262 0
    outer loop
      vertex 48.362 47.673 9
      vertex 48.7634 47.427 6
      vertex 48.362 47.673 6
    endloop
  endfacet
  facet normal 0.382714 0.923867 -0
    outer loop
      vertex 48.362 47.673 6
      vertex 47.927 47.8532 9
      vertex 48.362 47.673 9
    endloop
  endfacet
  facet normal 0.382714 0.923867 0
    outer loop
      vertex 47.927 47.8532 9
      vertex 48.362 47.673 6
      vertex 47.927 47.8532 6
    endloop
  endfacet
  facet normal 0.233477 0.972362 -0
    outer loop
      vertex 47.927 47.8532 6
      vertex 47.4693 47.9631 9
      vertex 47.927 47.8532 9
    endloop
  endfacet
  facet normal 0.233477 0.972362 0
    outer loop
      vertex 47.4693 47.9631 9
      vertex 47.927 47.8532 6
      vertex 47.4693 47.9631 6
    endloop
  endfacet
  facet normal 0.0783858 0.996923 -0
    outer loop
      vertex 47.4693 47.9631 6
      vertex 47 48 9
      vertex 47.4693 47.9631 9
    endloop
  endfacet
  facet normal 0.0783858 0.996923 0
    outer loop
      vertex 47 48 9
      vertex 47.4693 47.9631 6
      vertex 47 48 6
    endloop
  endfacet
  facet normal -0.0783858 0.996923 0
    outer loop
      vertex 47 48 6
      vertex 46.5307 47.9631 9
      vertex 47 48 9
    endloop
  endfacet
  facet normal -0.0783858 0.996923 0
    outer loop
      vertex 46.5307 47.9631 9
      vertex 47 48 6
      vertex 46.5307 47.9631 6
    endloop
  endfacet
  facet normal -0.233429 0.972374 0
    outer loop
      vertex 46.5307 47.9631 6
      vertex 46.0729 47.8532 9
      vertex 46.5307 47.9631 9
    endloop
  endfacet
  facet normal -0.233429 0.972374 0
    outer loop
      vertex 46.0729 47.8532 9
      vertex 46.5307 47.9631 6
      vertex 46.0729 47.8532 6
    endloop
  endfacet
  facet normal -0.382725 0.923862 0
    outer loop
      vertex 46 47.823 6
      vertex 46.0729 47.8532 9
      vertex 46.0729 47.8532 6
    endloop
  endfacet
  facet normal -0.38279 0.923836 1.84102e-06
    outer loop
      vertex 46.0729 47.8532 9
      vertex 46 47.823 6
      vertex 45.638 47.673 9
    endloop
  endfacet
  facet normal -0.382803 0.92383 0
    outer loop
      vertex 45.638 47.673 -7.62939e-07
      vertex 46 47.823 6
      vertex 46 47.823 -7.62939e-07
    endloop
  endfacet
  facet normal -0.382803 0.92383 0
    outer loop
      vertex 46 47.823 6
      vertex 45.638 47.673 -7.62939e-07
      vertex 45.638 47.673 9
    endloop
  endfacet
  facet normal -0.522532 0.85262 0
    outer loop
      vertex 45.638 47.673 -7.62939e-07
      vertex 45.2366 47.427 9
      vertex 45.638 47.673 9
    endloop
  endfacet
  facet normal -0.522532 0.85262 0
    outer loop
      vertex 45.2366 47.427 9
      vertex 45.638 47.673 -7.62939e-07
      vertex 45.2366 47.427 -7.62939e-07
    endloop
  endfacet
  facet normal -0.649478 0.76038 0
    outer loop
      vertex 45.2366 47.427 -7.62939e-07
      vertex 44.8787 47.1213 9
      vertex 45.2366 47.427 9
    endloop
  endfacet
  facet normal -0.649478 0.76038 0
    outer loop
      vertex 44.8787 47.1213 9
      vertex 45.2366 47.427 -7.62939e-07
      vertex 44.8787 47.1213 -7.62939e-07
    endloop
  endfacet
  facet normal -0.760275 0.649601 0
    outer loop
      vertex 44.5729 46.7634 -7.62939e-07
      vertex 44.8787 47.1213 9
      vertex 44.8787 47.1213 -7.62939e-07
    endloop
  endfacet
  facet normal -0.760275 0.649601 0
    outer loop
      vertex 44.8787 47.1213 9
      vertex 44.5729 46.7634 -7.62939e-07
      vertex 44.5729 46.7634 9
    endloop
  endfacet
  facet normal -0.852714 0.522378 0
    outer loop
      vertex 44.327 46.362 -7.62939e-07
      vertex 44.5729 46.7634 9
      vertex 44.5729 46.7634 -7.62939e-07
    endloop
  endfacet
  facet normal -0.852714 0.522378 0
    outer loop
      vertex 44.5729 46.7634 9
      vertex 44.327 46.362 -7.62939e-07
      vertex 44.327 46.362 9
    endloop
  endfacet
  facet normal -0.923867 0.382714 0
    outer loop
      vertex 44.1468 45.927 -7.62939e-07
      vertex 44.327 46.362 9
      vertex 44.327 46.362 -7.62939e-07
    endloop
  endfacet
  facet normal -0.923867 0.382714 0
    outer loop
      vertex 44.327 46.362 9
      vertex 44.1468 45.927 -7.62939e-07
      vertex 44.1468 45.927 9
    endloop
  endfacet
  facet normal -0.972362 0.233477 0
    outer loop
      vertex 44.0369 45.4693 -7.62939e-07
      vertex 44.1468 45.927 9
      vertex 44.1468 45.927 -7.62939e-07
    endloop
  endfacet
  facet normal -0.972362 0.233477 0
    outer loop
      vertex 44.1468 45.927 9
      vertex 44.0369 45.4693 -7.62939e-07
      vertex 44.0369 45.4693 9
    endloop
  endfacet
  facet normal -0.996923 0.0783858 0
    outer loop
      vertex 44 45 -7.62939e-07
      vertex 44.0369 45.4693 9
      vertex 44.0369 45.4693 -7.62939e-07
    endloop
  endfacet
  facet normal -0.996923 0.0783858 0
    outer loop
      vertex 44.0369 45.4693 9
      vertex 44 45 -7.62939e-07
      vertex 44 45 9
    endloop
  endfacet
  facet normal -0.996923 -0.0783858 0
    outer loop
      vertex 44.0369 44.5307 -7.62939e-07
      vertex 44 45 9
      vertex 44 45 -7.62939e-07
    endloop
  endfacet
  facet normal -0.996923 -0.0783858 0
    outer loop
      vertex 44 45 9
      vertex 44.0369 44.5307 -7.62939e-07
      vertex 44.0369 44.5307 9
    endloop
  endfacet
  facet normal -0.972374 -0.233429 0
    outer loop
      vertex 44.1468 44.0729 -7.62939e-07
      vertex 44.0369 44.5307 9
      vertex 44.0369 44.5307 -7.62939e-07
    endloop
  endfacet
  facet normal -0.972374 -0.233429 0
    outer loop
      vertex 44.0369 44.5307 9
      vertex 44.1468 44.0729 -7.62939e-07
      vertex 44.1468 44.0729 9
    endloop
  endfacet
  facet normal -0.923971 -0.382463 0
    outer loop
      vertex 44.167 44.0241 -7.62939e-07
      vertex 44.1468 44.0729 9
      vertex 44.1468 44.0729 -7.62939e-07
    endloop
  endfacet
  facet normal -0.923971 -0.382463 0
    outer loop
      vertex 44.1468 44.0729 9
      vertex 44.167 44.0241 -7.62939e-07
      vertex 44.167 44.0241 9
    endloop
  endfacet
  facet normal -0.911181 0.412006 0
    outer loop
      vertex 43.205 37.9773 -7.62939e-07
      vertex 44 39.7355 9
      vertex 44 39.7355 -7.62939e-07
    endloop
  endfacet
  facet normal -0.911181 0.412006 0
    outer loop
      vertex 44 39.7355 9
      vertex 43.205 37.9773 -7.62939e-07
      vertex 43.205 37.9773 9
    endloop
  endfacet
  facet normal -0.895207 0.445651 0
    outer loop
      vertex 42.1661 35.8904 -7.62939e-07
      vertex 43.205 37.9773 9
      vertex 43.205 37.9773 -7.62939e-07
    endloop
  endfacet
  facet normal -0.895207 0.445651 0
    outer loop
      vertex 43.205 37.9773 9
      vertex 42.1661 35.8904 -7.62939e-07
      vertex 42.1661 35.8904 9
    endloop
  endfacet
  facet normal -0.882435 0.470434 0
    outer loop
      vertex 41.0293 33.758 -7.62939e-07
      vertex 42.1661 35.8904 9
      vertex 42.1661 35.8904 -7.62939e-07
    endloop
  endfacet
  facet normal -0.882435 0.470434 0
    outer loop
      vertex 42.1661 35.8904 9
      vertex 41.0293 33.758 -7.62939e-07
      vertex 41.0293 33.758 9
    endloop
  endfacet
  facet normal -0.872702 0.488253 0
    outer loop
      vertex 39.82 31.5965 -7.62939e-07
      vertex 41.0293 33.758 9
      vertex 41.0293 33.758 -7.62939e-07
    endloop
  endfacet
  facet normal -0.872702 0.488253 0
    outer loop
      vertex 41.0293 33.758 9
      vertex 39.82 31.5965 -7.62939e-07
      vertex 39.82 31.5965 9
    endloop
  endfacet
  facet normal -0.865866 0.500276 0
    outer loop
      vertex 38.5638 29.4223 -7.62939e-07
      vertex 39.82 31.5965 9
      vertex 39.82 31.5965 -7.62939e-07
    endloop
  endfacet
  facet normal -0.865866 0.500276 0
    outer loop
      vertex 39.82 31.5965 9
      vertex 38.5638 29.4223 -7.62939e-07
      vertex 38.5638 29.4223 9
    endloop
  endfacet
  facet normal -0.861734 0.50736 0
    outer loop
      vertex 37.286 27.252 -7.62939e-07
      vertex 38.5638 29.4223 9
      vertex 38.5638 29.4223 -7.62939e-07
    endloop
  endfacet
  facet normal -0.861734 0.50736 0
    outer loop
      vertex 38.5638 29.4223 9
      vertex 37.286 27.252 -7.62939e-07
      vertex 37.286 27.252 9
    endloop
  endfacet
  facet normal -0.860353 0.509698 0
    outer loop
      vertex 36.0121 25.1017 -7.62939e-07
      vertex 37.286 27.252 9
      vertex 37.286 27.252 -7.62939e-07
    endloop
  endfacet
  facet normal -0.860353 0.509698 0
    outer loop
      vertex 37.286 27.252 9
      vertex 36.0121 25.1017 -7.62939e-07
      vertex 36.0121 25.1017 9
    endloop
  endfacet
  facet normal -0.861684 0.507446 0
    outer loop
      vertex 34.7674 22.9881 -7.62939e-07
      vertex 36.0121 25.1017 9
      vertex 36.0121 25.1017 -7.62939e-07
    endloop
  endfacet
  facet normal -0.861684 0.507446 0
    outer loop
      vertex 36.0121 25.1017 9
      vertex 34.7674 22.9881 -7.62939e-07
      vertex 34.7674 22.9881 9
    endloop
  endfacet
  facet normal -0.865997 0.500049 0
    outer loop
      vertex 33.5775 20.9274 -7.62939e-07
      vertex 34.7674 22.9881 9
      vertex 34.7674 22.9881 -7.62939e-07
    endloop
  endfacet
  facet normal -0.865997 0.500049 0
    outer loop
      vertex 34.7674 22.9881 9
      vertex 33.5775 20.9274 -7.62939e-07
      vertex 33.5775 20.9274 9
    endloop
  endfacet
  facet normal -0.87353 0.486771 0
    outer loop
      vertex 32.4678 18.936 -7.62939e-07
      vertex 33.5775 20.9274 9
      vertex 33.5775 20.9274 -7.62939e-07
    endloop
  endfacet
  facet normal -0.87353 0.486771 0
    outer loop
      vertex 33.5775 20.9274 9
      vertex 32.4678 18.936 -7.62939e-07
      vertex 32.4678 18.936 9
    endloop
  endfacet
  facet normal -0.884668 0.466221 0
    outer loop
      vertex 31.4636 17.0305 -7.62939e-07
      vertex 32.4678 18.936 9
      vertex 32.4678 18.936 -7.62939e-07
    endloop
  endfacet
  facet normal -0.884668 0.466221 0
    outer loop
      vertex 32.4678 18.936 9
      vertex 31.4636 17.0305 -7.62939e-07
      vertex 31.4636 17.0305 9
    endloop
  endfacet
  facet normal -0.900064 0.435758 0
    outer loop
      vertex 30.5905 15.2271 -7.62939e-07
      vertex 31.4636 17.0305 9
      vertex 31.4636 17.0305 -7.62939e-07
    endloop
  endfacet
  facet normal -0.900064 0.435758 0
    outer loop
      vertex 31.4636 17.0305 9
      vertex 30.5905 15.2271 -7.62939e-07
      vertex 30.5905 15.2271 9
    endloop
  endfacet
  facet normal -0.920201 0.391446 0
    outer loop
      vertex 29.8738 13.5423 -7.62939e-07
      vertex 30.5905 15.2271 9
      vertex 30.5905 15.2271 -7.62939e-07
    endloop
  endfacet
  facet normal -0.920201 0.391446 0
    outer loop
      vertex 30.5905 15.2271 9
      vertex 29.8738 13.5423 -7.62939e-07
      vertex 29.8738 13.5423 9
    endloop
  endfacet
  facet normal -0.943825 0.330446 0
    outer loop
      vertex 29.7813 13.2781 -7.62939e-07
      vertex 29.8738 13.5423 9
      vertex 29.8738 13.5423 -7.62939e-07
    endloop
  endfacet
  facet normal -0.943825 0.330446 0
    outer loop
      vertex 29.8738 13.5423 9
      vertex 29.7813 13.2781 -7.62939e-07
      vertex 29.7813 13.2781 9
    endloop
  endfacet
  facet normal -0.981141 0.193295 0
    outer loop
      vertex 29.7009 12.87 -7.62939e-07
      vertex 29.7813 13.2781 9
      vertex 29.7813 13.2781 -7.62939e-07
    endloop
  endfacet
  facet normal -0.981141 0.193295 0
    outer loop
      vertex 29.7813 13.2781 9
      vertex 29.7009 12.87 -7.62939e-07
      vertex 29.7009 12.87 9
    endloop
  endfacet
  facet normal -0.993686 0.112196 0
    outer loop
      vertex 29.6695 12.5919 -7.62939e-07
      vertex 29.7009 12.87 9
      vertex 29.7009 12.87 -7.62939e-07
    endloop
  endfacet
  facet normal -0.993686 0.112196 0
    outer loop
      vertex 29.7009 12.87 9
      vertex 29.6695 12.5919 -7.62939e-07
      vertex 29.6695 12.5919 9
    endloop
  endfacet
  facet normal -0.998731 0.0503562 0
    outer loop
      vertex 29.6383 11.9731 -7.62939e-07
      vertex 29.6695 12.5919 9
      vertex 29.6695 12.5919 -7.62939e-07
    endloop
  endfacet
  facet normal -0.998731 0.0503562 0
    outer loop
      vertex 29.6695 12.5919 9
      vertex 29.6383 11.9731 -7.62939e-07
      vertex 29.6383 11.9731 9
    endloop
  endfacet
  facet normal -0.999953 -0.0097351 0
    outer loop
      vertex 29.6457 11.213 -7.62939e-07
      vertex 29.6383 11.9731 9
      vertex 29.6383 11.9731 -7.62939e-07
    endloop
  endfacet
  facet normal -0.999953 -0.0097351 0
    outer loop
      vertex 29.6383 11.9731 9
      vertex 29.6457 11.213 -7.62939e-07
      vertex 29.6457 11.213 9
    endloop
  endfacet
  facet normal -0.999121 -0.0419153 0
    outer loop
      vertex 29.6806 10.3811 -7.62939e-07
      vertex 29.6457 11.213 9
      vertex 29.6457 11.213 -7.62939e-07
    endloop
  endfacet
  facet normal -0.999121 -0.0419153 0
    outer loop
      vertex 29.6457 11.213 9
      vertex 29.6806 10.3811 -7.62939e-07
      vertex 29.6806 10.3811 9
    endloop
  endfacet
  facet normal -0.998071 -0.0620819 0
    outer loop
      vertex 29.7325 9.54672 -7.62939e-07
      vertex 29.6806 10.3811 9
      vertex 29.6806 10.3811 -7.62939e-07
    endloop
  endfacet
  facet normal -0.998071 -0.0620819 0
    outer loop
      vertex 29.6806 10.3811 9
      vertex 29.7325 9.54672 -7.62939e-07
      vertex 29.7325 9.54672 9
    endloop
  endfacet
  facet normal -0.997165 -0.0752435 0
    outer loop
      vertex 29.7904 8.7794 -7.62939e-07
      vertex 29.7325 9.54672 9
      vertex 29.7325 9.54672 -7.62939e-07
    endloop
  endfacet
  facet normal -0.997165 -0.0752435 0
    outer loop
      vertex 29.7325 9.54672 9
      vertex 29.7904 8.7794 -7.62939e-07
      vertex 29.7904 8.7794 9
    endloop
  endfacet
  facet normal -0.996476 -0.0838769 0
    outer loop
      vertex 29.8435 8.14856 -7.62939e-07
      vertex 29.7904 8.7794 9
      vertex 29.7904 8.7794 -7.62939e-07
    endloop
  endfacet
  facet normal -0.996476 -0.0838769 0
    outer loop
      vertex 29.7904 8.7794 9
      vertex 29.8435 8.14856 -7.62939e-07
      vertex 29.8435 8.14856 9
    endloop
  endfacet
  facet normal -0.996109 -0.0881346 0
    outer loop
      vertex 29.8811 7.7236 -7.62939e-07
      vertex 29.8435 8.14856 9
      vertex 29.8435 8.14856 -7.62939e-07
    endloop
  endfacet
  facet normal -0.996109 -0.0881346 0
    outer loop
      vertex 29.8435 8.14856 9
      vertex 29.8811 7.7236 -7.62939e-07
      vertex 29.8811 7.7236 9
    endloop
  endfacet
  facet normal -0.993712 -0.111962 -0
    outer loop
      vertex 29.8933 7.61532 0.498134
      vertex 29.8811 7.7236 -7.62939e-07
      vertex 29.8933 7.61532 0.492538
    endloop
  endfacet
  facet normal -0.993703 -0.112046 -1.86955e-05
    outer loop
      vertex 29.8811 7.7236 -7.62939e-07
      vertex 29.9003 7.55324 0.488253
      vertex 29.8933 7.61532 0.492538
    endloop
  endfacet
  facet normal -0.993727 -0.111831 5.72828e-05
    outer loop
      vertex 29.9124 7.44547 -7.62939e-07
      vertex 29.9003 7.55324 0.488253
      vertex 29.8811 7.7236 -7.62939e-07
    endloop
  endfacet
  facet normal -0.993756 -0.111575 0
    outer loop
      vertex 29.9003 7.55324 0.488253
      vertex 29.9124 7.44547 -7.62939e-07
      vertex 29.9124 7.44547 0.480814
    endloop
  endfacet
  facet normal -0.993712 -0.111962 -0
    outer loop
      vertex 29.8933 7.61532 0.5
      vertex 29.8811 7.7236 -7.62939e-07
      vertex 29.8933 7.61532 0.498134
    endloop
  endfacet
  facet normal -0.993712 -0.111962 0
    outer loop
      vertex 29.8811 7.7236 -7.62939e-07
      vertex 29.8933 7.61532 0.5
      vertex 29.8811 7.7236 9
    endloop
  endfacet
  facet normal -0.993712 -0.111962 0
    outer loop
      vertex 29.8811 7.7236 9
      vertex 29.8933 7.61532 0.5
      vertex 29.8933 7.61532 9
    endloop
  endfacet
  facet normal -0.943794 -0.330534 0
    outer loop
      vertex 29.9124 7.44547 -7.62939e-07
      vertex 29.9525 7.33097 0.445749
      vertex 29.9124 7.44547 0.480814
    endloop
  endfacet
  facet normal -0.943829 -0.330435 -0
    outer loop
      vertex 30.0049 7.18126 0.399896
      vertex 29.9124 7.44547 -7.62939e-07
      vertex 30.0049 7.18126 -7.62939e-07
    endloop
  endfacet
  facet normal -0.943851 -0.330372 4.68232e-05
    outer loop
      vertex 29.9124 7.44547 -7.62939e-07
      vertex 30.0049 7.18126 0.399896
      vertex 29.9525 7.33097 0.445749
    endloop
  endfacet
  facet normal -0.846772 -0.531956 -0
    outer loop
      vertex 30.1538 6.94424 0.261319
      vertex 30.0049 7.18126 -7.62939e-07
      vertex 30.1538 6.94424 -7.62939e-07
    endloop
  endfacet
  facet normal -0.846772 -0.531956 0
    outer loop
      vertex 30.0049 7.18126 -7.62939e-07
      vertex 30.1538 6.94424 0.261319
      vertex 30.0049 7.18126 0.399896
    endloop
  endfacet
  facet normal -0.707143 -0.707071 -0
    outer loop
      vertex 30.3517 6.74632 0.0720385
      vertex 30.1538 6.94424 -7.62939e-07
      vertex 30.3517 6.74632 -7.62939e-07
    endloop
  endfacet
  facet normal -0.707143 -0.707071 0
    outer loop
      vertex 30.1538 6.94424 -7.62939e-07
      vertex 30.3517 6.74632 0.0720385
      vertex 30.1538 6.94424 0.261319
    endloop
  endfacet
  facet normal -0.531867 -0.846828 0
    outer loop
      vertex 30.3517 6.74632 -7.62939e-07
      vertex 30.4258 6.69978 0
      vertex 30.3517 6.74632 0.0720385
    endloop
  endfacet
  facet normal -0.022739 -0.0361882 0.999086
    outer loop
      vertex 30.5887 6.5974 -7.62939e-07
      vertex 30.4258 6.69978 0
      vertex 30.3517 6.74632 -7.62939e-07
    endloop
  endfacet
  facet normal -0.532118 -0.84667 0
    outer loop
      vertex 30.4258 6.69978 0
      vertex 30.5887 6.5974 -7.62939e-07
      vertex 30.5887 6.5974 0
    endloop
  endfacet
  facet normal -0.330319 -0.943869 0
    outer loop
      vertex 30.5887 6.5974 -7.62939e-07
      vertex 30.8529 6.50494 0
      vertex 30.5887 6.5974 0
    endloop
  endfacet
  facet normal -0.330319 -0.943869 -0
    outer loop
      vertex 30.8529 6.50494 0
      vertex 30.5887 6.5974 -7.62939e-07
      vertex 30.8529 6.50494 -7.62939e-07
    endloop
  endfacet
  facet normal -0.111945 -0.993714 0
    outer loop
      vertex 30.8529 6.50494 -7.62939e-07
      vertex 31.1311 6.4736 0
      vertex 30.8529 6.50494 0
    endloop
  endfacet
  facet normal -0.111945 -0.993714 -0
    outer loop
      vertex 31.1311 6.4736 0
      vertex 30.8529 6.50494 -7.62939e-07
      vertex 31.1311 6.4736 -7.62939e-07
    endloop
  endfacet
  facet normal 0.111984 -0.99371 0
    outer loop
      vertex 31.1311 6.4736 -7.62939e-07
      vertex 31.4092 6.50494 0
      vertex 31.1311 6.4736 0
    endloop
  endfacet
  facet normal 0.111984 -0.99371 0
    outer loop
      vertex 31.4092 6.50494 0
      vertex 31.1311 6.4736 -7.62939e-07
      vertex 31.4092 6.50494 -7.62939e-07
    endloop
  endfacet
  facet normal -1 0 0
    outer loop
      vertex -3.5 -26.5 -7.62939e-07
      vertex -3.5 -26.7846 0
      vertex -3.5 -26.5 0
    endloop
  endfacet
  facet normal -1 0 0
    outer loop
      vertex -3.5 -31.5 -7.62939e-07
      vertex -3.5 -26.7846 0
      vertex -3.5 -26.5 -7.62939e-07
    endloop
  endfacet
  facet normal -1 0 0
    outer loop
      vertex -3.5 -31.5 -7.62939e-07
      vertex -3.5 -26.9101 0.12454
      vertex -3.5 -26.7846 0
    endloop
  endfacet
  facet normal -1 0 0
    outer loop
      vertex -3.5 -31.5 -7.62939e-07
      vertex -3.5 -27.2885 0.5
      vertex -3.5 -26.9101 0.12454
    endloop
  endfacet
  facet normal -1 0 0
    outer loop
      vertex -3.5 -31.5 10
      vertex -3.5 -27.2885 0.5
      vertex -3.5 -31.5 -7.62939e-07
    endloop
  endfacet
  facet normal -1 0 0
    outer loop
      vertex -3.5 -27.2885 0.5
      vertex -3.5 -31.5 10
      vertex -3.5 -27.2885 10
    endloop
  endfacet
  facet normal -0 0 1
    outer loop
      vertex 2.83256 -27.3763 10
      vertex 3.5 -31.5 10
      vertex 3.5 -27.2885 10
    endloop
  endfacet
  facet normal -0 0 1
    outer loop
      vertex 0 -27.5 10
      vertex 3.5 -31.5 10
      vertex 2.83256 -27.3763 10
    endloop
  endfacet
  facet normal 0 0 1
    outer loop
      vertex -3.5 -31.5 10
      vertex 0 -27.5 10
      vertex -2.83256 -27.3763 10
    endloop
  endfacet
  facet normal 0 0 1
    outer loop
      vertex -3.5 -31.5 10
      vertex -2.83256 -27.3763 10
      vertex -3.5 -27.2885 10
    endloop
  endfacet
  facet normal 0 0 1
    outer loop
      vertex 0 -27.5 10
      vertex -3.5 -31.5 10
      vertex 3.5 -31.5 10
    endloop
  endfacet
  facet normal 1 0 0
    outer loop
      vertex 3.5 -27.2885 10
      vertex 3.5 -31.5 10
      vertex 3.5 -27.2885 0.5
    endloop
  endfacet
  facet normal 1 -0 0
    outer loop
      vertex 3.5 -26.7846 0
      vertex 3.5 -26.5 -7.62939e-07
      vertex 3.5 -26.5 0
    endloop
  endfacet
  facet normal 1 0 0
    outer loop
      vertex 3.5 -26.7846 0
      vertex 3.5 -31.5 -7.62939e-07
      vertex 3.5 -26.5 -7.62939e-07
    endloop
  endfacet
  facet normal 1 0 0
    outer loop
      vertex 3.5 -27.165 0.377497
      vertex 3.5 -31.5 -7.62939e-07
      vertex 3.5 -26.7846 0
    endloop
  endfacet
  facet normal 1 0 0
    outer loop
      vertex 3.5 -27.2885 0.5
      vertex 3.5 -31.5 -7.62939e-07
      vertex 3.5 -27.165 0.377497
    endloop
  endfacet
  facet normal 1 0 0
    outer loop
      vertex 3.5 -31.5 -7.62939e-07
      vertex 3.5 -27.2885 0.5
      vertex 3.5 -31.5 10
    endloop
  endfacet
  facet normal 0 0 -1
    outer loop
      vertex -3.5 -31.5 -7.62939e-07
      vertex 3.5 -26.5 -7.62939e-07
      vertex 3.5 -31.5 -7.62939e-07
    endloop
  endfacet
  facet normal -0 0 -1
    outer loop
      vertex 3.5 -26.5 -7.62939e-07
      vertex -3.5 -31.5 -7.62939e-07
      vertex -3.5 -26.5 -7.62939e-07
    endloop
  endfacet
  facet normal 0 -1 0
    outer loop
      vertex -3.5 -31.5 -7.62939e-07
      vertex 3.5 -31.5 10
      vertex -3.5 -31.5 10
    endloop
  endfacet
  facet normal 0 -1 -0
    outer loop
      vertex 3.5 -31.5 10
      vertex -3.5 -31.5 -7.62939e-07
      vertex 3.5 -31.5 -7.62939e-07
    endloop
  endfacet
  facet normal 0 1 -0
    outer loop
      vertex 3.5 -26.5 -7.62939e-07
      vertex -3.5 -26.5 0
      vertex 3.5 -26.5 0
    endloop
  endfacet
  facet normal 0 1 0
    outer loop
      vertex -3.5 -26.5 0
      vertex 3.5 -26.5 -7.62939e-07
      vertex -3.5 -26.5 -7.62939e-07
    endloop
  endfacet
  facet normal 1 -0 0
    outer loop
      vertex -38 11 6
      vertex -38 23 -7.62939e-07
      vertex -38 23 6
    endloop
  endfacet
  facet normal 1 0 0
    outer loop
      vertex -38 23 -7.62939e-07
      vertex -38 11 6
      vertex -38 11 -7.62939e-07
    endloop
  endfacet
  facet normal 0 1 -0
    outer loop
      vertex -38 23 -7.62939e-07
      vertex -44 23 6
      vertex -38 23 6
    endloop
  endfacet
  facet normal 0 1 0
    outer loop
      vertex -44 23 6
      vertex -38 23 -7.62939e-07
      vertex -44 23 -7.62939e-07
    endloop
  endfacet
  facet normal 0 -1 0
    outer loop
      vertex -46 11 -7.62939e-07
      vertex -38 11 6
      vertex -46 11 6
    endloop
  endfacet
  facet normal 0 -1 -0
    outer loop
      vertex -38 11 6
      vertex -46 11 -7.62939e-07
      vertex -38 11 -7.62939e-07
    endloop
  endfacet
  facet normal 1 -0 0
    outer loop
      vertex -38 -44 6
      vertex -38 -32 -7.62939e-07
      vertex -38 -32 6
    endloop
  endfacet
  facet normal 1 0 0
    outer loop
      vertex -38 -32 -7.62939e-07
      vertex -38 -44 6
      vertex -38 -44 -7.62939e-07
    endloop
  endfacet
  facet normal 0 -1 0
    outer loop
      vertex -46 -44 -7.62939e-07
      vertex -38 -44 6
      vertex -46 -44 6
    endloop
  endfacet
  facet normal 0 -1 -0
    outer loop
      vertex -38 -44 6
      vertex -46 -44 -7.62939e-07
      vertex -38 -44 -7.62939e-07
    endloop
  endfacet
  facet normal 0 1 -0
    outer loop
      vertex -38 -32 -7.62939e-07
      vertex -46 -32 6
      vertex -38 -32 6
    endloop
  endfacet
  facet normal 0 1 0
    outer loop
      vertex -46 -32 6
      vertex -38 -32 -7.62939e-07
      vertex -46 -32 -7.62939e-07
    endloop
  endfacet
  facet normal -1 0 0
    outer loop
      vertex 38 11 -7.62939e-07
      vertex 38 23 6
      vertex 38 23 -7.62939e-07
    endloop
  endfacet
  facet normal -1 -0 0
    outer loop
      vertex 38 23 6
      vertex 38 11 -7.62939e-07
      vertex 38 11 6
    endloop
  endfacet
  facet normal 0 1 -0
    outer loop
      vertex 44 23 -7.62939e-07
      vertex 38 23 6
      vertex 44 23 6
    endloop
  endfacet
  facet normal 0 1 0
    outer loop
      vertex 38 23 6
      vertex 44 23 -7.62939e-07
      vertex 38 23 -7.62939e-07
    endloop
  endfacet
  facet normal 0 -1 0
    outer loop
      vertex 38 11 -7.62939e-07
      vertex 46 11 6
      vertex 38 11 6
    endloop
  endfacet
  facet normal 0 -1 -0
    outer loop
      vertex 46 11 6
      vertex 38 11 -7.62939e-07
      vertex 46 11 -7.62939e-07
    endloop
  endfacet
  facet normal -1 0 0
    outer loop
      vertex 38 -44 -7.62939e-07
      vertex 38 -32 6
      vertex 38 -32 -7.62939e-07
    endloop
  endfacet
  facet normal -1 -0 0
    outer loop
      vertex 38 -32 6
      vertex 38 -44 -7.62939e-07
      vertex 38 -44 6
    endloop
  endfacet
  facet normal 0 1 -0
    outer loop
      vertex 46 -32 -7.62939e-07
      vertex 38 -32 6
      vertex 46 -32 6
    endloop
  endfacet
  facet normal 0 1 0
    outer loop
      vertex 38 -32 6
      vertex 46 -32 -7.62939e-07
      vertex 38 -32 -7.62939e-07
    endloop
  endfacet
  facet normal 0 -1 0
    outer loop
      vertex 38 -44 -7.62939e-07
      vertex 46 -44 6
      vertex 38 -44 6
    endloop
  endfacet
  facet normal 0 -1 -0
    outer loop
      vertex 46 -44 6
      vertex 38 -44 -7.62939e-07
      vertex 46 -44 -7.62939e-07
    endloop
  endfacet
  facet normal -0.881912 -0.471413 0
    outer loop
      vertex -42.4294 17.6506 1.6
      vertex -42.5865 17.9445 6
      vertex -42.5865 17.9445 1.6
    endloop
  endfacet
  facet normal -0.881912 -0.471413 0
    outer loop
      vertex -42.5865 17.9445 6
      vertex -42.4294 17.6506 1.6
      vertex -42.4294 17.6506 6
    endloop
  endfacet
  facet normal -0.773021 -0.634381 0
    outer loop
      vertex -42.5865 17.9445 1.6
      vertex -42.7979 18.2021 6
      vertex -42.7979 18.2021 1.6
    endloop
  endfacet
  facet normal -0.773021 -0.634381 0
    outer loop
      vertex -42.7979 18.2021 6
      vertex -42.5865 17.9445 1.6
      vertex -42.5865 17.9445 6
    endloop
  endfacet
  facet normal -0.290182 -0.956971 0
    outer loop
      vertex -43.6683 18.6673 1.6
      vertex -43.3494 18.5706 6
      vertex -43.6683 18.6673 6
    endloop
  endfacet
  facet normal -0.290182 -0.956971 -0
    outer loop
      vertex -43.3494 18.5706 6
      vertex -43.6683 18.6673 1.6
      vertex -43.3494 18.5706 1.6
    endloop
  endfacet
  facet normal 0.471413 -0.881912 0
    outer loop
      vertex -44.9445 18.4135 1.6
      vertex -44.6506 18.5706 6
      vertex -44.9445 18.4135 6
    endloop
  endfacet
  facet normal 0.471413 -0.881912 0
    outer loop
      vertex -44.6506 18.5706 6
      vertex -44.9445 18.4135 1.6
      vertex -44.6506 18.5706 1.6
    endloop
  endfacet
  facet normal 0.956971 -0.290182 0
    outer loop
      vertex -45.6673 17.3317 6
      vertex -45.5706 17.6506 1.6
      vertex -45.5706 17.6506 6
    endloop
  endfacet
  facet normal 0.956971 -0.290182 0
    outer loop
      vertex -45.5706 17.6506 1.6
      vertex -45.6673 17.3317 6
      vertex -45.6673 17.3317 1.6
    endloop
  endfacet
  facet normal -0.995176 0.0981075 0
    outer loop
      vertex -42.3327 16.6683 1.6
      vertex -42.3 17 6
      vertex -42.3 17 1.6
    endloop
  endfacet
  facet normal -0.995176 0.0981075 0
    outer loop
      vertex -42.3 17 6
      vertex -42.3327 16.6683 1.6
      vertex -42.3327 16.6683 6
    endloop
  endfacet
  facet normal -0.956971 -0.290182 0
    outer loop
      vertex -42.3327 17.3317 1.6
      vertex -42.4294 17.6506 6
      vertex -42.4294 17.6506 1.6
    endloop
  endfacet
  facet normal -0.956971 -0.290182 0
    outer loop
      vertex -42.4294 17.6506 6
      vertex -42.3327 17.3317 1.6
      vertex -42.3327 17.3317 6
    endloop
  endfacet
  facet normal -0.634381 -0.773021 0
    outer loop
      vertex -43.0555 18.4135 1.6
      vertex -42.7979 18.2021 6
      vertex -43.0555 18.4135 6
    endloop
  endfacet
  facet normal -0.634381 -0.773021 -0
    outer loop
      vertex -42.7979 18.2021 6
      vertex -43.0555 18.4135 1.6
      vertex -42.7979 18.2021 1.6
    endloop
  endfacet
  facet normal 0.0981075 -0.995176 0
    outer loop
      vertex -44.3317 18.6673 1.6
      vertex -44 18.7 6
      vertex -44.3317 18.6673 6
    endloop
  endfacet
  facet normal 0.0981075 -0.995176 0
    outer loop
      vertex -44 18.7 6
      vertex -44.3317 18.6673 1.6
      vertex -44 18.7 1.6
    endloop
  endfacet
  facet normal -0.471413 -0.881912 0
    outer loop
      vertex -43.3494 18.5706 1.6
      vertex -43.0555 18.4135 6
      vertex -43.3494 18.5706 6
    endloop
  endfacet
  facet normal -0.471413 -0.881912 -0
    outer loop
      vertex -43.0555 18.4135 6
      vertex -43.3494 18.5706 1.6
      vertex -43.0555 18.4135 1.6
    endloop
  endfacet
  facet normal 0.995176 0.0981075 0
    outer loop
      vertex -45.6673 16.6683 6
      vertex -45.7 17 1.6
      vertex -45.7 17 6
    endloop
  endfacet
  facet normal 0.995176 0.0981075 0
    outer loop
      vertex -45.7 17 1.6
      vertex -45.6673 16.6683 6
      vertex -45.6673 16.6683 1.6
    endloop
  endfacet
  facet normal 0.881912 -0.471413 0
    outer loop
      vertex -45.5706 17.6506 6
      vertex -45.4135 17.9445 1.6
      vertex -45.4135 17.9445 6
    endloop
  endfacet
  facet normal 0.881912 -0.471413 0
    outer loop
      vertex -45.4135 17.9445 1.6
      vertex -45.5706 17.6506 6
      vertex -45.5706 17.6506 1.6
    endloop
  endfacet
  facet normal 0.634381 -0.773021 0
    outer loop
      vertex -45.2021 18.2021 1.6
      vertex -44.9445 18.4135 6
      vertex -45.2021 18.2021 6
    endloop
  endfacet
  facet normal 0.634381 -0.773021 0
    outer loop
      vertex -44.9445 18.4135 6
      vertex -45.2021 18.2021 1.6
      vertex -44.9445 18.4135 1.6
    endloop
  endfacet
  facet normal 0.290182 -0.956971 0
    outer loop
      vertex -44.6506 18.5706 1.6
      vertex -44.3317 18.6673 6
      vertex -44.6506 18.5706 6
    endloop
  endfacet
  facet normal 0.290182 -0.956971 0
    outer loop
      vertex -44.3317 18.6673 6
      vertex -44.6506 18.5706 1.6
      vertex -44.3317 18.6673 1.6
    endloop
  endfacet
  facet normal 0.773021 -0.634381 0
    outer loop
      vertex -45.4135 17.9445 6
      vertex -45.2021 18.2021 1.6
      vertex -45.2021 18.2021 6
    endloop
  endfacet
  facet normal 0.773021 -0.634381 0
    outer loop
      vertex -45.2021 18.2021 1.6
      vertex -45.4135 17.9445 6
      vertex -45.4135 17.9445 1.6
    endloop
  endfacet
  facet normal -0.995176 -0.0981075 0
    outer loop
      vertex -42.3 17 1.6
      vertex -42.3327 17.3317 6
      vertex -42.3327 17.3317 1.6
    endloop
  endfacet
  facet normal -0.995176 -0.0981075 0
    outer loop
      vertex -42.3327 17.3317 6
      vertex -42.3 17 1.6
      vertex -42.3 17 6
    endloop
  endfacet
  facet normal 0.471413 0.881912 -0
    outer loop
      vertex -44.6506 15.4294 1.6
      vertex -44.9445 15.5865 6
      vertex -44.6506 15.4294 6
    endloop
  endfacet
  facet normal 0.471413 0.881912 0
    outer loop
      vertex -44.9445 15.5865 6
      vertex -44.6506 15.4294 1.6
      vertex -44.9445 15.5865 1.6
    endloop
  endfacet
  facet normal 0.773021 0.634381 0
    outer loop
      vertex -45.2021 15.7979 6
      vertex -45.4135 16.0555 1.6
      vertex -45.4135 16.0555 6
    endloop
  endfacet
  facet normal 0.773021 0.634381 0
    outer loop
      vertex -45.4135 16.0555 1.6
      vertex -45.2021 15.7979 6
      vertex -45.2021 15.7979 1.6
    endloop
  endfacet
  facet normal -0.634381 0.773021 0
    outer loop
      vertex -42.7979 15.7979 1.6
      vertex -43.0555 15.5865 6
      vertex -42.7979 15.7979 6
    endloop
  endfacet
  facet normal -0.634381 0.773021 0
    outer loop
      vertex -43.0555 15.5865 6
      vertex -42.7979 15.7979 1.6
      vertex -43.0555 15.5865 1.6
    endloop
  endfacet
  facet normal -0.0981075 -0.995176 0
    outer loop
      vertex -44 18.7 1.6
      vertex -43.6683 18.6673 6
      vertex -44 18.7 6
    endloop
  endfacet
  facet normal -0.0981075 -0.995176 -0
    outer loop
      vertex -43.6683 18.6673 6
      vertex -44 18.7 1.6
      vertex -43.6683 18.6673 1.6
    endloop
  endfacet
  facet normal 0.995176 -0.0981075 0
    outer loop
      vertex -45.7 17 6
      vertex -45.6673 17.3317 1.6
      vertex -45.6673 17.3317 6
    endloop
  endfacet
  facet normal 0.995176 -0.0981075 0
    outer loop
      vertex -45.6673 17.3317 1.6
      vertex -45.7 17 6
      vertex -45.7 17 1.6
    endloop
  endfacet
  facet normal -0.881912 0.471413 0
    outer loop
      vertex -42.5865 16.0555 1.6
      vertex -42.4294 16.3494 6
      vertex -42.4294 16.3494 1.6
    endloop
  endfacet
  facet normal -0.881912 0.471413 0
    outer loop
      vertex -42.4294 16.3494 6
      vertex -42.5865 16.0555 1.6
      vertex -42.5865 16.0555 6
    endloop
  endfacet
  facet normal -0.0981075 0.995176 0
    outer loop
      vertex -43.6683 15.3327 1.6
      vertex -44 15.3 6
      vertex -43.6683 15.3327 6
    endloop
  endfacet
  facet normal -0.0981075 0.995176 0
    outer loop
      vertex -44 15.3 6
      vertex -43.6683 15.3327 1.6
      vertex -44 15.3 1.6
    endloop
  endfacet
  facet normal 0.956971 0.290182 0
    outer loop
      vertex -45.5706 16.3494 6
      vertex -45.6673 16.6683 1.6
      vertex -45.6673 16.6683 6
    endloop
  endfacet
  facet normal 0.956971 0.290182 0
    outer loop
      vertex -45.6673 16.6683 1.6
      vertex -45.5706 16.3494 6
      vertex -45.5706 16.3494 1.6
    endloop
  endfacet
  facet normal 0.634381 0.773021 -0
    outer loop
      vertex -44.9445 15.5865 1.6
      vertex -45.2021 15.7979 6
      vertex -44.9445 15.5865 6
    endloop
  endfacet
  facet normal 0.634381 0.773021 0
    outer loop
      vertex -45.2021 15.7979 6
      vertex -44.9445 15.5865 1.6
      vertex -45.2021 15.7979 1.6
    endloop
  endfacet
  facet normal -0.290182 0.956971 0
    outer loop
      vertex -43.3494 15.4294 1.6
      vertex -43.6683 15.3327 6
      vertex -43.3494 15.4294 6
    endloop
  endfacet
  facet normal -0.290182 0.956971 0
    outer loop
      vertex -43.6683 15.3327 6
      vertex -43.3494 15.4294 1.6
      vertex -43.6683 15.3327 1.6
    endloop
  endfacet
  facet normal -0.471413 0.881912 0
    outer loop
      vertex -43.0555 15.5865 1.6
      vertex -43.3494 15.4294 6
      vertex -43.0555 15.5865 6
    endloop
  endfacet
  facet normal -0.471413 0.881912 0
    outer loop
      vertex -43.3494 15.4294 6
      vertex -43.0555 15.5865 1.6
      vertex -43.3494 15.4294 1.6
    endloop
  endfacet
  facet normal -0.956971 0.290182 0
    outer loop
      vertex -42.4294 16.3494 1.6
      vertex -42.3327 16.6683 6
      vertex -42.3327 16.6683 1.6
    endloop
  endfacet
  facet normal -0.956971 0.290182 0
    outer loop
      vertex -42.3327 16.6683 6
      vertex -42.4294 16.3494 1.6
      vertex -42.4294 16.3494 6
    endloop
  endfacet
  facet normal 0.290182 0.956971 -0
    outer loop
      vertex -44.3317 15.3327 1.6
      vertex -44.6506 15.4294 6
      vertex -44.3317 15.3327 6
    endloop
  endfacet
  facet normal 0.290182 0.956971 0
    outer loop
      vertex -44.6506 15.4294 6
      vertex -44.3317 15.3327 1.6
      vertex -44.6506 15.4294 1.6
    endloop
  endfacet
  facet normal 0.881912 0.471413 0
    outer loop
      vertex -45.4135 16.0555 6
      vertex -45.5706 16.3494 1.6
      vertex -45.5706 16.3494 6
    endloop
  endfacet
  facet normal 0.881912 0.471413 0
    outer loop
      vertex -45.5706 16.3494 1.6
      vertex -45.4135 16.0555 6
      vertex -45.4135 16.0555 1.6
    endloop
  endfacet
  facet normal -0.773021 0.634381 0
    outer loop
      vertex -42.7979 15.7979 1.6
      vertex -42.5865 16.0555 6
      vertex -42.5865 16.0555 1.6
    endloop
  endfacet
  facet normal -0.773021 0.634381 0
    outer loop
      vertex -42.5865 16.0555 6
      vertex -42.7979 15.7979 1.6
      vertex -42.7979 15.7979 6
    endloop
  endfacet
  facet normal 0.0981075 0.995176 -0
    outer loop
      vertex -44 15.3 1.6
      vertex -44.3317 15.3327 6
      vertex -44 15.3 6
    endloop
  endfacet
  facet normal 0.0981075 0.995176 0
    outer loop
      vertex -44.3317 15.3327 6
      vertex -44 15.3 1.6
      vertex -44.3317 15.3327 1.6
    endloop
  endfacet
  facet normal -0.471413 -0.881912 0
    outer loop
      vertex -43.3494 -36.4294 1.6
      vertex -43.0555 -36.5865 6
      vertex -43.3494 -36.4294 6
    endloop
  endfacet
  facet normal -0.471413 -0.881912 -0
    outer loop
      vertex -43.0555 -36.5865 6
      vertex -43.3494 -36.4294 1.6
      vertex -43.0555 -36.5865 1.6
    endloop
  endfacet
  facet normal -0.995176 0.0981075 0
    outer loop
      vertex -42.3327 -38.3317 1.6
      vertex -42.3 -38 6
      vertex -42.3 -38 1.6
    endloop
  endfacet
  facet normal -0.995176 0.0981075 0
    outer loop
      vertex -42.3 -38 6
      vertex -42.3327 -38.3317 1.6
      vertex -42.3327 -38.3317 6
    endloop
  endfacet
  facet normal 0.290182 0.956971 -0
    outer loop
      vertex -44.3317 -39.6673 1.6
      vertex -44.6506 -39.5706 6
      vertex -44.3317 -39.6673 6
    endloop
  endfacet
  facet normal 0.290182 0.956971 0
    outer loop
      vertex -44.6506 -39.5706 6
      vertex -44.3317 -39.6673 1.6
      vertex -44.6506 -39.5706 1.6
    endloop
  endfacet
  facet normal 0.290182 -0.956971 0
    outer loop
      vertex -44.6506 -36.4294 1.6
      vertex -44.3317 -36.3327 6
      vertex -44.6506 -36.4294 6
    endloop
  endfacet
  facet normal 0.290182 -0.956971 0
    outer loop
      vertex -44.3317 -36.3327 6
      vertex -44.6506 -36.4294 1.6
      vertex -44.3317 -36.3327 1.6
    endloop
  endfacet
  facet normal 0.881912 -0.471413 0
    outer loop
      vertex -45.5706 -37.3494 6
      vertex -45.4135 -37.0555 1.6
      vertex -45.4135 -37.0555 6
    endloop
  endfacet
  facet normal 0.881912 -0.471413 0
    outer loop
      vertex -45.4135 -37.0555 1.6
      vertex -45.5706 -37.3494 6
      vertex -45.5706 -37.3494 1.6
    endloop
  endfacet
  facet normal -0.956971 -0.290182 0
    outer loop
      vertex -42.3327 -37.6683 1.6
      vertex -42.4294 -37.3494 6
      vertex -42.4294 -37.3494 1.6
    endloop
  endfacet
  facet normal -0.956971 -0.290182 0
    outer loop
      vertex -42.4294 -37.3494 6
      vertex -42.3327 -37.6683 1.6
      vertex -42.3327 -37.6683 6
    endloop
  endfacet
  facet normal -0.881912 -0.471413 0
    outer loop
      vertex -42.4294 -37.3494 1.6
      vertex -42.5865 -37.0555 6
      vertex -42.5865 -37.0555 1.6
    endloop
  endfacet
  facet normal -0.881912 -0.471413 0
    outer loop
      vertex -42.5865 -37.0555 6
      vertex -42.4294 -37.3494 1.6
      vertex -42.4294 -37.3494 6
    endloop
  endfacet
  facet normal -0.773021 -0.634381 0
    outer loop
      vertex -42.5865 -37.0555 1.6
      vertex -42.7979 -36.7979 6
      vertex -42.7979 -36.7979 1.6
    endloop
  endfacet
  facet normal -0.773021 -0.634381 0
    outer loop
      vertex -42.7979 -36.7979 6
      vertex -42.5865 -37.0555 1.6
      vertex -42.5865 -37.0555 6
    endloop
  endfacet
  facet normal -0.634381 -0.773021 0
    outer loop
      vertex -43.0555 -36.5865 1.6
      vertex -42.7979 -36.7979 6
      vertex -43.0555 -36.5865 6
    endloop
  endfacet
  facet normal -0.634381 -0.773021 -0
    outer loop
      vertex -42.7979 -36.7979 6
      vertex -43.0555 -36.5865 1.6
      vertex -42.7979 -36.7979 1.6
    endloop
  endfacet
  facet normal -0.0981075 -0.995176 0
    outer loop
      vertex -44 -36.3 1.6
      vertex -43.6683 -36.3327 6
      vertex -44 -36.3 6
    endloop
  endfacet
  facet normal -0.0981075 -0.995176 -0
    outer loop
      vertex -43.6683 -36.3327 6
      vertex -44 -36.3 1.6
      vertex -43.6683 -36.3327 1.6
    endloop
  endfacet
  facet normal -0.290182 -0.956971 0
    outer loop
      vertex -43.6683 -36.3327 1.6
      vertex -43.3494 -36.4294 6
      vertex -43.6683 -36.3327 6
    endloop
  endfacet
  facet normal -0.290182 -0.956971 -0
    outer loop
      vertex -43.3494 -36.4294 6
      vertex -43.6683 -36.3327 1.6
      vertex -43.3494 -36.4294 1.6
    endloop
  endfacet
  facet normal 0.995176 -0.0981075 0
    outer loop
      vertex -45.7 -38 6
      vertex -45.6673 -37.6683 1.6
      vertex -45.6673 -37.6683 6
    endloop
  endfacet
  facet normal 0.995176 -0.0981075 0
    outer loop
      vertex -45.6673 -37.6683 1.6
      vertex -45.7 -38 6
      vertex -45.7 -38 1.6
    endloop
  endfacet
  facet normal 0.773021 -0.634381 0
    outer loop
      vertex -45.4135 -37.0555 6
      vertex -45.2021 -36.7979 1.6
      vertex -45.2021 -36.7979 6
    endloop
  endfacet
  facet normal 0.773021 -0.634381 0
    outer loop
      vertex -45.2021 -36.7979 1.6
      vertex -45.4135 -37.0555 6
      vertex -45.4135 -37.0555 1.6
    endloop
  endfacet
  facet normal 0.471413 -0.881912 0
    outer loop
      vertex -44.9445 -36.5865 1.6
      vertex -44.6506 -36.4294 6
      vertex -44.9445 -36.5865 6
    endloop
  endfacet
  facet normal 0.471413 -0.881912 0
    outer loop
      vertex -44.6506 -36.4294 6
      vertex -44.9445 -36.5865 1.6
      vertex -44.6506 -36.4294 1.6
    endloop
  endfacet
  facet normal 0.0981075 -0.995176 0
    outer loop
      vertex -44.3317 -36.3327 1.6
      vertex -44 -36.3 6
      vertex -44.3317 -36.3327 6
    endloop
  endfacet
  facet normal 0.0981075 -0.995176 0
    outer loop
      vertex -44 -36.3 6
      vertex -44.3317 -36.3327 1.6
      vertex -44 -36.3 1.6
    endloop
  endfacet
  facet normal 0.634381 -0.773021 0
    outer loop
      vertex -45.2021 -36.7979 1.6
      vertex -44.9445 -36.5865 6
      vertex -45.2021 -36.7979 6
    endloop
  endfacet
  facet normal 0.634381 -0.773021 0
    outer loop
      vertex -44.9445 -36.5865 6
      vertex -45.2021 -36.7979 1.6
      vertex -44.9445 -36.5865 1.6
    endloop
  endfacet
  facet normal -0.995176 -0.0981075 0
    outer loop
      vertex -42.3 -38 1.6
      vertex -42.3327 -37.6683 6
      vertex -42.3327 -37.6683 1.6
    endloop
  endfacet
  facet normal -0.995176 -0.0981075 0
    outer loop
      vertex -42.3327 -37.6683 6
      vertex -42.3 -38 1.6
      vertex -42.3 -38 6
    endloop
  endfacet
  facet normal -0.0981075 0.995176 0
    outer loop
      vertex -43.6683 -39.6673 1.6
      vertex -44 -39.7 6
      vertex -43.6683 -39.6673 6
    endloop
  endfacet
  facet normal -0.0981075 0.995176 0
    outer loop
      vertex -44 -39.7 6
      vertex -43.6683 -39.6673 1.6
      vertex -44 -39.7 1.6
    endloop
  endfacet
  facet normal -0.881912 0.471413 0
    outer loop
      vertex -42.5865 -38.9445 1.6
      vertex -42.4294 -38.6506 6
      vertex -42.4294 -38.6506 1.6
    endloop
  endfacet
  facet normal -0.881912 0.471413 0
    outer loop
      vertex -42.4294 -38.6506 6
      vertex -42.5865 -38.9445 1.6
      vertex -42.5865 -38.9445 6
    endloop
  endfacet
  facet normal -0.956971 0.290182 0
    outer loop
      vertex -42.4294 -38.6506 1.6
      vertex -42.3327 -38.3317 6
      vertex -42.3327 -38.3317 1.6
    endloop
  endfacet
  facet normal -0.956971 0.290182 0
    outer loop
      vertex -42.3327 -38.3317 6
      vertex -42.4294 -38.6506 1.6
      vertex -42.4294 -38.6506 6
    endloop
  endfacet
  facet normal -0.290182 0.956971 0
    outer loop
      vertex -43.3494 -39.5706 1.6
      vertex -43.6683 -39.6673 6
      vertex -43.3494 -39.5706 6
    endloop
  endfacet
  facet normal -0.290182 0.956971 0
    outer loop
      vertex -43.6683 -39.6673 6
      vertex -43.3494 -39.5706 1.6
      vertex -43.6683 -39.6673 1.6
    endloop
  endfacet
  facet normal -0.471413 0.881912 0
    outer loop
      vertex -43.0555 -39.4135 1.6
      vertex -43.3494 -39.5706 6
      vertex -43.0555 -39.4135 6
    endloop
  endfacet
  facet normal -0.471413 0.881912 0
    outer loop
      vertex -43.3494 -39.5706 6
      vertex -43.0555 -39.4135 1.6
      vertex -43.3494 -39.5706 1.6
    endloop
  endfacet
  facet normal 0.0981075 0.995176 -0
    outer loop
      vertex -44 -39.7 1.6
      vertex -44.3317 -39.6673 6
      vertex -44 -39.7 6
    endloop
  endfacet
  facet normal 0.0981075 0.995176 0
    outer loop
      vertex -44.3317 -39.6673 6
      vertex -44 -39.7 1.6
      vertex -44.3317 -39.6673 1.6
    endloop
  endfacet
  facet normal 0.634381 0.773021 -0
    outer loop
      vertex -44.9445 -39.4135 1.6
      vertex -45.2021 -39.2021 6
      vertex -44.9445 -39.4135 6
    endloop
  endfacet
  facet normal 0.634381 0.773021 0
    outer loop
      vertex -45.2021 -39.2021 6
      vertex -44.9445 -39.4135 1.6
      vertex -45.2021 -39.2021 1.6
    endloop
  endfacet
  facet normal 0.881912 0.471413 0
    outer loop
      vertex -45.4135 -38.9445 6
      vertex -45.5706 -38.6506 1.6
      vertex -45.5706 -38.6506 6
    endloop
  endfacet
  facet normal 0.881912 0.471413 0
    outer loop
      vertex -45.5706 -38.6506 1.6
      vertex -45.4135 -38.9445 6
      vertex -45.4135 -38.9445 1.6
    endloop
  endfacet
  facet normal 0.995176 0.0981075 0
    outer loop
      vertex -45.6673 -38.3317 6
      vertex -45.7 -38 1.6
      vertex -45.7 -38 6
    endloop
  endfacet
  facet normal 0.995176 0.0981075 0
    outer loop
      vertex -45.7 -38 1.6
      vertex -45.6673 -38.3317 6
      vertex -45.6673 -38.3317 1.6
    endloop
  endfacet
  facet normal 0.773021 0.634381 0
    outer loop
      vertex -45.2021 -39.2021 6
      vertex -45.4135 -38.9445 1.6
      vertex -45.4135 -38.9445 6
    endloop
  endfacet
  facet normal 0.773021 0.634381 0
    outer loop
      vertex -45.4135 -38.9445 1.6
      vertex -45.2021 -39.2021 6
      vertex -45.2021 -39.2021 1.6
    endloop
  endfacet
  facet normal 0.956971 -0.290182 0
    outer loop
      vertex -45.6673 -37.6683 6
      vertex -45.5706 -37.3494 1.6
      vertex -45.5706 -37.3494 6
    endloop
  endfacet
  facet normal 0.956971 -0.290182 0
    outer loop
      vertex -45.5706 -37.3494 1.6
      vertex -45.6673 -37.6683 6
      vertex -45.6673 -37.6683 1.6
    endloop
  endfacet
  facet normal -0.773021 0.634381 0
    outer loop
      vertex -42.7979 -39.2021 1.6
      vertex -42.5865 -38.9445 6
      vertex -42.5865 -38.9445 1.6
    endloop
  endfacet
  facet normal -0.773021 0.634381 0
    outer loop
      vertex -42.5865 -38.9445 6
      vertex -42.7979 -39.2021 1.6
      vertex -42.7979 -39.2021 6
    endloop
  endfacet
  facet normal -0.634381 0.773021 0
    outer loop
      vertex -42.7979 -39.2021 1.6
      vertex -43.0555 -39.4135 6
      vertex -42.7979 -39.2021 6
    endloop
  endfacet
  facet normal -0.634381 0.773021 0
    outer loop
      vertex -43.0555 -39.4135 6
      vertex -42.7979 -39.2021 1.6
      vertex -43.0555 -39.4135 1.6
    endloop
  endfacet
  facet normal 0.471413 0.881912 -0
    outer loop
      vertex -44.6506 -39.5706 1.6
      vertex -44.9445 -39.4135 6
      vertex -44.6506 -39.5706 6
    endloop
  endfacet
  facet normal 0.471413 0.881912 0
    outer loop
      vertex -44.9445 -39.4135 6
      vertex -44.6506 -39.5706 1.6
      vertex -44.9445 -39.4135 1.6
    endloop
  endfacet
  facet normal 0.956971 0.290182 0
    outer loop
      vertex -45.5706 -38.6506 6
      vertex -45.6673 -38.3317 1.6
      vertex -45.6673 -38.3317 6
    endloop
  endfacet
  facet normal 0.956971 0.290182 0
    outer loop
      vertex -45.6673 -38.3317 1.6
      vertex -45.5706 -38.6506 6
      vertex -45.5706 -38.6506 1.6
    endloop
  endfacet
  facet normal -0.881912 -0.471413 0
    outer loop
      vertex 45.5706 17.6506 1.6
      vertex 45.4135 17.9445 6
      vertex 45.4135 17.9445 1.6
    endloop
  endfacet
  facet normal -0.881912 -0.471413 0
    outer loop
      vertex 45.4135 17.9445 6
      vertex 45.5706 17.6506 1.6
      vertex 45.5706 17.6506 6
    endloop
  endfacet
  facet normal -0.773021 -0.634381 0
    outer loop
      vertex 45.4135 17.9445 1.6
      vertex 45.2021 18.2021 6
      vertex 45.2021 18.2021 1.6
    endloop
  endfacet
  facet normal -0.773021 -0.634381 0
    outer loop
      vertex 45.2021 18.2021 6
      vertex 45.4135 17.9445 1.6
      vertex 45.4135 17.9445 6
    endloop
  endfacet
  facet normal -0.290182 -0.956971 0
    outer loop
      vertex 44.3317 18.6673 1.6
      vertex 44.6506 18.5706 6
      vertex 44.3317 18.6673 6
    endloop
  endfacet
  facet normal -0.290182 -0.956971 -0
    outer loop
      vertex 44.6506 18.5706 6
      vertex 44.3317 18.6673 1.6
      vertex 44.6506 18.5706 1.6
    endloop
  endfacet
  facet normal 0.471413 -0.881912 0
    outer loop
      vertex 43.0555 18.4135 1.6
      vertex 43.3494 18.5706 6
      vertex 43.0555 18.4135 6
    endloop
  endfacet
  facet normal 0.471413 -0.881912 0
    outer loop
      vertex 43.3494 18.5706 6
      vertex 43.0555 18.4135 1.6
      vertex 43.3494 18.5706 1.6
    endloop
  endfacet
  facet normal 0.956971 -0.290182 0
    outer loop
      vertex 42.3327 17.3317 6
      vertex 42.4294 17.6506 1.6
      vertex 42.4294 17.6506 6
    endloop
  endfacet
  facet normal 0.956971 -0.290182 0
    outer loop
      vertex 42.4294 17.6506 1.6
      vertex 42.3327 17.3317 6
      vertex 42.3327 17.3317 1.6
    endloop
  endfacet
  facet normal -0.995176 0.0981075 0
    outer loop
      vertex 45.6673 16.6683 1.6
      vertex 45.7 17 6
      vertex 45.7 17 1.6
    endloop
  endfacet
  facet normal -0.995176 0.0981075 0
    outer loop
      vertex 45.7 17 6
      vertex 45.6673 16.6683 1.6
      vertex 45.6673 16.6683 6
    endloop
  endfacet
  facet normal -0.956971 -0.290182 0
    outer loop
      vertex 45.6673 17.3317 1.6
      vertex 45.5706 17.6506 6
      vertex 45.5706 17.6506 1.6
    endloop
  endfacet
  facet normal -0.956971 -0.290182 0
    outer loop
      vertex 45.5706 17.6506 6
      vertex 45.6673 17.3317 1.6
      vertex 45.6673 17.3317 6
    endloop
  endfacet
  facet normal -0.634381 -0.773021 0
    outer loop
      vertex 44.9445 18.4135 1.6
      vertex 45.2021 18.2021 6
      vertex 44.9445 18.4135 6
    endloop
  endfacet
  facet normal -0.634381 -0.773021 -0
    outer loop
      vertex 45.2021 18.2021 6
      vertex 44.9445 18.4135 1.6
      vertex 45.2021 18.2021 1.6
    endloop
  endfacet
  facet normal 0.0981075 -0.995176 0
    outer loop
      vertex 43.6683 18.6673 1.6
      vertex 44 18.7 6
      vertex 43.6683 18.6673 6
    endloop
  endfacet
  facet normal 0.0981075 -0.995176 0
    outer loop
      vertex 44 18.7 6
      vertex 43.6683 18.6673 1.6
      vertex 44 18.7 1.6
    endloop
  endfacet
  facet normal -0.471413 -0.881912 0
    outer loop
      vertex 44.6506 18.5706 1.6
      vertex 44.9445 18.4135 6
      vertex 44.6506 18.5706 6
    endloop
  endfacet
  facet normal -0.471413 -0.881912 -0
    outer loop
      vertex 44.9445 18.4135 6
      vertex 44.6506 18.5706 1.6
      vertex 44.9445 18.4135 1.6
    endloop
  endfacet
  facet normal 0.995176 0.0981075 0
    outer loop
      vertex 42.3327 16.6683 6
      vertex 42.3 17 1.6
      vertex 42.3 17 6
    endloop
  endfacet
  facet normal 0.995176 0.0981075 0
    outer loop
      vertex 42.3 17 1.6
      vertex 42.3327 16.6683 6
      vertex 42.3327 16.6683 1.6
    endloop
  endfacet
  facet normal 0.881912 -0.471413 0
    outer loop
      vertex 42.4294 17.6506 6
      vertex 42.5865 17.9445 1.6
      vertex 42.5865 17.9445 6
    endloop
  endfacet
  facet normal 0.881912 -0.471413 0
    outer loop
      vertex 42.5865 17.9445 1.6
      vertex 42.4294 17.6506 6
      vertex 42.4294 17.6506 1.6
    endloop
  endfacet
  facet normal 0.634381 -0.773021 0
    outer loop
      vertex 42.7979 18.2021 1.6
      vertex 43.0555 18.4135 6
      vertex 42.7979 18.2021 6
    endloop
  endfacet
  facet normal 0.634381 -0.773021 0
    outer loop
      vertex 43.0555 18.4135 6
      vertex 42.7979 18.2021 1.6
      vertex 43.0555 18.4135 1.6
    endloop
  endfacet
  facet normal 0.290182 -0.956971 0
    outer loop
      vertex 43.3494 18.5706 1.6
      vertex 43.6683 18.6673 6
      vertex 43.3494 18.5706 6
    endloop
  endfacet
  facet normal 0.290182 -0.956971 0
    outer loop
      vertex 43.6683 18.6673 6
      vertex 43.3494 18.5706 1.6
      vertex 43.6683 18.6673 1.6
    endloop
  endfacet
  facet normal 0.773021 -0.634381 0
    outer loop
      vertex 42.5865 17.9445 6
      vertex 42.7979 18.2021 1.6
      vertex 42.7979 18.2021 6
    endloop
  endfacet
  facet normal 0.773021 -0.634381 0
    outer loop
      vertex 42.7979 18.2021 1.6
      vertex 42.5865 17.9445 6
      vertex 42.5865 17.9445 1.6
    endloop
  endfacet
  facet normal -0.995176 -0.0981075 0
    outer loop
      vertex 45.7 17 1.6
      vertex 45.6673 17.3317 6
      vertex 45.6673 17.3317 1.6
    endloop
  endfacet
  facet normal -0.995176 -0.0981075 0
    outer loop
      vertex 45.6673 17.3317 6
      vertex 45.7 17 1.6
      vertex 45.7 17 6
    endloop
  endfacet
  facet normal 0.471413 0.881912 -0
    outer loop
      vertex 43.3494 15.4294 1.6
      vertex 43.0555 15.5865 6
      vertex 43.3494 15.4294 6
    endloop
  endfacet
  facet normal 0.471413 0.881912 0
    outer loop
      vertex 43.0555 15.5865 6
      vertex 43.3494 15.4294 1.6
      vertex 43.0555 15.5865 1.6
    endloop
  endfacet
  facet normal 0.773021 0.634381 0
    outer loop
      vertex 42.7979 15.7979 6
      vertex 42.5865 16.0555 1.6
      vertex 42.5865 16.0555 6
    endloop
  endfacet
  facet normal 0.773021 0.634381 0
    outer loop
      vertex 42.5865 16.0555 1.6
      vertex 42.7979 15.7979 6
      vertex 42.7979 15.7979 1.6
    endloop
  endfacet
  facet normal -0.634381 0.773021 0
    outer loop
      vertex 45.2021 15.7979 1.6
      vertex 44.9445 15.5865 6
      vertex 45.2021 15.7979 6
    endloop
  endfacet
  facet normal -0.634381 0.773021 0
    outer loop
      vertex 44.9445 15.5865 6
      vertex 45.2021 15.7979 1.6
      vertex 44.9445 15.5865 1.6
    endloop
  endfacet
  facet normal -0.0981075 -0.995176 0
    outer loop
      vertex 44 18.7 1.6
      vertex 44.3317 18.6673 6
      vertex 44 18.7 6
    endloop
  endfacet
  facet normal -0.0981075 -0.995176 -0
    outer loop
      vertex 44.3317 18.6673 6
      vertex 44 18.7 1.6
      vertex 44.3317 18.6673 1.6
    endloop
  endfacet
  facet normal 0.995176 -0.0981075 0
    outer loop
      vertex 42.3 17 6
      vertex 42.3327 17.3317 1.6
      vertex 42.3327 17.3317 6
    endloop
  endfacet
  facet normal 0.995176 -0.0981075 0
    outer loop
      vertex 42.3327 17.3317 1.6
      vertex 42.3 17 6
      vertex 42.3 17 1.6
    endloop
  endfacet
  facet normal -0.881912 0.471413 0
    outer loop
      vertex 45.4135 16.0555 1.6
      vertex 45.5706 16.3494 6
      vertex 45.5706 16.3494 1.6
    endloop
  endfacet
  facet normal -0.881912 0.471413 0
    outer loop
      vertex 45.5706 16.3494 6
      vertex 45.4135 16.0555 1.6
      vertex 45.4135 16.0555 6
    endloop
  endfacet
  facet normal -0.0981075 0.995176 0
    outer loop
      vertex 44.3317 15.3327 1.6
      vertex 44 15.3 6
      vertex 44.3317 15.3327 6
    endloop
  endfacet
  facet normal -0.0981075 0.995176 0
    outer loop
      vertex 44 15.3 6
      vertex 44.3317 15.3327 1.6
      vertex 44 15.3 1.6
    endloop
  endfacet
  facet normal 0.634381 0.773021 -0
    outer loop
      vertex 43.0555 15.5865 1.6
      vertex 42.7979 15.7979 6
      vertex 43.0555 15.5865 6
    endloop
  endfacet
  facet normal 0.634381 0.773021 0
    outer loop
      vertex 42.7979 15.7979 6
      vertex 43.0555 15.5865 1.6
      vertex 42.7979 15.7979 1.6
    endloop
  endfacet
  facet normal -0.290182 0.956971 0
    outer loop
      vertex 44.6506 15.4294 1.6
      vertex 44.3317 15.3327 6
      vertex 44.6506 15.4294 6
    endloop
  endfacet
  facet normal -0.290182 0.956971 0
    outer loop
      vertex 44.3317 15.3327 6
      vertex 44.6506 15.4294 1.6
      vertex 44.3317 15.3327 1.6
    endloop
  endfacet
  facet normal -0.471413 0.881912 0
    outer loop
      vertex 44.9445 15.5865 1.6
      vertex 44.6506 15.4294 6
      vertex 44.9445 15.5865 6
    endloop
  endfacet
  facet normal -0.471413 0.881912 0
    outer loop
      vertex 44.6506 15.4294 6
      vertex 44.9445 15.5865 1.6
      vertex 44.6506 15.4294 1.6
    endloop
  endfacet
  facet normal -0.956971 0.290182 0
    outer loop
      vertex 45.5706 16.3494 1.6
      vertex 45.6673 16.6683 6
      vertex 45.6673 16.6683 1.6
    endloop
  endfacet
  facet normal -0.956971 0.290182 0
    outer loop
      vertex 45.6673 16.6683 6
      vertex 45.5706 16.3494 1.6
      vertex 45.5706 16.3494 6
    endloop
  endfacet
  facet normal 0.290182 0.956971 -0
    outer loop
      vertex 43.6683 15.3327 1.6
      vertex 43.3494 15.4294 6
      vertex 43.6683 15.3327 6
    endloop
  endfacet
  facet normal 0.290182 0.956971 0
    outer loop
      vertex 43.3494 15.4294 6
      vertex 43.6683 15.3327 1.6
      vertex 43.3494 15.4294 1.6
    endloop
  endfacet
  facet normal 0.881912 0.471413 0
    outer loop
      vertex 42.5865 16.0555 6
      vertex 42.4294 16.3494 1.6
      vertex 42.4294 16.3494 6
    endloop
  endfacet
  facet normal 0.881912 0.471413 0
    outer loop
      vertex 42.4294 16.3494 1.6
      vertex 42.5865 16.0555 6
      vertex 42.5865 16.0555 1.6
    endloop
  endfacet
  facet normal 0.956971 0.290182 0
    outer loop
      vertex 42.4294 16.3494 6
      vertex 42.3327 16.6683 1.6
      vertex 42.3327 16.6683 6
    endloop
  endfacet
  facet normal 0.956971 0.290182 0
    outer loop
      vertex 42.3327 16.6683 1.6
      vertex 42.4294 16.3494 6
      vertex 42.4294 16.3494 1.6
    endloop
  endfacet
  facet normal -0.773021 0.634381 0
    outer loop
      vertex 45.2021 15.7979 1.6
      vertex 45.4135 16.0555 6
      vertex 45.4135 16.0555 1.6
    endloop
  endfacet
  facet normal -0.773021 0.634381 0
    outer loop
      vertex 45.4135 16.0555 6
      vertex 45.2021 15.7979 1.6
      vertex 45.2021 15.7979 6
    endloop
  endfacet
  facet normal 0.0981075 0.995176 -0
    outer loop
      vertex 44 15.3 1.6
      vertex 43.6683 15.3327 6
      vertex 44 15.3 6
    endloop
  endfacet
  facet normal 0.0981075 0.995176 0
    outer loop
      vertex 43.6683 15.3327 6
      vertex 44 15.3 1.6
      vertex 43.6683 15.3327 1.6
    endloop
  endfacet
  facet normal -0.471413 -0.881912 0
    outer loop
      vertex 44.6506 -36.4294 1.6
      vertex 44.9445 -36.5865 6
      vertex 44.6506 -36.4294 6
    endloop
  endfacet
  facet normal -0.471413 -0.881912 -0
    outer loop
      vertex 44.9445 -36.5865 6
      vertex 44.6506 -36.4294 1.6
      vertex 44.9445 -36.5865 1.6
    endloop
  endfacet
  facet normal -0.995176 0.0981075 0
    outer loop
      vertex 45.6673 -38.3317 1.6
      vertex 45.7 -38 6
      vertex 45.7 -38 1.6
    endloop
  endfacet
  facet normal -0.995176 0.0981075 0
    outer loop
      vertex 45.7 -38 6
      vertex 45.6673 -38.3317 1.6
      vertex 45.6673 -38.3317 6
    endloop
  endfacet
  facet normal 0.290182 0.956971 -0
    outer loop
      vertex 43.6683 -39.6673 1.6
      vertex 43.3494 -39.5706 6
      vertex 43.6683 -39.6673 6
    endloop
  endfacet
  facet normal 0.290182 0.956971 0
    outer loop
      vertex 43.3494 -39.5706 6
      vertex 43.6683 -39.6673 1.6
      vertex 43.3494 -39.5706 1.6
    endloop
  endfacet
  facet normal 0.290182 -0.956971 0
    outer loop
      vertex 43.3494 -36.4294 1.6
      vertex 43.6683 -36.3327 6
      vertex 43.3494 -36.4294 6
    endloop
  endfacet
  facet normal 0.290182 -0.956971 0
    outer loop
      vertex 43.6683 -36.3327 6
      vertex 43.3494 -36.4294 1.6
      vertex 43.6683 -36.3327 1.6
    endloop
  endfacet
  facet normal 0.881912 -0.471413 0
    outer loop
      vertex 42.4294 -37.3494 6
      vertex 42.5865 -37.0555 1.6
      vertex 42.5865 -37.0555 6
    endloop
  endfacet
  facet normal 0.881912 -0.471413 0
    outer loop
      vertex 42.5865 -37.0555 1.6
      vertex 42.4294 -37.3494 6
      vertex 42.4294 -37.3494 1.6
    endloop
  endfacet
  facet normal -0.881912 -0.471413 0
    outer loop
      vertex 45.5706 -37.3494 1.6
      vertex 45.4135 -37.0555 6
      vertex 45.4135 -37.0555 1.6
    endloop
  endfacet
  facet normal -0.881912 -0.471413 0
    outer loop
      vertex 45.4135 -37.0555 6
      vertex 45.5706 -37.3494 1.6
      vertex 45.5706 -37.3494 6
    endloop
  endfacet
  facet normal -0.773021 -0.634381 0
    outer loop
      vertex 45.4135 -37.0555 1.6
      vertex 45.2021 -36.7979 6
      vertex 45.2021 -36.7979 1.6
    endloop
  endfacet
  facet normal -0.773021 -0.634381 0
    outer loop
      vertex 45.2021 -36.7979 6
      vertex 45.4135 -37.0555 1.6
      vertex 45.4135 -37.0555 6
    endloop
  endfacet
  facet normal -0.634381 -0.773021 0
    outer loop
      vertex 44.9445 -36.5865 1.6
      vertex 45.2021 -36.7979 6
      vertex 44.9445 -36.5865 6
    endloop
  endfacet
  facet normal -0.634381 -0.773021 -0
    outer loop
      vertex 45.2021 -36.7979 6
      vertex 44.9445 -36.5865 1.6
      vertex 45.2021 -36.7979 1.6
    endloop
  endfacet
  facet normal -0.0981075 -0.995176 0
    outer loop
      vertex 44 -36.3 1.6
      vertex 44.3317 -36.3327 6
      vertex 44 -36.3 6
    endloop
  endfacet
  facet normal -0.0981075 -0.995176 -0
    outer loop
      vertex 44.3317 -36.3327 6
      vertex 44 -36.3 1.6
      vertex 44.3317 -36.3327 1.6
    endloop
  endfacet
  facet normal 0.995176 -0.0981075 0
    outer loop
      vertex 42.3 -38 6
      vertex 42.3327 -37.6683 1.6
      vertex 42.3327 -37.6683 6
    endloop
  endfacet
  facet normal 0.995176 -0.0981075 0
    outer loop
      vertex 42.3327 -37.6683 1.6
      vertex 42.3 -38 6
      vertex 42.3 -38 1.6
    endloop
  endfacet
  facet normal 0.773021 -0.634381 0
    outer loop
      vertex 42.5865 -37.0555 6
      vertex 42.7979 -36.7979 1.6
      vertex 42.7979 -36.7979 6
    endloop
  endfacet
  facet normal 0.773021 -0.634381 0
    outer loop
      vertex 42.7979 -36.7979 1.6
      vertex 42.5865 -37.0555 6
      vertex 42.5865 -37.0555 1.6
    endloop
  endfacet
  facet normal 0.471413 -0.881912 0
    outer loop
      vertex 43.0555 -36.5865 1.6
      vertex 43.3494 -36.4294 6
      vertex 43.0555 -36.5865 6
    endloop
  endfacet
  facet normal 0.471413 -0.881912 0
    outer loop
      vertex 43.3494 -36.4294 6
      vertex 43.0555 -36.5865 1.6
      vertex 43.3494 -36.4294 1.6
    endloop
  endfacet
  facet normal 0.0981075 -0.995176 0
    outer loop
      vertex 43.6683 -36.3327 1.6
      vertex 44 -36.3 6
      vertex 43.6683 -36.3327 6
    endloop
  endfacet
  facet normal 0.0981075 -0.995176 0
    outer loop
      vertex 44 -36.3 6
      vertex 43.6683 -36.3327 1.6
      vertex 44 -36.3 1.6
    endloop
  endfacet
  facet normal 0.634381 -0.773021 0
    outer loop
      vertex 42.7979 -36.7979 1.6
      vertex 43.0555 -36.5865 6
      vertex 42.7979 -36.7979 6
    endloop
  endfacet
  facet normal 0.634381 -0.773021 0
    outer loop
      vertex 43.0555 -36.5865 6
      vertex 42.7979 -36.7979 1.6
      vertex 43.0555 -36.5865 1.6
    endloop
  endfacet
  facet normal -0.995176 -0.0981075 0
    outer loop
      vertex 45.7 -38 1.6
      vertex 45.6673 -37.6683 6
      vertex 45.6673 -37.6683 1.6
    endloop
  endfacet
  facet normal -0.995176 -0.0981075 0
    outer loop
      vertex 45.6673 -37.6683 6
      vertex 45.7 -38 1.6
      vertex 45.7 -38 6
    endloop
  endfacet
  facet normal -0.0981075 0.995176 0
    outer loop
      vertex 44.3317 -39.6673 1.6
      vertex 44 -39.7 6
      vertex 44.3317 -39.6673 6
    endloop
  endfacet
  facet normal -0.0981075 0.995176 0
    outer loop
      vertex 44 -39.7 6
      vertex 44.3317 -39.6673 1.6
      vertex 44 -39.7 1.6
    endloop
  endfacet
  facet normal -0.881912 0.471413 0
    outer loop
      vertex 45.4135 -38.9445 1.6
      vertex 45.5706 -38.6506 6
      vertex 45.5706 -38.6506 1.6
    endloop
  endfacet
  facet normal -0.881912 0.471413 0
    outer loop
      vertex 45.5706 -38.6506 6
      vertex 45.4135 -38.9445 1.6
      vertex 45.4135 -38.9445 6
    endloop
  endfacet
  facet normal -0.956971 0.290182 0
    outer loop
      vertex 45.5706 -38.6506 1.6
      vertex 45.6673 -38.3317 6
      vertex 45.6673 -38.3317 1.6
    endloop
  endfacet
  facet normal -0.956971 0.290182 0
    outer loop
      vertex 45.6673 -38.3317 6
      vertex 45.5706 -38.6506 1.6
      vertex 45.5706 -38.6506 6
    endloop
  endfacet
  facet normal -0.290182 0.956971 0
    outer loop
      vertex 44.6506 -39.5706 1.6
      vertex 44.3317 -39.6673 6
      vertex 44.6506 -39.5706 6
    endloop
  endfacet
  facet normal -0.290182 0.956971 0
    outer loop
      vertex 44.3317 -39.6673 6
      vertex 44.6506 -39.5706 1.6
      vertex 44.3317 -39.6673 1.6
    endloop
  endfacet
  facet normal -0.471413 0.881912 0
    outer loop
      vertex 44.9445 -39.4135 1.6
      vertex 44.6506 -39.5706 6
      vertex 44.9445 -39.4135 6
    endloop
  endfacet
  facet normal -0.471413 0.881912 0
    outer loop
      vertex 44.6506 -39.5706 6
      vertex 44.9445 -39.4135 1.6
      vertex 44.6506 -39.5706 1.6
    endloop
  endfacet
  facet normal 0.0981075 0.995176 -0
    outer loop
      vertex 44 -39.7 1.6
      vertex 43.6683 -39.6673 6
      vertex 44 -39.7 6
    endloop
  endfacet
  facet normal 0.0981075 0.995176 0
    outer loop
      vertex 43.6683 -39.6673 6
      vertex 44 -39.7 1.6
      vertex 43.6683 -39.6673 1.6
    endloop
  endfacet
  facet normal 0.634381 0.773021 -0
    outer loop
      vertex 43.0555 -39.4135 1.6
      vertex 42.7979 -39.2021 6
      vertex 43.0555 -39.4135 6
    endloop
  endfacet
  facet normal 0.634381 0.773021 0
    outer loop
      vertex 42.7979 -39.2021 6
      vertex 43.0555 -39.4135 1.6
      vertex 42.7979 -39.2021 1.6
    endloop
  endfacet
  facet normal 0.881912 0.471413 0
    outer loop
      vertex 42.5865 -38.9445 6
      vertex 42.4294 -38.6506 1.6
      vertex 42.4294 -38.6506 6
    endloop
  endfacet
  facet normal 0.881912 0.471413 0
    outer loop
      vertex 42.4294 -38.6506 1.6
      vertex 42.5865 -38.9445 6
      vertex 42.5865 -38.9445 1.6
    endloop
  endfacet
  facet normal 0.995176 0.0981075 0
    outer loop
      vertex 42.3327 -38.3317 6
      vertex 42.3 -38 1.6
      vertex 42.3 -38 6
    endloop
  endfacet
  facet normal 0.995176 0.0981075 0
    outer loop
      vertex 42.3 -38 1.6
      vertex 42.3327 -38.3317 6
      vertex 42.3327 -38.3317 1.6
    endloop
  endfacet
  facet normal -0.956971 -0.290182 0
    outer loop
      vertex 45.6673 -37.6683 1.6
      vertex 45.5706 -37.3494 6
      vertex 45.5706 -37.3494 1.6
    endloop
  endfacet
  facet normal -0.956971 -0.290182 0
    outer loop
      vertex 45.5706 -37.3494 6
      vertex 45.6673 -37.6683 1.6
      vertex 45.6673 -37.6683 6
    endloop
  endfacet
  facet normal -0.290182 -0.956971 0
    outer loop
      vertex 44.3317 -36.3327 1.6
      vertex 44.6506 -36.4294 6
      vertex 44.3317 -36.3327 6
    endloop
  endfacet
  facet normal -0.290182 -0.956971 -0
    outer loop
      vertex 44.6506 -36.4294 6
      vertex 44.3317 -36.3327 1.6
      vertex 44.6506 -36.4294 1.6
    endloop
  endfacet
  facet normal 0.956971 -0.290182 0
    outer loop
      vertex 42.3327 -37.6683 6
      vertex 42.4294 -37.3494 1.6
      vertex 42.4294 -37.3494 6
    endloop
  endfacet
  facet normal 0.956971 -0.290182 0
    outer loop
      vertex 42.4294 -37.3494 1.6
      vertex 42.3327 -37.6683 6
      vertex 42.3327 -37.6683 1.6
    endloop
  endfacet
  facet normal -0.773021 0.634381 0
    outer loop
      vertex 45.2021 -39.2021 1.6
      vertex 45.4135 -38.9445 6
      vertex 45.4135 -38.9445 1.6
    endloop
  endfacet
  facet normal -0.773021 0.634381 0
    outer loop
      vertex 45.4135 -38.9445 6
      vertex 45.2021 -39.2021 1.6
      vertex 45.2021 -39.2021 6
    endloop
  endfacet
  facet normal -0.634381 0.773021 0
    outer loop
      vertex 45.2021 -39.2021 1.6
      vertex 44.9445 -39.4135 6
      vertex 45.2021 -39.2021 6
    endloop
  endfacet
  facet normal -0.634381 0.773021 0
    outer loop
      vertex 44.9445 -39.4135 6
      vertex 45.2021 -39.2021 1.6
      vertex 44.9445 -39.4135 1.6
    endloop
  endfacet
  facet normal 0.471413 0.881912 -0
    outer loop
      vertex 43.3494 -39.5706 1.6
      vertex 43.0555 -39.4135 6
      vertex 43.3494 -39.5706 6
    endloop
  endfacet
  facet normal 0.471413 0.881912 0
    outer loop
      vertex 43.0555 -39.4135 6
      vertex 43.3494 -39.5706 1.6
      vertex 43.0555 -39.4135 1.6
    endloop
  endfacet
  facet normal 0.956971 0.290182 0
    outer loop
      vertex 42.4294 -38.6506 6
      vertex 42.3327 -38.3317 1.6
      vertex 42.3327 -38.3317 6
    endloop
  endfacet
  facet normal 0.956971 0.290182 0
    outer loop
      vertex 42.3327 -38.3317 1.6
      vertex 42.4294 -38.6506 6
      vertex 42.4294 -38.6506 1.6
    endloop
  endfacet
  facet normal 0.773021 0.634381 0
    outer loop
      vertex 42.7979 -39.2021 6
      vertex 42.5865 -38.9445 1.6
      vertex 42.5865 -38.9445 6
    endloop
  endfacet
  facet normal 0.773021 0.634381 0
    outer loop
      vertex 42.5865 -38.9445 1.6
      vertex 42.7979 -39.2021 6
      vertex 42.7979 -39.2021 1.6
    endloop
  endfacet
  facet normal -0.707574 -0.0696736 -0.703196
    outer loop
      vertex -40.7729 17.6398 -7.62939e-07
      vertex -40.7099 17 -7.62939e-07
      vertex -42.3 17 1.6
    endloop
  endfacet
  facet normal -0.680412 -0.206346 -0.703179
    outer loop
      vertex -40.9604 18.2591 -7.62939e-07
      vertex -40.7738 17.6438 -7.62939e-07
      vertex -42.4294 17.6506 1.6
    endloop
  endfacet
  facet normal -0.627082 0.335107 -0.703186
    outer loop
      vertex -40.9614 15.7391 -7.62939e-07
      vertex -41.2644 15.1721 -7.62939e-07
      vertex -42.5865 16.0555 1.6
    endloop
  endfacet
  facet normal 0.627082 -0.335107 -0.703186
    outer loop
      vertex -46.7356 18.8279 -7.62939e-07
      vertex -45.4135 17.9445 1.6
      vertex -47.0386 18.2609 -7.62939e-07
    endloop
  endfacet
  facet normal 0.335183 -0.627055 -0.703174
    outer loop
      vertex -45.2609 20.0386 -7.62939e-07
      vertex -44.6506 18.5706 1.6
      vertex -44.9445 18.4135 1.6
    endloop
  endfacet
  facet normal 0.345592 -0.622066 -0.702567
    outer loop
      vertex -44.6506 18.5706 1.6
      vertex -45.2609 20.0386 -7.62939e-07
      vertex -45.2591 20.0396 -7.62939e-07
    endloop
  endfacet
  facet normal 0.627055 -0.335183 -0.703174
    outer loop
      vertex -45.5706 17.6506 1.6
      vertex -47.0386 18.2609 -7.62939e-07
      vertex -45.4135 17.9445 1.6
    endloop
  endfacet
  facet normal 0.622066 -0.345592 -0.702567
    outer loop
      vertex -47.0386 18.2609 -7.62939e-07
      vertex -45.5706 17.6506 1.6
      vertex -47.0396 18.2591 -7.62939e-07
    endloop
  endfacet
  facet normal 0.707576 0.069755 -0.703186
    outer loop
      vertex -45.6673 16.6683 1.6
      vertex -47.227 16.3602 -7.62939e-07
      vertex -45.7 17 1.6
    endloop
  endfacet
  facet normal 0.707918 0.0674207 -0.70307
    outer loop
      vertex -47.227 16.3602 -7.62939e-07
      vertex -45.6673 16.6683 1.6
      vertex -47.2268 16.3581 -7.62939e-07
    endloop
  endfacet
  facet normal -0.214232 0.678401 -0.702763
    outer loop
      vertex -43.6683 15.3327 1.6
      vertex -43.3562 13.7738 -7.62939e-07
      vertex -43.3581 13.7732 -7.62939e-07
    endloop
  endfacet
  facet normal -0.206322 0.680415 -0.703183
    outer loop
      vertex -43.3562 13.7738 -7.62939e-07
      vertex -43.6683 15.3327 1.6
      vertex -43.3494 15.4294 1.6
    endloop
  endfacet
  facet normal -0.551967 0.448473 -0.702997
    outer loop
      vertex -42.7979 15.7979 1.6
      vertex -41.6723 14.6752 -7.62939e-07
      vertex -41.6736 14.6736 -7.62939e-07
    endloop
  endfacet
  facet normal -0.549635 0.451059 -0.70317
    outer loop
      vertex -41.6723 14.6752 -7.62939e-07
      vertex -42.7979 15.7979 1.6
      vertex -42.5865 16.0555 1.6
    endloop
  endfacet
  facet normal 0.214232 -0.678401 -0.702763
    outer loop
      vertex -44.3317 18.6673 1.6
      vertex -44.6438 20.2262 -7.62939e-07
      vertex -44.6419 20.2268 -7.62939e-07
    endloop
  endfacet
  facet normal 0.206322 -0.680415 -0.703183
    outer loop
      vertex -44.6438 20.2262 -7.62939e-07
      vertex -44.3317 18.6673 1.6
      vertex -44.6506 18.5706 1.6
    endloop
  endfacet
  facet normal -0.335107 -0.627082 -0.703186
    outer loop
      vertex -42.7391 20.0386 -7.62939e-07
      vertex -42.1721 19.7356 -7.62939e-07
      vertex -43.0555 18.4135 1.6
    endloop
  endfacet
  facet normal -0.627082 -0.335107 -0.703186
    outer loop
      vertex -41.2644 18.8279 -7.62939e-07
      vertex -40.9614 18.2609 -7.62939e-07
      vertex -42.5865 17.9445 1.6
    endloop
  endfacet
  facet normal -0.622066 -0.345592 -0.702567
    outer loop
      vertex -42.4294 17.6506 1.6
      vertex -40.9614 18.2609 -7.62939e-07
      vertex -40.9604 18.2591 -7.62939e-07
    endloop
  endfacet
  facet normal -0.627055 -0.335183 -0.703174
    outer loop
      vertex -40.9614 18.2609 -7.62939e-07
      vertex -42.4294 17.6506 1.6
      vertex -42.5865 17.9445 1.6
    endloop
  endfacet
  facet normal -0.549559 0.451127 -0.703185
    outer loop
      vertex -41.2644 15.1721 -7.62939e-07
      vertex -41.6723 14.6752 -7.62939e-07
      vertex -42.5865 16.0555 1.6
    endloop
  endfacet
  facet normal -0.707574 0.0696736 -0.703196
    outer loop
      vertex -40.7099 17 -7.62939e-07
      vertex -40.7729 16.3602 -7.62939e-07
      vertex -42.3 17 1.6
    endloop
  endfacet
  facet normal 0.680412 -0.206346 -0.703179
    outer loop
      vertex -47.0396 18.2591 -7.62939e-07
      vertex -45.5706 17.6506 1.6
      vertex -47.2262 17.6438 -7.62939e-07
    endloop
  endfacet
  facet normal 0.549559 -0.451127 -0.703185
    outer loop
      vertex -46.3277 19.3248 -7.62939e-07
      vertex -45.4135 17.9445 1.6
      vertex -46.7356 18.8279 -7.62939e-07
    endloop
  endfacet
  facet normal 0.707918 -0.0674207 -0.70307
    outer loop
      vertex -45.6673 17.3317 1.6
      vertex -47.227 17.6398 -7.62939e-07
      vertex -47.2268 17.6419 -7.62939e-07
    endloop
  endfacet
  facet normal 0.707576 -0.069755 -0.703186
    outer loop
      vertex -47.227 17.6398 -7.62939e-07
      vertex -45.6673 17.3317 1.6
      vertex -45.7 17 1.6
    endloop
  endfacet
  facet normal 0.335107 0.627082 -0.703186
    outer loop
      vertex -44.9445 15.5865 1.6
      vertex -45.2609 13.9614 -7.62939e-07
      vertex -45.8279 14.2644 -7.62939e-07
    endloop
  endfacet
  facet normal -0.206346 0.680412 -0.703179
    outer loop
      vertex -43.3494 15.4294 1.6
      vertex -42.7409 13.9604 -7.62939e-07
      vertex -43.3562 13.7738 -7.62939e-07
    endloop
  endfacet
  facet normal -0.069755 -0.707576 -0.703186
    outer loop
      vertex -43.3602 20.227 -7.62939e-07
      vertex -43.6683 18.6673 1.6
      vertex -44 18.7 1.6
    endloop
  endfacet
  facet normal -0.0674207 -0.707918 -0.70307
    outer loop
      vertex -43.6683 18.6673 1.6
      vertex -43.3602 20.227 -7.62939e-07
      vertex -43.3581 20.2268 -7.62939e-07
    endloop
  endfacet
  facet normal -0.206346 -0.680412 -0.703179
    outer loop
      vertex -42.7409 20.0396 -7.62939e-07
      vertex -43.3494 18.5706 1.6
      vertex -43.3562 20.2262 -7.62939e-07
    endloop
  endfacet
  facet normal -0.206322 -0.680415 -0.703183
    outer loop
      vertex -43.6683 18.6673 1.6
      vertex -43.3562 20.2262 -7.62939e-07
      vertex -43.3494 18.5706 1.6
    endloop
  endfacet
  facet normal -0.214232 -0.678401 -0.702763
    outer loop
      vertex -43.3562 20.2262 -7.62939e-07
      vertex -43.6683 18.6673 1.6
      vertex -43.3581 20.2268 -7.62939e-07
    endloop
  endfacet
  facet normal 0.335107 -0.627082 -0.703186
    outer loop
      vertex -45.2609 20.0386 -7.62939e-07
      vertex -44.9445 18.4135 1.6
      vertex -45.8279 19.7356 -7.62939e-07
    endloop
  endfacet
  facet normal 0.206346 -0.680412 -0.703179
    outer loop
      vertex -44.6438 20.2262 -7.62939e-07
      vertex -44.6506 18.5706 1.6
      vertex -45.2591 20.0396 -7.62939e-07
    endloop
  endfacet
  facet normal -0.0697837 -0.707569 -0.70319
    outer loop
      vertex -44 20.2901 -7.62939e-07
      vertex -43.3602 20.227 -7.62939e-07
      vertex -44 18.7 1.6
    endloop
  endfacet
  facet normal 0.0697837 -0.707569 -0.70319
    outer loop
      vertex -44 20.2901 -7.62939e-07
      vertex -44 18.7 1.6
      vertex -44.6398 20.227 -7.62939e-07
    endloop
  endfacet
  facet normal -0.549559 -0.451127 -0.703185
    outer loop
      vertex -41.6723 19.3248 -7.62939e-07
      vertex -41.2644 18.8279 -7.62939e-07
      vertex -42.5865 17.9445 1.6
    endloop
  endfacet
  facet normal -0.549635 -0.451059 -0.70317
    outer loop
      vertex -42.7979 18.2021 1.6
      vertex -41.6723 19.3248 -7.62939e-07
      vertex -42.5865 17.9445 1.6
    endloop
  endfacet
  facet normal -0.551967 -0.448473 -0.702997
    outer loop
      vertex -41.6723 19.3248 -7.62939e-07
      vertex -42.7979 18.2021 1.6
      vertex -41.6736 19.3264 -7.62939e-07
    endloop
  endfacet
  facet normal -0.622066 0.345592 -0.702567
    outer loop
      vertex -40.9614 15.7391 -7.62939e-07
      vertex -42.4294 16.3494 1.6
      vertex -40.9604 15.7409 -7.62939e-07
    endloop
  endfacet
  facet normal -0.627055 0.335183 -0.703174
    outer loop
      vertex -42.4294 16.3494 1.6
      vertex -40.9614 15.7391 -7.62939e-07
      vertex -42.5865 16.0555 1.6
    endloop
  endfacet
  facet normal 0.451127 -0.549559 -0.703185
    outer loop
      vertex -45.8279 19.7356 -7.62939e-07
      vertex -44.9445 18.4135 1.6
      vertex -46.3248 19.3277 -7.62939e-07
    endloop
  endfacet
  facet normal 0.451059 0.549635 -0.70317
    outer loop
      vertex -46.3248 14.6723 -7.62939e-07
      vertex -45.2021 15.7979 1.6
      vertex -44.9445 15.5865 1.6
    endloop
  endfacet
  facet normal 0.448473 0.551967 -0.702997
    outer loop
      vertex -45.2021 15.7979 1.6
      vertex -46.3248 14.6723 -7.62939e-07
      vertex -46.3264 14.6736 -7.62939e-07
    endloop
  endfacet
  facet normal 0.627082 0.335107 -0.703186
    outer loop
      vertex -45.4135 16.0555 1.6
      vertex -46.7356 15.1721 -7.62939e-07
      vertex -47.0386 15.7391 -7.62939e-07
    endloop
  endfacet
  facet normal 0.551967 0.448473 -0.702997
    outer loop
      vertex -46.3277 14.6752 -7.62939e-07
      vertex -45.2021 15.7979 1.6
      vertex -46.3264 14.6736 -7.62939e-07
    endloop
  endfacet
  facet normal 0.549635 0.451059 -0.70317
    outer loop
      vertex -45.2021 15.7979 1.6
      vertex -46.3277 14.6752 -7.62939e-07
      vertex -45.4135 16.0555 1.6
    endloop
  endfacet
  facet normal 0.549559 0.451127 -0.703185
    outer loop
      vertex -45.4135 16.0555 1.6
      vertex -46.3277 14.6752 -7.62939e-07
      vertex -46.7356 15.1721 -7.62939e-07
    endloop
  endfacet
  facet normal 0.680415 0.206322 -0.703183
    outer loop
      vertex -47.2262 16.3562 -7.62939e-07
      vertex -45.6673 16.6683 1.6
      vertex -45.5706 16.3494 1.6
    endloop
  endfacet
  facet normal 0.678401 0.214232 -0.702763
    outer loop
      vertex -45.6673 16.6683 1.6
      vertex -47.2262 16.3562 -7.62939e-07
      vertex -47.2268 16.3581 -7.62939e-07
    endloop
  endfacet
  facet normal 0.680415 -0.206322 -0.703183
    outer loop
      vertex -45.6673 17.3317 1.6
      vertex -47.2262 17.6438 -7.62939e-07
      vertex -45.5706 17.6506 1.6
    endloop
  endfacet
  facet normal 0.678401 -0.214232 -0.702763
    outer loop
      vertex -47.2262 17.6438 -7.62939e-07
      vertex -45.6673 17.3317 1.6
      vertex -47.2268 17.6419 -7.62939e-07
    endloop
  endfacet
  facet normal 0.707569 -0.0697837 -0.70319
    outer loop
      vertex -47.227 17.6398 -7.62939e-07
      vertex -45.7 17 1.6
      vertex -47.2901 17 -7.62939e-07
    endloop
  endfacet
  facet normal 0.707569 0.0697837 -0.70319
    outer loop
      vertex -45.7 17 1.6
      vertex -47.227 16.3602 -7.62939e-07
      vertex -47.2901 17 -7.62939e-07
    endloop
  endfacet
  facet normal -0.0697837 0.707569 -0.70319
    outer loop
      vertex -44 15.3 1.6
      vertex -43.3602 13.773 -7.62939e-07
      vertex -44 13.7099 -7.62939e-07
    endloop
  endfacet
  facet normal 0.345592 0.622066 -0.702567
    outer loop
      vertex -45.2609 13.9614 -7.62939e-07
      vertex -44.6506 15.4294 1.6
      vertex -45.2591 13.9604 -7.62939e-07
    endloop
  endfacet
  facet normal 0.335183 0.627055 -0.703174
    outer loop
      vertex -44.6506 15.4294 1.6
      vertex -45.2609 13.9614 -7.62939e-07
      vertex -44.9445 15.5865 1.6
    endloop
  endfacet
  facet normal 0.206346 0.680412 -0.703179
    outer loop
      vertex -44.6506 15.4294 1.6
      vertex -44.6438 13.7738 -7.62939e-07
      vertex -45.2591 13.9604 -7.62939e-07
    endloop
  endfacet
  facet normal -0.345592 0.622066 -0.702567
    outer loop
      vertex -43.3494 15.4294 1.6
      vertex -42.7391 13.9614 -7.62939e-07
      vertex -42.7409 13.9604 -7.62939e-07
    endloop
  endfacet
  facet normal -0.335183 0.627055 -0.703174
    outer loop
      vertex -42.7391 13.9614 -7.62939e-07
      vertex -43.3494 15.4294 1.6
      vertex -43.0555 15.5865 1.6
    endloop
  endfacet
  facet normal -0.335183 -0.627055 -0.703174
    outer loop
      vertex -43.3494 18.5706 1.6
      vertex -42.7391 20.0386 -7.62939e-07
      vertex -43.0555 18.4135 1.6
    endloop
  endfacet
  facet normal -0.345592 -0.622066 -0.702567
    outer loop
      vertex -42.7391 20.0386 -7.62939e-07
      vertex -43.3494 18.5706 1.6
      vertex -42.7409 20.0396 -7.62939e-07
    endloop
  endfacet
  facet normal 0.0674207 -0.707918 -0.70307
    outer loop
      vertex -44.6398 20.227 -7.62939e-07
      vertex -44.3317 18.6673 1.6
      vertex -44.6419 20.2268 -7.62939e-07
    endloop
  endfacet
  facet normal 0.069755 -0.707576 -0.703186
    outer loop
      vertex -44.3317 18.6673 1.6
      vertex -44.6398 20.227 -7.62939e-07
      vertex -44 18.7 1.6
    endloop
  endfacet
  facet normal -0.678401 -0.214232 -0.702763
    outer loop
      vertex -42.3327 17.3317 1.6
      vertex -40.7738 17.6438 -7.62939e-07
      vertex -40.7732 17.6419 -7.62939e-07
    endloop
  endfacet
  facet normal -0.680415 -0.206322 -0.703183
    outer loop
      vertex -40.7738 17.6438 -7.62939e-07
      vertex -42.3327 17.3317 1.6
      vertex -42.4294 17.6506 1.6
    endloop
  endfacet
  facet normal -0.335107 0.627082 -0.703186
    outer loop
      vertex -42.1721 14.2644 -7.62939e-07
      vertex -42.7391 13.9614 -7.62939e-07
      vertex -43.0555 15.5865 1.6
    endloop
  endfacet
  facet normal -0.451127 0.549559 -0.703185
    outer loop
      vertex -41.6752 14.6723 -7.62939e-07
      vertex -42.1721 14.2644 -7.62939e-07
      vertex -43.0555 15.5865 1.6
    endloop
  endfacet
  facet normal -0.680412 0.206346 -0.703179
    outer loop
      vertex -40.7738 16.3562 -7.62939e-07
      vertex -40.9604 15.7409 -7.62939e-07
      vertex -42.4294 16.3494 1.6
    endloop
  endfacet
  facet normal 0.451059 -0.549635 -0.70317
    outer loop
      vertex -45.2021 18.2021 1.6
      vertex -46.3248 19.3277 -7.62939e-07
      vertex -44.9445 18.4135 1.6
    endloop
  endfacet
  facet normal 0.448473 -0.551967 -0.702997
    outer loop
      vertex -46.3248 19.3277 -7.62939e-07
      vertex -45.2021 18.2021 1.6
      vertex -46.3264 19.3264 -7.62939e-07
    endloop
  endfacet
  facet normal 0.549635 -0.451059 -0.70317
    outer loop
      vertex -46.3277 19.3248 -7.62939e-07
      vertex -45.2021 18.2021 1.6
      vertex -45.4135 17.9445 1.6
    endloop
  endfacet
  facet normal 0.551967 -0.448473 -0.702997
    outer loop
      vertex -45.2021 18.2021 1.6
      vertex -46.3277 19.3248 -7.62939e-07
      vertex -46.3264 19.3264 -7.62939e-07
    endloop
  endfacet
  facet normal 0.451127 0.549559 -0.703185
    outer loop
      vertex -44.9445 15.5865 1.6
      vertex -45.8279 14.2644 -7.62939e-07
      vertex -46.3248 14.6723 -7.62939e-07
    endloop
  endfacet
  facet normal 0.627055 0.335183 -0.703174
    outer loop
      vertex -47.0386 15.7391 -7.62939e-07
      vertex -45.5706 16.3494 1.6
      vertex -45.4135 16.0555 1.6
    endloop
  endfacet
  facet normal 0.622066 0.345592 -0.702567
    outer loop
      vertex -45.5706 16.3494 1.6
      vertex -47.0386 15.7391 -7.62939e-07
      vertex -47.0396 15.7409 -7.62939e-07
    endloop
  endfacet
  facet normal 0.680412 0.206346 -0.703179
    outer loop
      vertex -45.5706 16.3494 1.6
      vertex -47.0396 15.7409 -7.62939e-07
      vertex -47.2262 16.3562 -7.62939e-07
    endloop
  endfacet
  facet normal -0.0674207 0.707918 -0.70307
    outer loop
      vertex -43.3602 13.773 -7.62939e-07
      vertex -43.6683 15.3327 1.6
      vertex -43.3581 13.7732 -7.62939e-07
    endloop
  endfacet
  facet normal -0.069755 0.707576 -0.703186
    outer loop
      vertex -43.6683 15.3327 1.6
      vertex -43.3602 13.773 -7.62939e-07
      vertex -44 15.3 1.6
    endloop
  endfacet
  facet normal 0.0697837 0.707569 -0.70319
    outer loop
      vertex -44 15.3 1.6
      vertex -44 13.7099 -7.62939e-07
      vertex -44.6398 13.773 -7.62939e-07
    endloop
  endfacet
  facet normal -0.448473 -0.551967 -0.702997
    outer loop
      vertex -42.7979 18.2021 1.6
      vertex -41.6752 19.3277 -7.62939e-07
      vertex -41.6736 19.3264 -7.62939e-07
    endloop
  endfacet
  facet normal -0.451059 -0.549635 -0.70317
    outer loop
      vertex -41.6752 19.3277 -7.62939e-07
      vertex -42.7979 18.2021 1.6
      vertex -43.0555 18.4135 1.6
    endloop
  endfacet
  facet normal -0.451127 -0.549559 -0.703185
    outer loop
      vertex -42.1721 19.7356 -7.62939e-07
      vertex -41.6752 19.3277 -7.62939e-07
      vertex -43.0555 18.4135 1.6
    endloop
  endfacet
  facet normal -0.702697 -0.100385 -0.704372
    outer loop
      vertex -40.7729 17.6398 -7.62939e-07
      vertex -42.3327 17.3317 1.6
      vertex -40.7732 17.6419 -7.62939e-07
    endloop
  endfacet
  facet normal -0.707554 -0.0697528 -0.703208
    outer loop
      vertex -42.3327 17.3317 1.6
      vertex -40.7729 17.6398 -7.62939e-07
      vertex -42.3 17 1.6
    endloop
  endfacet
  facet normal -0.448473 0.551967 -0.702997
    outer loop
      vertex -41.6752 14.6723 -7.62939e-07
      vertex -42.7979 15.7979 1.6
      vertex -41.6736 14.6736 -7.62939e-07
    endloop
  endfacet
  facet normal -0.451059 0.549635 -0.70317
    outer loop
      vertex -42.7979 15.7979 1.6
      vertex -41.6752 14.6723 -7.62939e-07
      vertex -43.0555 15.5865 1.6
    endloop
  endfacet
  facet normal -0.678401 0.214232 -0.702763
    outer loop
      vertex -40.7738 16.3562 -7.62939e-07
      vertex -42.3327 16.6683 1.6
      vertex -40.7732 16.3581 -7.62939e-07
    endloop
  endfacet
  facet normal -0.680415 0.206322 -0.703183
    outer loop
      vertex -42.3327 16.6683 1.6
      vertex -40.7738 16.3562 -7.62939e-07
      vertex -42.4294 16.3494 1.6
    endloop
  endfacet
  facet normal -0.707554 0.0697528 -0.703208
    outer loop
      vertex -40.7729 16.3602 -7.62939e-07
      vertex -42.3327 16.6683 1.6
      vertex -42.3 17 1.6
    endloop
  endfacet
  facet normal -0.702697 0.100385 -0.704372
    outer loop
      vertex -42.3327 16.6683 1.6
      vertex -40.7729 16.3602 -7.62939e-07
      vertex -40.7732 16.3581 -7.62939e-07
    endloop
  endfacet
  facet normal 0.214232 0.678401 -0.702763
    outer loop
      vertex -44.6438 13.7738 -7.62939e-07
      vertex -44.3317 15.3327 1.6
      vertex -44.6419 13.7732 -7.62939e-07
    endloop
  endfacet
  facet normal 0.206322 0.680415 -0.703183
    outer loop
      vertex -44.3317 15.3327 1.6
      vertex -44.6438 13.7738 -7.62939e-07
      vertex -44.6506 15.4294 1.6
    endloop
  endfacet
  facet normal 0.069755 0.707576 -0.703186
    outer loop
      vertex -44.6398 13.773 -7.62939e-07
      vertex -44.3317 15.3327 1.6
      vertex -44 15.3 1.6
    endloop
  endfacet
  facet normal 0.0674207 0.707918 -0.70307
    outer loop
      vertex -44.3317 15.3327 1.6
      vertex -44.6398 13.773 -7.62939e-07
      vertex -44.6419 13.7732 -7.62939e-07
    endloop
  endfacet
  facet normal -0.707574 -0.0696736 -0.703196
    outer loop
      vertex -40.7729 -37.3602 -7.62939e-07
      vertex -40.7099 -38 -7.62939e-07
      vertex -42.3 -38 1.6
    endloop
  endfacet
  facet normal -0.206346 0.680412 -0.703179
    outer loop
      vertex -43.3494 -39.5706 1.6
      vertex -42.7409 -41.0396 -7.62939e-07
      vertex -43.3562 -41.2262 -7.62939e-07
    endloop
  endfacet
  facet normal 0.206346 -0.680412 -0.703179
    outer loop
      vertex -44.6438 -34.7738 -7.62939e-07
      vertex -44.6506 -36.4294 1.6
      vertex -45.2591 -34.9604 -7.62939e-07
    endloop
  endfacet
  facet normal -0.451127 -0.549559 -0.703185
    outer loop
      vertex -42.1721 -35.2644 -7.62939e-07
      vertex -41.6752 -35.6723 -7.62939e-07
      vertex -43.0555 -36.5865 1.6
    endloop
  endfacet
  facet normal -0.622066 0.345592 -0.702567
    outer loop
      vertex -40.9614 -39.2609 -7.62939e-07
      vertex -42.4294 -38.6506 1.6
      vertex -40.9604 -39.2591 -7.62939e-07
    endloop
  endfacet
  facet normal -0.627055 0.335183 -0.703174
    outer loop
      vertex -42.4294 -38.6506 1.6
      vertex -40.9614 -39.2609 -7.62939e-07
      vertex -42.5865 -38.9445 1.6
    endloop
  endfacet
  facet normal 0.549559 -0.451127 -0.703185
    outer loop
      vertex -46.3277 -35.6752 -7.62939e-07
      vertex -45.4135 -37.0555 1.6
      vertex -46.7356 -36.1721 -7.62939e-07
    endloop
  endfacet
  facet normal 0.451127 -0.549559 -0.703185
    outer loop
      vertex -45.8279 -35.2644 -7.62939e-07
      vertex -44.9445 -36.5865 1.6
      vertex -46.3248 -35.6723 -7.62939e-07
    endloop
  endfacet
  facet normal 0.627055 -0.335183 -0.703174
    outer loop
      vertex -45.5706 -37.3494 1.6
      vertex -47.0386 -36.7391 -7.62939e-07
      vertex -45.4135 -37.0555 1.6
    endloop
  endfacet
  facet normal 0.622066 -0.345592 -0.702567
    outer loop
      vertex -47.0386 -36.7391 -7.62939e-07
      vertex -45.5706 -37.3494 1.6
      vertex -47.0396 -36.7409 -7.62939e-07
    endloop
  endfacet
  facet normal -0.448473 0.551967 -0.702997
    outer loop
      vertex -41.6752 -40.3277 -7.62939e-07
      vertex -42.7979 -39.2021 1.6
      vertex -41.6736 -40.3264 -7.62939e-07
    endloop
  endfacet
  facet normal -0.451059 0.549635 -0.70317
    outer loop
      vertex -42.7979 -39.2021 1.6
      vertex -41.6752 -40.3277 -7.62939e-07
      vertex -43.0555 -39.4135 1.6
    endloop
  endfacet
  facet normal -0.627082 -0.335107 -0.703186
    outer loop
      vertex -41.2644 -36.1721 -7.62939e-07
      vertex -40.9614 -36.7391 -7.62939e-07
      vertex -42.5865 -37.0555 1.6
    endloop
  endfacet
  facet normal -0.549559 0.451127 -0.703185
    outer loop
      vertex -41.2644 -39.8279 -7.62939e-07
      vertex -41.6723 -40.3248 -7.62939e-07
      vertex -42.5865 -38.9445 1.6
    endloop
  endfacet
  facet normal -0.707574 0.0696736 -0.703196
    outer loop
      vertex -40.7099 -38 -7.62939e-07
      vertex -40.7729 -38.6398 -7.62939e-07
      vertex -42.3 -38 1.6
    endloop
  endfacet
  facet normal 0.627082 -0.335107 -0.703186
    outer loop
      vertex -46.7356 -36.1721 -7.62939e-07
      vertex -45.4135 -37.0555 1.6
      vertex -47.0386 -36.7391 -7.62939e-07
    endloop
  endfacet
  facet normal 0.335183 -0.627055 -0.703174
    outer loop
      vertex -45.2609 -34.9614 -7.62939e-07
      vertex -44.6506 -36.4294 1.6
      vertex -44.9445 -36.5865 1.6
    endloop
  endfacet
  facet normal 0.345592 -0.622066 -0.702567
    outer loop
      vertex -44.6506 -36.4294 1.6
      vertex -45.2609 -34.9614 -7.62939e-07
      vertex -45.2591 -34.9604 -7.62939e-07
    endloop
  endfacet
  facet normal 0.707569 -0.0697837 -0.70319
    outer loop
      vertex -47.227 -37.3602 -7.62939e-07
      vertex -45.7 -38 1.6
      vertex -47.2901 -38 -7.62939e-07
    endloop
  endfacet
  facet normal 0.451127 0.549559 -0.703185
    outer loop
      vertex -44.9445 -39.4135 1.6
      vertex -45.8279 -40.7356 -7.62939e-07
      vertex -46.3248 -40.3277 -7.62939e-07
    endloop
  endfacet
  facet normal 0.627082 0.335107 -0.703186
    outer loop
      vertex -45.4135 -38.9445 1.6
      vertex -46.7356 -39.8279 -7.62939e-07
      vertex -47.0386 -39.2609 -7.62939e-07
    endloop
  endfacet
  facet normal -0.0697528 -0.707554 -0.703208
    outer loop
      vertex -43.3602 -34.7729 -7.62939e-07
      vertex -43.6683 -36.3327 1.6
      vertex -44 -36.3 1.6
    endloop
  endfacet
  facet normal -0.100385 -0.702697 -0.704372
    outer loop
      vertex -43.6683 -36.3327 1.6
      vertex -43.3602 -34.7729 -7.62939e-07
      vertex -43.3581 -34.7732 -7.62939e-07
    endloop
  endfacet
  facet normal -0.206346 -0.680412 -0.703179
    outer loop
      vertex -42.7409 -34.9604 -7.62939e-07
      vertex -43.3494 -36.4294 1.6
      vertex -43.3562 -34.7738 -7.62939e-07
    endloop
  endfacet
  facet normal -0.206322 -0.680415 -0.703183
    outer loop
      vertex -43.6683 -36.3327 1.6
      vertex -43.3562 -34.7738 -7.62939e-07
      vertex -43.3494 -36.4294 1.6
    endloop
  endfacet
  facet normal -0.214232 -0.678401 -0.702763
    outer loop
      vertex -43.3562 -34.7738 -7.62939e-07
      vertex -43.6683 -36.3327 1.6
      vertex -43.3581 -34.7732 -7.62939e-07
    endloop
  endfacet
  facet normal -0.678401 -0.214232 -0.702763
    outer loop
      vertex -42.3327 -37.6683 1.6
      vertex -40.7738 -37.3562 -7.62939e-07
      vertex -40.7732 -37.3581 -7.62939e-07
    endloop
  endfacet
  facet normal -0.680415 -0.206322 -0.703183
    outer loop
      vertex -40.7738 -37.3562 -7.62939e-07
      vertex -42.3327 -37.6683 1.6
      vertex -42.4294 -37.3494 1.6
    endloop
  endfacet
  facet normal -0.549635 -0.451059 -0.70317
    outer loop
      vertex -42.7979 -36.7979 1.6
      vertex -41.6723 -35.6752 -7.62939e-07
      vertex -42.5865 -37.0555 1.6
    endloop
  endfacet
  facet normal -0.551967 -0.448473 -0.702997
    outer loop
      vertex -41.6723 -35.6752 -7.62939e-07
      vertex -42.7979 -36.7979 1.6
      vertex -41.6736 -35.6736 -7.62939e-07
    endloop
  endfacet
  facet normal -0.627082 0.335107 -0.703186
    outer loop
      vertex -40.9614 -39.2609 -7.62939e-07
      vertex -41.2644 -39.8279 -7.62939e-07
      vertex -42.5865 -38.9445 1.6
    endloop
  endfacet
  facet normal 0.100385 -0.702697 -0.704372
    outer loop
      vertex -44.6398 -34.7729 -7.62939e-07
      vertex -44.3317 -36.3327 1.6
      vertex -44.6419 -34.7732 -7.62939e-07
    endloop
  endfacet
  facet normal 0.0697528 -0.707554 -0.703208
    outer loop
      vertex -44.3317 -36.3327 1.6
      vertex -44.6398 -34.7729 -7.62939e-07
      vertex -44 -36.3 1.6
    endloop
  endfacet
  facet normal 0.335107 -0.627082 -0.703186
    outer loop
      vertex -45.2609 -34.9614 -7.62939e-07
      vertex -44.9445 -36.5865 1.6
      vertex -45.8279 -35.2644 -7.62939e-07
    endloop
  endfacet
  facet normal 0.451059 -0.549635 -0.70317
    outer loop
      vertex -45.2021 -36.7979 1.6
      vertex -46.3248 -35.6723 -7.62939e-07
      vertex -44.9445 -36.5865 1.6
    endloop
  endfacet
  facet normal 0.448473 -0.551967 -0.702997
    outer loop
      vertex -46.3248 -35.6723 -7.62939e-07
      vertex -45.2021 -36.7979 1.6
      vertex -46.3264 -35.6736 -7.62939e-07
    endloop
  endfacet
  facet normal 0.549635 -0.451059 -0.70317
    outer loop
      vertex -46.3277 -35.6752 -7.62939e-07
      vertex -45.2021 -36.7979 1.6
      vertex -45.4135 -37.0555 1.6
    endloop
  endfacet
  facet normal 0.551967 -0.448473 -0.702997
    outer loop
      vertex -45.2021 -36.7979 1.6
      vertex -46.3277 -35.6752 -7.62939e-07
      vertex -46.3264 -35.6736 -7.62939e-07
    endloop
  endfacet
  facet normal 0.680412 -0.206346 -0.703179
    outer loop
      vertex -47.0396 -36.7409 -7.62939e-07
      vertex -45.5706 -37.3494 1.6
      vertex -47.2262 -37.3562 -7.62939e-07
    endloop
  endfacet
  facet normal 0.206346 0.680412 -0.703179
    outer loop
      vertex -44.6506 -39.5706 1.6
      vertex -44.6438 -41.2262 -7.62939e-07
      vertex -45.2591 -41.0396 -7.62939e-07
    endloop
  endfacet
  facet normal 0.451059 0.549635 -0.70317
    outer loop
      vertex -46.3248 -40.3277 -7.62939e-07
      vertex -45.2021 -39.2021 1.6
      vertex -44.9445 -39.4135 1.6
    endloop
  endfacet
  facet normal 0.448473 0.551967 -0.702997
    outer loop
      vertex -45.2021 -39.2021 1.6
      vertex -46.3248 -40.3277 -7.62939e-07
      vertex -46.3264 -40.3264 -7.62939e-07
    endloop
  endfacet
  facet normal 0.680415 0.206322 -0.703183
    outer loop
      vertex -47.2262 -38.6438 -7.62939e-07
      vertex -45.6673 -38.3317 1.6
      vertex -45.5706 -38.6506 1.6
    endloop
  endfacet
  facet normal 0.678401 0.214232 -0.702763
    outer loop
      vertex -45.6673 -38.3317 1.6
      vertex -47.2262 -38.6438 -7.62939e-07
      vertex -47.2268 -38.6419 -7.62939e-07
    endloop
  endfacet
  facet normal -0.345592 0.622066 -0.702567
    outer loop
      vertex -43.3494 -39.5706 1.6
      vertex -42.7391 -41.0386 -7.62939e-07
      vertex -42.7409 -41.0396 -7.62939e-07
    endloop
  endfacet
  facet normal -0.335183 0.627055 -0.703174
    outer loop
      vertex -42.7391 -41.0386 -7.62939e-07
      vertex -43.3494 -39.5706 1.6
      vertex -43.0555 -39.4135 1.6
    endloop
  endfacet
  facet normal 0.0697837 0.707569 -0.70319
    outer loop
      vertex -44 -39.7 1.6
      vertex -44 -41.2901 -7.62939e-07
      vertex -44.6398 -41.227 -7.62939e-07
    endloop
  endfacet
  facet normal -0.0697837 0.707569 -0.70319
    outer loop
      vertex -44 -39.7 1.6
      vertex -43.3602 -41.227 -7.62939e-07
      vertex -44 -41.2901 -7.62939e-07
    endloop
  endfacet
  facet normal -0.448473 -0.551967 -0.702997
    outer loop
      vertex -42.7979 -36.7979 1.6
      vertex -41.6752 -35.6723 -7.62939e-07
      vertex -41.6736 -35.6736 -7.62939e-07
    endloop
  endfacet
  facet normal -0.451059 -0.549635 -0.70317
    outer loop
      vertex -41.6752 -35.6723 -7.62939e-07
      vertex -42.7979 -36.7979 1.6
      vertex -43.0555 -36.5865 1.6
    endloop
  endfacet
  facet normal -0.549559 -0.451127 -0.703185
    outer loop
      vertex -41.6723 -35.6752 -7.62939e-07
      vertex -41.2644 -36.1721 -7.62939e-07
      vertex -42.5865 -37.0555 1.6
    endloop
  endfacet
  facet normal -0.680412 -0.206346 -0.703179
    outer loop
      vertex -40.9604 -36.7409 -7.62939e-07
      vertex -40.7738 -37.3562 -7.62939e-07
      vertex -42.4294 -37.3494 1.6
    endloop
  endfacet
  facet normal -0.622066 -0.345592 -0.702567
    outer loop
      vertex -42.4294 -37.3494 1.6
      vertex -40.9614 -36.7391 -7.62939e-07
      vertex -40.9604 -36.7409 -7.62939e-07
    endloop
  endfacet
  facet normal -0.627055 -0.335183 -0.703174
    outer loop
      vertex -40.9614 -36.7391 -7.62939e-07
      vertex -42.4294 -37.3494 1.6
      vertex -42.5865 -37.0555 1.6
    endloop
  endfacet
  facet normal -0.702697 -0.100385 -0.704372
    outer loop
      vertex -40.7729 -37.3602 -7.62939e-07
      vertex -42.3327 -37.6683 1.6
      vertex -40.7732 -37.3581 -7.62939e-07
    endloop
  endfacet
  facet normal -0.707554 -0.0697528 -0.703208
    outer loop
      vertex -42.3327 -37.6683 1.6
      vertex -40.7729 -37.3602 -7.62939e-07
      vertex -42.3 -38 1.6
    endloop
  endfacet
  facet normal -0.335107 0.627082 -0.703186
    outer loop
      vertex -42.1721 -40.7356 -7.62939e-07
      vertex -42.7391 -41.0386 -7.62939e-07
      vertex -43.0555 -39.4135 1.6
    endloop
  endfacet
  facet normal -0.451127 0.549559 -0.703185
    outer loop
      vertex -41.6752 -40.3277 -7.62939e-07
      vertex -42.1721 -40.7356 -7.62939e-07
      vertex -43.0555 -39.4135 1.6
    endloop
  endfacet
  facet normal -0.680412 0.206346 -0.703179
    outer loop
      vertex -40.7738 -38.6438 -7.62939e-07
      vertex -40.9604 -39.2591 -7.62939e-07
      vertex -42.4294 -38.6506 1.6
    endloop
  endfacet
  facet normal -0.678401 0.214232 -0.702763
    outer loop
      vertex -40.7738 -38.6438 -7.62939e-07
      vertex -42.3327 -38.3317 1.6
      vertex -40.7732 -38.6419 -7.62939e-07
    endloop
  endfacet
  facet normal -0.680415 0.206322 -0.703183
    outer loop
      vertex -42.3327 -38.3317 1.6
      vertex -40.7738 -38.6438 -7.62939e-07
      vertex -42.4294 -38.6506 1.6
    endloop
  endfacet
  facet normal -0.0696736 -0.707574 -0.703196
    outer loop
      vertex -44 -34.7099 -7.62939e-07
      vertex -43.3602 -34.7729 -7.62939e-07
      vertex -44 -36.3 1.6
    endloop
  endfacet
  facet normal 0.0696736 -0.707574 -0.703196
    outer loop
      vertex -44 -34.7099 -7.62939e-07
      vertex -44 -36.3 1.6
      vertex -44.6398 -34.7729 -7.62939e-07
    endloop
  endfacet
  facet normal 0.680415 -0.206322 -0.703183
    outer loop
      vertex -45.6673 -37.6683 1.6
      vertex -47.2262 -37.3562 -7.62939e-07
      vertex -45.5706 -37.3494 1.6
    endloop
  endfacet
  facet normal 0.678401 -0.214232 -0.702763
    outer loop
      vertex -47.2262 -37.3562 -7.62939e-07
      vertex -45.6673 -37.6683 1.6
      vertex -47.2268 -37.3581 -7.62939e-07
    endloop
  endfacet
  facet normal 0.707918 -0.0674207 -0.70307
    outer loop
      vertex -45.6673 -37.6683 1.6
      vertex -47.227 -37.3602 -7.62939e-07
      vertex -47.2268 -37.3581 -7.62939e-07
    endloop
  endfacet
  facet normal 0.707576 -0.069755 -0.703186
    outer loop
      vertex -47.227 -37.3602 -7.62939e-07
      vertex -45.6673 -37.6683 1.6
      vertex -45.7 -38 1.6
    endloop
  endfacet
  facet normal -0.0674207 0.707918 -0.70307
    outer loop
      vertex -43.3602 -41.227 -7.62939e-07
      vertex -43.6683 -39.6673 1.6
      vertex -43.3581 -41.2268 -7.62939e-07
    endloop
  endfacet
  facet normal -0.069755 0.707576 -0.703186
    outer loop
      vertex -43.6683 -39.6673 1.6
      vertex -43.3602 -41.227 -7.62939e-07
      vertex -44 -39.7 1.6
    endloop
  endfacet
  facet normal 0.214232 0.678401 -0.702763
    outer loop
      vertex -44.6438 -41.2262 -7.62939e-07
      vertex -44.3317 -39.6673 1.6
      vertex -44.6419 -41.2268 -7.62939e-07
    endloop
  endfacet
  facet normal 0.206322 0.680415 -0.703183
    outer loop
      vertex -44.3317 -39.6673 1.6
      vertex -44.6438 -41.2262 -7.62939e-07
      vertex -44.6506 -39.5706 1.6
    endloop
  endfacet
  facet normal 0.549559 0.451127 -0.703185
    outer loop
      vertex -45.4135 -38.9445 1.6
      vertex -46.3277 -40.3248 -7.62939e-07
      vertex -46.7356 -39.8279 -7.62939e-07
    endloop
  endfacet
  facet normal 0.551967 0.448473 -0.702997
    outer loop
      vertex -46.3277 -40.3248 -7.62939e-07
      vertex -45.2021 -39.2021 1.6
      vertex -46.3264 -40.3264 -7.62939e-07
    endloop
  endfacet
  facet normal 0.549635 0.451059 -0.70317
    outer loop
      vertex -45.2021 -39.2021 1.6
      vertex -46.3277 -40.3248 -7.62939e-07
      vertex -45.4135 -38.9445 1.6
    endloop
  endfacet
  facet normal 0.707576 0.069755 -0.703186
    outer loop
      vertex -45.6673 -38.3317 1.6
      vertex -47.227 -38.6398 -7.62939e-07
      vertex -45.7 -38 1.6
    endloop
  endfacet
  facet normal 0.707918 0.0674207 -0.70307
    outer loop
      vertex -47.227 -38.6398 -7.62939e-07
      vertex -45.6673 -38.3317 1.6
      vertex -47.2268 -38.6419 -7.62939e-07
    endloop
  endfacet
  facet normal 0.707569 0.0697837 -0.70319
    outer loop
      vertex -45.7 -38 1.6
      vertex -47.227 -38.6398 -7.62939e-07
      vertex -47.2901 -38 -7.62939e-07
    endloop
  endfacet
  facet normal 0.069755 0.707576 -0.703186
    outer loop
      vertex -44.6398 -41.227 -7.62939e-07
      vertex -44.3317 -39.6673 1.6
      vertex -44 -39.7 1.6
    endloop
  endfacet
  facet normal 0.0674207 0.707918 -0.70307
    outer loop
      vertex -44.3317 -39.6673 1.6
      vertex -44.6398 -41.227 -7.62939e-07
      vertex -44.6419 -41.2268 -7.62939e-07
    endloop
  endfacet
  facet normal -0.335107 -0.627082 -0.703186
    outer loop
      vertex -42.7391 -34.9614 -7.62939e-07
      vertex -42.1721 -35.2644 -7.62939e-07
      vertex -43.0555 -36.5865 1.6
    endloop
  endfacet
  facet normal -0.335183 -0.627055 -0.703174
    outer loop
      vertex -43.3494 -36.4294 1.6
      vertex -42.7391 -34.9614 -7.62939e-07
      vertex -43.0555 -36.5865 1.6
    endloop
  endfacet
  facet normal -0.345592 -0.622066 -0.702567
    outer loop
      vertex -42.7391 -34.9614 -7.62939e-07
      vertex -43.3494 -36.4294 1.6
      vertex -42.7409 -34.9604 -7.62939e-07
    endloop
  endfacet
  facet normal -0.551967 0.448473 -0.702997
    outer loop
      vertex -42.7979 -39.2021 1.6
      vertex -41.6723 -40.3248 -7.62939e-07
      vertex -41.6736 -40.3264 -7.62939e-07
    endloop
  endfacet
  facet normal -0.549635 0.451059 -0.70317
    outer loop
      vertex -41.6723 -40.3248 -7.62939e-07
      vertex -42.7979 -39.2021 1.6
      vertex -42.5865 -38.9445 1.6
    endloop
  endfacet
  facet normal -0.707554 0.0697528 -0.703208
    outer loop
      vertex -40.7729 -38.6398 -7.62939e-07
      vertex -42.3327 -38.3317 1.6
      vertex -42.3 -38 1.6
    endloop
  endfacet
  facet normal -0.702697 0.100385 -0.704372
    outer loop
      vertex -42.3327 -38.3317 1.6
      vertex -40.7729 -38.6398 -7.62939e-07
      vertex -40.7732 -38.6419 -7.62939e-07
    endloop
  endfacet
  facet normal 0.214232 -0.678401 -0.702763
    outer loop
      vertex -44.3317 -36.3327 1.6
      vertex -44.6438 -34.7738 -7.62939e-07
      vertex -44.6419 -34.7732 -7.62939e-07
    endloop
  endfacet
  facet normal 0.206322 -0.680415 -0.703183
    outer loop
      vertex -44.6438 -34.7738 -7.62939e-07
      vertex -44.3317 -36.3327 1.6
      vertex -44.6506 -36.4294 1.6
    endloop
  endfacet
  facet normal 0.335107 0.627082 -0.703186
    outer loop
      vertex -44.9445 -39.4135 1.6
      vertex -45.2609 -41.0386 -7.62939e-07
      vertex -45.8279 -40.7356 -7.62939e-07
    endloop
  endfacet
  facet normal 0.345592 0.622066 -0.702567
    outer loop
      vertex -45.2609 -41.0386 -7.62939e-07
      vertex -44.6506 -39.5706 1.6
      vertex -45.2591 -41.0396 -7.62939e-07
    endloop
  endfacet
  facet normal 0.335183 0.627055 -0.703174
    outer loop
      vertex -44.6506 -39.5706 1.6
      vertex -45.2609 -41.0386 -7.62939e-07
      vertex -44.9445 -39.4135 1.6
    endloop
  endfacet
  facet normal 0.680412 0.206346 -0.703179
    outer loop
      vertex -45.5706 -38.6506 1.6
      vertex -47.0396 -39.2591 -7.62939e-07
      vertex -47.2262 -38.6438 -7.62939e-07
    endloop
  endfacet
  facet normal 0.627055 0.335183 -0.703174
    outer loop
      vertex -47.0386 -39.2609 -7.62939e-07
      vertex -45.5706 -38.6506 1.6
      vertex -45.4135 -38.9445 1.6
    endloop
  endfacet
  facet normal 0.622066 0.345592 -0.702567
    outer loop
      vertex -45.5706 -38.6506 1.6
      vertex -47.0386 -39.2609 -7.62939e-07
      vertex -47.0396 -39.2591 -7.62939e-07
    endloop
  endfacet
  facet normal -0.214232 0.678401 -0.702763
    outer loop
      vertex -43.6683 -39.6673 1.6
      vertex -43.3562 -41.2262 -7.62939e-07
      vertex -43.3581 -41.2268 -7.62939e-07
    endloop
  endfacet
  facet normal -0.206322 0.680415 -0.703183
    outer loop
      vertex -43.3562 -41.2262 -7.62939e-07
      vertex -43.6683 -39.6673 1.6
      vertex -43.3494 -39.5706 1.6
    endloop
  endfacet
  facet normal -0.707569 -0.0697837 -0.70319
    outer loop
      vertex 47.227 17.6398 -7.62939e-07
      vertex 47.2901 17 -7.62939e-07
      vertex 45.7 17 1.6
    endloop
  endfacet
  facet normal 0.680415 0.206322 -0.703183
    outer loop
      vertex 40.7738 16.3562 -7.62939e-07
      vertex 42.3327 16.6683 1.6
      vertex 42.4294 16.3494 1.6
    endloop
  endfacet
  facet normal 0.678401 0.214232 -0.702763
    outer loop
      vertex 42.3327 16.6683 1.6
      vertex 40.7738 16.3562 -7.62939e-07
      vertex 40.7732 16.3581 -7.62939e-07
    endloop
  endfacet
  facet normal -0.451127 0.549559 -0.703185
    outer loop
      vertex 46.3248 14.6723 -7.62939e-07
      vertex 45.8279 14.2644 -7.62939e-07
      vertex 44.9445 15.5865 1.6
    endloop
  endfacet
  facet normal 0.549559 -0.451127 -0.703185
    outer loop
      vertex 41.6723 19.3248 -7.62939e-07
      vertex 42.5865 17.9445 1.6
      vertex 41.2644 18.8279 -7.62939e-07
    endloop
  endfacet
  facet normal -0.627082 -0.335107 -0.703186
    outer loop
      vertex 46.7356 18.8279 -7.62939e-07
      vertex 47.0386 18.2609 -7.62939e-07
      vertex 45.4135 17.9445 1.6
    endloop
  endfacet
  facet normal -0.678401 0.214232 -0.702763
    outer loop
      vertex 47.2262 16.3562 -7.62939e-07
      vertex 45.6673 16.6683 1.6
      vertex 47.2268 16.3581 -7.62939e-07
    endloop
  endfacet
  facet normal -0.680415 0.206322 -0.703183
    outer loop
      vertex 45.6673 16.6683 1.6
      vertex 47.2262 16.3562 -7.62939e-07
      vertex 45.5706 16.3494 1.6
    endloop
  endfacet
  facet normal 0.707554 0.0697528 -0.703208
    outer loop
      vertex 42.3327 16.6683 1.6
      vertex 40.7729 16.3602 -7.62939e-07
      vertex 42.3 17 1.6
    endloop
  endfacet
  facet normal 0.702697 0.100385 -0.704372
    outer loop
      vertex 40.7729 16.3602 -7.62939e-07
      vertex 42.3327 16.6683 1.6
      vertex 40.7732 16.3581 -7.62939e-07
    endloop
  endfacet
  facet normal -0.206346 0.680412 -0.703179
    outer loop
      vertex 44.6506 15.4294 1.6
      vertex 45.2591 13.9604 -7.62939e-07
      vertex 44.6438 13.7738 -7.62939e-07
    endloop
  endfacet
  facet normal -0.206322 -0.680415 -0.703183
    outer loop
      vertex 44.3317 18.6673 1.6
      vertex 44.6438 20.2262 -7.62939e-07
      vertex 44.6506 18.5706 1.6
    endloop
  endfacet
  facet normal -0.214232 -0.678401 -0.702763
    outer loop
      vertex 44.6438 20.2262 -7.62939e-07
      vertex 44.3317 18.6673 1.6
      vertex 44.6419 20.2268 -7.62939e-07
    endloop
  endfacet
  facet normal -0.0697837 -0.707569 -0.70319
    outer loop
      vertex 44 20.2901 -7.62939e-07
      vertex 44.6398 20.227 -7.62939e-07
      vertex 44 18.7 1.6
    endloop
  endfacet
  facet normal -0.680412 -0.206346 -0.703179
    outer loop
      vertex 47.0396 18.2591 -7.62939e-07
      vertex 47.2262 17.6438 -7.62939e-07
      vertex 45.5706 17.6506 1.6
    endloop
  endfacet
  facet normal -0.627082 0.335107 -0.703186
    outer loop
      vertex 47.0386 15.7391 -7.62939e-07
      vertex 46.7356 15.1721 -7.62939e-07
      vertex 45.4135 16.0555 1.6
    endloop
  endfacet
  facet normal -0.549559 0.451127 -0.703185
    outer loop
      vertex 46.7356 15.1721 -7.62939e-07
      vertex 46.3277 14.6752 -7.62939e-07
      vertex 45.4135 16.0555 1.6
    endloop
  endfacet
  facet normal -0.707569 0.0697837 -0.70319
    outer loop
      vertex 47.2901 17 -7.62939e-07
      vertex 47.227 16.3602 -7.62939e-07
      vertex 45.7 17 1.6
    endloop
  endfacet
  facet normal 0.627082 -0.335107 -0.703186
    outer loop
      vertex 41.2644 18.8279 -7.62939e-07
      vertex 42.5865 17.9445 1.6
      vertex 40.9614 18.2609 -7.62939e-07
    endloop
  endfacet
  facet normal 0.451127 -0.549559 -0.703185
    outer loop
      vertex 42.1721 19.7356 -7.62939e-07
      vertex 43.0555 18.4135 1.6
      vertex 41.6752 19.3277 -7.62939e-07
    endloop
  endfacet
  facet normal 0.549635 -0.451059 -0.70317
    outer loop
      vertex 41.6723 19.3248 -7.62939e-07
      vertex 42.7979 18.2021 1.6
      vertex 42.5865 17.9445 1.6
    endloop
  endfacet
  facet normal 0.551967 -0.448473 -0.702997
    outer loop
      vertex 42.7979 18.2021 1.6
      vertex 41.6723 19.3248 -7.62939e-07
      vertex 41.6736 19.3264 -7.62939e-07
    endloop
  endfacet
  facet normal 0.707574 -0.0696736 -0.703196
    outer loop
      vertex 40.7729 17.6398 -7.62939e-07
      vertex 42.3 17 1.6
      vertex 40.7099 17 -7.62939e-07
    endloop
  endfacet
  facet normal 0.707574 0.0696736 -0.703196
    outer loop
      vertex 42.3 17 1.6
      vertex 40.7729 16.3602 -7.62939e-07
      vertex 40.7099 17 -7.62939e-07
    endloop
  endfacet
  facet normal 0.551967 0.448473 -0.702997
    outer loop
      vertex 41.6723 14.6752 -7.62939e-07
      vertex 42.7979 15.7979 1.6
      vertex 41.6736 14.6736 -7.62939e-07
    endloop
  endfacet
  facet normal 0.549635 0.451059 -0.70317
    outer loop
      vertex 42.7979 15.7979 1.6
      vertex 41.6723 14.6752 -7.62939e-07
      vertex 42.5865 16.0555 1.6
    endloop
  endfacet
  facet normal 0.680415 -0.206322 -0.703183
    outer loop
      vertex 42.3327 17.3317 1.6
      vertex 40.7738 17.6438 -7.62939e-07
      vertex 42.4294 17.6506 1.6
    endloop
  endfacet
  facet normal 0.678401 -0.214232 -0.702763
    outer loop
      vertex 40.7738 17.6438 -7.62939e-07
      vertex 42.3327 17.3317 1.6
      vertex 40.7732 17.6419 -7.62939e-07
    endloop
  endfacet
  facet normal 0.0697837 -0.707569 -0.70319
    outer loop
      vertex 44 20.2901 -7.62939e-07
      vertex 44 18.7 1.6
      vertex 43.3602 20.227 -7.62939e-07
    endloop
  endfacet
  facet normal -0.069755 -0.707576 -0.703186
    outer loop
      vertex 44.6398 20.227 -7.62939e-07
      vertex 44.3317 18.6673 1.6
      vertex 44 18.7 1.6
    endloop
  endfacet
  facet normal -0.0674207 -0.707918 -0.70307
    outer loop
      vertex 44.3317 18.6673 1.6
      vertex 44.6398 20.227 -7.62939e-07
      vertex 44.6419 20.2268 -7.62939e-07
    endloop
  endfacet
  facet normal 0.206346 -0.680412 -0.703179
    outer loop
      vertex 43.3562 20.2262 -7.62939e-07
      vertex 43.3494 18.5706 1.6
      vertex 42.7409 20.0396 -7.62939e-07
    endloop
  endfacet
  facet normal -0.451127 -0.549559 -0.703185
    outer loop
      vertex 45.8279 19.7356 -7.62939e-07
      vertex 46.3248 19.3277 -7.62939e-07
      vertex 44.9445 18.4135 1.6
    endloop
  endfacet
  facet normal -0.622066 -0.345592 -0.702567
    outer loop
      vertex 45.5706 17.6506 1.6
      vertex 47.0386 18.2609 -7.62939e-07
      vertex 47.0396 18.2591 -7.62939e-07
    endloop
  endfacet
  facet normal -0.627055 -0.335183 -0.703174
    outer loop
      vertex 47.0386 18.2609 -7.62939e-07
      vertex 45.5706 17.6506 1.6
      vertex 45.4135 17.9445 1.6
    endloop
  endfacet
  facet normal 0.335183 -0.627055 -0.703174
    outer loop
      vertex 42.7391 20.0386 -7.62939e-07
      vertex 43.3494 18.5706 1.6
      vertex 43.0555 18.4135 1.6
    endloop
  endfacet
  facet normal 0.345592 -0.622066 -0.702567
    outer loop
      vertex 43.3494 18.5706 1.6
      vertex 42.7391 20.0386 -7.62939e-07
      vertex 42.7409 20.0396 -7.62939e-07
    endloop
  endfacet
  facet normal 0.335107 -0.627082 -0.703186
    outer loop
      vertex 42.7391 20.0386 -7.62939e-07
      vertex 43.0555 18.4135 1.6
      vertex 42.1721 19.7356 -7.62939e-07
    endloop
  endfacet
  facet normal 0.702697 -0.100385 -0.704372
    outer loop
      vertex 42.3327 17.3317 1.6
      vertex 40.7729 17.6398 -7.62939e-07
      vertex 40.7732 17.6419 -7.62939e-07
    endloop
  endfacet
  facet normal 0.707554 -0.0697528 -0.703208
    outer loop
      vertex 40.7729 17.6398 -7.62939e-07
      vertex 42.3327 17.3317 1.6
      vertex 42.3 17 1.6
    endloop
  endfacet
  facet normal 0.451127 0.549559 -0.703185
    outer loop
      vertex 43.0555 15.5865 1.6
      vertex 42.1721 14.2644 -7.62939e-07
      vertex 41.6752 14.6723 -7.62939e-07
    endloop
  endfacet
  facet normal 0.680412 0.206346 -0.703179
    outer loop
      vertex 42.4294 16.3494 1.6
      vertex 40.9604 15.7409 -7.62939e-07
      vertex 40.7738 16.3562 -7.62939e-07
    endloop
  endfacet
  facet normal 0.451059 0.549635 -0.70317
    outer loop
      vertex 41.6752 14.6723 -7.62939e-07
      vertex 42.7979 15.7979 1.6
      vertex 43.0555 15.5865 1.6
    endloop
  endfacet
  facet normal 0.448473 0.551967 -0.702997
    outer loop
      vertex 42.7979 15.7979 1.6
      vertex 41.6752 14.6723 -7.62939e-07
      vertex 41.6736 14.6736 -7.62939e-07
    endloop
  endfacet
  facet normal 0.627055 -0.335183 -0.703174
    outer loop
      vertex 42.4294 17.6506 1.6
      vertex 40.9614 18.2609 -7.62939e-07
      vertex 42.5865 17.9445 1.6
    endloop
  endfacet
  facet normal 0.622066 -0.345592 -0.702567
    outer loop
      vertex 40.9614 18.2609 -7.62939e-07
      vertex 42.4294 17.6506 1.6
      vertex 40.9604 18.2591 -7.62939e-07
    endloop
  endfacet
  facet normal 0.680412 -0.206346 -0.703179
    outer loop
      vertex 40.9604 18.2591 -7.62939e-07
      vertex 42.4294 17.6506 1.6
      vertex 40.7738 17.6438 -7.62939e-07
    endloop
  endfacet
  facet normal 0.0697837 0.707569 -0.70319
    outer loop
      vertex 44 15.3 1.6
      vertex 44 13.7099 -7.62939e-07
      vertex 43.3602 13.773 -7.62939e-07
    endloop
  endfacet
  facet normal -0.0674207 0.707918 -0.70307
    outer loop
      vertex 44.6398 13.773 -7.62939e-07
      vertex 44.3317 15.3327 1.6
      vertex 44.6419 13.7732 -7.62939e-07
    endloop
  endfacet
  facet normal -0.069755 0.707576 -0.703186
    outer loop
      vertex 44.3317 15.3327 1.6
      vertex 44.6398 13.773 -7.62939e-07
      vertex 44 15.3 1.6
    endloop
  endfacet
  facet normal 0.345592 0.622066 -0.702567
    outer loop
      vertex 42.7391 13.9614 -7.62939e-07
      vertex 43.3494 15.4294 1.6
      vertex 42.7409 13.9604 -7.62939e-07
    endloop
  endfacet
  facet normal 0.335183 0.627055 -0.703174
    outer loop
      vertex 43.3494 15.4294 1.6
      vertex 42.7391 13.9614 -7.62939e-07
      vertex 43.0555 15.5865 1.6
    endloop
  endfacet
  facet normal 0.335107 0.627082 -0.703186
    outer loop
      vertex 43.0555 15.5865 1.6
      vertex 42.7391 13.9614 -7.62939e-07
      vertex 42.1721 14.2644 -7.62939e-07
    endloop
  endfacet
  facet normal -0.448473 0.551967 -0.702997
    outer loop
      vertex 46.3248 14.6723 -7.62939e-07
      vertex 45.2021 15.7979 1.6
      vertex 46.3264 14.6736 -7.62939e-07
    endloop
  endfacet
  facet normal -0.451059 0.549635 -0.70317
    outer loop
      vertex 45.2021 15.7979 1.6
      vertex 46.3248 14.6723 -7.62939e-07
      vertex 44.9445 15.5865 1.6
    endloop
  endfacet
  facet normal -0.448473 -0.551967 -0.702997
    outer loop
      vertex 45.2021 18.2021 1.6
      vertex 46.3248 19.3277 -7.62939e-07
      vertex 46.3264 19.3264 -7.62939e-07
    endloop
  endfacet
  facet normal -0.451059 -0.549635 -0.70317
    outer loop
      vertex 46.3248 19.3277 -7.62939e-07
      vertex 45.2021 18.2021 1.6
      vertex 44.9445 18.4135 1.6
    endloop
  endfacet
  facet normal -0.206346 -0.680412 -0.703179
    outer loop
      vertex 45.2591 20.0396 -7.62939e-07
      vertex 44.6506 18.5706 1.6
      vertex 44.6438 20.2262 -7.62939e-07
    endloop
  endfacet
  facet normal 0.0674207 -0.707918 -0.70307
    outer loop
      vertex 43.3602 20.227 -7.62939e-07
      vertex 43.6683 18.6673 1.6
      vertex 43.3581 20.2268 -7.62939e-07
    endloop
  endfacet
  facet normal 0.069755 -0.707576 -0.703186
    outer loop
      vertex 43.6683 18.6673 1.6
      vertex 43.3602 20.227 -7.62939e-07
      vertex 44 18.7 1.6
    endloop
  endfacet
  facet normal 0.214232 -0.678401 -0.702763
    outer loop
      vertex 43.6683 18.6673 1.6
      vertex 43.3562 20.2262 -7.62939e-07
      vertex 43.3581 20.2268 -7.62939e-07
    endloop
  endfacet
  facet normal 0.206322 -0.680415 -0.703183
    outer loop
      vertex 43.3562 20.2262 -7.62939e-07
      vertex 43.6683 18.6673 1.6
      vertex 43.3494 18.5706 1.6
    endloop
  endfacet
  facet normal -0.707918 -0.0674207 -0.70307
    outer loop
      vertex 47.227 17.6398 -7.62939e-07
      vertex 45.6673 17.3317 1.6
      vertex 47.2268 17.6419 -7.62939e-07
    endloop
  endfacet
  facet normal -0.707576 -0.069755 -0.703186
    outer loop
      vertex 45.6673 17.3317 1.6
      vertex 47.227 17.6398 -7.62939e-07
      vertex 45.7 17 1.6
    endloop
  endfacet
  facet normal -0.678401 -0.214232 -0.702763
    outer loop
      vertex 45.6673 17.3317 1.6
      vertex 47.2262 17.6438 -7.62939e-07
      vertex 47.2268 17.6419 -7.62939e-07
    endloop
  endfacet
  facet normal -0.680415 -0.206322 -0.703183
    outer loop
      vertex 47.2262 17.6438 -7.62939e-07
      vertex 45.6673 17.3317 1.6
      vertex 45.5706 17.6506 1.6
    endloop
  endfacet
  facet normal -0.549559 -0.451127 -0.703185
    outer loop
      vertex 46.3277 19.3248 -7.62939e-07
      vertex 46.7356 18.8279 -7.62939e-07
      vertex 45.4135 17.9445 1.6
    endloop
  endfacet
  facet normal -0.549635 -0.451059 -0.70317
    outer loop
      vertex 45.2021 18.2021 1.6
      vertex 46.3277 19.3248 -7.62939e-07
      vertex 45.4135 17.9445 1.6
    endloop
  endfacet
  facet normal -0.551967 -0.448473 -0.702997
    outer loop
      vertex 46.3277 19.3248 -7.62939e-07
      vertex 45.2021 18.2021 1.6
      vertex 46.3264 19.3264 -7.62939e-07
    endloop
  endfacet
  facet normal -0.345592 0.622066 -0.702567
    outer loop
      vertex 44.6506 15.4294 1.6
      vertex 45.2609 13.9614 -7.62939e-07
      vertex 45.2591 13.9604 -7.62939e-07
    endloop
  endfacet
  facet normal -0.335183 0.627055 -0.703174
    outer loop
      vertex 45.2609 13.9614 -7.62939e-07
      vertex 44.6506 15.4294 1.6
      vertex 44.9445 15.5865 1.6
    endloop
  endfacet
  facet normal -0.335107 0.627082 -0.703186
    outer loop
      vertex 45.8279 14.2644 -7.62939e-07
      vertex 45.2609 13.9614 -7.62939e-07
      vertex 44.9445 15.5865 1.6
    endloop
  endfacet
  facet normal -0.622066 0.345592 -0.702567
    outer loop
      vertex 47.0386 15.7391 -7.62939e-07
      vertex 45.5706 16.3494 1.6
      vertex 47.0396 15.7409 -7.62939e-07
    endloop
  endfacet
  facet normal -0.627055 0.335183 -0.703174
    outer loop
      vertex 45.5706 16.3494 1.6
      vertex 47.0386 15.7391 -7.62939e-07
      vertex 45.4135 16.0555 1.6
    endloop
  endfacet
  facet normal -0.680412 0.206346 -0.703179
    outer loop
      vertex 47.2262 16.3562 -7.62939e-07
      vertex 47.0396 15.7409 -7.62939e-07
      vertex 45.5706 16.3494 1.6
    endloop
  endfacet
  facet normal 0.451059 -0.549635 -0.70317
    outer loop
      vertex 42.7979 18.2021 1.6
      vertex 41.6752 19.3277 -7.62939e-07
      vertex 43.0555 18.4135 1.6
    endloop
  endfacet
  facet normal 0.448473 -0.551967 -0.702997
    outer loop
      vertex 41.6752 19.3277 -7.62939e-07
      vertex 42.7979 18.2021 1.6
      vertex 41.6736 19.3264 -7.62939e-07
    endloop
  endfacet
  facet normal 0.627055 0.335183 -0.703174
    outer loop
      vertex 40.9614 15.7391 -7.62939e-07
      vertex 42.4294 16.3494 1.6
      vertex 42.5865 16.0555 1.6
    endloop
  endfacet
  facet normal 0.622066 0.345592 -0.702567
    outer loop
      vertex 42.4294 16.3494 1.6
      vertex 40.9614 15.7391 -7.62939e-07
      vertex 40.9604 15.7409 -7.62939e-07
    endloop
  endfacet
  facet normal 0.549559 0.451127 -0.703185
    outer loop
      vertex 42.5865 16.0555 1.6
      vertex 41.6723 14.6752 -7.62939e-07
      vertex 41.2644 15.1721 -7.62939e-07
    endloop
  endfacet
  facet normal 0.206346 0.680412 -0.703179
    outer loop
      vertex 43.3494 15.4294 1.6
      vertex 43.3562 13.7738 -7.62939e-07
      vertex 42.7409 13.9604 -7.62939e-07
    endloop
  endfacet
  facet normal -0.0697837 0.707569 -0.70319
    outer loop
      vertex 44 15.3 1.6
      vertex 44.6398 13.773 -7.62939e-07
      vertex 44 13.7099 -7.62939e-07
    endloop
  endfacet
  facet normal -0.214232 0.678401 -0.702763
    outer loop
      vertex 44.3317 15.3327 1.6
      vertex 44.6438 13.7738 -7.62939e-07
      vertex 44.6419 13.7732 -7.62939e-07
    endloop
  endfacet
  facet normal -0.206322 0.680415 -0.703183
    outer loop
      vertex 44.6438 13.7738 -7.62939e-07
      vertex 44.3317 15.3327 1.6
      vertex 44.6506 15.4294 1.6
    endloop
  endfacet
  facet normal -0.335107 -0.627082 -0.703186
    outer loop
      vertex 45.2609 20.0386 -7.62939e-07
      vertex 45.8279 19.7356 -7.62939e-07
      vertex 44.9445 18.4135 1.6
    endloop
  endfacet
  facet normal -0.335183 -0.627055 -0.703174
    outer loop
      vertex 44.6506 18.5706 1.6
      vertex 45.2609 20.0386 -7.62939e-07
      vertex 44.9445 18.4135 1.6
    endloop
  endfacet
  facet normal -0.345592 -0.622066 -0.702567
    outer loop
      vertex 45.2609 20.0386 -7.62939e-07
      vertex 44.6506 18.5706 1.6
      vertex 45.2591 20.0396 -7.62939e-07
    endloop
  endfacet
  facet normal -0.551967 0.448473 -0.702997
    outer loop
      vertex 45.2021 15.7979 1.6
      vertex 46.3277 14.6752 -7.62939e-07
      vertex 46.3264 14.6736 -7.62939e-07
    endloop
  endfacet
  facet normal -0.549635 0.451059 -0.70317
    outer loop
      vertex 46.3277 14.6752 -7.62939e-07
      vertex 45.2021 15.7979 1.6
      vertex 45.4135 16.0555 1.6
    endloop
  endfacet
  facet normal -0.707576 0.069755 -0.703186
    outer loop
      vertex 47.227 16.3602 -7.62939e-07
      vertex 45.6673 16.6683 1.6
      vertex 45.7 17 1.6
    endloop
  endfacet
  facet normal -0.707918 0.0674207 -0.70307
    outer loop
      vertex 45.6673 16.6683 1.6
      vertex 47.227 16.3602 -7.62939e-07
      vertex 47.2268 16.3581 -7.62939e-07
    endloop
  endfacet
  facet normal 0.627082 0.335107 -0.703186
    outer loop
      vertex 42.5865 16.0555 1.6
      vertex 41.2644 15.1721 -7.62939e-07
      vertex 40.9614 15.7391 -7.62939e-07
    endloop
  endfacet
  facet normal 0.214232 0.678401 -0.702763
    outer loop
      vertex 43.3562 13.7738 -7.62939e-07
      vertex 43.6683 15.3327 1.6
      vertex 43.3581 13.7732 -7.62939e-07
    endloop
  endfacet
  facet normal 0.206322 0.680415 -0.703183
    outer loop
      vertex 43.6683 15.3327 1.6
      vertex 43.3562 13.7738 -7.62939e-07
      vertex 43.3494 15.4294 1.6
    endloop
  endfacet
  facet normal 0.069755 0.707576 -0.703186
    outer loop
      vertex 43.3602 13.773 -7.62939e-07
      vertex 43.6683 15.3327 1.6
      vertex 44 15.3 1.6
    endloop
  endfacet
  facet normal 0.0674207 0.707918 -0.70307
    outer loop
      vertex 43.6683 15.3327 1.6
      vertex 43.3602 13.773 -7.62939e-07
      vertex 43.3581 13.7732 -7.62939e-07
    endloop
  endfacet
  facet normal -0.707569 -0.0697837 -0.70319
    outer loop
      vertex 47.227 -37.3602 -7.62939e-07
      vertex 47.2901 -38 -7.62939e-07
      vertex 45.7 -38 1.6
    endloop
  endfacet
  facet normal -0.680412 0.206346 -0.703179
    outer loop
      vertex 47.2262 -38.6438 -7.62939e-07
      vertex 47.0396 -39.2591 -7.62939e-07
      vertex 45.5706 -38.6506 1.6
    endloop
  endfacet
  facet normal 0.707574 0.0696736 -0.703196
    outer loop
      vertex 42.3 -38 1.6
      vertex 40.7729 -38.6398 -7.62939e-07
      vertex 40.7099 -38 -7.62939e-07
    endloop
  endfacet
  facet normal -0.549635 -0.451059 -0.70317
    outer loop
      vertex 45.2021 -36.7979 1.6
      vertex 46.3277 -35.6752 -7.62939e-07
      vertex 45.4135 -37.0555 1.6
    endloop
  endfacet
  facet normal -0.551967 -0.448473 -0.702997
    outer loop
      vertex 46.3277 -35.6752 -7.62939e-07
      vertex 45.2021 -36.7979 1.6
      vertex 46.3264 -35.6736 -7.62939e-07
    endloop
  endfacet
  facet normal 0.206346 0.680412 -0.703179
    outer loop
      vertex 43.3494 -39.5706 1.6
      vertex 43.3562 -41.2262 -7.62939e-07
      vertex 42.7409 -41.0396 -7.62939e-07
    endloop
  endfacet
  facet normal 0.627082 -0.335107 -0.703186
    outer loop
      vertex 41.2644 -36.1721 -7.62939e-07
      vertex 42.5865 -37.0555 1.6
      vertex 40.9614 -36.7391 -7.62939e-07
    endloop
  endfacet
  facet normal 0.451059 -0.549635 -0.70317
    outer loop
      vertex 42.7979 -36.7979 1.6
      vertex 41.6752 -35.6723 -7.62939e-07
      vertex 43.0555 -36.5865 1.6
    endloop
  endfacet
  facet normal 0.448473 -0.551967 -0.702997
    outer loop
      vertex 41.6752 -35.6723 -7.62939e-07
      vertex 42.7979 -36.7979 1.6
      vertex 41.6736 -35.6736 -7.62939e-07
    endloop
  endfacet
  facet normal 0.707574 -0.0696736 -0.703196
    outer loop
      vertex 40.7729 -37.3602 -7.62939e-07
      vertex 42.3 -38 1.6
      vertex 40.7099 -38 -7.62939e-07
    endloop
  endfacet
  facet normal -0.206322 -0.680415 -0.703183
    outer loop
      vertex 44.3317 -36.3327 1.6
      vertex 44.6438 -34.7738 -7.62939e-07
      vertex 44.6506 -36.4294 1.6
    endloop
  endfacet
  facet normal -0.214232 -0.678401 -0.702763
    outer loop
      vertex 44.6438 -34.7738 -7.62939e-07
      vertex 44.3317 -36.3327 1.6
      vertex 44.6419 -34.7732 -7.62939e-07
    endloop
  endfacet
  facet normal -0.345592 0.622066 -0.702567
    outer loop
      vertex 44.6506 -39.5706 1.6
      vertex 45.2609 -41.0386 -7.62939e-07
      vertex 45.2591 -41.0396 -7.62939e-07
    endloop
  endfacet
  facet normal -0.335183 0.627055 -0.703174
    outer loop
      vertex 45.2609 -41.0386 -7.62939e-07
      vertex 44.6506 -39.5706 1.6
      vertex 44.9445 -39.4135 1.6
    endloop
  endfacet
  facet normal -0.451127 0.549559 -0.703185
    outer loop
      vertex 46.3248 -40.3277 -7.62939e-07
      vertex 45.8279 -40.7356 -7.62939e-07
      vertex 44.9445 -39.4135 1.6
    endloop
  endfacet
  facet normal -0.707569 0.0697837 -0.70319
    outer loop
      vertex 47.2901 -38 -7.62939e-07
      vertex 47.227 -38.6398 -7.62939e-07
      vertex 45.7 -38 1.6
    endloop
  endfacet
  facet normal -0.678401 0.214232 -0.702763
    outer loop
      vertex 47.2262 -38.6438 -7.62939e-07
      vertex 45.6673 -38.3317 1.6
      vertex 47.2268 -38.6419 -7.62939e-07
    endloop
  endfacet
  facet normal -0.680415 0.206322 -0.703183
    outer loop
      vertex 45.6673 -38.3317 1.6
      vertex 47.2262 -38.6438 -7.62939e-07
      vertex 45.5706 -38.6506 1.6
    endloop
  endfacet
  facet normal 0.549559 -0.451127 -0.703185
    outer loop
      vertex 41.6723 -35.6752 -7.62939e-07
      vertex 42.5865 -37.0555 1.6
      vertex 41.2644 -36.1721 -7.62939e-07
    endloop
  endfacet
  facet normal 0.335183 -0.627055 -0.703174
    outer loop
      vertex 42.7391 -34.9614 -7.62939e-07
      vertex 43.3494 -36.4294 1.6
      vertex 43.0555 -36.5865 1.6
    endloop
  endfacet
  facet normal 0.345592 -0.622066 -0.702567
    outer loop
      vertex 43.3494 -36.4294 1.6
      vertex 42.7391 -34.9614 -7.62939e-07
      vertex 42.7409 -34.9604 -7.62939e-07
    endloop
  endfacet
  facet normal 0.680412 -0.206346 -0.703179
    outer loop
      vertex 40.9604 -36.7409 -7.62939e-07
      vertex 42.4294 -37.3494 1.6
      vertex 40.7738 -37.3562 -7.62939e-07
    endloop
  endfacet
  facet normal 0.680415 0.206322 -0.703183
    outer loop
      vertex 40.7738 -38.6438 -7.62939e-07
      vertex 42.3327 -38.3317 1.6
      vertex 42.4294 -38.6506 1.6
    endloop
  endfacet
  facet normal 0.678401 0.214232 -0.702763
    outer loop
      vertex 42.3327 -38.3317 1.6
      vertex 40.7738 -38.6438 -7.62939e-07
      vertex 40.7732 -38.6419 -7.62939e-07
    endloop
  endfacet
  facet normal 0.680412 0.206346 -0.703179
    outer loop
      vertex 42.4294 -38.6506 1.6
      vertex 40.9604 -39.2591 -7.62939e-07
      vertex 40.7738 -38.6438 -7.62939e-07
    endloop
  endfacet
  facet normal -0.0696736 -0.707574 -0.703196
    outer loop
      vertex 44 -34.7099 -7.62939e-07
      vertex 44.6398 -34.7729 -7.62939e-07
      vertex 44 -36.3 1.6
    endloop
  endfacet
  facet normal 0.100385 -0.702697 -0.704372
    outer loop
      vertex 43.3602 -34.7729 -7.62939e-07
      vertex 43.6683 -36.3327 1.6
      vertex 43.3581 -34.7732 -7.62939e-07
    endloop
  endfacet
  facet normal 0.0697528 -0.707554 -0.703208
    outer loop
      vertex 43.6683 -36.3327 1.6
      vertex 43.3602 -34.7729 -7.62939e-07
      vertex 44 -36.3 1.6
    endloop
  endfacet
  facet normal -0.680412 -0.206346 -0.703179
    outer loop
      vertex 47.0396 -36.7409 -7.62939e-07
      vertex 47.2262 -37.3562 -7.62939e-07
      vertex 45.5706 -37.3494 1.6
    endloop
  endfacet
  facet normal -0.627082 -0.335107 -0.703186
    outer loop
      vertex 46.7356 -36.1721 -7.62939e-07
      vertex 47.0386 -36.7391 -7.62939e-07
      vertex 45.4135 -37.0555 1.6
    endloop
  endfacet
  facet normal -0.451127 -0.549559 -0.703185
    outer loop
      vertex 45.8279 -35.2644 -7.62939e-07
      vertex 46.3248 -35.6723 -7.62939e-07
      vertex 44.9445 -36.5865 1.6
    endloop
  endfacet
  facet normal -0.206346 0.680412 -0.703179
    outer loop
      vertex 44.6506 -39.5706 1.6
      vertex 45.2591 -41.0396 -7.62939e-07
      vertex 44.6438 -41.2262 -7.62939e-07
    endloop
  endfacet
  facet normal -0.335107 0.627082 -0.703186
    outer loop
      vertex 45.8279 -40.7356 -7.62939e-07
      vertex 45.2609 -41.0386 -7.62939e-07
      vertex 44.9445 -39.4135 1.6
    endloop
  endfacet
  facet normal -0.549559 0.451127 -0.703185
    outer loop
      vertex 46.7356 -39.8279 -7.62939e-07
      vertex 46.3277 -40.3248 -7.62939e-07
      vertex 45.4135 -38.9445 1.6
    endloop
  endfacet
  facet normal -0.627082 0.335107 -0.703186
    outer loop
      vertex 47.0386 -39.2609 -7.62939e-07
      vertex 46.7356 -39.8279 -7.62939e-07
      vertex 45.4135 -38.9445 1.6
    endloop
  endfacet
  facet normal 0.451127 -0.549559 -0.703185
    outer loop
      vertex 42.1721 -35.2644 -7.62939e-07
      vertex 43.0555 -36.5865 1.6
      vertex 41.6752 -35.6723 -7.62939e-07
    endloop
  endfacet
  facet normal 0.335107 -0.627082 -0.703186
    outer loop
      vertex 42.7391 -34.9614 -7.62939e-07
      vertex 43.0555 -36.5865 1.6
      vertex 42.1721 -35.2644 -7.62939e-07
    endloop
  endfacet
  facet normal 0.549635 -0.451059 -0.70317
    outer loop
      vertex 41.6723 -35.6752 -7.62939e-07
      vertex 42.7979 -36.7979 1.6
      vertex 42.5865 -37.0555 1.6
    endloop
  endfacet
  facet normal 0.551967 -0.448473 -0.702997
    outer loop
      vertex 42.7979 -36.7979 1.6
      vertex 41.6723 -35.6752 -7.62939e-07
      vertex 41.6736 -35.6736 -7.62939e-07
    endloop
  endfacet
  facet normal 0.0696736 -0.707574 -0.703196
    outer loop
      vertex 44 -34.7099 -7.62939e-07
      vertex 44 -36.3 1.6
      vertex 43.3602 -34.7729 -7.62939e-07
    endloop
  endfacet
  facet normal 0.627055 -0.335183 -0.703174
    outer loop
      vertex 42.4294 -37.3494 1.6
      vertex 40.9614 -36.7391 -7.62939e-07
      vertex 42.5865 -37.0555 1.6
    endloop
  endfacet
  facet normal 0.622066 -0.345592 -0.702567
    outer loop
      vertex 40.9614 -36.7391 -7.62939e-07
      vertex 42.4294 -37.3494 1.6
      vertex 40.9604 -36.7409 -7.62939e-07
    endloop
  endfacet
  facet normal 0.707554 0.0697528 -0.703208
    outer loop
      vertex 42.3327 -38.3317 1.6
      vertex 40.7729 -38.6398 -7.62939e-07
      vertex 42.3 -38 1.6
    endloop
  endfacet
  facet normal 0.702697 0.100385 -0.704372
    outer loop
      vertex 40.7729 -38.6398 -7.62939e-07
      vertex 42.3327 -38.3317 1.6
      vertex 40.7732 -38.6419 -7.62939e-07
    endloop
  endfacet
  facet normal 0.627082 0.335107 -0.703186
    outer loop
      vertex 42.5865 -38.9445 1.6
      vertex 41.2644 -39.8279 -7.62939e-07
      vertex 40.9614 -39.2609 -7.62939e-07
    endloop
  endfacet
  facet normal 0.0697837 0.707569 -0.70319
    outer loop
      vertex 44 -39.7 1.6
      vertex 44 -41.2901 -7.62939e-07
      vertex 43.3602 -41.227 -7.62939e-07
    endloop
  endfacet
  facet normal -0.0697837 0.707569 -0.70319
    outer loop
      vertex 44 -39.7 1.6
      vertex 44.6398 -41.227 -7.62939e-07
      vertex 44 -41.2901 -7.62939e-07
    endloop
  endfacet
  facet normal 0.451127 0.549559 -0.703185
    outer loop
      vertex 43.0555 -39.4135 1.6
      vertex 42.1721 -40.7356 -7.62939e-07
      vertex 41.6752 -40.3277 -7.62939e-07
    endloop
  endfacet
  facet normal -0.448473 -0.551967 -0.702997
    outer loop
      vertex 45.2021 -36.7979 1.6
      vertex 46.3248 -35.6723 -7.62939e-07
      vertex 46.3264 -35.6736 -7.62939e-07
    endloop
  endfacet
  facet normal -0.451059 -0.549635 -0.70317
    outer loop
      vertex 46.3248 -35.6723 -7.62939e-07
      vertex 45.2021 -36.7979 1.6
      vertex 44.9445 -36.5865 1.6
    endloop
  endfacet
  facet normal -0.206346 -0.680412 -0.703179
    outer loop
      vertex 45.2591 -34.9604 -7.62939e-07
      vertex 44.6506 -36.4294 1.6
      vertex 44.6438 -34.7738 -7.62939e-07
    endloop
  endfacet
  facet normal -0.707918 -0.0674207 -0.70307
    outer loop
      vertex 47.227 -37.3602 -7.62939e-07
      vertex 45.6673 -37.6683 1.6
      vertex 47.2268 -37.3581 -7.62939e-07
    endloop
  endfacet
  facet normal -0.707576 -0.069755 -0.703186
    outer loop
      vertex 45.6673 -37.6683 1.6
      vertex 47.227 -37.3602 -7.62939e-07
      vertex 45.7 -38 1.6
    endloop
  endfacet
  facet normal -0.678401 -0.214232 -0.702763
    outer loop
      vertex 45.6673 -37.6683 1.6
      vertex 47.2262 -37.3562 -7.62939e-07
      vertex 47.2268 -37.3581 -7.62939e-07
    endloop
  endfacet
  facet normal -0.680415 -0.206322 -0.703183
    outer loop
      vertex 47.2262 -37.3562 -7.62939e-07
      vertex 45.6673 -37.6683 1.6
      vertex 45.5706 -37.3494 1.6
    endloop
  endfacet
  facet normal -0.549559 -0.451127 -0.703185
    outer loop
      vertex 46.3277 -35.6752 -7.62939e-07
      vertex 46.7356 -36.1721 -7.62939e-07
      vertex 45.4135 -37.0555 1.6
    endloop
  endfacet
  facet normal -0.622066 -0.345592 -0.702567
    outer loop
      vertex 45.5706 -37.3494 1.6
      vertex 47.0386 -36.7391 -7.62939e-07
      vertex 47.0396 -36.7409 -7.62939e-07
    endloop
  endfacet
  facet normal -0.627055 -0.335183 -0.703174
    outer loop
      vertex 47.0386 -36.7391 -7.62939e-07
      vertex 45.5706 -37.3494 1.6
      vertex 45.4135 -37.0555 1.6
    endloop
  endfacet
  facet normal -0.448473 0.551967 -0.702997
    outer loop
      vertex 46.3248 -40.3277 -7.62939e-07
      vertex 45.2021 -39.2021 1.6
      vertex 46.3264 -40.3264 -7.62939e-07
    endloop
  endfacet
  facet normal -0.451059 0.549635 -0.70317
    outer loop
      vertex 45.2021 -39.2021 1.6
      vertex 46.3248 -40.3277 -7.62939e-07
      vertex 44.9445 -39.4135 1.6
    endloop
  endfacet
  facet normal -0.622066 0.345592 -0.702567
    outer loop
      vertex 47.0386 -39.2609 -7.62939e-07
      vertex 45.5706 -38.6506 1.6
      vertex 47.0396 -39.2591 -7.62939e-07
    endloop
  endfacet
  facet normal -0.627055 0.335183 -0.703174
    outer loop
      vertex 45.5706 -38.6506 1.6
      vertex 47.0386 -39.2609 -7.62939e-07
      vertex 45.4135 -38.9445 1.6
    endloop
  endfacet
  facet normal 0.214232 -0.678401 -0.702763
    outer loop
      vertex 43.6683 -36.3327 1.6
      vertex 43.3562 -34.7738 -7.62939e-07
      vertex 43.3581 -34.7732 -7.62939e-07
    endloop
  endfacet
  facet normal 0.206322 -0.680415 -0.703183
    outer loop
      vertex 43.3562 -34.7738 -7.62939e-07
      vertex 43.6683 -36.3327 1.6
      vertex 43.3494 -36.4294 1.6
    endloop
  endfacet
  facet normal 0.206346 -0.680412 -0.703179
    outer loop
      vertex 43.3562 -34.7738 -7.62939e-07
      vertex 43.3494 -36.4294 1.6
      vertex 42.7409 -34.9604 -7.62939e-07
    endloop
  endfacet
  facet normal -0.0697528 -0.707554 -0.703208
    outer loop
      vertex 44.6398 -34.7729 -7.62939e-07
      vertex 44.3317 -36.3327 1.6
      vertex 44 -36.3 1.6
    endloop
  endfacet
  facet normal -0.100385 -0.702697 -0.704372
    outer loop
      vertex 44.3317 -36.3327 1.6
      vertex 44.6398 -34.7729 -7.62939e-07
      vertex 44.6419 -34.7732 -7.62939e-07
    endloop
  endfacet
  facet normal 0.680415 -0.206322 -0.703183
    outer loop
      vertex 42.3327 -37.6683 1.6
      vertex 40.7738 -37.3562 -7.62939e-07
      vertex 42.4294 -37.3494 1.6
    endloop
  endfacet
  facet normal 0.678401 -0.214232 -0.702763
    outer loop
      vertex 40.7738 -37.3562 -7.62939e-07
      vertex 42.3327 -37.6683 1.6
      vertex 40.7732 -37.3581 -7.62939e-07
    endloop
  endfacet
  facet normal 0.702697 -0.100385 -0.704372
    outer loop
      vertex 42.3327 -37.6683 1.6
      vertex 40.7729 -37.3602 -7.62939e-07
      vertex 40.7732 -37.3581 -7.62939e-07
    endloop
  endfacet
  facet normal 0.707554 -0.0697528 -0.703208
    outer loop
      vertex 40.7729 -37.3602 -7.62939e-07
      vertex 42.3327 -37.6683 1.6
      vertex 42.3 -38 1.6
    endloop
  endfacet
  facet normal 0.549559 0.451127 -0.703185
    outer loop
      vertex 42.5865 -38.9445 1.6
      vertex 41.6723 -40.3248 -7.62939e-07
      vertex 41.2644 -39.8279 -7.62939e-07
    endloop
  endfacet
  facet normal 0.551967 0.448473 -0.702997
    outer loop
      vertex 41.6723 -40.3248 -7.62939e-07
      vertex 42.7979 -39.2021 1.6
      vertex 41.6736 -40.3264 -7.62939e-07
    endloop
  endfacet
  facet normal 0.549635 0.451059 -0.70317
    outer loop
      vertex 42.7979 -39.2021 1.6
      vertex 41.6723 -40.3248 -7.62939e-07
      vertex 42.5865 -38.9445 1.6
    endloop
  endfacet
  facet normal 0.451059 0.549635 -0.70317
    outer loop
      vertex 41.6752 -40.3277 -7.62939e-07
      vertex 42.7979 -39.2021 1.6
      vertex 43.0555 -39.4135 1.6
    endloop
  endfacet
  facet normal 0.448473 0.551967 -0.702997
    outer loop
      vertex 42.7979 -39.2021 1.6
      vertex 41.6752 -40.3277 -7.62939e-07
      vertex 41.6736 -40.3264 -7.62939e-07
    endloop
  endfacet
  facet normal -0.0674207 0.707918 -0.70307
    outer loop
      vertex 44.6398 -41.227 -7.62939e-07
      vertex 44.3317 -39.6673 1.6
      vertex 44.6419 -41.2268 -7.62939e-07
    endloop
  endfacet
  facet normal -0.069755 0.707576 -0.703186
    outer loop
      vertex 44.3317 -39.6673 1.6
      vertex 44.6398 -41.227 -7.62939e-07
      vertex 44 -39.7 1.6
    endloop
  endfacet
  facet normal 0.214232 0.678401 -0.702763
    outer loop
      vertex 43.3562 -41.2262 -7.62939e-07
      vertex 43.6683 -39.6673 1.6
      vertex 43.3581 -41.2268 -7.62939e-07
    endloop
  endfacet
  facet normal 0.206322 0.680415 -0.703183
    outer loop
      vertex 43.6683 -39.6673 1.6
      vertex 43.3562 -41.2262 -7.62939e-07
      vertex 43.3494 -39.5706 1.6
    endloop
  endfacet
  facet normal 0.069755 0.707576 -0.703186
    outer loop
      vertex 43.3602 -41.227 -7.62939e-07
      vertex 43.6683 -39.6673 1.6
      vertex 44 -39.7 1.6
    endloop
  endfacet
  facet normal 0.0674207 0.707918 -0.70307
    outer loop
      vertex 43.6683 -39.6673 1.6
      vertex 43.3602 -41.227 -7.62939e-07
      vertex 43.3581 -41.2268 -7.62939e-07
    endloop
  endfacet
  facet normal -0.335107 -0.627082 -0.703186
    outer loop
      vertex 45.2609 -34.9614 -7.62939e-07
      vertex 45.8279 -35.2644 -7.62939e-07
      vertex 44.9445 -36.5865 1.6
    endloop
  endfacet
  facet normal -0.335183 -0.627055 -0.703174
    outer loop
      vertex 44.6506 -36.4294 1.6
      vertex 45.2609 -34.9614 -7.62939e-07
      vertex 44.9445 -36.5865 1.6
    endloop
  endfacet
  facet normal -0.345592 -0.622066 -0.702567
    outer loop
      vertex 45.2609 -34.9614 -7.62939e-07
      vertex 44.6506 -36.4294 1.6
      vertex 45.2591 -34.9604 -7.62939e-07
    endloop
  endfacet
  facet normal -0.551967 0.448473 -0.702997
    outer loop
      vertex 45.2021 -39.2021 1.6
      vertex 46.3277 -40.3248 -7.62939e-07
      vertex 46.3264 -40.3264 -7.62939e-07
    endloop
  endfacet
  facet normal -0.549635 0.451059 -0.70317
    outer loop
      vertex 46.3277 -40.3248 -7.62939e-07
      vertex 45.2021 -39.2021 1.6
      vertex 45.4135 -38.9445 1.6
    endloop
  endfacet
  facet normal -0.707576 0.069755 -0.703186
    outer loop
      vertex 47.227 -38.6398 -7.62939e-07
      vertex 45.6673 -38.3317 1.6
      vertex 45.7 -38 1.6
    endloop
  endfacet
  facet normal -0.707918 0.0674207 -0.70307
    outer loop
      vertex 45.6673 -38.3317 1.6
      vertex 47.227 -38.6398 -7.62939e-07
      vertex 47.2268 -38.6419 -7.62939e-07
    endloop
  endfacet
  facet normal 0.627055 0.335183 -0.703174
    outer loop
      vertex 40.9614 -39.2609 -7.62939e-07
      vertex 42.4294 -38.6506 1.6
      vertex 42.5865 -38.9445 1.6
    endloop
  endfacet
  facet normal 0.622066 0.345592 -0.702567
    outer loop
      vertex 42.4294 -38.6506 1.6
      vertex 40.9614 -39.2609 -7.62939e-07
      vertex 40.9604 -39.2591 -7.62939e-07
    endloop
  endfacet
  facet normal 0.335107 0.627082 -0.703186
    outer loop
      vertex 43.0555 -39.4135 1.6
      vertex 42.7391 -41.0386 -7.62939e-07
      vertex 42.1721 -40.7356 -7.62939e-07
    endloop
  endfacet
  facet normal 0.345592 0.622066 -0.702567
    outer loop
      vertex 42.7391 -41.0386 -7.62939e-07
      vertex 43.3494 -39.5706 1.6
      vertex 42.7409 -41.0396 -7.62939e-07
    endloop
  endfacet
  facet normal 0.335183 0.627055 -0.703174
    outer loop
      vertex 43.3494 -39.5706 1.6
      vertex 42.7391 -41.0386 -7.62939e-07
      vertex 43.0555 -39.4135 1.6
    endloop
  endfacet
  facet normal -0.214232 0.678401 -0.702763
    outer loop
      vertex 44.3317 -39.6673 1.6
      vertex 44.6438 -41.2262 -7.62939e-07
      vertex 44.6419 -41.2268 -7.62939e-07
    endloop
  endfacet
  facet normal -0.206322 0.680415 -0.703183
    outer loop
      vertex 44.6438 -41.2262 -7.62939e-07
      vertex 44.3317 -39.6673 1.6
      vertex 44.6506 -39.5706 1.6
    endloop
  endfacet
endsolid OpenSCAD_Model
