solid OpenSCAD_Model
  facet normal -0.993884 -0.110432 0
    outer loop
      vertex -38.3372 -39.6465 0
      vertex -38.336 -39.6573 1.4
      vertex -38.3372 -39.6465 1.40206
    endloop
  endfacet
  facet normal -0.994509 -0.104655 4.50935e-05
    outer loop
      vertex -38.3 -40 0
      vertex -38.336 -39.6573 1.4
      vertex -38.3372 -39.6465 0
    endloop
  endfacet
  facet normal -0.994528 -0.104473 0
    outer loop
      vertex -38.336 -39.6573 1.4
      vertex -38.3 -40 0
      vertex -38.3 -40 1.4
    endloop
  endfacet
  facet normal 0.993884 -0.110432 0
    outer loop
      vertex -41.664 -39.6573 1.4
      vertex -41.6628 -39.6465 0
      vertex -41.6628 -39.6465 1.40206
    endloop
  endfacet
  facet normal 0.994528 -0.104473 4.65155e-05
    outer loop
      vertex -41.7 -40 1.4
      vertex -41.6628 -39.6465 0
      vertex -41.664 -39.6573 1.4
    endloop
  endfacet
  facet normal 0.994509 -0.104655 0
    outer loop
      vertex -41.6628 -39.6465 0
      vertex -41.7 -40 1.4
      vertex -41.7 -40 0
    endloop
  endfacet
  facet normal 0 -1 -0
    outer loop
      vertex -40.0946 -38.3093 1.4
      vertex -40.1777 -38.3093 0
      vertex -39.9054 -38.3093 1.4
    endloop
  endfacet
  facet normal 0 -1 0
    outer loop
      vertex -40.1777 -38.3093 0
      vertex -40.0946 -38.3093 1.4
      vertex -40.1777 -38.3093 1.40824
    endloop
  endfacet
  facet normal 0 -1 0
    outer loop
      vertex -39.8223 -38.3093 0
      vertex -39.9054 -38.3093 1.4
      vertex -40.1777 -38.3093 0
    endloop
  endfacet
  facet normal 0 -1 0
    outer loop
      vertex -39.9054 -38.3093 1.4
      vertex -39.8223 -38.3093 0
      vertex -39.8223 -38.3093 1.40824
    endloop
  endfacet
  facet normal 0 1 0
    outer loop
      vertex -39.9054 -41.6907 1.4
      vertex -39.8223 -41.6907 0
      vertex -40.0946 -41.6907 1.4
    endloop
  endfacet
  facet normal 0 1 -0
    outer loop
      vertex -39.8223 -41.6907 0
      vertex -39.9054 -41.6907 1.4
      vertex -39.8223 -41.6907 1.40824
    endloop
  endfacet
  facet normal 0 1 0
    outer loop
      vertex -40.1777 -41.6907 0
      vertex -40.0946 -41.6907 1.4
      vertex -39.8223 -41.6907 0
    endloop
  endfacet
  facet normal 0 1 0
    outer loop
      vertex -40.0946 -41.6907 1.4
      vertex -40.1777 -41.6907 0
      vertex -40.1777 -41.6907 1.40824
    endloop
  endfacet
  facet normal -0.742478 -0.66987 0
    outer loop
      vertex -38.8625 -38.7367 0
      vertex -38.8339 -38.7684 1.4
      vertex -38.8625 -38.7367 1.40647
    endloop
  endfacet
  facet normal -0.743194 -0.669076 3.25931e-05
    outer loop
      vertex -38.8625 -38.7367 0
      vertex -38.7012 -38.9158 1.4
      vertex -38.8339 -38.7684 1.4
    endloop
  endfacet
  facet normal -0.74314 -0.669136 1.87926e-05
    outer loop
      vertex -38.6247 -39.0008 0
      vertex -38.7012 -38.9158 1.4
      vertex -38.8625 -38.7367 0
    endloop
  endfacet
  facet normal -0.743294 -0.668965 0
    outer loop
      vertex -38.7012 -38.9158 1.4
      vertex -38.6247 -39.0008 0
      vertex -38.6247 -39.0008 1.4053
    endloop
  endfacet
  facet normal -0.950522 -0.310658 0
    outer loop
      vertex -38.447 -39.3085 0
      vertex -38.4403 -39.329 1.4
      vertex -38.447 -39.3085 1.40382
    endloop
  endfacet
  facet normal -0.951088 -0.308919 2.81795e-05
    outer loop
      vertex -38.447 -39.3085 0
      vertex -38.3692 -39.5479 1.4
      vertex -38.4403 -39.329 1.4
    endloop
  endfacet
  facet normal -0.951075 -0.308959 2.06616e-05
    outer loop
      vertex -38.3372 -39.6465 0
      vertex -38.3692 -39.5479 1.4
      vertex -38.447 -39.3085 0
    endloop
  endfacet
  facet normal -0.951162 -0.308693 0
    outer loop
      vertex -38.3692 -39.5479 1.4
      vertex -38.3372 -39.6465 0
      vertex -38.3372 -39.6465 1.40206
    endloop
  endfacet
  facet normal 0.58782 -0.808992 3.37666e-05
    outer loop
      vertex -40.85 -38.5278 0
      vertex -41.0495 -38.6727 1.4
      vertex -41.1375 -38.7367 0
    endloop
  endfacet
  facet normal 0.588172 -0.808736 0
    outer loop
      vertex -41.1375 -38.7367 0
      vertex -41.0495 -38.6727 1.4
      vertex -41.1375 -38.7367 1.40647
    endloop
  endfacet
  facet normal 0.587772 -0.809027 2.32627e-05
    outer loop
      vertex -41.0495 -38.6727 1.4
      vertex -40.85 -38.5278 0
      vertex -40.893 -38.559 1.4
    endloop
  endfacet
  facet normal 0.587276 -0.809387 0
    outer loop
      vertex -40.893 -38.559 1.4
      vertex -40.85 -38.5278 0
      vertex -40.85 -38.5278 1.40736
    endloop
  endfacet
  facet normal 0.207953 -0.978139 -1.33463e-05
    outer loop
      vertex -40.1777 -38.3093 0
      vertex -40.4349 -38.364 1.4
      vertex -40.5253 -38.3832 0
    endloop
  endfacet
  facet normal 0.207755 -0.978181 0
    outer loop
      vertex -40.5253 -38.3832 0
      vertex -40.4349 -38.364 1.4
      vertex -40.5253 -38.3832 1.40795
    endloop
  endfacet
  facet normal 0.207871 -0.978156 -2.90176e-05
    outer loop
      vertex -40.4349 -38.364 1.4
      vertex -40.1777 -38.3093 0
      vertex -40.2495 -38.3246 1.4
    endloop
  endfacet
  facet normal 0.208413 -0.978041 0
    outer loop
      vertex -40.2495 -38.3246 1.4
      vertex -40.1777 -38.3093 0
      vertex -40.1777 -38.3093 1.40824
    endloop
  endfacet
  facet normal -0.865998 0.500047 0
    outer loop
      vertex -38.447 -40.6915 0
      vertex -38.5048 -40.7916 1.4
      vertex -38.447 -40.6915 1.40382
    endloop
  endfacet
  facet normal -0.865965 0.500104 5.44771e-06
    outer loop
      vertex -38.6247 -40.9992 0
      vertex -38.5048 -40.7916 1.4
      vertex -38.447 -40.6915 0
    endloop
  endfacet
  facet normal -0.866041 0.499973 3.14461e-05
    outer loop
      vertex -38.5048 -40.7916 1.4
      vertex -38.6247 -40.9992 0
      vertex -38.6086 -40.9714 1.4
    endloop
  endfacet
  facet normal -0.865355 0.501159 0
    outer loop
      vertex -38.6086 -40.9714 1.4
      vertex -38.6247 -40.9992 0
      vertex -38.6247 -40.9992 1.4053
    endloop
  endfacet
  facet normal -0.865355 -0.501159 0
    outer loop
      vertex -38.6247 -39.0008 0
      vertex -38.6086 -39.0286 1.4
      vertex -38.6247 -39.0008 1.4053
    endloop
  endfacet
  facet normal -0.866041 -0.499973 3.14461e-05
    outer loop
      vertex -38.6247 -39.0008 0
      vertex -38.5048 -39.2084 1.4
      vertex -38.6086 -39.0286 1.4
    endloop
  endfacet
  facet normal -0.865965 -0.500104 5.44771e-06
    outer loop
      vertex -38.447 -39.3085 0
      vertex -38.5048 -39.2084 1.4
      vertex -38.6247 -39.0008 0
    endloop
  endfacet
  facet normal -0.865998 -0.500047 0
    outer loop
      vertex -38.5048 -39.2084 1.4
      vertex -38.447 -39.3085 0
      vertex -38.447 -39.3085 1.40382
    endloop
  endfacet
  facet normal -0.406527 -0.913639 -2.42479e-05
    outer loop
      vertex -39.4168 -38.409 1.4
      vertex -39.4747 -38.3832 0
      vertex -39.2424 -38.4866 1.4
    endloop
  endfacet
  facet normal -0.407017 -0.913421 0
    outer loop
      vertex -39.4747 -38.3832 0
      vertex -39.4168 -38.409 1.4
      vertex -39.4747 -38.3832 1.40795
    endloop
  endfacet
  facet normal -0.406817 -0.91351 3.33588e-05
    outer loop
      vertex -39.15 -38.5278 0
      vertex -39.2424 -38.4866 1.4
      vertex -39.4747 -38.3832 0
    endloop
  endfacet
  facet normal -0.407239 -0.913322 0
    outer loop
      vertex -39.2424 -38.4866 1.4
      vertex -39.15 -38.5278 0
      vertex -39.15 -38.5278 1.40736
    endloop
  endfacet
  facet normal -0.207871 -0.978156 -2.90176e-05
    outer loop
      vertex -39.7505 -38.3246 1.4
      vertex -39.8223 -38.3093 0
      vertex -39.5651 -38.364 1.4
    endloop
  endfacet
  facet normal -0.208413 -0.978041 0
    outer loop
      vertex -39.8223 -38.3093 0
      vertex -39.7505 -38.3246 1.4
      vertex -39.8223 -38.3093 1.40824
    endloop
  endfacet
  facet normal -0.207953 -0.978139 -1.33463e-05
    outer loop
      vertex -39.4747 -38.3832 0
      vertex -39.5651 -38.364 1.4
      vertex -39.8223 -38.3093 0
    endloop
  endfacet
  facet normal -0.207755 -0.978181 0
    outer loop
      vertex -39.5651 -38.364 1.4
      vertex -39.4747 -38.3832 0
      vertex -39.4747 -38.3832 1.40795
    endloop
  endfacet
  facet normal -0.587772 -0.809027 2.32627e-05
    outer loop
      vertex -39.107 -38.559 1.4
      vertex -39.15 -38.5278 0
      vertex -38.9505 -38.6727 1.4
    endloop
  endfacet
  facet normal -0.587276 -0.809387 0
    outer loop
      vertex -39.15 -38.5278 0
      vertex -39.107 -38.559 1.4
      vertex -39.15 -38.5278 1.40736
    endloop
  endfacet
  facet normal -0.58782 -0.808992 3.37666e-05
    outer loop
      vertex -38.8625 -38.7367 0
      vertex -38.9505 -38.6727 1.4
      vertex -39.15 -38.5278 0
    endloop
  endfacet
  facet normal -0.588172 -0.808736 0
    outer loop
      vertex -38.9505 -38.6727 1.4
      vertex -38.8625 -38.7367 0
      vertex -38.8625 -38.7367 1.40647
    endloop
  endfacet
  facet normal 0.865355 -0.501159 0
    outer loop
      vertex -41.3914 -39.0286 1.4
      vertex -41.3753 -39.0008 0
      vertex -41.3753 -39.0008 1.4053
    endloop
  endfacet
  facet normal 0.866041 -0.499973 3.14461e-05
    outer loop
      vertex -41.4952 -39.2084 1.4
      vertex -41.3753 -39.0008 0
      vertex -41.3914 -39.0286 1.4
    endloop
  endfacet
  facet normal 0.865998 -0.500047 0
    outer loop
      vertex -41.553 -39.3085 0
      vertex -41.4952 -39.2084 1.4
      vertex -41.553 -39.3085 1.40382
    endloop
  endfacet
  facet normal 0.865965 -0.500104 5.44771e-06
    outer loop
      vertex -41.4952 -39.2084 1.4
      vertex -41.553 -39.3085 0
      vertex -41.3753 -39.0008 0
    endloop
  endfacet
  facet normal 0.742478 -0.66987 0
    outer loop
      vertex -41.1661 -38.7684 1.4
      vertex -41.1375 -38.7367 0
      vertex -41.1375 -38.7367 1.40647
    endloop
  endfacet
  facet normal 0.743194 -0.669076 3.25931e-05
    outer loop
      vertex -41.2988 -38.9158 1.4
      vertex -41.1375 -38.7367 0
      vertex -41.1661 -38.7684 1.4
    endloop
  endfacet
  facet normal 0.743294 -0.668965 0
    outer loop
      vertex -41.3753 -39.0008 0
      vertex -41.2988 -38.9158 1.4
      vertex -41.3753 -39.0008 1.4053
    endloop
  endfacet
  facet normal 0.74314 -0.669136 1.87926e-05
    outer loop
      vertex -41.2988 -38.9158 1.4
      vertex -41.3753 -39.0008 0
      vertex -41.1375 -38.7367 0
    endloop
  endfacet
  facet normal 0.950522 -0.310658 0
    outer loop
      vertex -41.5597 -39.329 1.4
      vertex -41.553 -39.3085 0
      vertex -41.553 -39.3085 1.40382
    endloop
  endfacet
  facet normal 0.951088 -0.308919 2.81795e-05
    outer loop
      vertex -41.6308 -39.5479 1.4
      vertex -41.553 -39.3085 0
      vertex -41.5597 -39.329 1.4
    endloop
  endfacet
  facet normal 0.951162 -0.308693 0
    outer loop
      vertex -41.6628 -39.6465 0
      vertex -41.6308 -39.5479 1.4
      vertex -41.6628 -39.6465 1.40206
    endloop
  endfacet
  facet normal 0.951075 -0.308959 2.06616e-05
    outer loop
      vertex -41.6308 -39.5479 1.4
      vertex -41.6628 -39.6465 0
      vertex -41.553 -39.3085 0
    endloop
  endfacet
  facet normal 0.406817 -0.91351 3.33588e-05
    outer loop
      vertex -40.5253 -38.3832 0
      vertex -40.7576 -38.4866 1.4
      vertex -40.85 -38.5278 0
    endloop
  endfacet
  facet normal 0.407239 -0.913322 0
    outer loop
      vertex -40.85 -38.5278 0
      vertex -40.7576 -38.4866 1.4
      vertex -40.85 -38.5278 1.40736
    endloop
  endfacet
  facet normal 0.406527 -0.913639 -2.42479e-05
    outer loop
      vertex -40.7576 -38.4866 1.4
      vertex -40.5253 -38.3832 0
      vertex -40.5832 -38.409 1.4
    endloop
  endfacet
  facet normal 0.407017 -0.913421 0
    outer loop
      vertex -40.5832 -38.409 1.4
      vertex -40.5253 -38.3832 0
      vertex -40.5253 -38.3832 1.40795
    endloop
  endfacet
  facet normal -0.994528 0.104473 0
    outer loop
      vertex -38.3 -40 0
      vertex -38.336 -40.3427 1.4
      vertex -38.3 -40 1.4
    endloop
  endfacet
  facet normal -0.994509 0.104655 4.50935e-05
    outer loop
      vertex -38.3372 -40.3535 0
      vertex -38.336 -40.3427 1.4
      vertex -38.3 -40 0
    endloop
  endfacet
  facet normal -0.993884 0.110432 0
    outer loop
      vertex -38.336 -40.3427 1.4
      vertex -38.3372 -40.3535 0
      vertex -38.3372 -40.3535 1.40206
    endloop
  endfacet
  facet normal -0.58782 0.808992 3.37666e-05
    outer loop
      vertex -39.15 -41.4722 0
      vertex -38.9505 -41.3273 1.4
      vertex -38.8625 -41.2633 0
    endloop
  endfacet
  facet normal -0.588172 0.808736 0
    outer loop
      vertex -38.8625 -41.2633 0
      vertex -38.9505 -41.3273 1.4
      vertex -38.8625 -41.2633 1.40647
    endloop
  endfacet
  facet normal -0.587772 0.809027 2.32627e-05
    outer loop
      vertex -38.9505 -41.3273 1.4
      vertex -39.15 -41.4722 0
      vertex -39.107 -41.441 1.4
    endloop
  endfacet
  facet normal -0.587276 0.809387 0
    outer loop
      vertex -39.107 -41.441 1.4
      vertex -39.15 -41.4722 0
      vertex -39.15 -41.4722 1.40736
    endloop
  endfacet
  facet normal -0.743294 0.668965 0
    outer loop
      vertex -38.6247 -40.9992 0
      vertex -38.7012 -41.0842 1.4
      vertex -38.6247 -40.9992 1.4053
    endloop
  endfacet
  facet normal -0.74314 0.669136 1.87926e-05
    outer loop
      vertex -38.8625 -41.2633 0
      vertex -38.7012 -41.0842 1.4
      vertex -38.6247 -40.9992 0
    endloop
  endfacet
  facet normal -0.743194 0.669076 3.25931e-05
    outer loop
      vertex -38.7012 -41.0842 1.4
      vertex -38.8625 -41.2633 0
      vertex -38.8339 -41.2316 1.4
    endloop
  endfacet
  facet normal -0.742478 0.66987 0
    outer loop
      vertex -38.8339 -41.2316 1.4
      vertex -38.8625 -41.2633 0
      vertex -38.8625 -41.2633 1.40647
    endloop
  endfacet
  facet normal -0.951162 0.308693 0
    outer loop
      vertex -38.3372 -40.3535 0
      vertex -38.3692 -40.4521 1.4
      vertex -38.3372 -40.3535 1.40206
    endloop
  endfacet
  facet normal -0.951075 0.308959 2.06616e-05
    outer loop
      vertex -38.447 -40.6915 0
      vertex -38.3692 -40.4521 1.4
      vertex -38.3372 -40.3535 0
    endloop
  endfacet
  facet normal -0.951088 0.308919 2.81795e-05
    outer loop
      vertex -38.3692 -40.4521 1.4
      vertex -38.447 -40.6915 0
      vertex -38.4403 -40.671 1.4
    endloop
  endfacet
  facet normal -0.950522 0.310658 0
    outer loop
      vertex -38.4403 -40.671 1.4
      vertex -38.447 -40.6915 0
      vertex -38.447 -40.6915 1.40382
    endloop
  endfacet
  facet normal 0.587772 0.809027 2.32627e-05
    outer loop
      vertex -40.893 -41.441 1.4
      vertex -40.85 -41.4722 0
      vertex -41.0495 -41.3273 1.4
    endloop
  endfacet
  facet normal 0.587276 0.809387 -0
    outer loop
      vertex -40.85 -41.4722 0
      vertex -40.893 -41.441 1.4
      vertex -40.85 -41.4722 1.40736
    endloop
  endfacet
  facet normal 0.58782 0.808992 3.37666e-05
    outer loop
      vertex -41.1375 -41.2633 0
      vertex -41.0495 -41.3273 1.4
      vertex -40.85 -41.4722 0
    endloop
  endfacet
  facet normal 0.588172 0.808736 0
    outer loop
      vertex -41.0495 -41.3273 1.4
      vertex -41.1375 -41.2633 0
      vertex -41.1375 -41.2633 1.40647
    endloop
  endfacet
  facet normal 0.865998 0.500047 0
    outer loop
      vertex -41.4952 -40.7916 1.4
      vertex -41.553 -40.6915 0
      vertex -41.553 -40.6915 1.40382
    endloop
  endfacet
  facet normal 0.866041 0.499973 3.14461e-05
    outer loop
      vertex -41.3753 -40.9992 0
      vertex -41.4952 -40.7916 1.4
      vertex -41.3914 -40.9714 1.4
    endloop
  endfacet
  facet normal 0.865355 0.501159 -0
    outer loop
      vertex -41.3753 -40.9992 0
      vertex -41.3914 -40.9714 1.4
      vertex -41.3753 -40.9992 1.4053
    endloop
  endfacet
  facet normal 0.865965 0.500104 5.44771e-06
    outer loop
      vertex -41.4952 -40.7916 1.4
      vertex -41.3753 -40.9992 0
      vertex -41.553 -40.6915 0
    endloop
  endfacet
  facet normal 0.743294 0.668965 0
    outer loop
      vertex -41.2988 -41.0842 1.4
      vertex -41.3753 -40.9992 0
      vertex -41.3753 -40.9992 1.4053
    endloop
  endfacet
  facet normal 0.743194 0.669076 3.25931e-05
    outer loop
      vertex -41.1375 -41.2633 0
      vertex -41.2988 -41.0842 1.4
      vertex -41.1661 -41.2316 1.4
    endloop
  endfacet
  facet normal 0.742478 0.66987 -0
    outer loop
      vertex -41.1375 -41.2633 0
      vertex -41.1661 -41.2316 1.4
      vertex -41.1375 -41.2633 1.40647
    endloop
  endfacet
  facet normal 0.74314 0.669136 1.87926e-05
    outer loop
      vertex -41.2988 -41.0842 1.4
      vertex -41.1375 -41.2633 0
      vertex -41.3753 -40.9992 0
    endloop
  endfacet
  facet normal 0.207871 0.978156 -2.90176e-05
    outer loop
      vertex -40.2495 -41.6754 1.4
      vertex -40.1777 -41.6907 0
      vertex -40.4349 -41.636 1.4
    endloop
  endfacet
  facet normal 0.208413 0.978041 -0
    outer loop
      vertex -40.1777 -41.6907 0
      vertex -40.2495 -41.6754 1.4
      vertex -40.1777 -41.6907 1.40824
    endloop
  endfacet
  facet normal 0.207953 0.978139 -1.33463e-05
    outer loop
      vertex -40.5253 -41.6168 0
      vertex -40.4349 -41.636 1.4
      vertex -40.1777 -41.6907 0
    endloop
  endfacet
  facet normal 0.207755 0.978181 0
    outer loop
      vertex -40.4349 -41.636 1.4
      vertex -40.5253 -41.6168 0
      vertex -40.5253 -41.6168 1.40795
    endloop
  endfacet
  facet normal 0.951162 0.308693 0
    outer loop
      vertex -41.6308 -40.4521 1.4
      vertex -41.6628 -40.3535 0
      vertex -41.6628 -40.3535 1.40206
    endloop
  endfacet
  facet normal 0.951088 0.308919 2.81795e-05
    outer loop
      vertex -41.553 -40.6915 0
      vertex -41.6308 -40.4521 1.4
      vertex -41.5597 -40.671 1.4
    endloop
  endfacet
  facet normal 0.950522 0.310658 -0
    outer loop
      vertex -41.553 -40.6915 0
      vertex -41.5597 -40.671 1.4
      vertex -41.553 -40.6915 1.40382
    endloop
  endfacet
  facet normal 0.951075 0.308959 2.06616e-05
    outer loop
      vertex -41.6308 -40.4521 1.4
      vertex -41.553 -40.6915 0
      vertex -41.6628 -40.3535 0
    endloop
  endfacet
  facet normal 0.994528 0.104473 0
    outer loop
      vertex -41.664 -40.3427 1.4
      vertex -41.7 -40 0
      vertex -41.7 -40 1.4
    endloop
  endfacet
  facet normal 0.993884 0.110432 -0
    outer loop
      vertex -41.6628 -40.3535 0
      vertex -41.664 -40.3427 1.4
      vertex -41.6628 -40.3535 1.40206
    endloop
  endfacet
  facet normal 0.994509 0.104655 4.50935e-05
    outer loop
      vertex -41.664 -40.3427 1.4
      vertex -41.6628 -40.3535 0
      vertex -41.7 -40 0
    endloop
  endfacet
  facet normal -0.406817 0.91351 3.33588e-05
    outer loop
      vertex -39.4747 -41.6168 0
      vertex -39.2424 -41.5134 1.4
      vertex -39.15 -41.4722 0
    endloop
  endfacet
  facet normal -0.407239 0.913322 0
    outer loop
      vertex -39.15 -41.4722 0
      vertex -39.2424 -41.5134 1.4
      vertex -39.15 -41.4722 1.40736
    endloop
  endfacet
  facet normal -0.406527 0.913639 -2.42479e-05
    outer loop
      vertex -39.2424 -41.5134 1.4
      vertex -39.4747 -41.6168 0
      vertex -39.4168 -41.591 1.4
    endloop
  endfacet
  facet normal -0.407017 0.913421 0
    outer loop
      vertex -39.4168 -41.591 1.4
      vertex -39.4747 -41.6168 0
      vertex -39.4747 -41.6168 1.40795
    endloop
  endfacet
  facet normal -0.207953 0.978139 -1.33463e-05
    outer loop
      vertex -39.8223 -41.6907 0
      vertex -39.5651 -41.636 1.4
      vertex -39.4747 -41.6168 0
    endloop
  endfacet
  facet normal -0.207755 0.978181 0
    outer loop
      vertex -39.4747 -41.6168 0
      vertex -39.5651 -41.636 1.4
      vertex -39.4747 -41.6168 1.40795
    endloop
  endfacet
  facet normal -0.207871 0.978156 -2.90176e-05
    outer loop
      vertex -39.5651 -41.636 1.4
      vertex -39.8223 -41.6907 0
      vertex -39.7505 -41.6754 1.4
    endloop
  endfacet
  facet normal -0.208413 0.978041 0
    outer loop
      vertex -39.7505 -41.6754 1.4
      vertex -39.8223 -41.6907 0
      vertex -39.8223 -41.6907 1.40824
    endloop
  endfacet
  facet normal 0.406527 0.913639 -2.42479e-05
    outer loop
      vertex -40.5832 -41.591 1.4
      vertex -40.5253 -41.6168 0
      vertex -40.7576 -41.5134 1.4
    endloop
  endfacet
  facet normal 0.407017 0.913421 -0
    outer loop
      vertex -40.5253 -41.6168 0
      vertex -40.5832 -41.591 1.4
      vertex -40.5253 -41.6168 1.40795
    endloop
  endfacet
  facet normal 0.406817 0.91351 3.33588e-05
    outer loop
      vertex -40.85 -41.4722 0
      vertex -40.7576 -41.5134 1.4
      vertex -40.5253 -41.6168 0
    endloop
  endfacet
  facet normal 0.407239 0.913322 0
    outer loop
      vertex -40.7576 -41.5134 1.4
      vertex -40.85 -41.4722 0
      vertex -40.85 -41.4722 1.40736
    endloop
  endfacet
  facet normal -0.680412 0.206346 0.703179
    outer loop
      vertex -36.9604 -41.2591 3
      vertex -36.7738 -40.6438 3
      vertex -38.4294 -40.6506 1.4
    endloop
  endfacet
  facet normal -0.707574 -0.0696736 0.703196
    outer loop
      vertex -36.7099 -40 3
      vertex -36.7729 -39.3602 3
      vertex -38.3 -40 1.4
    endloop
  endfacet
  facet normal -0.702697 -0.100385 0.704372
    outer loop
      vertex -38.3327 -39.6683 1.4
      vertex -36.7729 -39.3602 3
      vertex -36.7732 -39.3581 3
    endloop
  endfacet
  facet normal -0.707554 -0.0697528 0.703208
    outer loop
      vertex -36.7729 -39.3602 3
      vertex -38.3327 -39.6683 1.4
      vertex -38.3 -40 1.4
    endloop
  endfacet
  facet normal -0.707554 0.0697528 0.703208
    outer loop
      vertex -38.3327 -40.3317 1.4
      vertex -36.7729 -40.6398 3
      vertex -38.3 -40 1.4
    endloop
  endfacet
  facet normal -0.702697 0.100385 0.704372
    outer loop
      vertex -36.7729 -40.6398 3
      vertex -38.3327 -40.3317 1.4
      vertex -36.7732 -40.6419 3
    endloop
  endfacet
  facet normal 0.707576 0.069755 0.703186
    outer loop
      vertex -43.227 -40.6398 3
      vertex -41.6673 -40.3317 1.4
      vertex -41.7 -40 1.4
    endloop
  endfacet
  facet normal 0.707918 0.0674207 0.70307
    outer loop
      vertex -41.6673 -40.3317 1.4
      vertex -43.227 -40.6398 3
      vertex -43.2268 -40.6419 3
    endloop
  endfacet
  facet normal 0.707918 -0.0674207 0.70307
    outer loop
      vertex -43.227 -39.3602 3
      vertex -41.6673 -39.6683 1.4
      vertex -43.2268 -39.3581 3
    endloop
  endfacet
  facet normal 0.707576 -0.069755 0.703186
    outer loop
      vertex -41.6673 -39.6683 1.4
      vertex -43.227 -39.3602 3
      vertex -41.7 -40 1.4
    endloop
  endfacet
  facet normal -0.0674207 0.707918 0.70307
    outer loop
      vertex -39.6683 -41.6673 1.4
      vertex -39.3602 -43.227 3
      vertex -39.3581 -43.2268 3
    endloop
  endfacet
  facet normal -0.0698865 0.707557 0.703192
    outer loop
      vertex -39.3602 -43.227 3
      vertex -39.6683 -41.6673 1.4
      vertex -39.8223 -41.6907 1.40824
    endloop
  endfacet
  facet normal -0.0695736 0.706043 0.704743
    outer loop
      vertex -39.8223 -41.6907 1.40824
      vertex -39.6683 -41.6673 1.4
      vertex -39.7505 -41.6754 1.4
    endloop
  endfacet
  facet normal -0.0697253 0.707588 0.703176
    outer loop
      vertex -39.9054 -41.6907 1.4
      vertex -39.3602 -43.227 3
      vertex -39.8223 -41.6907 1.40824
    endloop
  endfacet
  facet normal -0.0695656 0.707624 0.703156
    outer loop
      vertex -39.3602 -43.227 3
      vertex -39.9054 -41.6907 1.4
      vertex -40 -41.7 1.4
    endloop
  endfacet
  facet normal -0.549056 0.451579 0.703288
    outer loop
      vertex -38.6247 -40.9992 1.4053
      vertex -37.6723 -42.3248 3
      vertex -38.5865 -40.9445 1.4
    endloop
  endfacet
  facet normal -0.551159 0.452811 0.700846
    outer loop
      vertex -38.6247 -40.9992 1.4053
      vertex -38.5865 -40.9445 1.4
      vertex -38.6086 -40.9714 1.4
    endloop
  endfacet
  facet normal -0.549749 0.45093 0.703163
    outer loop
      vertex -38.7012 -41.0842 1.4
      vertex -37.6723 -42.3248 3
      vertex -38.6247 -40.9992 1.4053
    endloop
  endfacet
  facet normal -0.549767 0.450912 0.70316
    outer loop
      vertex -38.7979 -41.2021 1.4
      vertex -37.6723 -42.3248 3
      vertex -38.7012 -41.0842 1.4
    endloop
  endfacet
  facet normal -0.551967 0.448473 0.702997
    outer loop
      vertex -37.6723 -42.3248 3
      vertex -38.7979 -41.2021 1.4
      vertex -37.6736 -42.3264 3
    endloop
  endfacet
  facet normal -0.707574 0.0696736 0.703196
    outer loop
      vertex -36.7729 -40.6398 3
      vertex -36.7099 -40 3
      vertex -38.3 -40 1.4
    endloop
  endfacet
  facet normal 0.0698865 0.707557 0.703192
    outer loop
      vertex -40.3317 -41.6673 1.4
      vertex -40.6398 -43.227 3
      vertex -40.1777 -41.6907 1.40824
    endloop
  endfacet
  facet normal 0.0696389 0.707605 0.703168
    outer loop
      vertex -40 -41.7 1.4
      vertex -40.1777 -41.6907 1.40824
      vertex -40.6398 -43.227 3
    endloop
  endfacet
  facet normal 0.0696434 0.708416 0.702351
    outer loop
      vertex -40.1777 -41.6907 1.40824
      vertex -40 -41.7 1.4
      vertex -40.0946 -41.6907 1.4
    endloop
  endfacet
  facet normal 0.0695736 0.706043 0.704743
    outer loop
      vertex -40.3317 -41.6673 1.4
      vertex -40.1777 -41.6907 1.40824
      vertex -40.2495 -41.6754 1.4
    endloop
  endfacet
  facet normal 0.0674207 0.707918 0.70307
    outer loop
      vertex -40.6398 -43.227 3
      vertex -40.3317 -41.6673 1.4
      vertex -40.6419 -43.2268 3
    endloop
  endfacet
  facet normal 0.680412 0.206346 0.703179
    outer loop
      vertex -43.0396 -41.2591 3
      vertex -41.5706 -40.6506 1.4
      vertex -43.2262 -40.6438 3
    endloop
  endfacet
  facet normal -0.335107 -0.627082 0.703187
    outer loop
      vertex -38.1721 -37.2644 3
      vertex -38.7391 -36.9614 3
      vertex -39.0555 -38.5865 1.4
    endloop
  endfacet
  facet normal 0.100385 -0.702697 0.704372
    outer loop
      vertex -40.3317 -38.3327 1.4
      vertex -40.6398 -36.7729 3
      vertex -40.6419 -36.7732 3
    endloop
  endfacet
  facet normal 0.069882 -0.707535 0.703215
    outer loop
      vertex -40.6398 -36.7729 3
      vertex -40.3317 -38.3327 1.4
      vertex -40.1777 -38.3093 1.40824
    endloop
  endfacet
  facet normal 0.0695736 -0.706043 0.704743
    outer loop
      vertex -40.1777 -38.3093 1.40824
      vertex -40.3317 -38.3327 1.4
      vertex -40.2495 -38.3246 1.4
    endloop
  endfacet
  facet normal 0.0697276 -0.707565 0.703199
    outer loop
      vertex -40.0946 -38.3093 1.4
      vertex -40.6398 -36.7729 3
      vertex -40.1777 -38.3093 1.40824
    endloop
  endfacet
  facet normal 0.0695634 -0.707602 0.703179
    outer loop
      vertex -40.6398 -36.7729 3
      vertex -40.0946 -38.3093 1.4
      vertex -40 -38.3 1.4
    endloop
  endfacet
  facet normal -0.678401 0.214232 0.702763
    outer loop
      vertex -38.3327 -40.3317 1.4
      vertex -36.7738 -40.6438 3
      vertex -36.7732 -40.6419 3
    endloop
  endfacet
  facet normal -0.694934 0.20848 0.688188
    outer loop
      vertex -38.3372 -40.3535 1.40206
      vertex -38.3327 -40.3317 1.4
      vertex -38.336 -40.3427 1.4
    endloop
  endfacet
  facet normal -0.680278 0.206869 0.703155
    outer loop
      vertex -38.3327 -40.3317 1.4
      vertex -38.3372 -40.3535 1.40206
      vertex -36.7738 -40.6438 3
    endloop
  endfacet
  facet normal -0.680454 0.206146 0.703197
    outer loop
      vertex -38.3692 -40.4521 1.4
      vertex -36.7738 -40.6438 3
      vertex -38.3372 -40.3535 1.40206
    endloop
  endfacet
  facet normal -0.680411 0.206351 0.703178
    outer loop
      vertex -36.7738 -40.6438 3
      vertex -38.3692 -40.4521 1.4
      vertex -38.4294 -40.6506 1.4
    endloop
  endfacet
  facet normal -0.622066 0.345592 0.702567
    outer loop
      vertex -38.4294 -40.6506 1.4
      vertex -36.9614 -41.2609 3
      vertex -36.9604 -41.2591 3
    endloop
  endfacet
  facet normal -0.62928 0.336233 0.700681
    outer loop
      vertex -38.447 -40.6915 1.40382
      vertex -38.4294 -40.6506 1.4
      vertex -38.4403 -40.671 1.4
    endloop
  endfacet
  facet normal -0.626927 0.335452 0.70316
    outer loop
      vertex -38.4294 -40.6506 1.4
      vertex -38.447 -40.6915 1.40382
      vertex -36.9614 -41.2609 3
    endloop
  endfacet
  facet normal -0.62703 0.335227 0.703175
    outer loop
      vertex -38.5048 -40.7916 1.4
      vertex -36.9614 -41.2609 3
      vertex -38.447 -40.6915 1.40382
    endloop
  endfacet
  facet normal -0.627092 0.335078 0.703191
    outer loop
      vertex -36.9614 -41.2609 3
      vertex -38.5048 -40.7916 1.4
      vertex -38.5865 -40.9445 1.4
    endloop
  endfacet
  facet normal -0.451127 0.549559 0.703186
    outer loop
      vertex -38.1721 -42.7356 3
      vertex -37.6752 -42.3277 3
      vertex -39.0555 -41.4135 1.4
    endloop
  endfacet
  facet normal -0.206346 0.680412 0.703179
    outer loop
      vertex -38.7409 -43.0396 3
      vertex -39.3494 -41.5706 1.4
      vertex -39.3562 -43.2262 3
    endloop
  endfacet
  facet normal 0.62703 0.335227 0.703175
    outer loop
      vertex -43.0386 -41.2609 3
      vertex -41.4952 -40.7916 1.4
      vertex -41.553 -40.6915 1.40382
    endloop
  endfacet
  facet normal 0.62928 0.336233 0.700681
    outer loop
      vertex -41.5706 -40.6506 1.4
      vertex -41.553 -40.6915 1.40382
      vertex -41.5597 -40.671 1.4
    endloop
  endfacet
  facet normal 0.627092 0.335078 0.703191
    outer loop
      vertex -41.4952 -40.7916 1.4
      vertex -43.0386 -41.2609 3
      vertex -41.4135 -40.9445 1.4
    endloop
  endfacet
  facet normal 0.626927 0.335452 0.70316
    outer loop
      vertex -41.5706 -40.6506 1.4
      vertex -43.0386 -41.2609 3
      vertex -41.553 -40.6915 1.40382
    endloop
  endfacet
  facet normal 0.622066 0.345592 0.702567
    outer loop
      vertex -43.0386 -41.2609 3
      vertex -41.5706 -40.6506 1.4
      vertex -43.0396 -41.2591 3
    endloop
  endfacet
  facet normal 0.549559 0.451127 0.703186
    outer loop
      vertex -42.3277 -42.3248 3
      vertex -41.4135 -40.9445 1.4
      vertex -42.7356 -41.8279 3
    endloop
  endfacet
  facet normal 0.0697836 0.707569 0.703191
    outer loop
      vertex -40 -43.2901 3
      vertex -40 -41.7 1.4
      vertex -40.6398 -43.227 3
    endloop
  endfacet
  facet normal -0.0697836 0.707569 0.703191
    outer loop
      vertex -39.3602 -43.227 3
      vertex -40 -41.7 1.4
      vertex -40 -43.2901 3
    endloop
  endfacet
  facet normal -0.549559 -0.451127 0.703186
    outer loop
      vertex -37.2644 -38.1721 3
      vertex -37.6723 -37.6752 3
      vertex -38.5865 -39.0555 1.4
    endloop
  endfacet
  facet normal -0.069882 -0.707535 0.703215
    outer loop
      vertex -39.6683 -38.3327 1.4
      vertex -39.3602 -36.7729 3
      vertex -39.8223 -38.3093 1.40824
    endloop
  endfacet
  facet normal -0.0696388 -0.707583 0.70319
    outer loop
      vertex -40 -38.3 1.4
      vertex -39.8223 -38.3093 1.40824
      vertex -39.3602 -36.7729 3
    endloop
  endfacet
  facet normal -0.0696434 -0.708416 0.702351
    outer loop
      vertex -39.8223 -38.3093 1.40824
      vertex -40 -38.3 1.4
      vertex -39.9054 -38.3093 1.4
    endloop
  endfacet
  facet normal -0.0695736 -0.706043 0.704743
    outer loop
      vertex -39.6683 -38.3327 1.4
      vertex -39.8223 -38.3093 1.40824
      vertex -39.7505 -38.3246 1.4
    endloop
  endfacet
  facet normal -0.100385 -0.702697 0.704372
    outer loop
      vertex -39.3602 -36.7729 3
      vertex -39.6683 -38.3327 1.4
      vertex -39.3581 -36.7732 3
    endloop
  endfacet
  facet normal 0.627082 -0.335107 0.703187
    outer loop
      vertex -41.4135 -39.0555 1.4
      vertex -42.7356 -38.1721 3
      vertex -43.0386 -38.7391 3
    endloop
  endfacet
  facet normal 0.549559 -0.451127 0.703186
    outer loop
      vertex -41.4135 -39.0555 1.4
      vertex -42.3277 -37.6752 3
      vertex -42.7356 -38.1721 3
    endloop
  endfacet
  facet normal 0.206346 -0.680412 0.703179
    outer loop
      vertex -40.6506 -38.4294 1.4
      vertex -40.6438 -36.7738 3
      vertex -41.2591 -36.9604 3
    endloop
  endfacet
  facet normal 0.335205 -0.627045 0.703173
    outer loop
      vertex -41.2609 -36.9614 3
      vertex -40.7576 -38.4866 1.4
      vertex -40.6506 -38.4294 1.4
    endloop
  endfacet
  facet normal 0.335168 -0.627677 0.702626
    outer loop
      vertex -40.85 -38.5278 1.40736
      vertex -40.9445 -38.5865 1.4
      vertex -40.893 -38.559 1.4
    endloop
  endfacet
  facet normal 0.345592 -0.622066 0.702567
    outer loop
      vertex -41.2609 -36.9614 3
      vertex -40.6506 -38.4294 1.4
      vertex -41.2591 -36.9604 3
    endloop
  endfacet
  facet normal 0.335536 -0.626903 0.703142
    outer loop
      vertex -40.7576 -38.4866 1.4
      vertex -41.2609 -36.9614 3
      vertex -40.85 -38.5278 1.40736
    endloop
  endfacet
  facet normal 0.334815 -0.627185 0.703234
    outer loop
      vertex -40.85 -38.5278 1.40736
      vertex -41.2609 -36.9614 3
      vertex -40.9445 -38.5865 1.4
    endloop
  endfacet
  facet normal 0.707569 -0.0697836 0.703191
    outer loop
      vertex -41.7 -40 1.4
      vertex -43.227 -39.3602 3
      vertex -43.2901 -40 3
    endloop
  endfacet
  facet normal 0.707569 0.0697836 0.703191
    outer loop
      vertex -43.227 -40.6398 3
      vertex -41.7 -40 1.4
      vertex -43.2901 -40 3
    endloop
  endfacet
  facet normal -0.627082 0.335107 0.703187
    outer loop
      vertex -37.2644 -41.8279 3
      vertex -36.9614 -41.2609 3
      vertex -38.5865 -40.9445 1.4
    endloop
  endfacet
  facet normal -0.549559 0.451127 0.703186
    outer loop
      vertex -37.6723 -42.3248 3
      vertex -37.2644 -41.8279 3
      vertex -38.5865 -40.9445 1.4
    endloop
  endfacet
  facet normal -0.206266 0.680423 0.703191
    outer loop
      vertex -39.4747 -41.6168 1.40795
      vertex -39.3562 -43.2262 3
      vertex -39.3494 -41.5706 1.4
    endloop
  endfacet
  facet normal -0.205223 0.678042 0.705792
    outer loop
      vertex -39.4747 -41.6168 1.40795
      vertex -39.3494 -41.5706 1.4
      vertex -39.4168 -41.591 1.4
    endloop
  endfacet
  facet normal -0.206351 0.680408 0.703182
    outer loop
      vertex -39.5651 -41.636 1.4
      vertex -39.3562 -43.2262 3
      vertex -39.4747 -41.6168 1.40795
    endloop
  endfacet
  facet normal -0.206363 0.680405 0.703181
    outer loop
      vertex -39.6683 -41.6673 1.4
      vertex -39.3562 -43.2262 3
      vertex -39.5651 -41.636 1.4
    endloop
  endfacet
  facet normal -0.214232 0.678401 0.702763
    outer loop
      vertex -39.3562 -43.2262 3
      vertex -39.6683 -41.6673 1.4
      vertex -39.3581 -43.2268 3
    endloop
  endfacet
  facet normal -0.335107 0.627082 0.703187
    outer loop
      vertex -38.7391 -43.0386 3
      vertex -38.1721 -42.7356 3
      vertex -39.0555 -41.4135 1.4
    endloop
  endfacet
  facet normal -0.334815 0.627185 0.703234
    outer loop
      vertex -39.15 -41.4722 1.40736
      vertex -38.7391 -43.0386 3
      vertex -39.0555 -41.4135 1.4
    endloop
  endfacet
  facet normal -0.335168 0.627677 0.702626
    outer loop
      vertex -39.15 -41.4722 1.40736
      vertex -39.0555 -41.4135 1.4
      vertex -39.107 -41.441 1.4
    endloop
  endfacet
  facet normal -0.335536 0.626903 0.703142
    outer loop
      vertex -39.2424 -41.5134 1.4
      vertex -38.7391 -43.0386 3
      vertex -39.15 -41.4722 1.40736
    endloop
  endfacet
  facet normal -0.335205 0.627045 0.703173
    outer loop
      vertex -39.3494 -41.5706 1.4
      vertex -38.7391 -43.0386 3
      vertex -39.2424 -41.5134 1.4
    endloop
  endfacet
  facet normal -0.345592 0.622066 0.702567
    outer loop
      vertex -38.7391 -43.0386 3
      vertex -39.3494 -41.5706 1.4
      vertex -38.7409 -43.0396 3
    endloop
  endfacet
  facet normal 0 0 1
    outer loop
      vertex -41.664 -39.6573 1.4
      vertex -41.6673 -39.6683 1.4
      vertex -41.7 -40 1.4
    endloop
  endfacet
  facet normal 0 -0 1
    outer loop
      vertex -39.3494 -41.5706 1.4
      vertex -39.2424 -41.5134 1.4
      vertex -39.4168 -41.591 1.4
    endloop
  endfacet
  facet normal 0 0 1
    outer loop
      vertex -39.9054 -38.3093 1.4
      vertex -40 -38.3 1.4
      vertex -40.0946 -38.3093 1.4
    endloop
  endfacet
  facet normal 0 -0 1
    outer loop
      vertex -38.5865 -40.9445 1.4
      vertex -38.5048 -40.7916 1.4
      vertex -38.6086 -40.9714 1.4
    endloop
  endfacet
  facet normal 0 -0 1
    outer loop
      vertex -38.7979 -41.2021 1.4
      vertex -38.7012 -41.0842 1.4
      vertex -38.8339 -41.2316 1.4
    endloop
  endfacet
  facet normal 0 -0 1
    outer loop
      vertex -38.3327 -40.3317 1.4
      vertex -38.3 -40 1.4
      vertex -38.336 -40.3427 1.4
    endloop
  endfacet
  facet normal 0 0 1
    outer loop
      vertex -38.3 -40 1.4
      vertex -38.3327 -39.6683 1.4
      vertex -38.336 -39.6573 1.4
    endloop
  endfacet
  facet normal -0 -0 1
    outer loop
      vertex -41.4135 -40.9445 1.4
      vertex -41.3914 -40.9714 1.4
      vertex -41.4952 -40.7916 1.4
    endloop
  endfacet
  facet normal 0 0 1
    outer loop
      vertex -40.2495 -38.3246 1.4
      vertex -40.3317 -38.3327 1.4
      vertex -40.4349 -38.364 1.4
    endloop
  endfacet
  facet normal 0 -0 1
    outer loop
      vertex -38.4294 -40.6506 1.4
      vertex -38.3692 -40.4521 1.4
      vertex -38.4403 -40.671 1.4
    endloop
  endfacet
  facet normal 0 -0 1
    outer loop
      vertex -39.0555 -41.4135 1.4
      vertex -38.9505 -41.3273 1.4
      vertex -39.107 -41.441 1.4
    endloop
  endfacet
  facet normal -0 -0 1
    outer loop
      vertex -41.5706 -40.6506 1.4
      vertex -41.5597 -40.671 1.4
      vertex -41.6308 -40.4521 1.4
    endloop
  endfacet
  facet normal 0 -0 1
    outer loop
      vertex -40 -41.7 1.4
      vertex -39.9054 -41.6907 1.4
      vertex -40.0946 -41.6907 1.4
    endloop
  endfacet
  facet normal 0 0 1
    outer loop
      vertex -39.5651 -38.364 1.4
      vertex -39.6683 -38.3327 1.4
      vertex -39.7505 -38.3246 1.4
    endloop
  endfacet
  facet normal 0 0 1
    outer loop
      vertex -41.3914 -39.0286 1.4
      vertex -41.4135 -39.0555 1.4
      vertex -41.4952 -39.2084 1.4
    endloop
  endfacet
  facet normal 0 0 1
    outer loop
      vertex -40.5832 -38.409 1.4
      vertex -40.6506 -38.4294 1.4
      vertex -40.7576 -38.4866 1.4
    endloop
  endfacet
  facet normal -0 -0 1
    outer loop
      vertex -41.6673 -40.3317 1.4
      vertex -41.664 -40.3427 1.4
      vertex -41.7 -40 1.4
    endloop
  endfacet
  facet normal 0 -0 1
    outer loop
      vertex -39.6683 -41.6673 1.4
      vertex -39.5651 -41.636 1.4
      vertex -39.7505 -41.6754 1.4
    endloop
  endfacet
  facet normal -0 -0 1
    outer loop
      vertex -40.3317 -41.6673 1.4
      vertex -40.2495 -41.6754 1.4
      vertex -40.4349 -41.636 1.4
    endloop
  endfacet
  facet normal -0 -0 1
    outer loop
      vertex -40.6506 -41.5706 1.4
      vertex -40.5832 -41.591 1.4
      vertex -40.7576 -41.5134 1.4
    endloop
  endfacet
  facet normal -0 -0 1
    outer loop
      vertex -41.2021 -41.2021 1.4
      vertex -41.1661 -41.2316 1.4
      vertex -41.2988 -41.0842 1.4
    endloop
  endfacet
  facet normal -0 -0 1
    outer loop
      vertex -40.9445 -41.4135 1.4
      vertex -40.893 -41.441 1.4
      vertex -41.0495 -41.3273 1.4
    endloop
  endfacet
  facet normal 0 0 1
    outer loop
      vertex -38.7012 -38.9158 1.4
      vertex -38.7979 -38.7979 1.4
      vertex -38.8339 -38.7684 1.4
    endloop
  endfacet
  facet normal 0 0 1
    outer loop
      vertex -39.2424 -38.4866 1.4
      vertex -39.3494 -38.4294 1.4
      vertex -39.4168 -38.409 1.4
    endloop
  endfacet
  facet normal 0 0 1
    outer loop
      vertex -41.5597 -39.329 1.4
      vertex -41.5706 -39.3494 1.4
      vertex -41.6308 -39.5479 1.4
    endloop
  endfacet
  facet normal 0 0 1
    outer loop
      vertex -40.893 -38.559 1.4
      vertex -40.9445 -38.5865 1.4
      vertex -41.0495 -38.6727 1.4
    endloop
  endfacet
  facet normal 0 0 1
    outer loop
      vertex -41.1661 -38.7684 1.4
      vertex -41.2021 -38.7979 1.4
      vertex -41.2988 -38.9158 1.4
    endloop
  endfacet
  facet normal 0 0 1
    outer loop
      vertex -38.3692 -39.5479 1.4
      vertex -38.4294 -39.3494 1.4
      vertex -38.4403 -39.329 1.4
    endloop
  endfacet
  facet normal 0 0 1
    outer loop
      vertex -38.5048 -39.2084 1.4
      vertex -38.5865 -39.0555 1.4
      vertex -38.6086 -39.0286 1.4
    endloop
  endfacet
  facet normal 0 0 1
    outer loop
      vertex -38.9505 -38.6727 1.4
      vertex -39.0555 -38.5865 1.4
      vertex -39.107 -38.559 1.4
    endloop
  endfacet
  facet normal 0.680454 0.206146 0.703197
    outer loop
      vertex -43.2262 -40.6438 3
      vertex -41.6308 -40.4521 1.4
      vertex -41.6628 -40.3535 1.40206
    endloop
  endfacet
  facet normal 0.694934 0.20848 0.688188
    outer loop
      vertex -41.6673 -40.3317 1.4
      vertex -41.6628 -40.3535 1.40206
      vertex -41.664 -40.3427 1.4
    endloop
  endfacet
  facet normal 0.680411 0.206351 0.703178
    outer loop
      vertex -41.6308 -40.4521 1.4
      vertex -43.2262 -40.6438 3
      vertex -41.5706 -40.6506 1.4
    endloop
  endfacet
  facet normal 0.680278 0.206869 0.703155
    outer loop
      vertex -41.6673 -40.3317 1.4
      vertex -43.2262 -40.6438 3
      vertex -41.6628 -40.3535 1.40206
    endloop
  endfacet
  facet normal 0.678401 0.214232 0.702763
    outer loop
      vertex -43.2262 -40.6438 3
      vertex -41.6673 -40.3317 1.4
      vertex -43.2268 -40.6419 3
    endloop
  endfacet
  facet normal 0.206351 0.680408 0.703182
    outer loop
      vertex -40.6438 -43.2262 3
      vertex -40.4349 -41.636 1.4
      vertex -40.5253 -41.6168 1.40795
    endloop
  endfacet
  facet normal 0.206363 0.680405 0.703181
    outer loop
      vertex -40.4349 -41.636 1.4
      vertex -40.6438 -43.2262 3
      vertex -40.3317 -41.6673 1.4
    endloop
  endfacet
  facet normal 0.205223 0.678042 0.705792
    outer loop
      vertex -40.6506 -41.5706 1.4
      vertex -40.5253 -41.6168 1.40795
      vertex -40.5832 -41.591 1.4
    endloop
  endfacet
  facet normal 0.214232 0.678401 0.702763
    outer loop
      vertex -40.3317 -41.6673 1.4
      vertex -40.6438 -43.2262 3
      vertex -40.6419 -43.2268 3
    endloop
  endfacet
  facet normal 0.206266 0.680423 0.703191
    outer loop
      vertex -40.5253 -41.6168 1.40795
      vertex -40.6506 -41.5706 1.4
      vertex -40.6438 -43.2262 3
    endloop
  endfacet
  facet normal 0.206346 0.680412 0.703179
    outer loop
      vertex -40.6438 -43.2262 3
      vertex -40.6506 -41.5706 1.4
      vertex -41.2591 -43.0396 3
    endloop
  endfacet
  facet normal 0.335536 0.626903 0.703142
    outer loop
      vertex -41.2609 -43.0386 3
      vertex -40.7576 -41.5134 1.4
      vertex -40.85 -41.4722 1.40736
    endloop
  endfacet
  facet normal 0.335168 0.627677 0.702626
    outer loop
      vertex -40.9445 -41.4135 1.4
      vertex -40.85 -41.4722 1.40736
      vertex -40.893 -41.441 1.4
    endloop
  endfacet
  facet normal 0.335205 0.627045 0.703173
    outer loop
      vertex -40.7576 -41.5134 1.4
      vertex -41.2609 -43.0386 3
      vertex -40.6506 -41.5706 1.4
    endloop
  endfacet
  facet normal 0.334815 0.627185 0.703234
    outer loop
      vertex -41.2609 -43.0386 3
      vertex -40.85 -41.4722 1.40736
      vertex -40.9445 -41.4135 1.4
    endloop
  endfacet
  facet normal 0.345592 0.622066 0.702567
    outer loop
      vertex -40.6506 -41.5706 1.4
      vertex -41.2609 -43.0386 3
      vertex -41.2591 -43.0396 3
    endloop
  endfacet
  facet normal 0.335107 0.627082 0.703187
    outer loop
      vertex -41.2609 -43.0386 3
      vertex -40.9445 -41.4135 1.4
      vertex -41.8279 -42.7356 3
    endloop
  endfacet
  facet normal 0.627082 0.335107 0.703187
    outer loop
      vertex -42.7356 -41.8279 3
      vertex -41.4135 -40.9445 1.4
      vertex -43.0386 -41.2609 3
    endloop
  endfacet
  facet normal 0.549749 0.45093 0.703163
    outer loop
      vertex -42.3277 -42.3248 3
      vertex -41.2988 -41.0842 1.4
      vertex -41.3753 -40.9992 1.4053
    endloop
  endfacet
  facet normal 0.551159 0.452811 0.700846
    outer loop
      vertex -41.4135 -40.9445 1.4
      vertex -41.3753 -40.9992 1.4053
      vertex -41.3914 -40.9714 1.4
    endloop
  endfacet
  facet normal 0.549767 0.450912 0.70316
    outer loop
      vertex -41.2988 -41.0842 1.4
      vertex -42.3277 -42.3248 3
      vertex -41.2021 -41.2021 1.4
    endloop
  endfacet
  facet normal 0.549056 0.451579 0.703288
    outer loop
      vertex -42.3277 -42.3248 3
      vertex -41.3753 -40.9992 1.4053
      vertex -41.4135 -40.9445 1.4
    endloop
  endfacet
  facet normal 0.551967 0.448473 0.702997
    outer loop
      vertex -41.2021 -41.2021 1.4
      vertex -42.3277 -42.3248 3
      vertex -42.3264 -42.3264 3
    endloop
  endfacet
  facet normal 0.451127 0.549559 0.703186
    outer loop
      vertex -41.8279 -42.7356 3
      vertex -40.9445 -41.4135 1.4
      vertex -42.3248 -42.3277 3
    endloop
  endfacet
  facet normal -0.345592 -0.622066 0.702567
    outer loop
      vertex -39.3494 -38.4294 1.4
      vertex -38.7391 -36.9614 3
      vertex -38.7409 -36.9604 3
    endloop
  endfacet
  facet normal -0.334815 -0.627185 0.703234
    outer loop
      vertex -38.7391 -36.9614 3
      vertex -39.15 -38.5278 1.40736
      vertex -39.0555 -38.5865 1.4
    endloop
  endfacet
  facet normal -0.335168 -0.627677 0.702626
    outer loop
      vertex -39.0555 -38.5865 1.4
      vertex -39.15 -38.5278 1.40736
      vertex -39.107 -38.559 1.4
    endloop
  endfacet
  facet normal -0.335536 -0.626903 0.703142
    outer loop
      vertex -38.7391 -36.9614 3
      vertex -39.2424 -38.4866 1.4
      vertex -39.15 -38.5278 1.40736
    endloop
  endfacet
  facet normal -0.335205 -0.627045 0.703173
    outer loop
      vertex -38.7391 -36.9614 3
      vertex -39.3494 -38.4294 1.4
      vertex -39.2424 -38.4866 1.4
    endloop
  endfacet
  facet normal -0.0696736 -0.707574 0.703196
    outer loop
      vertex -39.3602 -36.7729 3
      vertex -40 -36.7099 3
      vertex -40 -38.3 1.4
    endloop
  endfacet
  facet normal 0.0696736 -0.707574 0.703196
    outer loop
      vertex -40 -38.3 1.4
      vertex -40 -36.7099 3
      vertex -40.6398 -36.7729 3
    endloop
  endfacet
  facet normal 0.680411 -0.206351 0.703178
    outer loop
      vertex -43.2262 -39.3562 3
      vertex -41.6308 -39.5479 1.4
      vertex -41.5706 -39.3494 1.4
    endloop
  endfacet
  facet normal 0.694934 -0.20848 0.688188
    outer loop
      vertex -41.6628 -39.6465 1.40206
      vertex -41.6673 -39.6683 1.4
      vertex -41.664 -39.6573 1.4
    endloop
  endfacet
  facet normal 0.680454 -0.206146 0.703197
    outer loop
      vertex -41.6308 -39.5479 1.4
      vertex -43.2262 -39.3562 3
      vertex -41.6628 -39.6465 1.40206
    endloop
  endfacet
  facet normal 0.680278 -0.206869 0.703155
    outer loop
      vertex -43.2262 -39.3562 3
      vertex -41.6673 -39.6683 1.4
      vertex -41.6628 -39.6465 1.40206
    endloop
  endfacet
  facet normal 0.678401 -0.214232 0.702763
    outer loop
      vertex -41.6673 -39.6683 1.4
      vertex -43.2262 -39.3562 3
      vertex -43.2268 -39.3581 3
    endloop
  endfacet
  facet normal 0.680412 -0.206346 0.703179
    outer loop
      vertex -41.5706 -39.3494 1.4
      vertex -43.0396 -38.7409 3
      vertex -43.2262 -39.3562 3
    endloop
  endfacet
  facet normal 0.627092 -0.335078 0.703191
    outer loop
      vertex -43.0386 -38.7391 3
      vertex -41.4952 -39.2084 1.4
      vertex -41.4135 -39.0555 1.4
    endloop
  endfacet
  facet normal 0.62928 -0.336233 0.700681
    outer loop
      vertex -41.553 -39.3085 1.40382
      vertex -41.5706 -39.3494 1.4
      vertex -41.5597 -39.329 1.4
    endloop
  endfacet
  facet normal 0.62703 -0.335227 0.703175
    outer loop
      vertex -41.4952 -39.2084 1.4
      vertex -43.0386 -38.7391 3
      vertex -41.553 -39.3085 1.40382
    endloop
  endfacet
  facet normal 0.626927 -0.335452 0.70316
    outer loop
      vertex -43.0386 -38.7391 3
      vertex -41.5706 -39.3494 1.4
      vertex -41.553 -39.3085 1.40382
    endloop
  endfacet
  facet normal 0.622066 -0.345592 0.702567
    outer loop
      vertex -41.5706 -39.3494 1.4
      vertex -43.0386 -38.7391 3
      vertex -43.0396 -38.7409 3
    endloop
  endfacet
  facet normal 0.451127 -0.549559 0.703186
    outer loop
      vertex -40.9445 -38.5865 1.4
      vertex -41.8279 -37.2644 3
      vertex -42.3248 -37.6723 3
    endloop
  endfacet
  facet normal 0.549767 -0.450912 0.70316
    outer loop
      vertex -42.3277 -37.6752 3
      vertex -41.2988 -38.9158 1.4
      vertex -41.2021 -38.7979 1.4
    endloop
  endfacet
  facet normal 0.551159 -0.452811 0.700846
    outer loop
      vertex -41.3753 -39.0008 1.4053
      vertex -41.4135 -39.0555 1.4
      vertex -41.3914 -39.0286 1.4
    endloop
  endfacet
  facet normal 0.551967 -0.448473 0.702997
    outer loop
      vertex -42.3277 -37.6752 3
      vertex -41.2021 -38.7979 1.4
      vertex -42.3264 -37.6736 3
    endloop
  endfacet
  facet normal 0.549749 -0.45093 0.703163
    outer loop
      vertex -41.2988 -38.9158 1.4
      vertex -42.3277 -37.6752 3
      vertex -41.3753 -39.0008 1.4053
    endloop
  endfacet
  facet normal 0.549056 -0.451579 0.703288
    outer loop
      vertex -41.3753 -39.0008 1.4053
      vertex -42.3277 -37.6752 3
      vertex -41.4135 -39.0555 1.4
    endloop
  endfacet
  facet normal 0.206363 -0.680405 0.703181
    outer loop
      vertex -40.6438 -36.7738 3
      vertex -40.4349 -38.364 1.4
      vertex -40.3317 -38.3327 1.4
    endloop
  endfacet
  facet normal 0.214232 -0.678401 0.702763
    outer loop
      vertex -40.6438 -36.7738 3
      vertex -40.3317 -38.3327 1.4
      vertex -40.6419 -36.7732 3
    endloop
  endfacet
  facet normal 0.206351 -0.680408 0.703182
    outer loop
      vertex -40.4349 -38.364 1.4
      vertex -40.6438 -36.7738 3
      vertex -40.5253 -38.3832 1.40795
    endloop
  endfacet
  facet normal 0.206266 -0.680423 0.703191
    outer loop
      vertex -40.6506 -38.4294 1.4
      vertex -40.5253 -38.3832 1.40795
      vertex -40.6438 -36.7738 3
    endloop
  endfacet
  facet normal 0.205223 -0.678042 0.705792
    outer loop
      vertex -40.5253 -38.3832 1.40795
      vertex -40.6506 -38.4294 1.4
      vertex -40.5832 -38.409 1.4
    endloop
  endfacet
  facet normal 0.335107 -0.627082 0.703187
    outer loop
      vertex -40.9445 -38.5865 1.4
      vertex -41.2609 -36.9614 3
      vertex -41.8279 -37.2644 3
    endloop
  endfacet
  facet normal -0.448473 0.551967 0.702997
    outer loop
      vertex -38.7979 -41.2021 1.4
      vertex -37.6752 -42.3277 3
      vertex -37.6736 -42.3264 3
    endloop
  endfacet
  facet normal -0.450892 0.550241 0.702802
    outer loop
      vertex -38.8625 -41.2633 1.40647
      vertex -38.7979 -41.2021 1.4
      vertex -38.8339 -41.2316 1.4
    endloop
  endfacet
  facet normal -0.450641 0.550012 0.703143
    outer loop
      vertex -38.7979 -41.2021 1.4
      vertex -38.8625 -41.2633 1.40647
      vertex -37.6752 -42.3277 3
    endloop
  endfacet
  facet normal -0.451272 0.549409 0.70321
    outer loop
      vertex -38.9505 -41.3273 1.4
      vertex -37.6752 -42.3277 3
      vertex -38.8625 -41.2633 1.40647
    endloop
  endfacet
  facet normal -0.451145 0.549538 0.70319
    outer loop
      vertex -37.6752 -42.3277 3
      vertex -38.9505 -41.3273 1.4
      vertex -39.0555 -41.4135 1.4
    endloop
  endfacet
  facet normal 0.451272 0.549409 0.70321
    outer loop
      vertex -42.3248 -42.3277 3
      vertex -41.0495 -41.3273 1.4
      vertex -41.1375 -41.2633 1.40647
    endloop
  endfacet
  facet normal 0.450892 0.550241 0.702802
    outer loop
      vertex -41.2021 -41.2021 1.4
      vertex -41.1375 -41.2633 1.40647
      vertex -41.1661 -41.2316 1.4
    endloop
  endfacet
  facet normal 0.451145 0.549538 0.70319
    outer loop
      vertex -41.0495 -41.3273 1.4
      vertex -42.3248 -42.3277 3
      vertex -40.9445 -41.4135 1.4
    endloop
  endfacet
  facet normal 0.450641 0.550012 0.703143
    outer loop
      vertex -41.2021 -41.2021 1.4
      vertex -42.3248 -42.3277 3
      vertex -41.1375 -41.2633 1.40647
    endloop
  endfacet
  facet normal 0.448473 0.551967 0.702997
    outer loop
      vertex -42.3248 -42.3277 3
      vertex -41.2021 -41.2021 1.4
      vertex -42.3264 -42.3264 3
    endloop
  endfacet
  facet normal -0.627082 -0.335107 0.703187
    outer loop
      vertex -36.9614 -38.7391 3
      vertex -37.2644 -38.1721 3
      vertex -38.5865 -39.0555 1.4
    endloop
  endfacet
  facet normal -0.451127 -0.549559 0.703186
    outer loop
      vertex -37.6752 -37.6723 3
      vertex -38.1721 -37.2644 3
      vertex -39.0555 -38.5865 1.4
    endloop
  endfacet
  facet normal -0.214232 -0.678401 0.702763
    outer loop
      vertex -39.6683 -38.3327 1.4
      vertex -39.3562 -36.7738 3
      vertex -39.3581 -36.7732 3
    endloop
  endfacet
  facet normal -0.206266 -0.680423 0.703191
    outer loop
      vertex -39.3562 -36.7738 3
      vertex -39.4747 -38.3832 1.40795
      vertex -39.3494 -38.4294 1.4
    endloop
  endfacet
  facet normal -0.205223 -0.678042 0.705792
    outer loop
      vertex -39.3494 -38.4294 1.4
      vertex -39.4747 -38.3832 1.40795
      vertex -39.4168 -38.409 1.4
    endloop
  endfacet
  facet normal -0.206351 -0.680408 0.703182
    outer loop
      vertex -39.3562 -36.7738 3
      vertex -39.5651 -38.364 1.4
      vertex -39.4747 -38.3832 1.40795
    endloop
  endfacet
  facet normal -0.206363 -0.680405 0.703181
    outer loop
      vertex -39.3562 -36.7738 3
      vertex -39.6683 -38.3327 1.4
      vertex -39.5651 -38.364 1.4
    endloop
  endfacet
  facet normal -0.206346 -0.680412 0.703179
    outer loop
      vertex -39.3494 -38.4294 1.4
      vertex -38.7409 -36.9604 3
      vertex -39.3562 -36.7738 3
    endloop
  endfacet
  facet normal 0.451145 -0.549538 0.70319
    outer loop
      vertex -42.3248 -37.6723 3
      vertex -41.0495 -38.6727 1.4
      vertex -40.9445 -38.5865 1.4
    endloop
  endfacet
  facet normal 0.450892 -0.550241 0.702802
    outer loop
      vertex -41.1375 -38.7367 1.40647
      vertex -41.2021 -38.7979 1.4
      vertex -41.1661 -38.7684 1.4
    endloop
  endfacet
  facet normal 0.451272 -0.549409 0.70321
    outer loop
      vertex -41.0495 -38.6727 1.4
      vertex -42.3248 -37.6723 3
      vertex -41.1375 -38.7367 1.40647
    endloop
  endfacet
  facet normal 0.450641 -0.550012 0.703143
    outer loop
      vertex -42.3248 -37.6723 3
      vertex -41.2021 -38.7979 1.4
      vertex -41.1375 -38.7367 1.40647
    endloop
  endfacet
  facet normal 0.448473 -0.551967 0.702997
    outer loop
      vertex -41.2021 -38.7979 1.4
      vertex -42.3248 -37.6723 3
      vertex -42.3264 -37.6736 3
    endloop
  endfacet
  facet normal -0.622066 -0.345592 0.702567
    outer loop
      vertex -36.9614 -38.7391 3
      vertex -38.4294 -39.3494 1.4
      vertex -36.9604 -38.7409 3
    endloop
  endfacet
  facet normal -0.626927 -0.335452 0.70316
    outer loop
      vertex -38.447 -39.3085 1.40382
      vertex -38.4294 -39.3494 1.4
      vertex -36.9614 -38.7391 3
    endloop
  endfacet
  facet normal -0.62928 -0.336233 0.700681
    outer loop
      vertex -38.4294 -39.3494 1.4
      vertex -38.447 -39.3085 1.40382
      vertex -38.4403 -39.329 1.4
    endloop
  endfacet
  facet normal -0.62703 -0.335227 0.703175
    outer loop
      vertex -36.9614 -38.7391 3
      vertex -38.5048 -39.2084 1.4
      vertex -38.447 -39.3085 1.40382
    endloop
  endfacet
  facet normal -0.627092 -0.335078 0.703191
    outer loop
      vertex -38.5048 -39.2084 1.4
      vertex -36.9614 -38.7391 3
      vertex -38.5865 -39.0555 1.4
    endloop
  endfacet
  facet normal -0.448473 -0.551967 0.702997
    outer loop
      vertex -37.6752 -37.6723 3
      vertex -38.7979 -38.7979 1.4
      vertex -37.6736 -37.6736 3
    endloop
  endfacet
  facet normal -0.450641 -0.550012 0.703143
    outer loop
      vertex -38.8625 -38.7367 1.40647
      vertex -38.7979 -38.7979 1.4
      vertex -37.6752 -37.6723 3
    endloop
  endfacet
  facet normal -0.450892 -0.550241 0.702802
    outer loop
      vertex -38.7979 -38.7979 1.4
      vertex -38.8625 -38.7367 1.40647
      vertex -38.8339 -38.7684 1.4
    endloop
  endfacet
  facet normal -0.451272 -0.549409 0.70321
    outer loop
      vertex -37.6752 -37.6723 3
      vertex -38.9505 -38.6727 1.4
      vertex -38.8625 -38.7367 1.40647
    endloop
  endfacet
  facet normal -0.451145 -0.549538 0.70319
    outer loop
      vertex -38.9505 -38.6727 1.4
      vertex -37.6752 -37.6723 3
      vertex -39.0555 -38.5865 1.4
    endloop
  endfacet
  facet normal -0.551967 -0.448473 0.702997
    outer loop
      vertex -38.7979 -38.7979 1.4
      vertex -37.6723 -37.6752 3
      vertex -37.6736 -37.6736 3
    endloop
  endfacet
  facet normal -0.549056 -0.451579 0.703288
    outer loop
      vertex -37.6723 -37.6752 3
      vertex -38.6247 -39.0008 1.4053
      vertex -38.5865 -39.0555 1.4
    endloop
  endfacet
  facet normal -0.551159 -0.452811 0.700846
    outer loop
      vertex -38.5865 -39.0555 1.4
      vertex -38.6247 -39.0008 1.4053
      vertex -38.6086 -39.0286 1.4
    endloop
  endfacet
  facet normal -0.549749 -0.45093 0.703163
    outer loop
      vertex -37.6723 -37.6752 3
      vertex -38.7012 -38.9158 1.4
      vertex -38.6247 -39.0008 1.4053
    endloop
  endfacet
  facet normal -0.549767 -0.450912 0.70316
    outer loop
      vertex -37.6723 -37.6752 3
      vertex -38.7979 -38.7979 1.4
      vertex -38.7012 -38.9158 1.4
    endloop
  endfacet
  facet normal -0.680412 -0.206346 0.703179
    outer loop
      vertex -36.7738 -39.3562 3
      vertex -36.9604 -38.7409 3
      vertex -38.4294 -39.3494 1.4
    endloop
  endfacet
  facet normal -0.678401 -0.214232 0.702763
    outer loop
      vertex -36.7738 -39.3562 3
      vertex -38.3327 -39.6683 1.4
      vertex -36.7732 -39.3581 3
    endloop
  endfacet
  facet normal -0.680278 -0.206869 0.703155
    outer loop
      vertex -38.3372 -39.6465 1.40206
      vertex -38.3327 -39.6683 1.4
      vertex -36.7738 -39.3562 3
    endloop
  endfacet
  facet normal -0.694934 -0.20848 0.688188
    outer loop
      vertex -38.3327 -39.6683 1.4
      vertex -38.3372 -39.6465 1.40206
      vertex -38.336 -39.6573 1.4
    endloop
  endfacet
  facet normal -0.680454 -0.206146 0.703197
    outer loop
      vertex -36.7738 -39.3562 3
      vertex -38.3692 -39.5479 1.4
      vertex -38.3372 -39.6465 1.40206
    endloop
  endfacet
  facet normal -0.680411 -0.206351 0.703178
    outer loop
      vertex -38.3692 -39.5479 1.4
      vertex -36.7738 -39.3562 3
      vertex -38.4294 -39.3494 1.4
    endloop
  endfacet
  facet normal -0.993884 -0.110432 0
    outer loop
      vertex -38.3372 40.3535 0
      vertex -38.336 40.3427 1.4
      vertex -38.3372 40.3535 1.40206
    endloop
  endfacet
  facet normal -0.994509 -0.104655 4.50935e-05
    outer loop
      vertex -38.3 40 0
      vertex -38.336 40.3427 1.4
      vertex -38.3372 40.3535 0
    endloop
  endfacet
  facet normal -0.994528 -0.104473 0
    outer loop
      vertex -38.336 40.3427 1.4
      vertex -38.3 40 0
      vertex -38.3 40 1.4
    endloop
  endfacet
  facet normal 0 -1 -0
    outer loop
      vertex -40.0946 41.6907 1.4
      vertex -40.1777 41.6907 0
      vertex -39.9054 41.6907 1.4
    endloop
  endfacet
  facet normal 0 -1 0
    outer loop
      vertex -40.1777 41.6907 0
      vertex -40.0946 41.6907 1.4
      vertex -40.1777 41.6907 1.40824
    endloop
  endfacet
  facet normal 0 -1 0
    outer loop
      vertex -39.8223 41.6907 0
      vertex -39.9054 41.6907 1.4
      vertex -40.1777 41.6907 0
    endloop
  endfacet
  facet normal 0 -1 0
    outer loop
      vertex -39.9054 41.6907 1.4
      vertex -39.8223 41.6907 0
      vertex -39.8223 41.6907 1.40824
    endloop
  endfacet
  facet normal 0 1 0
    outer loop
      vertex -39.9054 38.3093 1.4
      vertex -39.8223 38.3093 0
      vertex -40.0946 38.3093 1.4
    endloop
  endfacet
  facet normal 0 1 -0
    outer loop
      vertex -39.8223 38.3093 0
      vertex -39.9054 38.3093 1.4
      vertex -39.8223 38.3093 1.40824
    endloop
  endfacet
  facet normal 0 1 0
    outer loop
      vertex -40.1777 38.3093 0
      vertex -40.0946 38.3093 1.4
      vertex -39.8223 38.3093 0
    endloop
  endfacet
  facet normal 0 1 0
    outer loop
      vertex -40.0946 38.3093 1.4
      vertex -40.1777 38.3093 0
      vertex -40.1777 38.3093 1.40824
    endloop
  endfacet
  facet normal 0.743294 0.668965 0
    outer loop
      vertex -41.2988 38.9158 1.4
      vertex -41.3753 39.0008 0
      vertex -41.3753 39.0008 1.4053
    endloop
  endfacet
  facet normal 0.743194 0.669076 3.25931e-05
    outer loop
      vertex -41.1375 38.7367 0
      vertex -41.2988 38.9158 1.4
      vertex -41.1661 38.7684 1.4
    endloop
  endfacet
  facet normal 0.742478 0.66987 -0
    outer loop
      vertex -41.1375 38.7367 0
      vertex -41.1661 38.7684 1.4
      vertex -41.1375 38.7367 1.40647
    endloop
  endfacet
  facet normal 0.74314 0.669136 1.87926e-05
    outer loop
      vertex -41.2988 38.9158 1.4
      vertex -41.1375 38.7367 0
      vertex -41.3753 39.0008 0
    endloop
  endfacet
  facet normal -0.742478 -0.66987 0
    outer loop
      vertex -38.8625 41.2633 0
      vertex -38.8339 41.2316 1.4
      vertex -38.8625 41.2633 1.40647
    endloop
  endfacet
  facet normal -0.743194 -0.669076 3.25931e-05
    outer loop
      vertex -38.8625 41.2633 0
      vertex -38.7012 41.0842 1.4
      vertex -38.8339 41.2316 1.4
    endloop
  endfacet
  facet normal -0.74314 -0.669136 1.87926e-05
    outer loop
      vertex -38.6247 40.9992 0
      vertex -38.7012 41.0842 1.4
      vertex -38.8625 41.2633 0
    endloop
  endfacet
  facet normal -0.743294 -0.668965 0
    outer loop
      vertex -38.7012 41.0842 1.4
      vertex -38.6247 40.9992 0
      vertex -38.6247 40.9992 1.4053
    endloop
  endfacet
  facet normal -0.950522 -0.310658 0
    outer loop
      vertex -38.447 40.6915 0
      vertex -38.4403 40.671 1.4
      vertex -38.447 40.6915 1.40382
    endloop
  endfacet
  facet normal -0.951088 -0.308919 2.81795e-05
    outer loop
      vertex -38.447 40.6915 0
      vertex -38.3692 40.4521 1.4
      vertex -38.4403 40.671 1.4
    endloop
  endfacet
  facet normal -0.951075 -0.308959 2.06616e-05
    outer loop
      vertex -38.3372 40.3535 0
      vertex -38.3692 40.4521 1.4
      vertex -38.447 40.6915 0
    endloop
  endfacet
  facet normal -0.951162 -0.308693 0
    outer loop
      vertex -38.3692 40.4521 1.4
      vertex -38.3372 40.3535 0
      vertex -38.3372 40.3535 1.40206
    endloop
  endfacet
  facet normal 0.742478 -0.66987 0
    outer loop
      vertex -41.1661 41.2316 1.4
      vertex -41.1375 41.2633 0
      vertex -41.1375 41.2633 1.40647
    endloop
  endfacet
  facet normal 0.743194 -0.669076 3.25931e-05
    outer loop
      vertex -41.2988 41.0842 1.4
      vertex -41.1375 41.2633 0
      vertex -41.1661 41.2316 1.4
    endloop
  endfacet
  facet normal 0.743294 -0.668965 0
    outer loop
      vertex -41.3753 40.9992 0
      vertex -41.2988 41.0842 1.4
      vertex -41.3753 40.9992 1.4053
    endloop
  endfacet
  facet normal 0.74314 -0.669136 1.87926e-05
    outer loop
      vertex -41.2988 41.0842 1.4
      vertex -41.3753 40.9992 0
      vertex -41.1375 41.2633 0
    endloop
  endfacet
  facet normal 0.406817 -0.91351 3.33588e-05
    outer loop
      vertex -40.5253 41.6168 0
      vertex -40.7576 41.5134 1.4
      vertex -40.85 41.4722 0
    endloop
  endfacet
  facet normal 0.407239 -0.913322 0
    outer loop
      vertex -40.85 41.4722 0
      vertex -40.7576 41.5134 1.4
      vertex -40.85 41.4722 1.40736
    endloop
  endfacet
  facet normal 0.406527 -0.913639 -2.42479e-05
    outer loop
      vertex -40.7576 41.5134 1.4
      vertex -40.5253 41.6168 0
      vertex -40.5832 41.591 1.4
    endloop
  endfacet
  facet normal 0.407017 -0.913421 0
    outer loop
      vertex -40.5832 41.591 1.4
      vertex -40.5253 41.6168 0
      vertex -40.5253 41.6168 1.40795
    endloop
  endfacet
  facet normal -0.743294 0.668965 0
    outer loop
      vertex -38.6247 39.0008 0
      vertex -38.7012 38.9158 1.4
      vertex -38.6247 39.0008 1.4053
    endloop
  endfacet
  facet normal -0.74314 0.669136 1.87926e-05
    outer loop
      vertex -38.8625 38.7367 0
      vertex -38.7012 38.9158 1.4
      vertex -38.6247 39.0008 0
    endloop
  endfacet
  facet normal -0.743194 0.669076 3.25931e-05
    outer loop
      vertex -38.7012 38.9158 1.4
      vertex -38.8625 38.7367 0
      vertex -38.8339 38.7684 1.4
    endloop
  endfacet
  facet normal -0.742478 0.66987 0
    outer loop
      vertex -38.8339 38.7684 1.4
      vertex -38.8625 38.7367 0
      vertex -38.8625 38.7367 1.40647
    endloop
  endfacet
  facet normal -0.865998 0.500047 0
    outer loop
      vertex -38.447 39.3085 0
      vertex -38.5048 39.2084 1.4
      vertex -38.447 39.3085 1.40382
    endloop
  endfacet
  facet normal -0.865965 0.500104 5.44771e-06
    outer loop
      vertex -38.6247 39.0008 0
      vertex -38.5048 39.2084 1.4
      vertex -38.447 39.3085 0
    endloop
  endfacet
  facet normal -0.866041 0.499973 3.14461e-05
    outer loop
      vertex -38.5048 39.2084 1.4
      vertex -38.6247 39.0008 0
      vertex -38.6086 39.0286 1.4
    endloop
  endfacet
  facet normal -0.865355 0.501159 0
    outer loop
      vertex -38.6086 39.0286 1.4
      vertex -38.6247 39.0008 0
      vertex -38.6247 39.0008 1.4053
    endloop
  endfacet
  facet normal 0.951162 0.308693 0
    outer loop
      vertex -41.6308 39.5479 1.4
      vertex -41.6628 39.6465 0
      vertex -41.6628 39.6465 1.40206
    endloop
  endfacet
  facet normal 0.951088 0.308919 2.81795e-05
    outer loop
      vertex -41.553 39.3085 0
      vertex -41.6308 39.5479 1.4
      vertex -41.5597 39.329 1.4
    endloop
  endfacet
  facet normal 0.950522 0.310658 -0
    outer loop
      vertex -41.553 39.3085 0
      vertex -41.5597 39.329 1.4
      vertex -41.553 39.3085 1.40382
    endloop
  endfacet
  facet normal 0.951075 0.308959 2.06616e-05
    outer loop
      vertex -41.6308 39.5479 1.4
      vertex -41.553 39.3085 0
      vertex -41.6628 39.6465 0
    endloop
  endfacet
  facet normal -0.865355 -0.501159 0
    outer loop
      vertex -38.6247 40.9992 0
      vertex -38.6086 40.9714 1.4
      vertex -38.6247 40.9992 1.4053
    endloop
  endfacet
  facet normal -0.866041 -0.499973 3.14461e-05
    outer loop
      vertex -38.6247 40.9992 0
      vertex -38.5048 40.7916 1.4
      vertex -38.6086 40.9714 1.4
    endloop
  endfacet
  facet normal -0.865965 -0.500104 5.44771e-06
    outer loop
      vertex -38.447 40.6915 0
      vertex -38.5048 40.7916 1.4
      vertex -38.6247 40.9992 0
    endloop
  endfacet
  facet normal -0.865998 -0.500047 0
    outer loop
      vertex -38.5048 40.7916 1.4
      vertex -38.447 40.6915 0
      vertex -38.447 40.6915 1.40382
    endloop
  endfacet
  facet normal -0.406527 -0.913639 -2.42479e-05
    outer loop
      vertex -39.4168 41.591 1.4
      vertex -39.4747 41.6168 0
      vertex -39.2424 41.5134 1.4
    endloop
  endfacet
  facet normal -0.407017 -0.913421 0
    outer loop
      vertex -39.4747 41.6168 0
      vertex -39.4168 41.591 1.4
      vertex -39.4747 41.6168 1.40795
    endloop
  endfacet
  facet normal -0.406817 -0.91351 3.33588e-05
    outer loop
      vertex -39.15 41.4722 0
      vertex -39.2424 41.5134 1.4
      vertex -39.4747 41.6168 0
    endloop
  endfacet
  facet normal -0.407239 -0.913322 0
    outer loop
      vertex -39.2424 41.5134 1.4
      vertex -39.15 41.4722 0
      vertex -39.15 41.4722 1.40736
    endloop
  endfacet
  facet normal -0.207871 -0.978156 -2.90176e-05
    outer loop
      vertex -39.7505 41.6754 1.4
      vertex -39.8223 41.6907 0
      vertex -39.5651 41.636 1.4
    endloop
  endfacet
  facet normal -0.208413 -0.978041 0
    outer loop
      vertex -39.8223 41.6907 0
      vertex -39.7505 41.6754 1.4
      vertex -39.8223 41.6907 1.40824
    endloop
  endfacet
  facet normal -0.207953 -0.978139 -1.33463e-05
    outer loop
      vertex -39.4747 41.6168 0
      vertex -39.5651 41.636 1.4
      vertex -39.8223 41.6907 0
    endloop
  endfacet
  facet normal -0.207755 -0.978181 0
    outer loop
      vertex -39.5651 41.636 1.4
      vertex -39.4747 41.6168 0
      vertex -39.4747 41.6168 1.40795
    endloop
  endfacet
  facet normal -0.587772 -0.809027 2.32627e-05
    outer loop
      vertex -39.107 41.441 1.4
      vertex -39.15 41.4722 0
      vertex -38.9505 41.3273 1.4
    endloop
  endfacet
  facet normal -0.587276 -0.809387 0
    outer loop
      vertex -39.15 41.4722 0
      vertex -39.107 41.441 1.4
      vertex -39.15 41.4722 1.40736
    endloop
  endfacet
  facet normal -0.58782 -0.808992 3.37666e-05
    outer loop
      vertex -38.8625 41.2633 0
      vertex -38.9505 41.3273 1.4
      vertex -39.15 41.4722 0
    endloop
  endfacet
  facet normal -0.588172 -0.808736 0
    outer loop
      vertex -38.9505 41.3273 1.4
      vertex -38.8625 41.2633 0
      vertex -38.8625 41.2633 1.40647
    endloop
  endfacet
  facet normal 0.950522 -0.310658 0
    outer loop
      vertex -41.5597 40.671 1.4
      vertex -41.553 40.6915 0
      vertex -41.553 40.6915 1.40382
    endloop
  endfacet
  facet normal 0.951088 -0.308919 2.81795e-05
    outer loop
      vertex -41.6308 40.4521 1.4
      vertex -41.553 40.6915 0
      vertex -41.5597 40.671 1.4
    endloop
  endfacet
  facet normal 0.951162 -0.308693 0
    outer loop
      vertex -41.6628 40.3535 0
      vertex -41.6308 40.4521 1.4
      vertex -41.6628 40.3535 1.40206
    endloop
  endfacet
  facet normal 0.951075 -0.308959 2.06616e-05
    outer loop
      vertex -41.6308 40.4521 1.4
      vertex -41.6628 40.3535 0
      vertex -41.553 40.6915 0
    endloop
  endfacet
  facet normal 0.865355 -0.501159 0
    outer loop
      vertex -41.3914 40.9714 1.4
      vertex -41.3753 40.9992 0
      vertex -41.3753 40.9992 1.4053
    endloop
  endfacet
  facet normal 0.866041 -0.499973 3.14461e-05
    outer loop
      vertex -41.4952 40.7916 1.4
      vertex -41.3753 40.9992 0
      vertex -41.3914 40.9714 1.4
    endloop
  endfacet
  facet normal 0.865998 -0.500047 0
    outer loop
      vertex -41.553 40.6915 0
      vertex -41.4952 40.7916 1.4
      vertex -41.553 40.6915 1.40382
    endloop
  endfacet
  facet normal 0.865965 -0.500104 5.44771e-06
    outer loop
      vertex -41.4952 40.7916 1.4
      vertex -41.553 40.6915 0
      vertex -41.3753 40.9992 0
    endloop
  endfacet
  facet normal 0.993884 -0.110432 0
    outer loop
      vertex -41.664 40.3427 1.4
      vertex -41.6628 40.3535 0
      vertex -41.6628 40.3535 1.40206
    endloop
  endfacet
  facet normal 0.994528 -0.104473 4.65155e-05
    outer loop
      vertex -41.7 40 1.4
      vertex -41.6628 40.3535 0
      vertex -41.664 40.3427 1.4
    endloop
  endfacet
  facet normal 0.994509 -0.104655 0
    outer loop
      vertex -41.6628 40.3535 0
      vertex -41.7 40 1.4
      vertex -41.7 40 0
    endloop
  endfacet
  facet normal 0.58782 -0.808992 3.37666e-05
    outer loop
      vertex -40.85 41.4722 0
      vertex -41.0495 41.3273 1.4
      vertex -41.1375 41.2633 0
    endloop
  endfacet
  facet normal 0.588172 -0.808736 0
    outer loop
      vertex -41.1375 41.2633 0
      vertex -41.0495 41.3273 1.4
      vertex -41.1375 41.2633 1.40647
    endloop
  endfacet
  facet normal 0.587772 -0.809027 2.32627e-05
    outer loop
      vertex -41.0495 41.3273 1.4
      vertex -40.85 41.4722 0
      vertex -40.893 41.441 1.4
    endloop
  endfacet
  facet normal 0.587276 -0.809387 0
    outer loop
      vertex -40.893 41.441 1.4
      vertex -40.85 41.4722 0
      vertex -40.85 41.4722 1.40736
    endloop
  endfacet
  facet normal 0.207953 -0.978139 -1.33463e-05
    outer loop
      vertex -40.1777 41.6907 0
      vertex -40.4349 41.636 1.4
      vertex -40.5253 41.6168 0
    endloop
  endfacet
  facet normal 0.207755 -0.978181 0
    outer loop
      vertex -40.5253 41.6168 0
      vertex -40.4349 41.636 1.4
      vertex -40.5253 41.6168 1.40795
    endloop
  endfacet
  facet normal 0.207871 -0.978156 -2.90176e-05
    outer loop
      vertex -40.4349 41.636 1.4
      vertex -40.1777 41.6907 0
      vertex -40.2495 41.6754 1.4
    endloop
  endfacet
  facet normal 0.208413 -0.978041 0
    outer loop
      vertex -40.2495 41.6754 1.4
      vertex -40.1777 41.6907 0
      vertex -40.1777 41.6907 1.40824
    endloop
  endfacet
  facet normal -0.207953 0.978139 -1.33463e-05
    outer loop
      vertex -39.8223 38.3093 0
      vertex -39.5651 38.364 1.4
      vertex -39.4747 38.3832 0
    endloop
  endfacet
  facet normal -0.207755 0.978181 0
    outer loop
      vertex -39.4747 38.3832 0
      vertex -39.5651 38.364 1.4
      vertex -39.4747 38.3832 1.40795
    endloop
  endfacet
  facet normal -0.207871 0.978156 -2.90176e-05
    outer loop
      vertex -39.5651 38.364 1.4
      vertex -39.8223 38.3093 0
      vertex -39.7505 38.3246 1.4
    endloop
  endfacet
  facet normal -0.208413 0.978041 0
    outer loop
      vertex -39.7505 38.3246 1.4
      vertex -39.8223 38.3093 0
      vertex -39.8223 38.3093 1.40824
    endloop
  endfacet
  facet normal -0.58782 0.808992 3.37666e-05
    outer loop
      vertex -39.15 38.5278 0
      vertex -38.9505 38.6727 1.4
      vertex -38.8625 38.7367 0
    endloop
  endfacet
  facet normal -0.588172 0.808736 0
    outer loop
      vertex -38.8625 38.7367 0
      vertex -38.9505 38.6727 1.4
      vertex -38.8625 38.7367 1.40647
    endloop
  endfacet
  facet normal -0.587772 0.809027 2.32627e-05
    outer loop
      vertex -38.9505 38.6727 1.4
      vertex -39.15 38.5278 0
      vertex -39.107 38.559 1.4
    endloop
  endfacet
  facet normal -0.587276 0.809387 0
    outer loop
      vertex -39.107 38.559 1.4
      vertex -39.15 38.5278 0
      vertex -39.15 38.5278 1.40736
    endloop
  endfacet
  facet normal 0.587772 0.809027 2.32627e-05
    outer loop
      vertex -40.893 38.559 1.4
      vertex -40.85 38.5278 0
      vertex -41.0495 38.6727 1.4
    endloop
  endfacet
  facet normal 0.587276 0.809387 -0
    outer loop
      vertex -40.85 38.5278 0
      vertex -40.893 38.559 1.4
      vertex -40.85 38.5278 1.40736
    endloop
  endfacet
  facet normal 0.58782 0.808992 3.37666e-05
    outer loop
      vertex -41.1375 38.7367 0
      vertex -41.0495 38.6727 1.4
      vertex -40.85 38.5278 0
    endloop
  endfacet
  facet normal 0.588172 0.808736 0
    outer loop
      vertex -41.0495 38.6727 1.4
      vertex -41.1375 38.7367 0
      vertex -41.1375 38.7367 1.40647
    endloop
  endfacet
  facet normal 0.207871 0.978156 -2.90176e-05
    outer loop
      vertex -40.2495 38.3246 1.4
      vertex -40.1777 38.3093 0
      vertex -40.4349 38.364 1.4
    endloop
  endfacet
  facet normal 0.208413 0.978041 -0
    outer loop
      vertex -40.1777 38.3093 0
      vertex -40.2495 38.3246 1.4
      vertex -40.1777 38.3093 1.40824
    endloop
  endfacet
  facet normal 0.207953 0.978139 -1.33463e-05
    outer loop
      vertex -40.5253 38.3832 0
      vertex -40.4349 38.364 1.4
      vertex -40.1777 38.3093 0
    endloop
  endfacet
  facet normal 0.207755 0.978181 0
    outer loop
      vertex -40.4349 38.364 1.4
      vertex -40.5253 38.3832 0
      vertex -40.5253 38.3832 1.40795
    endloop
  endfacet
  facet normal 0.865998 0.500047 0
    outer loop
      vertex -41.4952 39.2084 1.4
      vertex -41.553 39.3085 0
      vertex -41.553 39.3085 1.40382
    endloop
  endfacet
  facet normal 0.866041 0.499973 3.14461e-05
    outer loop
      vertex -41.3753 39.0008 0
      vertex -41.4952 39.2084 1.4
      vertex -41.3914 39.0286 1.4
    endloop
  endfacet
  facet normal 0.865355 0.501159 -0
    outer loop
      vertex -41.3753 39.0008 0
      vertex -41.3914 39.0286 1.4
      vertex -41.3753 39.0008 1.4053
    endloop
  endfacet
  facet normal 0.865965 0.500104 5.44771e-06
    outer loop
      vertex -41.4952 39.2084 1.4
      vertex -41.3753 39.0008 0
      vertex -41.553 39.3085 0
    endloop
  endfacet
  facet normal 0.994528 0.104473 0
    outer loop
      vertex -41.664 39.6573 1.4
      vertex -41.7 40 0
      vertex -41.7 40 1.4
    endloop
  endfacet
  facet normal 0.993884 0.110432 -0
    outer loop
      vertex -41.6628 39.6465 0
      vertex -41.664 39.6573 1.4
      vertex -41.6628 39.6465 1.40206
    endloop
  endfacet
  facet normal 0.994509 0.104655 4.50935e-05
    outer loop
      vertex -41.664 39.6573 1.4
      vertex -41.6628 39.6465 0
      vertex -41.7 40 0
    endloop
  endfacet
  facet normal -0.406817 0.91351 3.33588e-05
    outer loop
      vertex -39.4747 38.3832 0
      vertex -39.2424 38.4866 1.4
      vertex -39.15 38.5278 0
    endloop
  endfacet
  facet normal -0.407239 0.913322 0
    outer loop
      vertex -39.15 38.5278 0
      vertex -39.2424 38.4866 1.4
      vertex -39.15 38.5278 1.40736
    endloop
  endfacet
  facet normal -0.406527 0.913639 -2.42479e-05
    outer loop
      vertex -39.2424 38.4866 1.4
      vertex -39.4747 38.3832 0
      vertex -39.4168 38.409 1.4
    endloop
  endfacet
  facet normal -0.407017 0.913421 0
    outer loop
      vertex -39.4168 38.409 1.4
      vertex -39.4747 38.3832 0
      vertex -39.4747 38.3832 1.40795
    endloop
  endfacet
  facet normal -0.951162 0.308693 0
    outer loop
      vertex -38.3372 39.6465 0
      vertex -38.3692 39.5479 1.4
      vertex -38.3372 39.6465 1.40206
    endloop
  endfacet
  facet normal -0.951075 0.308959 2.06616e-05
    outer loop
      vertex -38.447 39.3085 0
      vertex -38.3692 39.5479 1.4
      vertex -38.3372 39.6465 0
    endloop
  endfacet
  facet normal -0.951088 0.308919 2.81795e-05
    outer loop
      vertex -38.3692 39.5479 1.4
      vertex -38.447 39.3085 0
      vertex -38.4403 39.329 1.4
    endloop
  endfacet
  facet normal -0.950522 0.310658 0
    outer loop
      vertex -38.4403 39.329 1.4
      vertex -38.447 39.3085 0
      vertex -38.447 39.3085 1.40382
    endloop
  endfacet
  facet normal 0.406527 0.913639 -2.42479e-05
    outer loop
      vertex -40.5832 38.409 1.4
      vertex -40.5253 38.3832 0
      vertex -40.7576 38.4866 1.4
    endloop
  endfacet
  facet normal 0.407017 0.913421 -0
    outer loop
      vertex -40.5253 38.3832 0
      vertex -40.5832 38.409 1.4
      vertex -40.5253 38.3832 1.40795
    endloop
  endfacet
  facet normal 0.406817 0.91351 3.33588e-05
    outer loop
      vertex -40.85 38.5278 0
      vertex -40.7576 38.4866 1.4
      vertex -40.5253 38.3832 0
    endloop
  endfacet
  facet normal 0.407239 0.913322 0
    outer loop
      vertex -40.7576 38.4866 1.4
      vertex -40.85 38.5278 0
      vertex -40.85 38.5278 1.40736
    endloop
  endfacet
  facet normal -0.994528 0.104473 0
    outer loop
      vertex -38.3 40 0
      vertex -38.336 39.6573 1.4
      vertex -38.3 40 1.4
    endloop
  endfacet
  facet normal -0.994509 0.104655 4.50935e-05
    outer loop
      vertex -38.3372 39.6465 0
      vertex -38.336 39.6573 1.4
      vertex -38.3 40 0
    endloop
  endfacet
  facet normal -0.993884 0.110432 0
    outer loop
      vertex -38.336 39.6573 1.4
      vertex -38.3372 39.6465 0
      vertex -38.3372 39.6465 1.40206
    endloop
  endfacet
  facet normal -0.680412 0.206346 0.703179
    outer loop
      vertex -36.9604 38.7409 3
      vertex -36.7738 39.3562 3
      vertex -38.4294 39.3494 1.4
    endloop
  endfacet
  facet normal -0.707574 -0.0696736 0.703196
    outer loop
      vertex -36.7099 40 3
      vertex -36.7729 40.6398 3
      vertex -38.3 40 1.4
    endloop
  endfacet
  facet normal -0.702697 -0.100385 0.704372
    outer loop
      vertex -38.3327 40.3317 1.4
      vertex -36.7729 40.6398 3
      vertex -36.7732 40.6419 3
    endloop
  endfacet
  facet normal -0.707554 -0.0697528 0.703208
    outer loop
      vertex -36.7729 40.6398 3
      vertex -38.3327 40.3317 1.4
      vertex -38.3 40 1.4
    endloop
  endfacet
  facet normal -0.707554 0.0697528 0.703208
    outer loop
      vertex -38.3327 39.6683 1.4
      vertex -36.7729 39.3602 3
      vertex -38.3 40 1.4
    endloop
  endfacet
  facet normal -0.702697 0.100385 0.704372
    outer loop
      vertex -36.7729 39.3602 3
      vertex -38.3327 39.6683 1.4
      vertex -36.7732 39.3581 3
    endloop
  endfacet
  facet normal 0.680454 0.206146 0.703197
    outer loop
      vertex -43.2262 39.3562 3
      vertex -41.6308 39.5479 1.4
      vertex -41.6628 39.6465 1.40206
    endloop
  endfacet
  facet normal 0.694934 0.20848 0.688188
    outer loop
      vertex -41.6673 39.6683 1.4
      vertex -41.6628 39.6465 1.40206
      vertex -41.664 39.6573 1.4
    endloop
  endfacet
  facet normal 0.680411 0.206351 0.703178
    outer loop
      vertex -41.6308 39.5479 1.4
      vertex -43.2262 39.3562 3
      vertex -41.5706 39.3494 1.4
    endloop
  endfacet
  facet normal 0.680278 0.206869 0.703155
    outer loop
      vertex -41.6673 39.6683 1.4
      vertex -43.2262 39.3562 3
      vertex -41.6628 39.6465 1.40206
    endloop
  endfacet
  facet normal 0.678401 0.214232 0.702763
    outer loop
      vertex -43.2262 39.3562 3
      vertex -41.6673 39.6683 1.4
      vertex -43.2268 39.3581 3
    endloop
  endfacet
  facet normal 0.206363 -0.680405 0.703181
    outer loop
      vertex -40.6438 43.2262 3
      vertex -40.4349 41.636 1.4
      vertex -40.3317 41.6673 1.4
    endloop
  endfacet
  facet normal 0.214232 -0.678401 0.702763
    outer loop
      vertex -40.6438 43.2262 3
      vertex -40.3317 41.6673 1.4
      vertex -40.6419 43.2268 3
    endloop
  endfacet
  facet normal 0.206351 -0.680408 0.703182
    outer loop
      vertex -40.4349 41.636 1.4
      vertex -40.6438 43.2262 3
      vertex -40.5253 41.6168 1.40795
    endloop
  endfacet
  facet normal 0.206266 -0.680423 0.703191
    outer loop
      vertex -40.6506 41.5706 1.4
      vertex -40.5253 41.6168 1.40795
      vertex -40.6438 43.2262 3
    endloop
  endfacet
  facet normal 0.205223 -0.678042 0.705792
    outer loop
      vertex -40.5253 41.6168 1.40795
      vertex -40.6506 41.5706 1.4
      vertex -40.5832 41.591 1.4
    endloop
  endfacet
  facet normal -0.100385 0.702697 0.704372
    outer loop
      vertex -39.6683 38.3327 1.4
      vertex -39.3602 36.7729 3
      vertex -39.3581 36.7732 3
    endloop
  endfacet
  facet normal -0.069882 0.707535 0.703215
    outer loop
      vertex -39.3602 36.7729 3
      vertex -39.6683 38.3327 1.4
      vertex -39.8223 38.3093 1.40824
    endloop
  endfacet
  facet normal -0.0695736 0.706043 0.704743
    outer loop
      vertex -39.8223 38.3093 1.40824
      vertex -39.6683 38.3327 1.4
      vertex -39.7505 38.3246 1.4
    endloop
  endfacet
  facet normal -0.0697276 0.707565 0.703199
    outer loop
      vertex -39.9054 38.3093 1.4
      vertex -39.3602 36.7729 3
      vertex -39.8223 38.3093 1.40824
    endloop
  endfacet
  facet normal -0.0695634 0.707602 0.703179
    outer loop
      vertex -39.3602 36.7729 3
      vertex -39.9054 38.3093 1.4
      vertex -40 38.3 1.4
    endloop
  endfacet
  facet normal -0.549056 0.451579 0.703288
    outer loop
      vertex -38.6247 39.0008 1.4053
      vertex -37.6723 37.6752 3
      vertex -38.5865 39.0555 1.4
    endloop
  endfacet
  facet normal -0.551159 0.452811 0.700846
    outer loop
      vertex -38.6247 39.0008 1.4053
      vertex -38.5865 39.0555 1.4
      vertex -38.6086 39.0286 1.4
    endloop
  endfacet
  facet normal -0.549749 0.45093 0.703163
    outer loop
      vertex -38.7012 38.9158 1.4
      vertex -37.6723 37.6752 3
      vertex -38.6247 39.0008 1.4053
    endloop
  endfacet
  facet normal -0.549767 0.450912 0.70316
    outer loop
      vertex -38.7979 38.7979 1.4
      vertex -37.6723 37.6752 3
      vertex -38.7012 38.9158 1.4
    endloop
  endfacet
  facet normal -0.551967 0.448473 0.702997
    outer loop
      vertex -37.6723 37.6752 3
      vertex -38.7979 38.7979 1.4
      vertex -37.6736 37.6736 3
    endloop
  endfacet
  facet normal -0.707574 0.0696736 0.703196
    outer loop
      vertex -36.7729 39.3602 3
      vertex -36.7099 40 3
      vertex -38.3 40 1.4
    endloop
  endfacet
  facet normal 0.069882 0.707535 0.703215
    outer loop
      vertex -40.3317 38.3327 1.4
      vertex -40.6398 36.7729 3
      vertex -40.1777 38.3093 1.40824
    endloop
  endfacet
  facet normal 0.0696388 0.707583 0.70319
    outer loop
      vertex -40 38.3 1.4
      vertex -40.1777 38.3093 1.40824
      vertex -40.6398 36.7729 3
    endloop
  endfacet
  facet normal 0.0696434 0.708416 0.702351
    outer loop
      vertex -40.1777 38.3093 1.40824
      vertex -40 38.3 1.4
      vertex -40.0946 38.3093 1.4
    endloop
  endfacet
  facet normal 0.0695736 0.706043 0.704743
    outer loop
      vertex -40.3317 38.3327 1.4
      vertex -40.1777 38.3093 1.40824
      vertex -40.2495 38.3246 1.4
    endloop
  endfacet
  facet normal 0.100385 0.702697 0.704372
    outer loop
      vertex -40.6398 36.7729 3
      vertex -40.3317 38.3327 1.4
      vertex -40.6419 36.7732 3
    endloop
  endfacet
  facet normal -0.335107 -0.627082 0.703187
    outer loop
      vertex -38.1721 42.7356 3
      vertex -38.7391 43.0386 3
      vertex -39.0555 41.4135 1.4
    endloop
  endfacet
  facet normal -0.678401 0.214232 0.702763
    outer loop
      vertex -38.3327 39.6683 1.4
      vertex -36.7738 39.3562 3
      vertex -36.7732 39.3581 3
    endloop
  endfacet
  facet normal -0.694934 0.20848 0.688188
    outer loop
      vertex -38.3372 39.6465 1.40206
      vertex -38.3327 39.6683 1.4
      vertex -38.336 39.6573 1.4
    endloop
  endfacet
  facet normal -0.680278 0.206869 0.703155
    outer loop
      vertex -38.3327 39.6683 1.4
      vertex -38.3372 39.6465 1.40206
      vertex -36.7738 39.3562 3
    endloop
  endfacet
  facet normal -0.680454 0.206146 0.703197
    outer loop
      vertex -38.3692 39.5479 1.4
      vertex -36.7738 39.3562 3
      vertex -38.3372 39.6465 1.40206
    endloop
  endfacet
  facet normal -0.680411 0.206351 0.703178
    outer loop
      vertex -36.7738 39.3562 3
      vertex -38.3692 39.5479 1.4
      vertex -38.4294 39.3494 1.4
    endloop
  endfacet
  facet normal -0.622066 0.345592 0.702567
    outer loop
      vertex -38.4294 39.3494 1.4
      vertex -36.9614 38.7391 3
      vertex -36.9604 38.7409 3
    endloop
  endfacet
  facet normal -0.62928 0.336233 0.700681
    outer loop
      vertex -38.447 39.3085 1.40382
      vertex -38.4294 39.3494 1.4
      vertex -38.4403 39.329 1.4
    endloop
  endfacet
  facet normal -0.626927 0.335452 0.70316
    outer loop
      vertex -38.4294 39.3494 1.4
      vertex -38.447 39.3085 1.40382
      vertex -36.9614 38.7391 3
    endloop
  endfacet
  facet normal -0.62703 0.335227 0.703175
    outer loop
      vertex -38.5048 39.2084 1.4
      vertex -36.9614 38.7391 3
      vertex -38.447 39.3085 1.40382
    endloop
  endfacet
  facet normal -0.627092 0.335078 0.703191
    outer loop
      vertex -36.9614 38.7391 3
      vertex -38.5048 39.2084 1.4
      vertex -38.5865 39.0555 1.4
    endloop
  endfacet
  facet normal -0.451127 0.549559 0.703186
    outer loop
      vertex -38.1721 37.2644 3
      vertex -37.6752 37.6723 3
      vertex -39.0555 38.5865 1.4
    endloop
  endfacet
  facet normal -0.206346 0.680412 0.703179
    outer loop
      vertex -38.7409 36.9604 3
      vertex -39.3494 38.4294 1.4
      vertex -39.3562 36.7738 3
    endloop
  endfacet
  facet normal 0.627082 0.335107 0.703187
    outer loop
      vertex -42.7356 38.1721 3
      vertex -41.4135 39.0555 1.4
      vertex -43.0386 38.7391 3
    endloop
  endfacet
  facet normal 0.206346 0.680412 0.703179
    outer loop
      vertex -40.6438 36.7738 3
      vertex -40.6506 38.4294 1.4
      vertex -41.2591 36.9604 3
    endloop
  endfacet
  facet normal 0.206351 0.680408 0.703182
    outer loop
      vertex -40.6438 36.7738 3
      vertex -40.4349 38.364 1.4
      vertex -40.5253 38.3832 1.40795
    endloop
  endfacet
  facet normal 0.206363 0.680405 0.703181
    outer loop
      vertex -40.4349 38.364 1.4
      vertex -40.6438 36.7738 3
      vertex -40.3317 38.3327 1.4
    endloop
  endfacet
  facet normal 0.205223 0.678042 0.705792
    outer loop
      vertex -40.6506 38.4294 1.4
      vertex -40.5253 38.3832 1.40795
      vertex -40.5832 38.409 1.4
    endloop
  endfacet
  facet normal 0.214232 0.678401 0.702763
    outer loop
      vertex -40.3317 38.3327 1.4
      vertex -40.6438 36.7738 3
      vertex -40.6419 36.7732 3
    endloop
  endfacet
  facet normal 0.206266 0.680423 0.703191
    outer loop
      vertex -40.5253 38.3832 1.40795
      vertex -40.6506 38.4294 1.4
      vertex -40.6438 36.7738 3
    endloop
  endfacet
  facet normal 0.0696736 0.707574 0.703196
    outer loop
      vertex -40 36.7099 3
      vertex -40 38.3 1.4
      vertex -40.6398 36.7729 3
    endloop
  endfacet
  facet normal -0.0696736 0.707574 0.703196
    outer loop
      vertex -39.3602 36.7729 3
      vertex -40 38.3 1.4
      vertex -40 36.7099 3
    endloop
  endfacet
  facet normal 0.335107 -0.627082 0.703187
    outer loop
      vertex -40.9445 41.4135 1.4
      vertex -41.2609 43.0386 3
      vertex -41.8279 42.7356 3
    endloop
  endfacet
  facet normal -0.627082 0.335107 0.703187
    outer loop
      vertex -37.2644 38.1721 3
      vertex -36.9614 38.7391 3
      vertex -38.5865 39.0555 1.4
    endloop
  endfacet
  facet normal -0.549559 0.451127 0.703186
    outer loop
      vertex -37.6723 37.6752 3
      vertex -37.2644 38.1721 3
      vertex -38.5865 39.0555 1.4
    endloop
  endfacet
  facet normal -0.206266 0.680423 0.703191
    outer loop
      vertex -39.4747 38.3832 1.40795
      vertex -39.3562 36.7738 3
      vertex -39.3494 38.4294 1.4
    endloop
  endfacet
  facet normal -0.205223 0.678042 0.705792
    outer loop
      vertex -39.4747 38.3832 1.40795
      vertex -39.3494 38.4294 1.4
      vertex -39.4168 38.409 1.4
    endloop
  endfacet
  facet normal -0.206351 0.680408 0.703182
    outer loop
      vertex -39.5651 38.364 1.4
      vertex -39.3562 36.7738 3
      vertex -39.4747 38.3832 1.40795
    endloop
  endfacet
  facet normal -0.206363 0.680405 0.703181
    outer loop
      vertex -39.6683 38.3327 1.4
      vertex -39.3562 36.7738 3
      vertex -39.5651 38.364 1.4
    endloop
  endfacet
  facet normal -0.214232 0.678401 0.702763
    outer loop
      vertex -39.3562 36.7738 3
      vertex -39.6683 38.3327 1.4
      vertex -39.3581 36.7732 3
    endloop
  endfacet
  facet normal -0.335107 0.627082 0.703187
    outer loop
      vertex -38.7391 36.9614 3
      vertex -38.1721 37.2644 3
      vertex -39.0555 38.5865 1.4
    endloop
  endfacet
  facet normal -0.334815 0.627185 0.703234
    outer loop
      vertex -39.15 38.5278 1.40736
      vertex -38.7391 36.9614 3
      vertex -39.0555 38.5865 1.4
    endloop
  endfacet
  facet normal -0.335168 0.627677 0.702626
    outer loop
      vertex -39.15 38.5278 1.40736
      vertex -39.0555 38.5865 1.4
      vertex -39.107 38.559 1.4
    endloop
  endfacet
  facet normal -0.335536 0.626903 0.703142
    outer loop
      vertex -39.2424 38.4866 1.4
      vertex -38.7391 36.9614 3
      vertex -39.15 38.5278 1.40736
    endloop
  endfacet
  facet normal -0.335205 0.627045 0.703173
    outer loop
      vertex -39.3494 38.4294 1.4
      vertex -38.7391 36.9614 3
      vertex -39.2424 38.4866 1.4
    endloop
  endfacet
  facet normal -0.345592 0.622066 0.702567
    outer loop
      vertex -38.7391 36.9614 3
      vertex -39.3494 38.4294 1.4
      vertex -38.7409 36.9604 3
    endloop
  endfacet
  facet normal 0.62703 0.335227 0.703175
    outer loop
      vertex -43.0386 38.7391 3
      vertex -41.4952 39.2084 1.4
      vertex -41.553 39.3085 1.40382
    endloop
  endfacet
  facet normal 0.62928 0.336233 0.700681
    outer loop
      vertex -41.5706 39.3494 1.4
      vertex -41.553 39.3085 1.40382
      vertex -41.5597 39.329 1.4
    endloop
  endfacet
  facet normal 0.627092 0.335078 0.703191
    outer loop
      vertex -41.4952 39.2084 1.4
      vertex -43.0386 38.7391 3
      vertex -41.4135 39.0555 1.4
    endloop
  endfacet
  facet normal 0.626927 0.335452 0.70316
    outer loop
      vertex -41.5706 39.3494 1.4
      vertex -43.0386 38.7391 3
      vertex -41.553 39.3085 1.40382
    endloop
  endfacet
  facet normal 0.622066 0.345592 0.702567
    outer loop
      vertex -43.0386 38.7391 3
      vertex -41.5706 39.3494 1.4
      vertex -43.0396 38.7409 3
    endloop
  endfacet
  facet normal 0.680412 0.206346 0.703179
    outer loop
      vertex -43.0396 38.7409 3
      vertex -41.5706 39.3494 1.4
      vertex -43.2262 39.3562 3
    endloop
  endfacet
  facet normal 0.335536 0.626903 0.703142
    outer loop
      vertex -41.2609 36.9614 3
      vertex -40.7576 38.4866 1.4
      vertex -40.85 38.5278 1.40736
    endloop
  endfacet
  facet normal 0.335168 0.627677 0.702626
    outer loop
      vertex -40.9445 38.5865 1.4
      vertex -40.85 38.5278 1.40736
      vertex -40.893 38.559 1.4
    endloop
  endfacet
  facet normal 0.335205 0.627045 0.703173
    outer loop
      vertex -40.7576 38.4866 1.4
      vertex -41.2609 36.9614 3
      vertex -40.6506 38.4294 1.4
    endloop
  endfacet
  facet normal 0.334815 0.627185 0.703234
    outer loop
      vertex -41.2609 36.9614 3
      vertex -40.85 38.5278 1.40736
      vertex -40.9445 38.5865 1.4
    endloop
  endfacet
  facet normal 0.345592 0.622066 0.702567
    outer loop
      vertex -40.6506 38.4294 1.4
      vertex -41.2609 36.9614 3
      vertex -41.2591 36.9604 3
    endloop
  endfacet
  facet normal 0.335107 0.627082 0.703187
    outer loop
      vertex -41.2609 36.9614 3
      vertex -40.9445 38.5865 1.4
      vertex -41.8279 37.2644 3
    endloop
  endfacet
  facet normal 0.451272 0.549409 0.70321
    outer loop
      vertex -42.3248 37.6723 3
      vertex -41.0495 38.6727 1.4
      vertex -41.1375 38.7367 1.40647
    endloop
  endfacet
  facet normal 0.450892 0.550241 0.702802
    outer loop
      vertex -41.2021 38.7979 1.4
      vertex -41.1375 38.7367 1.40647
      vertex -41.1661 38.7684 1.4
    endloop
  endfacet
  facet normal 0.451145 0.549538 0.70319
    outer loop
      vertex -41.0495 38.6727 1.4
      vertex -42.3248 37.6723 3
      vertex -40.9445 38.5865 1.4
    endloop
  endfacet
  facet normal 0.450641 0.550012 0.703143
    outer loop
      vertex -41.2021 38.7979 1.4
      vertex -42.3248 37.6723 3
      vertex -41.1375 38.7367 1.40647
    endloop
  endfacet
  facet normal 0.448473 0.551967 0.702997
    outer loop
      vertex -42.3248 37.6723 3
      vertex -41.2021 38.7979 1.4
      vertex -42.3264 37.6736 3
    endloop
  endfacet
  facet normal 0.451127 0.549559 0.703186
    outer loop
      vertex -41.8279 37.2644 3
      vertex -40.9445 38.5865 1.4
      vertex -42.3248 37.6723 3
    endloop
  endfacet
  facet normal 0.0697836 -0.707569 0.703191
    outer loop
      vertex -40 41.7 1.4
      vertex -40 43.2901 3
      vertex -40.6398 43.227 3
    endloop
  endfacet
  facet normal -0.549559 -0.451127 0.703186
    outer loop
      vertex -37.2644 41.8279 3
      vertex -37.6723 42.3248 3
      vertex -38.5865 40.9445 1.4
    endloop
  endfacet
  facet normal 0.335205 -0.627045 0.703173
    outer loop
      vertex -41.2609 43.0386 3
      vertex -40.7576 41.5134 1.4
      vertex -40.6506 41.5706 1.4
    endloop
  endfacet
  facet normal 0.335168 -0.627677 0.702626
    outer loop
      vertex -40.85 41.4722 1.40736
      vertex -40.9445 41.4135 1.4
      vertex -40.893 41.441 1.4
    endloop
  endfacet
  facet normal 0.345592 -0.622066 0.702567
    outer loop
      vertex -41.2609 43.0386 3
      vertex -40.6506 41.5706 1.4
      vertex -41.2591 43.0396 3
    endloop
  endfacet
  facet normal 0.335536 -0.626903 0.703142
    outer loop
      vertex -40.7576 41.5134 1.4
      vertex -41.2609 43.0386 3
      vertex -40.85 41.4722 1.40736
    endloop
  endfacet
  facet normal 0.334815 -0.627185 0.703234
    outer loop
      vertex -40.85 41.4722 1.40736
      vertex -41.2609 43.0386 3
      vertex -40.9445 41.4135 1.4
    endloop
  endfacet
  facet normal 0.206346 -0.680412 0.703179
    outer loop
      vertex -40.6506 41.5706 1.4
      vertex -40.6438 43.2262 3
      vertex -41.2591 43.0396 3
    endloop
  endfacet
  facet normal 0.680412 -0.206346 0.703179
    outer loop
      vertex -41.5706 40.6506 1.4
      vertex -43.0396 41.2591 3
      vertex -43.2262 40.6438 3
    endloop
  endfacet
  facet normal 0 -0 1
    outer loop
      vertex -38.4294 39.3494 1.4
      vertex -38.3692 39.5479 1.4
      vertex -38.4403 39.329 1.4
    endloop
  endfacet
  facet normal 0 -0 1
    outer loop
      vertex -38.3327 39.6683 1.4
      vertex -38.3 40 1.4
      vertex -38.336 39.6573 1.4
    endloop
  endfacet
  facet normal 0 0 1
    outer loop
      vertex -38.3 40 1.4
      vertex -38.3327 40.3317 1.4
      vertex -38.336 40.3427 1.4
    endloop
  endfacet
  facet normal -0 -0 1
    outer loop
      vertex -41.6673 39.6683 1.4
      vertex -41.664 39.6573 1.4
      vertex -41.7 40 1.4
    endloop
  endfacet
  facet normal 0 -0 1
    outer loop
      vertex -38.5865 39.0555 1.4
      vertex -38.5048 39.2084 1.4
      vertex -38.6086 39.0286 1.4
    endloop
  endfacet
  facet normal 0 -0 1
    outer loop
      vertex -39.0555 38.5865 1.4
      vertex -38.9505 38.6727 1.4
      vertex -39.107 38.559 1.4
    endloop
  endfacet
  facet normal -0 -0 1
    outer loop
      vertex -41.4135 39.0555 1.4
      vertex -41.3914 39.0286 1.4
      vertex -41.4952 39.2084 1.4
    endloop
  endfacet
  facet normal -0 -0 1
    outer loop
      vertex -41.5706 39.3494 1.4
      vertex -41.5597 39.329 1.4
      vertex -41.6308 39.5479 1.4
    endloop
  endfacet
  facet normal -0 -0 1
    outer loop
      vertex -40.6506 38.4294 1.4
      vertex -40.5832 38.409 1.4
      vertex -40.7576 38.4866 1.4
    endloop
  endfacet
  facet normal -0 -0 1
    outer loop
      vertex -40.3317 38.3327 1.4
      vertex -40.2495 38.3246 1.4
      vertex -40.4349 38.364 1.4
    endloop
  endfacet
  facet normal 0 0 1
    outer loop
      vertex -41.5597 40.671 1.4
      vertex -41.5706 40.6506 1.4
      vertex -41.6308 40.4521 1.4
    endloop
  endfacet
  facet normal 0 0 1
    outer loop
      vertex -40.893 41.441 1.4
      vertex -40.9445 41.4135 1.4
      vertex -41.0495 41.3273 1.4
    endloop
  endfacet
  facet normal 0 0 1
    outer loop
      vertex -40.5832 41.591 1.4
      vertex -40.6506 41.5706 1.4
      vertex -40.7576 41.5134 1.4
    endloop
  endfacet
  facet normal 0 -0 1
    outer loop
      vertex -39.6683 38.3327 1.4
      vertex -39.5651 38.364 1.4
      vertex -39.7505 38.3246 1.4
    endloop
  endfacet
  facet normal 0 -0 1
    outer loop
      vertex -40 38.3 1.4
      vertex -39.9054 38.3093 1.4
      vertex -40.0946 38.3093 1.4
    endloop
  endfacet
  facet normal -0 -0 1
    outer loop
      vertex -40.9445 38.5865 1.4
      vertex -40.893 38.559 1.4
      vertex -41.0495 38.6727 1.4
    endloop
  endfacet
  facet normal 0 0 1
    outer loop
      vertex -41.3914 40.9714 1.4
      vertex -41.4135 40.9445 1.4
      vertex -41.4952 40.7916 1.4
    endloop
  endfacet
  facet normal 0 0 1
    outer loop
      vertex -41.1661 41.2316 1.4
      vertex -41.2021 41.2021 1.4
      vertex -41.2988 41.0842 1.4
    endloop
  endfacet
  facet normal 0 -0 1
    outer loop
      vertex -39.3494 38.4294 1.4
      vertex -39.2424 38.4866 1.4
      vertex -39.4168 38.409 1.4
    endloop
  endfacet
  facet normal 0 -0 1
    outer loop
      vertex -38.7979 38.7979 1.4
      vertex -38.7012 38.9158 1.4
      vertex -38.8339 38.7684 1.4
    endloop
  endfacet
  facet normal -0 -0 1
    outer loop
      vertex -41.2021 38.7979 1.4
      vertex -41.1661 38.7684 1.4
      vertex -41.2988 38.9158 1.4
    endloop
  endfacet
  facet normal 0 0 1
    outer loop
      vertex -39.2424 41.5134 1.4
      vertex -39.3494 41.5706 1.4
      vertex -39.4168 41.591 1.4
    endloop
  endfacet
  facet normal 0 0 1
    outer loop
      vertex -39.5651 41.636 1.4
      vertex -39.6683 41.6673 1.4
      vertex -39.7505 41.6754 1.4
    endloop
  endfacet
  facet normal 0 0 1
    outer loop
      vertex -39.9054 41.6907 1.4
      vertex -40 41.7 1.4
      vertex -40.0946 41.6907 1.4
    endloop
  endfacet
  facet normal 0 0 1
    outer loop
      vertex -38.3692 40.4521 1.4
      vertex -38.4294 40.6506 1.4
      vertex -38.4403 40.671 1.4
    endloop
  endfacet
  facet normal 0 0 1
    outer loop
      vertex -38.5048 40.7916 1.4
      vertex -38.5865 40.9445 1.4
      vertex -38.6086 40.9714 1.4
    endloop
  endfacet
  facet normal 0 0 1
    outer loop
      vertex -38.7012 41.0842 1.4
      vertex -38.7979 41.2021 1.4
      vertex -38.8339 41.2316 1.4
    endloop
  endfacet
  facet normal 0 0 1
    outer loop
      vertex -38.9505 41.3273 1.4
      vertex -39.0555 41.4135 1.4
      vertex -39.107 41.441 1.4
    endloop
  endfacet
  facet normal 0 0 1
    outer loop
      vertex -41.664 40.3427 1.4
      vertex -41.6673 40.3317 1.4
      vertex -41.7 40 1.4
    endloop
  endfacet
  facet normal 0 0 1
    outer loop
      vertex -40.2495 41.6754 1.4
      vertex -40.3317 41.6673 1.4
      vertex -40.4349 41.636 1.4
    endloop
  endfacet
  facet normal 0.707576 0.069755 0.703186
    outer loop
      vertex -43.227 39.3602 3
      vertex -41.6673 39.6683 1.4
      vertex -41.7 40 1.4
    endloop
  endfacet
  facet normal 0.707918 0.0674207 0.70307
    outer loop
      vertex -41.6673 39.6683 1.4
      vertex -43.227 39.3602 3
      vertex -43.2268 39.3581 3
    endloop
  endfacet
  facet normal 0.627092 -0.335078 0.703191
    outer loop
      vertex -43.0386 41.2609 3
      vertex -41.4952 40.7916 1.4
      vertex -41.4135 40.9445 1.4
    endloop
  endfacet
  facet normal 0.62928 -0.336233 0.700681
    outer loop
      vertex -41.553 40.6915 1.40382
      vertex -41.5706 40.6506 1.4
      vertex -41.5597 40.671 1.4
    endloop
  endfacet
  facet normal 0.62703 -0.335227 0.703175
    outer loop
      vertex -41.4952 40.7916 1.4
      vertex -43.0386 41.2609 3
      vertex -41.553 40.6915 1.40382
    endloop
  endfacet
  facet normal 0.626927 -0.335452 0.70316
    outer loop
      vertex -43.0386 41.2609 3
      vertex -41.5706 40.6506 1.4
      vertex -41.553 40.6915 1.40382
    endloop
  endfacet
  facet normal 0.622066 -0.345592 0.702567
    outer loop
      vertex -41.5706 40.6506 1.4
      vertex -43.0386 41.2609 3
      vertex -43.0396 41.2591 3
    endloop
  endfacet
  facet normal 0.627082 -0.335107 0.703187
    outer loop
      vertex -41.4135 40.9445 1.4
      vertex -42.7356 41.8279 3
      vertex -43.0386 41.2609 3
    endloop
  endfacet
  facet normal 0.549767 -0.450912 0.70316
    outer loop
      vertex -42.3277 42.3248 3
      vertex -41.2988 41.0842 1.4
      vertex -41.2021 41.2021 1.4
    endloop
  endfacet
  facet normal 0.551159 -0.452811 0.700846
    outer loop
      vertex -41.3753 40.9992 1.4053
      vertex -41.4135 40.9445 1.4
      vertex -41.3914 40.9714 1.4
    endloop
  endfacet
  facet normal 0.551967 -0.448473 0.702997
    outer loop
      vertex -42.3277 42.3248 3
      vertex -41.2021 41.2021 1.4
      vertex -42.3264 42.3264 3
    endloop
  endfacet
  facet normal 0.549749 -0.45093 0.703163
    outer loop
      vertex -41.2988 41.0842 1.4
      vertex -42.3277 42.3248 3
      vertex -41.3753 40.9992 1.4053
    endloop
  endfacet
  facet normal 0.549056 -0.451579 0.703288
    outer loop
      vertex -41.3753 40.9992 1.4053
      vertex -42.3277 42.3248 3
      vertex -41.4135 40.9445 1.4
    endloop
  endfacet
  facet normal 0.549559 -0.451127 0.703186
    outer loop
      vertex -41.4135 40.9445 1.4
      vertex -42.3277 42.3248 3
      vertex -42.7356 41.8279 3
    endloop
  endfacet
  facet normal -0.448473 0.551967 0.702997
    outer loop
      vertex -38.7979 38.7979 1.4
      vertex -37.6752 37.6723 3
      vertex -37.6736 37.6736 3
    endloop
  endfacet
  facet normal -0.450892 0.550241 0.702802
    outer loop
      vertex -38.8625 38.7367 1.40647
      vertex -38.7979 38.7979 1.4
      vertex -38.8339 38.7684 1.4
    endloop
  endfacet
  facet normal -0.450641 0.550012 0.703143
    outer loop
      vertex -38.7979 38.7979 1.4
      vertex -38.8625 38.7367 1.40647
      vertex -37.6752 37.6723 3
    endloop
  endfacet
  facet normal -0.451272 0.549409 0.70321
    outer loop
      vertex -38.9505 38.6727 1.4
      vertex -37.6752 37.6723 3
      vertex -38.8625 38.7367 1.40647
    endloop
  endfacet
  facet normal -0.451145 0.549538 0.70319
    outer loop
      vertex -37.6752 37.6723 3
      vertex -38.9505 38.6727 1.4
      vertex -39.0555 38.5865 1.4
    endloop
  endfacet
  facet normal 0.549749 0.45093 0.703163
    outer loop
      vertex -42.3277 37.6752 3
      vertex -41.2988 38.9158 1.4
      vertex -41.3753 39.0008 1.4053
    endloop
  endfacet
  facet normal 0.551159 0.452811 0.700846
    outer loop
      vertex -41.4135 39.0555 1.4
      vertex -41.3753 39.0008 1.4053
      vertex -41.3914 39.0286 1.4
    endloop
  endfacet
  facet normal 0.549767 0.450912 0.70316
    outer loop
      vertex -41.2988 38.9158 1.4
      vertex -42.3277 37.6752 3
      vertex -41.2021 38.7979 1.4
    endloop
  endfacet
  facet normal 0.549056 0.451579 0.703288
    outer loop
      vertex -42.3277 37.6752 3
      vertex -41.3753 39.0008 1.4053
      vertex -41.4135 39.0555 1.4
    endloop
  endfacet
  facet normal 0.551967 0.448473 0.702997
    outer loop
      vertex -41.2021 38.7979 1.4
      vertex -42.3277 37.6752 3
      vertex -42.3264 37.6736 3
    endloop
  endfacet
  facet normal 0.549559 0.451127 0.703186
    outer loop
      vertex -42.3277 37.6752 3
      vertex -41.4135 39.0555 1.4
      vertex -42.7356 38.1721 3
    endloop
  endfacet
  facet normal -0.214232 -0.678401 0.702763
    outer loop
      vertex -39.6683 41.6673 1.4
      vertex -39.3562 43.2262 3
      vertex -39.3581 43.2268 3
    endloop
  endfacet
  facet normal -0.206266 -0.680423 0.703191
    outer loop
      vertex -39.3562 43.2262 3
      vertex -39.4747 41.6168 1.40795
      vertex -39.3494 41.5706 1.4
    endloop
  endfacet
  facet normal -0.205223 -0.678042 0.705792
    outer loop
      vertex -39.3494 41.5706 1.4
      vertex -39.4747 41.6168 1.40795
      vertex -39.4168 41.591 1.4
    endloop
  endfacet
  facet normal -0.206351 -0.680408 0.703182
    outer loop
      vertex -39.3562 43.2262 3
      vertex -39.5651 41.636 1.4
      vertex -39.4747 41.6168 1.40795
    endloop
  endfacet
  facet normal -0.206363 -0.680405 0.703181
    outer loop
      vertex -39.3562 43.2262 3
      vertex -39.6683 41.6673 1.4
      vertex -39.5651 41.636 1.4
    endloop
  endfacet
  facet normal -0.0697836 -0.707569 0.703191
    outer loop
      vertex -39.3602 43.227 3
      vertex -40 43.2901 3
      vertex -40 41.7 1.4
    endloop
  endfacet
  facet normal -0.0698865 -0.707557 0.703192
    outer loop
      vertex -39.6683 41.6673 1.4
      vertex -39.3602 43.227 3
      vertex -39.8223 41.6907 1.40824
    endloop
  endfacet
  facet normal -0.0696389 -0.707605 0.703168
    outer loop
      vertex -40 41.7 1.4
      vertex -39.8223 41.6907 1.40824
      vertex -39.3602 43.227 3
    endloop
  endfacet
  facet normal -0.0696434 -0.708416 0.702351
    outer loop
      vertex -39.8223 41.6907 1.40824
      vertex -40 41.7 1.4
      vertex -39.9054 41.6907 1.4
    endloop
  endfacet
  facet normal -0.0695736 -0.706043 0.704743
    outer loop
      vertex -39.6683 41.6673 1.4
      vertex -39.8223 41.6907 1.40824
      vertex -39.7505 41.6754 1.4
    endloop
  endfacet
  facet normal -0.0674207 -0.707918 0.70307
    outer loop
      vertex -39.3602 43.227 3
      vertex -39.6683 41.6673 1.4
      vertex -39.3581 43.2268 3
    endloop
  endfacet
  facet normal -0.627082 -0.335107 0.703187
    outer loop
      vertex -36.9614 41.2609 3
      vertex -37.2644 41.8279 3
      vertex -38.5865 40.9445 1.4
    endloop
  endfacet
  facet normal -0.448473 -0.551967 0.702997
    outer loop
      vertex -37.6752 42.3277 3
      vertex -38.7979 41.2021 1.4
      vertex -37.6736 42.3264 3
    endloop
  endfacet
  facet normal -0.450641 -0.550012 0.703143
    outer loop
      vertex -38.8625 41.2633 1.40647
      vertex -38.7979 41.2021 1.4
      vertex -37.6752 42.3277 3
    endloop
  endfacet
  facet normal -0.450892 -0.550241 0.702802
    outer loop
      vertex -38.7979 41.2021 1.4
      vertex -38.8625 41.2633 1.40647
      vertex -38.8339 41.2316 1.4
    endloop
  endfacet
  facet normal -0.451272 -0.549409 0.70321
    outer loop
      vertex -37.6752 42.3277 3
      vertex -38.9505 41.3273 1.4
      vertex -38.8625 41.2633 1.40647
    endloop
  endfacet
  facet normal -0.451145 -0.549538 0.70319
    outer loop
      vertex -38.9505 41.3273 1.4
      vertex -37.6752 42.3277 3
      vertex -39.0555 41.4135 1.4
    endloop
  endfacet
  facet normal -0.451127 -0.549559 0.703186
    outer loop
      vertex -37.6752 42.3277 3
      vertex -38.1721 42.7356 3
      vertex -39.0555 41.4135 1.4
    endloop
  endfacet
  facet normal 0.451145 -0.549538 0.70319
    outer loop
      vertex -42.3248 42.3277 3
      vertex -41.0495 41.3273 1.4
      vertex -40.9445 41.4135 1.4
    endloop
  endfacet
  facet normal 0.450892 -0.550241 0.702802
    outer loop
      vertex -41.1375 41.2633 1.40647
      vertex -41.2021 41.2021 1.4
      vertex -41.1661 41.2316 1.4
    endloop
  endfacet
  facet normal 0.451272 -0.549409 0.70321
    outer loop
      vertex -41.0495 41.3273 1.4
      vertex -42.3248 42.3277 3
      vertex -41.1375 41.2633 1.40647
    endloop
  endfacet
  facet normal 0.450641 -0.550012 0.703143
    outer loop
      vertex -42.3248 42.3277 3
      vertex -41.2021 41.2021 1.4
      vertex -41.1375 41.2633 1.40647
    endloop
  endfacet
  facet normal 0.448473 -0.551967 0.702997
    outer loop
      vertex -41.2021 41.2021 1.4
      vertex -42.3248 42.3277 3
      vertex -42.3264 42.3264 3
    endloop
  endfacet
  facet normal 0.451127 -0.549559 0.703186
    outer loop
      vertex -40.9445 41.4135 1.4
      vertex -41.8279 42.7356 3
      vertex -42.3248 42.3277 3
    endloop
  endfacet
  facet normal 0.707569 -0.0697836 0.703191
    outer loop
      vertex -41.7 40 1.4
      vertex -43.227 40.6398 3
      vertex -43.2901 40 3
    endloop
  endfacet
  facet normal 0.707569 0.0697836 0.703191
    outer loop
      vertex -43.227 39.3602 3
      vertex -41.7 40 1.4
      vertex -43.2901 40 3
    endloop
  endfacet
  facet normal 0.707918 -0.0674207 0.70307
    outer loop
      vertex -43.227 40.6398 3
      vertex -41.6673 40.3317 1.4
      vertex -43.2268 40.6419 3
    endloop
  endfacet
  facet normal 0.707576 -0.069755 0.703186
    outer loop
      vertex -41.6673 40.3317 1.4
      vertex -43.227 40.6398 3
      vertex -41.7 40 1.4
    endloop
  endfacet
  facet normal 0.680411 -0.206351 0.703178
    outer loop
      vertex -43.2262 40.6438 3
      vertex -41.6308 40.4521 1.4
      vertex -41.5706 40.6506 1.4
    endloop
  endfacet
  facet normal 0.694934 -0.20848 0.688188
    outer loop
      vertex -41.6628 40.3535 1.40206
      vertex -41.6673 40.3317 1.4
      vertex -41.664 40.3427 1.4
    endloop
  endfacet
  facet normal 0.680454 -0.206146 0.703197
    outer loop
      vertex -41.6308 40.4521 1.4
      vertex -43.2262 40.6438 3
      vertex -41.6628 40.3535 1.40206
    endloop
  endfacet
  facet normal 0.680278 -0.206869 0.703155
    outer loop
      vertex -43.2262 40.6438 3
      vertex -41.6673 40.3317 1.4
      vertex -41.6628 40.3535 1.40206
    endloop
  endfacet
  facet normal 0.678401 -0.214232 0.702763
    outer loop
      vertex -41.6673 40.3317 1.4
      vertex -43.2262 40.6438 3
      vertex -43.2268 40.6419 3
    endloop
  endfacet
  facet normal -0.206346 -0.680412 0.703179
    outer loop
      vertex -39.3494 41.5706 1.4
      vertex -38.7409 43.0396 3
      vertex -39.3562 43.2262 3
    endloop
  endfacet
  facet normal -0.345592 -0.622066 0.702567
    outer loop
      vertex -39.3494 41.5706 1.4
      vertex -38.7391 43.0386 3
      vertex -38.7409 43.0396 3
    endloop
  endfacet
  facet normal -0.334815 -0.627185 0.703234
    outer loop
      vertex -38.7391 43.0386 3
      vertex -39.15 41.4722 1.40736
      vertex -39.0555 41.4135 1.4
    endloop
  endfacet
  facet normal -0.335168 -0.627677 0.702626
    outer loop
      vertex -39.0555 41.4135 1.4
      vertex -39.15 41.4722 1.40736
      vertex -39.107 41.441 1.4
    endloop
  endfacet
  facet normal -0.335536 -0.626903 0.703142
    outer loop
      vertex -38.7391 43.0386 3
      vertex -39.2424 41.5134 1.4
      vertex -39.15 41.4722 1.40736
    endloop
  endfacet
  facet normal -0.335205 -0.627045 0.703173
    outer loop
      vertex -38.7391 43.0386 3
      vertex -39.3494 41.5706 1.4
      vertex -39.2424 41.5134 1.4
    endloop
  endfacet
  facet normal 0.0674207 -0.707918 0.70307
    outer loop
      vertex -40.3317 41.6673 1.4
      vertex -40.6398 43.227 3
      vertex -40.6419 43.2268 3
    endloop
  endfacet
  facet normal 0.0698865 -0.707557 0.703192
    outer loop
      vertex -40.6398 43.227 3
      vertex -40.3317 41.6673 1.4
      vertex -40.1777 41.6907 1.40824
    endloop
  endfacet
  facet normal 0.0695736 -0.706043 0.704743
    outer loop
      vertex -40.1777 41.6907 1.40824
      vertex -40.3317 41.6673 1.4
      vertex -40.2495 41.6754 1.4
    endloop
  endfacet
  facet normal 0.0697253 -0.707588 0.703176
    outer loop
      vertex -40.0946 41.6907 1.4
      vertex -40.6398 43.227 3
      vertex -40.1777 41.6907 1.40824
    endloop
  endfacet
  facet normal 0.0695656 -0.707624 0.703156
    outer loop
      vertex -40.6398 43.227 3
      vertex -40.0946 41.6907 1.4
      vertex -40 41.7 1.4
    endloop
  endfacet
  facet normal -0.622066 -0.345592 0.702567
    outer loop
      vertex -36.9614 41.2609 3
      vertex -38.4294 40.6506 1.4
      vertex -36.9604 41.2591 3
    endloop
  endfacet
  facet normal -0.626927 -0.335452 0.70316
    outer loop
      vertex -38.447 40.6915 1.40382
      vertex -38.4294 40.6506 1.4
      vertex -36.9614 41.2609 3
    endloop
  endfacet
  facet normal -0.62928 -0.336233 0.700681
    outer loop
      vertex -38.4294 40.6506 1.4
      vertex -38.447 40.6915 1.40382
      vertex -38.4403 40.671 1.4
    endloop
  endfacet
  facet normal -0.62703 -0.335227 0.703175
    outer loop
      vertex -36.9614 41.2609 3
      vertex -38.5048 40.7916 1.4
      vertex -38.447 40.6915 1.40382
    endloop
  endfacet
  facet normal -0.627092 -0.335078 0.703191
    outer loop
      vertex -38.5048 40.7916 1.4
      vertex -36.9614 41.2609 3
      vertex -38.5865 40.9445 1.4
    endloop
  endfacet
  facet normal -0.551967 -0.448473 0.702997
    outer loop
      vertex -38.7979 41.2021 1.4
      vertex -37.6723 42.3248 3
      vertex -37.6736 42.3264 3
    endloop
  endfacet
  facet normal -0.549056 -0.451579 0.703288
    outer loop
      vertex -37.6723 42.3248 3
      vertex -38.6247 40.9992 1.4053
      vertex -38.5865 40.9445 1.4
    endloop
  endfacet
  facet normal -0.551159 -0.452811 0.700846
    outer loop
      vertex -38.5865 40.9445 1.4
      vertex -38.6247 40.9992 1.4053
      vertex -38.6086 40.9714 1.4
    endloop
  endfacet
  facet normal -0.549749 -0.45093 0.703163
    outer loop
      vertex -37.6723 42.3248 3
      vertex -38.7012 41.0842 1.4
      vertex -38.6247 40.9992 1.4053
    endloop
  endfacet
  facet normal -0.549767 -0.450912 0.70316
    outer loop
      vertex -37.6723 42.3248 3
      vertex -38.7979 41.2021 1.4
      vertex -38.7012 41.0842 1.4
    endloop
  endfacet
  facet normal -0.680412 -0.206346 0.703179
    outer loop
      vertex -36.7738 40.6438 3
      vertex -36.9604 41.2591 3
      vertex -38.4294 40.6506 1.4
    endloop
  endfacet
  facet normal -0.678401 -0.214232 0.702763
    outer loop
      vertex -36.7738 40.6438 3
      vertex -38.3327 40.3317 1.4
      vertex -36.7732 40.6419 3
    endloop
  endfacet
  facet normal -0.680278 -0.206869 0.703155
    outer loop
      vertex -38.3372 40.3535 1.40206
      vertex -38.3327 40.3317 1.4
      vertex -36.7738 40.6438 3
    endloop
  endfacet
  facet normal -0.694934 -0.20848 0.688188
    outer loop
      vertex -38.3327 40.3317 1.4
      vertex -38.3372 40.3535 1.40206
      vertex -38.336 40.3427 1.4
    endloop
  endfacet
  facet normal -0.680454 -0.206146 0.703197
    outer loop
      vertex -36.7738 40.6438 3
      vertex -38.3692 40.4521 1.4
      vertex -38.3372 40.3535 1.40206
    endloop
  endfacet
  facet normal -0.680411 -0.206351 0.703178
    outer loop
      vertex -38.3692 40.4521 1.4
      vertex -36.7738 40.6438 3
      vertex -38.4294 40.6506 1.4
    endloop
  endfacet
  facet normal -0.993884 -0.110432 0
    outer loop
      vertex 41.6628 -39.6465 0
      vertex 41.664 -39.6573 1.4
      vertex 41.6628 -39.6465 1.40206
    endloop
  endfacet
  facet normal -0.994509 -0.104655 4.50935e-05
    outer loop
      vertex 41.7 -40 0
      vertex 41.664 -39.6573 1.4
      vertex 41.6628 -39.6465 0
    endloop
  endfacet
  facet normal -0.994528 -0.104473 0
    outer loop
      vertex 41.664 -39.6573 1.4
      vertex 41.7 -40 0
      vertex 41.7 -40 1.4
    endloop
  endfacet
  facet normal 0.993884 -0.110432 0
    outer loop
      vertex 38.336 -39.6573 1.4
      vertex 38.3372 -39.6465 0
      vertex 38.3372 -39.6465 1.40206
    endloop
  endfacet
  facet normal 0.994528 -0.104473 4.65155e-05
    outer loop
      vertex 38.3 -40 1.4
      vertex 38.3372 -39.6465 0
      vertex 38.336 -39.6573 1.4
    endloop
  endfacet
  facet normal 0.994509 -0.104655 0
    outer loop
      vertex 38.3372 -39.6465 0
      vertex 38.3 -40 1.4
      vertex 38.3 -40 0
    endloop
  endfacet
  facet normal 0 -1 -0
    outer loop
      vertex 39.9054 -38.3093 1.4
      vertex 39.8223 -38.3093 0
      vertex 40.0946 -38.3093 1.4
    endloop
  endfacet
  facet normal 0 -1 0
    outer loop
      vertex 39.8223 -38.3093 0
      vertex 39.9054 -38.3093 1.4
      vertex 39.8223 -38.3093 1.40824
    endloop
  endfacet
  facet normal 0 -1 0
    outer loop
      vertex 40.1777 -38.3093 0
      vertex 40.0946 -38.3093 1.4
      vertex 39.8223 -38.3093 0
    endloop
  endfacet
  facet normal 0 -1 0
    outer loop
      vertex 40.0946 -38.3093 1.4
      vertex 40.1777 -38.3093 0
      vertex 40.1777 -38.3093 1.40824
    endloop
  endfacet
  facet normal 0 1 0
    outer loop
      vertex 40.0946 -41.6907 1.4
      vertex 40.1777 -41.6907 0
      vertex 39.9054 -41.6907 1.4
    endloop
  endfacet
  facet normal 0 1 -0
    outer loop
      vertex 40.1777 -41.6907 0
      vertex 40.0946 -41.6907 1.4
      vertex 40.1777 -41.6907 1.40824
    endloop
  endfacet
  facet normal 0 1 0
    outer loop
      vertex 39.8223 -41.6907 0
      vertex 39.9054 -41.6907 1.4
      vertex 40.1777 -41.6907 0
    endloop
  endfacet
  facet normal 0 1 0
    outer loop
      vertex 39.9054 -41.6907 1.4
      vertex 39.8223 -41.6907 0
      vertex 39.8223 -41.6907 1.40824
    endloop
  endfacet
  facet normal -0.742478 -0.66987 0
    outer loop
      vertex 41.1375 -38.7367 0
      vertex 41.1661 -38.7684 1.4
      vertex 41.1375 -38.7367 1.40647
    endloop
  endfacet
  facet normal -0.743194 -0.669076 3.25931e-05
    outer loop
      vertex 41.1375 -38.7367 0
      vertex 41.2988 -38.9158 1.4
      vertex 41.1661 -38.7684 1.4
    endloop
  endfacet
  facet normal -0.74314 -0.669136 1.87926e-05
    outer loop
      vertex 41.3753 -39.0008 0
      vertex 41.2988 -38.9158 1.4
      vertex 41.1375 -38.7367 0
    endloop
  endfacet
  facet normal -0.743294 -0.668965 0
    outer loop
      vertex 41.2988 -38.9158 1.4
      vertex 41.3753 -39.0008 0
      vertex 41.3753 -39.0008 1.4053
    endloop
  endfacet
  facet normal -0.950522 -0.310658 0
    outer loop
      vertex 41.553 -39.3085 0
      vertex 41.5597 -39.329 1.4
      vertex 41.553 -39.3085 1.40382
    endloop
  endfacet
  facet normal -0.951088 -0.308919 2.81795e-05
    outer loop
      vertex 41.553 -39.3085 0
      vertex 41.6308 -39.5479 1.4
      vertex 41.5597 -39.329 1.4
    endloop
  endfacet
  facet normal -0.951075 -0.308959 2.06616e-05
    outer loop
      vertex 41.6628 -39.6465 0
      vertex 41.6308 -39.5479 1.4
      vertex 41.553 -39.3085 0
    endloop
  endfacet
  facet normal -0.951162 -0.308693 0
    outer loop
      vertex 41.6308 -39.5479 1.4
      vertex 41.6628 -39.6465 0
      vertex 41.6628 -39.6465 1.40206
    endloop
  endfacet
  facet normal 0.58782 -0.808992 3.37666e-05
    outer loop
      vertex 39.15 -38.5278 0
      vertex 38.9505 -38.6727 1.4
      vertex 38.8625 -38.7367 0
    endloop
  endfacet
  facet normal 0.588172 -0.808736 0
    outer loop
      vertex 38.8625 -38.7367 0
      vertex 38.9505 -38.6727 1.4
      vertex 38.8625 -38.7367 1.40647
    endloop
  endfacet
  facet normal 0.587772 -0.809027 2.32627e-05
    outer loop
      vertex 38.9505 -38.6727 1.4
      vertex 39.15 -38.5278 0
      vertex 39.107 -38.559 1.4
    endloop
  endfacet
  facet normal 0.587276 -0.809387 0
    outer loop
      vertex 39.107 -38.559 1.4
      vertex 39.15 -38.5278 0
      vertex 39.15 -38.5278 1.40736
    endloop
  endfacet
  facet normal 0.207953 -0.978139 -1.33463e-05
    outer loop
      vertex 39.8223 -38.3093 0
      vertex 39.5651 -38.364 1.4
      vertex 39.4747 -38.3832 0
    endloop
  endfacet
  facet normal 0.207755 -0.978181 0
    outer loop
      vertex 39.4747 -38.3832 0
      vertex 39.5651 -38.364 1.4
      vertex 39.4747 -38.3832 1.40795
    endloop
  endfacet
  facet normal 0.207871 -0.978156 -2.90176e-05
    outer loop
      vertex 39.5651 -38.364 1.4
      vertex 39.8223 -38.3093 0
      vertex 39.7505 -38.3246 1.4
    endloop
  endfacet
  facet normal 0.208413 -0.978041 0
    outer loop
      vertex 39.7505 -38.3246 1.4
      vertex 39.8223 -38.3093 0
      vertex 39.8223 -38.3093 1.40824
    endloop
  endfacet
  facet normal -0.865998 0.500047 0
    outer loop
      vertex 41.553 -40.6915 0
      vertex 41.4952 -40.7916 1.4
      vertex 41.553 -40.6915 1.40382
    endloop
  endfacet
  facet normal -0.865965 0.500104 5.44771e-06
    outer loop
      vertex 41.3753 -40.9992 0
      vertex 41.4952 -40.7916 1.4
      vertex 41.553 -40.6915 0
    endloop
  endfacet
  facet normal -0.866041 0.499973 3.14461e-05
    outer loop
      vertex 41.4952 -40.7916 1.4
      vertex 41.3753 -40.9992 0
      vertex 41.3914 -40.9714 1.4
    endloop
  endfacet
  facet normal -0.865355 0.501159 0
    outer loop
      vertex 41.3914 -40.9714 1.4
      vertex 41.3753 -40.9992 0
      vertex 41.3753 -40.9992 1.4053
    endloop
  endfacet
  facet normal -0.865355 -0.501159 0
    outer loop
      vertex 41.3753 -39.0008 0
      vertex 41.3914 -39.0286 1.4
      vertex 41.3753 -39.0008 1.4053
    endloop
  endfacet
  facet normal -0.866041 -0.499973 3.14461e-05
    outer loop
      vertex 41.3753 -39.0008 0
      vertex 41.4952 -39.2084 1.4
      vertex 41.3914 -39.0286 1.4
    endloop
  endfacet
  facet normal -0.865965 -0.500104 5.44771e-06
    outer loop
      vertex 41.553 -39.3085 0
      vertex 41.4952 -39.2084 1.4
      vertex 41.3753 -39.0008 0
    endloop
  endfacet
  facet normal -0.865998 -0.500047 0
    outer loop
      vertex 41.4952 -39.2084 1.4
      vertex 41.553 -39.3085 0
      vertex 41.553 -39.3085 1.40382
    endloop
  endfacet
  facet normal -0.406527 -0.913639 -2.42479e-05
    outer loop
      vertex 40.5832 -38.409 1.4
      vertex 40.5253 -38.3832 0
      vertex 40.7576 -38.4866 1.4
    endloop
  endfacet
  facet normal -0.407017 -0.913421 0
    outer loop
      vertex 40.5253 -38.3832 0
      vertex 40.5832 -38.409 1.4
      vertex 40.5253 -38.3832 1.40795
    endloop
  endfacet
  facet normal -0.406817 -0.91351 3.33588e-05
    outer loop
      vertex 40.85 -38.5278 0
      vertex 40.7576 -38.4866 1.4
      vertex 40.5253 -38.3832 0
    endloop
  endfacet
  facet normal -0.407239 -0.913322 0
    outer loop
      vertex 40.7576 -38.4866 1.4
      vertex 40.85 -38.5278 0
      vertex 40.85 -38.5278 1.40736
    endloop
  endfacet
  facet normal -0.207871 -0.978156 -2.90176e-05
    outer loop
      vertex 40.2495 -38.3246 1.4
      vertex 40.1777 -38.3093 0
      vertex 40.4349 -38.364 1.4
    endloop
  endfacet
  facet normal -0.208413 -0.978041 0
    outer loop
      vertex 40.1777 -38.3093 0
      vertex 40.2495 -38.3246 1.4
      vertex 40.1777 -38.3093 1.40824
    endloop
  endfacet
  facet normal -0.207953 -0.978139 -1.33463e-05
    outer loop
      vertex 40.5253 -38.3832 0
      vertex 40.4349 -38.364 1.4
      vertex 40.1777 -38.3093 0
    endloop
  endfacet
  facet normal -0.207755 -0.978181 0
    outer loop
      vertex 40.4349 -38.364 1.4
      vertex 40.5253 -38.3832 0
      vertex 40.5253 -38.3832 1.40795
    endloop
  endfacet
  facet normal -0.587772 -0.809027 2.32627e-05
    outer loop
      vertex 40.893 -38.559 1.4
      vertex 40.85 -38.5278 0
      vertex 41.0495 -38.6727 1.4
    endloop
  endfacet
  facet normal -0.587276 -0.809387 0
    outer loop
      vertex 40.85 -38.5278 0
      vertex 40.893 -38.559 1.4
      vertex 40.85 -38.5278 1.40736
    endloop
  endfacet
  facet normal -0.58782 -0.808992 3.37666e-05
    outer loop
      vertex 41.1375 -38.7367 0
      vertex 41.0495 -38.6727 1.4
      vertex 40.85 -38.5278 0
    endloop
  endfacet
  facet normal -0.588172 -0.808736 0
    outer loop
      vertex 41.0495 -38.6727 1.4
      vertex 41.1375 -38.7367 0
      vertex 41.1375 -38.7367 1.40647
    endloop
  endfacet
  facet normal 0.865355 -0.501159 0
    outer loop
      vertex 38.6086 -39.0286 1.4
      vertex 38.6247 -39.0008 0
      vertex 38.6247 -39.0008 1.4053
    endloop
  endfacet
  facet normal 0.866041 -0.499973 3.14461e-05
    outer loop
      vertex 38.5048 -39.2084 1.4
      vertex 38.6247 -39.0008 0
      vertex 38.6086 -39.0286 1.4
    endloop
  endfacet
  facet normal 0.865998 -0.500047 0
    outer loop
      vertex 38.447 -39.3085 0
      vertex 38.5048 -39.2084 1.4
      vertex 38.447 -39.3085 1.40382
    endloop
  endfacet
  facet normal 0.865965 -0.500104 5.44771e-06
    outer loop
      vertex 38.5048 -39.2084 1.4
      vertex 38.447 -39.3085 0
      vertex 38.6247 -39.0008 0
    endloop
  endfacet
  facet normal 0.742478 -0.66987 0
    outer loop
      vertex 38.8339 -38.7684 1.4
      vertex 38.8625 -38.7367 0
      vertex 38.8625 -38.7367 1.40647
    endloop
  endfacet
  facet normal 0.743194 -0.669076 3.25931e-05
    outer loop
      vertex 38.7012 -38.9158 1.4
      vertex 38.8625 -38.7367 0
      vertex 38.8339 -38.7684 1.4
    endloop
  endfacet
  facet normal 0.743294 -0.668965 0
    outer loop
      vertex 38.6247 -39.0008 0
      vertex 38.7012 -38.9158 1.4
      vertex 38.6247 -39.0008 1.4053
    endloop
  endfacet
  facet normal 0.74314 -0.669136 1.87926e-05
    outer loop
      vertex 38.7012 -38.9158 1.4
      vertex 38.6247 -39.0008 0
      vertex 38.8625 -38.7367 0
    endloop
  endfacet
  facet normal 0.950522 -0.310658 0
    outer loop
      vertex 38.4403 -39.329 1.4
      vertex 38.447 -39.3085 0
      vertex 38.447 -39.3085 1.40382
    endloop
  endfacet
  facet normal 0.951088 -0.308919 2.81795e-05
    outer loop
      vertex 38.3692 -39.5479 1.4
      vertex 38.447 -39.3085 0
      vertex 38.4403 -39.329 1.4
    endloop
  endfacet
  facet normal 0.951162 -0.308693 0
    outer loop
      vertex 38.3372 -39.6465 0
      vertex 38.3692 -39.5479 1.4
      vertex 38.3372 -39.6465 1.40206
    endloop
  endfacet
  facet normal 0.951075 -0.308959 2.06616e-05
    outer loop
      vertex 38.3692 -39.5479 1.4
      vertex 38.3372 -39.6465 0
      vertex 38.447 -39.3085 0
    endloop
  endfacet
  facet normal 0.406817 -0.91351 3.33588e-05
    outer loop
      vertex 39.4747 -38.3832 0
      vertex 39.2424 -38.4866 1.4
      vertex 39.15 -38.5278 0
    endloop
  endfacet
  facet normal 0.407239 -0.913322 0
    outer loop
      vertex 39.15 -38.5278 0
      vertex 39.2424 -38.4866 1.4
      vertex 39.15 -38.5278 1.40736
    endloop
  endfacet
  facet normal 0.406527 -0.913639 -2.42479e-05
    outer loop
      vertex 39.2424 -38.4866 1.4
      vertex 39.4747 -38.3832 0
      vertex 39.4168 -38.409 1.4
    endloop
  endfacet
  facet normal 0.407017 -0.913421 0
    outer loop
      vertex 39.4168 -38.409 1.4
      vertex 39.4747 -38.3832 0
      vertex 39.4747 -38.3832 1.40795
    endloop
  endfacet
  facet normal -0.58782 0.808992 3.37666e-05
    outer loop
      vertex 40.85 -41.4722 0
      vertex 41.0495 -41.3273 1.4
      vertex 41.1375 -41.2633 0
    endloop
  endfacet
  facet normal -0.588172 0.808736 0
    outer loop
      vertex 41.1375 -41.2633 0
      vertex 41.0495 -41.3273 1.4
      vertex 41.1375 -41.2633 1.40647
    endloop
  endfacet
  facet normal -0.587772 0.809027 2.32627e-05
    outer loop
      vertex 41.0495 -41.3273 1.4
      vertex 40.85 -41.4722 0
      vertex 40.893 -41.441 1.4
    endloop
  endfacet
  facet normal -0.587276 0.809387 0
    outer loop
      vertex 40.893 -41.441 1.4
      vertex 40.85 -41.4722 0
      vertex 40.85 -41.4722 1.40736
    endloop
  endfacet
  facet normal -0.743294 0.668965 0
    outer loop
      vertex 41.3753 -40.9992 0
      vertex 41.2988 -41.0842 1.4
      vertex 41.3753 -40.9992 1.4053
    endloop
  endfacet
  facet normal -0.74314 0.669136 1.87926e-05
    outer loop
      vertex 41.1375 -41.2633 0
      vertex 41.2988 -41.0842 1.4
      vertex 41.3753 -40.9992 0
    endloop
  endfacet
  facet normal -0.743194 0.669076 3.25931e-05
    outer loop
      vertex 41.2988 -41.0842 1.4
      vertex 41.1375 -41.2633 0
      vertex 41.1661 -41.2316 1.4
    endloop
  endfacet
  facet normal -0.742478 0.66987 0
    outer loop
      vertex 41.1661 -41.2316 1.4
      vertex 41.1375 -41.2633 0
      vertex 41.1375 -41.2633 1.40647
    endloop
  endfacet
  facet normal -0.951162 0.308693 0
    outer loop
      vertex 41.6628 -40.3535 0
      vertex 41.6308 -40.4521 1.4
      vertex 41.6628 -40.3535 1.40206
    endloop
  endfacet
  facet normal -0.951075 0.308959 2.06616e-05
    outer loop
      vertex 41.553 -40.6915 0
      vertex 41.6308 -40.4521 1.4
      vertex 41.6628 -40.3535 0
    endloop
  endfacet
  facet normal -0.951088 0.308919 2.81795e-05
    outer loop
      vertex 41.6308 -40.4521 1.4
      vertex 41.553 -40.6915 0
      vertex 41.5597 -40.671 1.4
    endloop
  endfacet
  facet normal -0.950522 0.310658 0
    outer loop
      vertex 41.5597 -40.671 1.4
      vertex 41.553 -40.6915 0
      vertex 41.553 -40.6915 1.40382
    endloop
  endfacet
  facet normal -0.994528 0.104473 0
    outer loop
      vertex 41.7 -40 0
      vertex 41.664 -40.3427 1.4
      vertex 41.7 -40 1.4
    endloop
  endfacet
  facet normal -0.994509 0.104655 4.50935e-05
    outer loop
      vertex 41.6628 -40.3535 0
      vertex 41.664 -40.3427 1.4
      vertex 41.7 -40 0
    endloop
  endfacet
  facet normal -0.993884 0.110432 0
    outer loop
      vertex 41.664 -40.3427 1.4
      vertex 41.6628 -40.3535 0
      vertex 41.6628 -40.3535 1.40206
    endloop
  endfacet
  facet normal 0.587772 0.809027 2.32627e-05
    outer loop
      vertex 39.107 -41.441 1.4
      vertex 39.15 -41.4722 0
      vertex 38.9505 -41.3273 1.4
    endloop
  endfacet
  facet normal 0.587276 0.809387 -0
    outer loop
      vertex 39.15 -41.4722 0
      vertex 39.107 -41.441 1.4
      vertex 39.15 -41.4722 1.40736
    endloop
  endfacet
  facet normal 0.58782 0.808992 3.37666e-05
    outer loop
      vertex 38.8625 -41.2633 0
      vertex 38.9505 -41.3273 1.4
      vertex 39.15 -41.4722 0
    endloop
  endfacet
  facet normal 0.588172 0.808736 0
    outer loop
      vertex 38.9505 -41.3273 1.4
      vertex 38.8625 -41.2633 0
      vertex 38.8625 -41.2633 1.40647
    endloop
  endfacet
  facet normal 0.865998 0.500047 0
    outer loop
      vertex 38.5048 -40.7916 1.4
      vertex 38.447 -40.6915 0
      vertex 38.447 -40.6915 1.40382
    endloop
  endfacet
  facet normal 0.866041 0.499973 3.14461e-05
    outer loop
      vertex 38.6247 -40.9992 0
      vertex 38.5048 -40.7916 1.4
      vertex 38.6086 -40.9714 1.4
    endloop
  endfacet
  facet normal 0.865355 0.501159 -0
    outer loop
      vertex 38.6247 -40.9992 0
      vertex 38.6086 -40.9714 1.4
      vertex 38.6247 -40.9992 1.4053
    endloop
  endfacet
  facet normal 0.865965 0.500104 5.44771e-06
    outer loop
      vertex 38.5048 -40.7916 1.4
      vertex 38.6247 -40.9992 0
      vertex 38.447 -40.6915 0
    endloop
  endfacet
  facet normal 0.743294 0.668965 0
    outer loop
      vertex 38.7012 -41.0842 1.4
      vertex 38.6247 -40.9992 0
      vertex 38.6247 -40.9992 1.4053
    endloop
  endfacet
  facet normal 0.743194 0.669076 3.25931e-05
    outer loop
      vertex 38.8625 -41.2633 0
      vertex 38.7012 -41.0842 1.4
      vertex 38.8339 -41.2316 1.4
    endloop
  endfacet
  facet normal 0.742478 0.66987 -0
    outer loop
      vertex 38.8625 -41.2633 0
      vertex 38.8339 -41.2316 1.4
      vertex 38.8625 -41.2633 1.40647
    endloop
  endfacet
  facet normal 0.74314 0.669136 1.87926e-05
    outer loop
      vertex 38.7012 -41.0842 1.4
      vertex 38.8625 -41.2633 0
      vertex 38.6247 -40.9992 0
    endloop
  endfacet
  facet normal 0.994528 0.104473 0
    outer loop
      vertex 38.336 -40.3427 1.4
      vertex 38.3 -40 0
      vertex 38.3 -40 1.4
    endloop
  endfacet
  facet normal 0.993884 0.110432 -0
    outer loop
      vertex 38.3372 -40.3535 0
      vertex 38.336 -40.3427 1.4
      vertex 38.3372 -40.3535 1.40206
    endloop
  endfacet
  facet normal 0.994509 0.104655 4.50935e-05
    outer loop
      vertex 38.336 -40.3427 1.4
      vertex 38.3372 -40.3535 0
      vertex 38.3 -40 0
    endloop
  endfacet
  facet normal 0.207871 0.978156 -2.90176e-05
    outer loop
      vertex 39.7505 -41.6754 1.4
      vertex 39.8223 -41.6907 0
      vertex 39.5651 -41.636 1.4
    endloop
  endfacet
  facet normal 0.208413 0.978041 -0
    outer loop
      vertex 39.8223 -41.6907 0
      vertex 39.7505 -41.6754 1.4
      vertex 39.8223 -41.6907 1.40824
    endloop
  endfacet
  facet normal 0.207953 0.978139 -1.33463e-05
    outer loop
      vertex 39.4747 -41.6168 0
      vertex 39.5651 -41.636 1.4
      vertex 39.8223 -41.6907 0
    endloop
  endfacet
  facet normal 0.207755 0.978181 0
    outer loop
      vertex 39.5651 -41.636 1.4
      vertex 39.4747 -41.6168 0
      vertex 39.4747 -41.6168 1.40795
    endloop
  endfacet
  facet normal 0.951162 0.308693 0
    outer loop
      vertex 38.3692 -40.4521 1.4
      vertex 38.3372 -40.3535 0
      vertex 38.3372 -40.3535 1.40206
    endloop
  endfacet
  facet normal 0.951088 0.308919 2.81795e-05
    outer loop
      vertex 38.447 -40.6915 0
      vertex 38.3692 -40.4521 1.4
      vertex 38.4403 -40.671 1.4
    endloop
  endfacet
  facet normal 0.950522 0.310658 -0
    outer loop
      vertex 38.447 -40.6915 0
      vertex 38.4403 -40.671 1.4
      vertex 38.447 -40.6915 1.40382
    endloop
  endfacet
  facet normal 0.951075 0.308959 2.06616e-05
    outer loop
      vertex 38.3692 -40.4521 1.4
      vertex 38.447 -40.6915 0
      vertex 38.3372 -40.3535 0
    endloop
  endfacet
  facet normal -0.406817 0.91351 3.33588e-05
    outer loop
      vertex 40.5253 -41.6168 0
      vertex 40.7576 -41.5134 1.4
      vertex 40.85 -41.4722 0
    endloop
  endfacet
  facet normal -0.407239 0.913322 0
    outer loop
      vertex 40.85 -41.4722 0
      vertex 40.7576 -41.5134 1.4
      vertex 40.85 -41.4722 1.40736
    endloop
  endfacet
  facet normal -0.406527 0.913639 -2.42479e-05
    outer loop
      vertex 40.7576 -41.5134 1.4
      vertex 40.5253 -41.6168 0
      vertex 40.5832 -41.591 1.4
    endloop
  endfacet
  facet normal -0.407017 0.913421 0
    outer loop
      vertex 40.5832 -41.591 1.4
      vertex 40.5253 -41.6168 0
      vertex 40.5253 -41.6168 1.40795
    endloop
  endfacet
  facet normal -0.207953 0.978139 -1.33463e-05
    outer loop
      vertex 40.1777 -41.6907 0
      vertex 40.4349 -41.636 1.4
      vertex 40.5253 -41.6168 0
    endloop
  endfacet
  facet normal -0.207755 0.978181 0
    outer loop
      vertex 40.5253 -41.6168 0
      vertex 40.4349 -41.636 1.4
      vertex 40.5253 -41.6168 1.40795
    endloop
  endfacet
  facet normal -0.207871 0.978156 -2.90176e-05
    outer loop
      vertex 40.4349 -41.636 1.4
      vertex 40.1777 -41.6907 0
      vertex 40.2495 -41.6754 1.4
    endloop
  endfacet
  facet normal -0.208413 0.978041 0
    outer loop
      vertex 40.2495 -41.6754 1.4
      vertex 40.1777 -41.6907 0
      vertex 40.1777 -41.6907 1.40824
    endloop
  endfacet
  facet normal 0.406527 0.913639 -2.42479e-05
    outer loop
      vertex 39.4168 -41.591 1.4
      vertex 39.4747 -41.6168 0
      vertex 39.2424 -41.5134 1.4
    endloop
  endfacet
  facet normal 0.407017 0.913421 -0
    outer loop
      vertex 39.4747 -41.6168 0
      vertex 39.4168 -41.591 1.4
      vertex 39.4747 -41.6168 1.40795
    endloop
  endfacet
  facet normal 0.406817 0.91351 3.33588e-05
    outer loop
      vertex 39.15 -41.4722 0
      vertex 39.2424 -41.5134 1.4
      vertex 39.4747 -41.6168 0
    endloop
  endfacet
  facet normal 0.407239 0.913322 0
    outer loop
      vertex 39.2424 -41.5134 1.4
      vertex 39.15 -41.4722 0
      vertex 39.15 -41.4722 1.40736
    endloop
  endfacet
  facet normal -0.622066 0.345592 0.702567
    outer loop
      vertex 41.5706 -40.6506 1.4
      vertex 43.0386 -41.2609 3
      vertex 43.0396 -41.2591 3
    endloop
  endfacet
  facet normal -0.62928 0.336233 0.700681
    outer loop
      vertex 41.553 -40.6915 1.40382
      vertex 41.5706 -40.6506 1.4
      vertex 41.5597 -40.671 1.4
    endloop
  endfacet
  facet normal -0.626927 0.335452 0.70316
    outer loop
      vertex 41.5706 -40.6506 1.4
      vertex 41.553 -40.6915 1.40382
      vertex 43.0386 -41.2609 3
    endloop
  endfacet
  facet normal -0.62703 0.335227 0.703175
    outer loop
      vertex 41.4952 -40.7916 1.4
      vertex 43.0386 -41.2609 3
      vertex 41.553 -40.6915 1.40382
    endloop
  endfacet
  facet normal -0.627092 0.335078 0.703191
    outer loop
      vertex 43.0386 -41.2609 3
      vertex 41.4952 -40.7916 1.4
      vertex 41.4135 -40.9445 1.4
    endloop
  endfacet
  facet normal -0.707569 -0.0697836 0.703191
    outer loop
      vertex 43.2901 -40 3
      vertex 43.227 -39.3602 3
      vertex 41.7 -40 1.4
    endloop
  endfacet
  facet normal -0.707918 -0.0674207 0.70307
    outer loop
      vertex 41.6673 -39.6683 1.4
      vertex 43.227 -39.3602 3
      vertex 43.2268 -39.3581 3
    endloop
  endfacet
  facet normal -0.707576 -0.069755 0.703186
    outer loop
      vertex 43.227 -39.3602 3
      vertex 41.6673 -39.6683 1.4
      vertex 41.7 -40 1.4
    endloop
  endfacet
  facet normal -0.680412 0.206346 0.703179
    outer loop
      vertex 43.0396 -41.2591 3
      vertex 43.2262 -40.6438 3
      vertex 41.5706 -40.6506 1.4
    endloop
  endfacet
  facet normal -0.206346 0.680412 0.703179
    outer loop
      vertex 41.2591 -43.0396 3
      vertex 40.6506 -41.5706 1.4
      vertex 40.6438 -43.2262 3
    endloop
  endfacet
  facet normal -0.206266 0.680423 0.703191
    outer loop
      vertex 40.5253 -41.6168 1.40795
      vertex 40.6438 -43.2262 3
      vertex 40.6506 -41.5706 1.4
    endloop
  endfacet
  facet normal -0.205223 0.678042 0.705792
    outer loop
      vertex 40.5253 -41.6168 1.40795
      vertex 40.6506 -41.5706 1.4
      vertex 40.5832 -41.591 1.4
    endloop
  endfacet
  facet normal -0.206351 0.680408 0.703182
    outer loop
      vertex 40.4349 -41.636 1.4
      vertex 40.6438 -43.2262 3
      vertex 40.5253 -41.6168 1.40795
    endloop
  endfacet
  facet normal -0.206363 0.680405 0.703181
    outer loop
      vertex 40.3317 -41.6673 1.4
      vertex 40.6438 -43.2262 3
      vertex 40.4349 -41.636 1.4
    endloop
  endfacet
  facet normal -0.214232 0.678401 0.702763
    outer loop
      vertex 40.6438 -43.2262 3
      vertex 40.3317 -41.6673 1.4
      vertex 40.6419 -43.2268 3
    endloop
  endfacet
  facet normal -0.335107 -0.627082 0.703187
    outer loop
      vertex 41.8279 -37.2644 3
      vertex 41.2609 -36.9614 3
      vertex 40.9445 -38.5865 1.4
    endloop
  endfacet
  facet normal 0.335107 -0.627082 0.703187
    outer loop
      vertex 39.0555 -38.5865 1.4
      vertex 38.7391 -36.9614 3
      vertex 38.1721 -37.2644 3
    endloop
  endfacet
  facet normal -0.707569 0.0697836 0.703191
    outer loop
      vertex 43.227 -40.6398 3
      vertex 43.2901 -40 3
      vertex 41.7 -40 1.4
    endloop
  endfacet
  facet normal -0.678401 0.214232 0.702763
    outer loop
      vertex 41.6673 -40.3317 1.4
      vertex 43.2262 -40.6438 3
      vertex 43.2268 -40.6419 3
    endloop
  endfacet
  facet normal -0.694934 0.20848 0.688188
    outer loop
      vertex 41.6628 -40.3535 1.40206
      vertex 41.6673 -40.3317 1.4
      vertex 41.664 -40.3427 1.4
    endloop
  endfacet
  facet normal -0.680278 0.206869 0.703155
    outer loop
      vertex 41.6673 -40.3317 1.4
      vertex 41.6628 -40.3535 1.40206
      vertex 43.2262 -40.6438 3
    endloop
  endfacet
  facet normal -0.680454 0.206146 0.703197
    outer loop
      vertex 41.6308 -40.4521 1.4
      vertex 43.2262 -40.6438 3
      vertex 41.6628 -40.3535 1.40206
    endloop
  endfacet
  facet normal -0.680411 0.206351 0.703178
    outer loop
      vertex 43.2262 -40.6438 3
      vertex 41.6308 -40.4521 1.4
      vertex 41.5706 -40.6506 1.4
    endloop
  endfacet
  facet normal 0.206351 0.680408 0.703182
    outer loop
      vertex 39.3562 -43.2262 3
      vertex 39.5651 -41.636 1.4
      vertex 39.4747 -41.6168 1.40795
    endloop
  endfacet
  facet normal 0.206363 0.680405 0.703181
    outer loop
      vertex 39.5651 -41.636 1.4
      vertex 39.3562 -43.2262 3
      vertex 39.6683 -41.6673 1.4
    endloop
  endfacet
  facet normal 0.205223 0.678042 0.705792
    outer loop
      vertex 39.3494 -41.5706 1.4
      vertex 39.4747 -41.6168 1.40795
      vertex 39.4168 -41.591 1.4
    endloop
  endfacet
  facet normal 0.214232 0.678401 0.702763
    outer loop
      vertex 39.6683 -41.6673 1.4
      vertex 39.3562 -43.2262 3
      vertex 39.3581 -43.2268 3
    endloop
  endfacet
  facet normal 0.206266 0.680423 0.703191
    outer loop
      vertex 39.4747 -41.6168 1.40795
      vertex 39.3494 -41.5706 1.4
      vertex 39.3562 -43.2262 3
    endloop
  endfacet
  facet normal 0.0697836 0.707569 0.703191
    outer loop
      vertex 40 -43.2901 3
      vertex 40 -41.7 1.4
      vertex 39.3602 -43.227 3
    endloop
  endfacet
  facet normal 0.451127 -0.549559 0.703186
    outer loop
      vertex 39.0555 -38.5865 1.4
      vertex 38.1721 -37.2644 3
      vertex 37.6752 -37.6723 3
    endloop
  endfacet
  facet normal 0.707574 -0.0696736 0.703196
    outer loop
      vertex 38.3 -40 1.4
      vertex 36.7729 -39.3602 3
      vertex 36.7099 -40 3
    endloop
  endfacet
  facet normal -0.549559 0.451127 0.703186
    outer loop
      vertex 42.3277 -42.3248 3
      vertex 42.7356 -41.8279 3
      vertex 41.4135 -40.9445 1.4
    endloop
  endfacet
  facet normal -0.627082 0.335107 0.703187
    outer loop
      vertex 42.7356 -41.8279 3
      vertex 43.0386 -41.2609 3
      vertex 41.4135 -40.9445 1.4
    endloop
  endfacet
  facet normal -0.707576 0.069755 0.703186
    outer loop
      vertex 41.6673 -40.3317 1.4
      vertex 43.227 -40.6398 3
      vertex 41.7 -40 1.4
    endloop
  endfacet
  facet normal -0.707918 0.0674207 0.70307
    outer loop
      vertex 43.227 -40.6398 3
      vertex 41.6673 -40.3317 1.4
      vertex 43.2268 -40.6419 3
    endloop
  endfacet
  facet normal -0.334815 0.627185 0.703234
    outer loop
      vertex 40.85 -41.4722 1.40736
      vertex 41.2609 -43.0386 3
      vertex 40.9445 -41.4135 1.4
    endloop
  endfacet
  facet normal -0.335168 0.627677 0.702626
    outer loop
      vertex 40.85 -41.4722 1.40736
      vertex 40.9445 -41.4135 1.4
      vertex 40.893 -41.441 1.4
    endloop
  endfacet
  facet normal -0.335536 0.626903 0.703142
    outer loop
      vertex 40.7576 -41.5134 1.4
      vertex 41.2609 -43.0386 3
      vertex 40.85 -41.4722 1.40736
    endloop
  endfacet
  facet normal -0.335205 0.627045 0.703173
    outer loop
      vertex 40.6506 -41.5706 1.4
      vertex 41.2609 -43.0386 3
      vertex 40.7576 -41.5134 1.4
    endloop
  endfacet
  facet normal -0.345592 0.622066 0.702567
    outer loop
      vertex 41.2609 -43.0386 3
      vertex 40.6506 -41.5706 1.4
      vertex 41.2591 -43.0396 3
    endloop
  endfacet
  facet normal 0.680454 0.206146 0.703197
    outer loop
      vertex 36.7738 -40.6438 3
      vertex 38.3692 -40.4521 1.4
      vertex 38.3372 -40.3535 1.40206
    endloop
  endfacet
  facet normal 0.694934 0.20848 0.688188
    outer loop
      vertex 38.3327 -40.3317 1.4
      vertex 38.3372 -40.3535 1.40206
      vertex 38.336 -40.3427 1.4
    endloop
  endfacet
  facet normal 0.680411 0.206351 0.703178
    outer loop
      vertex 38.3692 -40.4521 1.4
      vertex 36.7738 -40.6438 3
      vertex 38.4294 -40.6506 1.4
    endloop
  endfacet
  facet normal 0.680278 0.206869 0.703155
    outer loop
      vertex 38.3327 -40.3317 1.4
      vertex 36.7738 -40.6438 3
      vertex 38.3372 -40.3535 1.40206
    endloop
  endfacet
  facet normal 0.678401 0.214232 0.702763
    outer loop
      vertex 36.7738 -40.6438 3
      vertex 38.3327 -40.3317 1.4
      vertex 36.7732 -40.6419 3
    endloop
  endfacet
  facet normal 0.627082 0.335107 0.703187
    outer loop
      vertex 37.2644 -41.8279 3
      vertex 38.5865 -40.9445 1.4
      vertex 36.9614 -41.2609 3
    endloop
  endfacet
  facet normal -0.0697836 0.707569 0.703191
    outer loop
      vertex 40.6398 -43.227 3
      vertex 40 -41.7 1.4
      vertex 40 -43.2901 3
    endloop
  endfacet
  facet normal -0.0696736 -0.707574 0.703196
    outer loop
      vertex 40.6398 -36.7729 3
      vertex 40 -36.7099 3
      vertex 40 -38.3 1.4
    endloop
  endfacet
  facet normal 0.206363 -0.680405 0.703181
    outer loop
      vertex 39.3562 -36.7738 3
      vertex 39.5651 -38.364 1.4
      vertex 39.6683 -38.3327 1.4
    endloop
  endfacet
  facet normal 0.214232 -0.678401 0.702763
    outer loop
      vertex 39.3562 -36.7738 3
      vertex 39.6683 -38.3327 1.4
      vertex 39.3581 -36.7732 3
    endloop
  endfacet
  facet normal 0.206351 -0.680408 0.703182
    outer loop
      vertex 39.5651 -38.364 1.4
      vertex 39.3562 -36.7738 3
      vertex 39.4747 -38.3832 1.40795
    endloop
  endfacet
  facet normal 0.206266 -0.680423 0.703191
    outer loop
      vertex 39.3494 -38.4294 1.4
      vertex 39.4747 -38.3832 1.40795
      vertex 39.3562 -36.7738 3
    endloop
  endfacet
  facet normal 0.205223 -0.678042 0.705792
    outer loop
      vertex 39.4747 -38.3832 1.40795
      vertex 39.3494 -38.4294 1.4
      vertex 39.4168 -38.409 1.4
    endloop
  endfacet
  facet normal 0.680411 -0.206351 0.703178
    outer loop
      vertex 36.7738 -39.3562 3
      vertex 38.3692 -39.5479 1.4
      vertex 38.4294 -39.3494 1.4
    endloop
  endfacet
  facet normal 0.694934 -0.20848 0.688188
    outer loop
      vertex 38.3372 -39.6465 1.40206
      vertex 38.3327 -39.6683 1.4
      vertex 38.336 -39.6573 1.4
    endloop
  endfacet
  facet normal 0.680454 -0.206146 0.703197
    outer loop
      vertex 38.3692 -39.5479 1.4
      vertex 36.7738 -39.3562 3
      vertex 38.3372 -39.6465 1.40206
    endloop
  endfacet
  facet normal 0.680278 -0.206869 0.703155
    outer loop
      vertex 36.7738 -39.3562 3
      vertex 38.3327 -39.6683 1.4
      vertex 38.3372 -39.6465 1.40206
    endloop
  endfacet
  facet normal 0.678401 -0.214232 0.702763
    outer loop
      vertex 38.3327 -39.6683 1.4
      vertex 36.7738 -39.3562 3
      vertex 36.7732 -39.3581 3
    endloop
  endfacet
  facet normal 0.707574 0.0696736 0.703196
    outer loop
      vertex 36.7729 -40.6398 3
      vertex 38.3 -40 1.4
      vertex 36.7099 -40 3
    endloop
  endfacet
  facet normal -0.549056 0.451579 0.703288
    outer loop
      vertex 41.3753 -40.9992 1.4053
      vertex 42.3277 -42.3248 3
      vertex 41.4135 -40.9445 1.4
    endloop
  endfacet
  facet normal -0.551159 0.452811 0.700846
    outer loop
      vertex 41.3753 -40.9992 1.4053
      vertex 41.4135 -40.9445 1.4
      vertex 41.3914 -40.9714 1.4
    endloop
  endfacet
  facet normal -0.549749 0.45093 0.703163
    outer loop
      vertex 41.2988 -41.0842 1.4
      vertex 42.3277 -42.3248 3
      vertex 41.3753 -40.9992 1.4053
    endloop
  endfacet
  facet normal -0.549767 0.450912 0.70316
    outer loop
      vertex 41.2021 -41.2021 1.4
      vertex 42.3277 -42.3248 3
      vertex 41.2988 -41.0842 1.4
    endloop
  endfacet
  facet normal -0.551967 0.448473 0.702997
    outer loop
      vertex 42.3277 -42.3248 3
      vertex 41.2021 -41.2021 1.4
      vertex 42.3264 -42.3264 3
    endloop
  endfacet
  facet normal -0.0674207 0.707918 0.70307
    outer loop
      vertex 40.3317 -41.6673 1.4
      vertex 40.6398 -43.227 3
      vertex 40.6419 -43.2268 3
    endloop
  endfacet
  facet normal -0.0698865 0.707557 0.703192
    outer loop
      vertex 40.6398 -43.227 3
      vertex 40.3317 -41.6673 1.4
      vertex 40.1777 -41.6907 1.40824
    endloop
  endfacet
  facet normal -0.0695736 0.706043 0.704743
    outer loop
      vertex 40.1777 -41.6907 1.40824
      vertex 40.3317 -41.6673 1.4
      vertex 40.2495 -41.6754 1.4
    endloop
  endfacet
  facet normal -0.0697253 0.707588 0.703176
    outer loop
      vertex 40.0946 -41.6907 1.4
      vertex 40.6398 -43.227 3
      vertex 40.1777 -41.6907 1.40824
    endloop
  endfacet
  facet normal -0.0695656 0.707624 0.703156
    outer loop
      vertex 40.6398 -43.227 3
      vertex 40.0946 -41.6907 1.4
      vertex 40 -41.7 1.4
    endloop
  endfacet
  facet normal -0.448473 0.551967 0.702997
    outer loop
      vertex 41.2021 -41.2021 1.4
      vertex 42.3248 -42.3277 3
      vertex 42.3264 -42.3264 3
    endloop
  endfacet
  facet normal -0.450892 0.550241 0.702802
    outer loop
      vertex 41.1375 -41.2633 1.40647
      vertex 41.2021 -41.2021 1.4
      vertex 41.1661 -41.2316 1.4
    endloop
  endfacet
  facet normal -0.450641 0.550012 0.703143
    outer loop
      vertex 41.2021 -41.2021 1.4
      vertex 41.1375 -41.2633 1.40647
      vertex 42.3248 -42.3277 3
    endloop
  endfacet
  facet normal -0.451272 0.549409 0.70321
    outer loop
      vertex 41.0495 -41.3273 1.4
      vertex 42.3248 -42.3277 3
      vertex 41.1375 -41.2633 1.40647
    endloop
  endfacet
  facet normal -0.451145 0.549538 0.70319
    outer loop
      vertex 42.3248 -42.3277 3
      vertex 41.0495 -41.3273 1.4
      vertex 40.9445 -41.4135 1.4
    endloop
  endfacet
  facet normal 0.707554 0.0697528 0.703208
    outer loop
      vertex 36.7729 -40.6398 3
      vertex 38.3327 -40.3317 1.4
      vertex 38.3 -40 1.4
    endloop
  endfacet
  facet normal 0.702697 0.100385 0.704372
    outer loop
      vertex 38.3327 -40.3317 1.4
      vertex 36.7729 -40.6398 3
      vertex 36.7732 -40.6419 3
    endloop
  endfacet
  facet normal 0 -0 1
    outer loop
      vertex 41.5706 -40.6506 1.4
      vertex 41.6308 -40.4521 1.4
      vertex 41.5597 -40.671 1.4
    endloop
  endfacet
  facet normal 0 -0 1
    outer loop
      vertex 40.3317 -41.6673 1.4
      vertex 40.4349 -41.636 1.4
      vertex 40.2495 -41.6754 1.4
    endloop
  endfacet
  facet normal 0 0 1
    outer loop
      vertex 41.0495 -38.6727 1.4
      vertex 40.9445 -38.5865 1.4
      vertex 40.893 -38.559 1.4
    endloop
  endfacet
  facet normal 0 -0 1
    outer loop
      vertex 41.6673 -40.3317 1.4
      vertex 41.7 -40 1.4
      vertex 41.664 -40.3427 1.4
    endloop
  endfacet
  facet normal 0 0 1
    outer loop
      vertex 41.7 -40 1.4
      vertex 41.6673 -39.6683 1.4
      vertex 41.664 -39.6573 1.4
    endloop
  endfacet
  facet normal 0 -0 1
    outer loop
      vertex 40.6506 -41.5706 1.4
      vertex 40.7576 -41.5134 1.4
      vertex 40.5832 -41.591 1.4
    endloop
  endfacet
  facet normal -0 -0 1
    outer loop
      vertex 38.7979 -41.2021 1.4
      vertex 38.8339 -41.2316 1.4
      vertex 38.7012 -41.0842 1.4
    endloop
  endfacet
  facet normal -0 -0 1
    outer loop
      vertex 38.5865 -40.9445 1.4
      vertex 38.6086 -40.9714 1.4
      vertex 38.5048 -40.7916 1.4
    endloop
  endfacet
  facet normal -0 -0 1
    outer loop
      vertex 39.6683 -41.6673 1.4
      vertex 39.7505 -41.6754 1.4
      vertex 39.5651 -41.636 1.4
    endloop
  endfacet
  facet normal 0 -0 1
    outer loop
      vertex 40 -41.7 1.4
      vertex 40.0946 -41.6907 1.4
      vertex 39.9054 -41.6907 1.4
    endloop
  endfacet
  facet normal -0 -0 1
    outer loop
      vertex 38.3327 -40.3317 1.4
      vertex 38.336 -40.3427 1.4
      vertex 38.3 -40 1.4
    endloop
  endfacet
  facet normal 0 0 1
    outer loop
      vertex 38.336 -39.6573 1.4
      vertex 38.3327 -39.6683 1.4
      vertex 38.3 -40 1.4
    endloop
  endfacet
  facet normal 0 -0 1
    outer loop
      vertex 41.4135 -40.9445 1.4
      vertex 41.4952 -40.7916 1.4
      vertex 41.3914 -40.9714 1.4
    endloop
  endfacet
  facet normal 0 -0 1
    outer loop
      vertex 40.9445 -41.4135 1.4
      vertex 41.0495 -41.3273 1.4
      vertex 40.893 -41.441 1.4
    endloop
  endfacet
  facet normal -0 -0 1
    outer loop
      vertex 38.4294 -40.6506 1.4
      vertex 38.4403 -40.671 1.4
      vertex 38.3692 -40.4521 1.4
    endloop
  endfacet
  facet normal 0 0 1
    outer loop
      vertex 40.7576 -38.4866 1.4
      vertex 40.6506 -38.4294 1.4
      vertex 40.5832 -38.409 1.4
    endloop
  endfacet
  facet normal 0 0 1
    outer loop
      vertex 40.0946 -38.3093 1.4
      vertex 40 -38.3 1.4
      vertex 39.9054 -38.3093 1.4
    endloop
  endfacet
  facet normal 0 0 1
    outer loop
      vertex 39.7505 -38.3246 1.4
      vertex 39.6683 -38.3327 1.4
      vertex 39.5651 -38.364 1.4
    endloop
  endfacet
  facet normal 0 0 1
    outer loop
      vertex 39.4168 -38.409 1.4
      vertex 39.3494 -38.4294 1.4
      vertex 39.2424 -38.4866 1.4
    endloop
  endfacet
  facet normal 0 0 1
    outer loop
      vertex 39.107 -38.559 1.4
      vertex 39.0555 -38.5865 1.4
      vertex 38.9505 -38.6727 1.4
    endloop
  endfacet
  facet normal 0 -0 1
    outer loop
      vertex 41.2021 -41.2021 1.4
      vertex 41.2988 -41.0842 1.4
      vertex 41.1661 -41.2316 1.4
    endloop
  endfacet
  facet normal -0 -0 1
    outer loop
      vertex 39.3494 -41.5706 1.4
      vertex 39.4168 -41.591 1.4
      vertex 39.2424 -41.5134 1.4
    endloop
  endfacet
  facet normal -0 -0 1
    outer loop
      vertex 39.0555 -41.4135 1.4
      vertex 39.107 -41.441 1.4
      vertex 38.9505 -41.3273 1.4
    endloop
  endfacet
  facet normal 0 0 1
    outer loop
      vertex 40.4349 -38.364 1.4
      vertex 40.3317 -38.3327 1.4
      vertex 40.2495 -38.3246 1.4
    endloop
  endfacet
  facet normal 0 0 1
    outer loop
      vertex 38.6086 -39.0286 1.4
      vertex 38.5865 -39.0555 1.4
      vertex 38.5048 -39.2084 1.4
    endloop
  endfacet
  facet normal 0 0 1
    outer loop
      vertex 38.8339 -38.7684 1.4
      vertex 38.7979 -38.7979 1.4
      vertex 38.7012 -38.9158 1.4
    endloop
  endfacet
  facet normal 0 0 1
    outer loop
      vertex 38.4403 -39.329 1.4
      vertex 38.4294 -39.3494 1.4
      vertex 38.3692 -39.5479 1.4
    endloop
  endfacet
  facet normal 0 0 1
    outer loop
      vertex 41.4952 -39.2084 1.4
      vertex 41.4135 -39.0555 1.4
      vertex 41.3914 -39.0286 1.4
    endloop
  endfacet
  facet normal 0 0 1
    outer loop
      vertex 41.6308 -39.5479 1.4
      vertex 41.5706 -39.3494 1.4
      vertex 41.5597 -39.329 1.4
    endloop
  endfacet
  facet normal 0 0 1
    outer loop
      vertex 41.2988 -38.9158 1.4
      vertex 41.2021 -38.7979 1.4
      vertex 41.1661 -38.7684 1.4
    endloop
  endfacet
  facet normal 0.0698865 0.707557 0.703192
    outer loop
      vertex 39.6683 -41.6673 1.4
      vertex 39.3602 -43.227 3
      vertex 39.8223 -41.6907 1.40824
    endloop
  endfacet
  facet normal 0.0696389 0.707605 0.703168
    outer loop
      vertex 40 -41.7 1.4
      vertex 39.8223 -41.6907 1.40824
      vertex 39.3602 -43.227 3
    endloop
  endfacet
  facet normal 0.0696434 0.708416 0.702351
    outer loop
      vertex 39.8223 -41.6907 1.40824
      vertex 40 -41.7 1.4
      vertex 39.9054 -41.6907 1.4
    endloop
  endfacet
  facet normal 0.0695736 0.706043 0.704743
    outer loop
      vertex 39.6683 -41.6673 1.4
      vertex 39.8223 -41.6907 1.40824
      vertex 39.7505 -41.6754 1.4
    endloop
  endfacet
  facet normal 0.0674207 0.707918 0.70307
    outer loop
      vertex 39.3602 -43.227 3
      vertex 39.6683 -41.6673 1.4
      vertex 39.3581 -43.2268 3
    endloop
  endfacet
  facet normal 0.335536 0.626903 0.703142
    outer loop
      vertex 38.7391 -43.0386 3
      vertex 39.2424 -41.5134 1.4
      vertex 39.15 -41.4722 1.40736
    endloop
  endfacet
  facet normal 0.335168 0.627677 0.702626
    outer loop
      vertex 39.0555 -41.4135 1.4
      vertex 39.15 -41.4722 1.40736
      vertex 39.107 -41.441 1.4
    endloop
  endfacet
  facet normal 0.335205 0.627045 0.703173
    outer loop
      vertex 39.2424 -41.5134 1.4
      vertex 38.7391 -43.0386 3
      vertex 39.3494 -41.5706 1.4
    endloop
  endfacet
  facet normal 0.334815 0.627185 0.703234
    outer loop
      vertex 38.7391 -43.0386 3
      vertex 39.15 -41.4722 1.40736
      vertex 39.0555 -41.4135 1.4
    endloop
  endfacet
  facet normal 0.345592 0.622066 0.702567
    outer loop
      vertex 39.3494 -41.5706 1.4
      vertex 38.7391 -43.0386 3
      vertex 38.7409 -43.0396 3
    endloop
  endfacet
  facet normal 0.206346 0.680412 0.703179
    outer loop
      vertex 39.3562 -43.2262 3
      vertex 39.3494 -41.5706 1.4
      vertex 38.7409 -43.0396 3
    endloop
  endfacet
  facet normal 0.335107 0.627082 0.703187
    outer loop
      vertex 38.7391 -43.0386 3
      vertex 39.0555 -41.4135 1.4
      vertex 38.1721 -42.7356 3
    endloop
  endfacet
  facet normal 0.451127 0.549559 0.703186
    outer loop
      vertex 38.1721 -42.7356 3
      vertex 39.0555 -41.4135 1.4
      vertex 37.6752 -42.3277 3
    endloop
  endfacet
  facet normal 0.549559 0.451127 0.703186
    outer loop
      vertex 37.6723 -42.3248 3
      vertex 38.5865 -40.9445 1.4
      vertex 37.2644 -41.8279 3
    endloop
  endfacet
  facet normal 0.680412 0.206346 0.703179
    outer loop
      vertex 36.9604 -41.2591 3
      vertex 38.4294 -40.6506 1.4
      vertex 36.7738 -40.6438 3
    endloop
  endfacet
  facet normal 0.62703 0.335227 0.703175
    outer loop
      vertex 36.9614 -41.2609 3
      vertex 38.5048 -40.7916 1.4
      vertex 38.447 -40.6915 1.40382
    endloop
  endfacet
  facet normal 0.62928 0.336233 0.700681
    outer loop
      vertex 38.4294 -40.6506 1.4
      vertex 38.447 -40.6915 1.40382
      vertex 38.4403 -40.671 1.4
    endloop
  endfacet
  facet normal 0.627092 0.335078 0.703191
    outer loop
      vertex 38.5048 -40.7916 1.4
      vertex 36.9614 -41.2609 3
      vertex 38.5865 -40.9445 1.4
    endloop
  endfacet
  facet normal 0.626927 0.335452 0.70316
    outer loop
      vertex 38.4294 -40.6506 1.4
      vertex 36.9614 -41.2609 3
      vertex 38.447 -40.6915 1.40382
    endloop
  endfacet
  facet normal 0.622066 0.345592 0.702567
    outer loop
      vertex 36.9614 -41.2609 3
      vertex 38.4294 -40.6506 1.4
      vertex 36.9604 -41.2591 3
    endloop
  endfacet
  facet normal -0.678401 -0.214232 0.702763
    outer loop
      vertex 43.2262 -39.3562 3
      vertex 41.6673 -39.6683 1.4
      vertex 43.2268 -39.3581 3
    endloop
  endfacet
  facet normal -0.680278 -0.206869 0.703155
    outer loop
      vertex 41.6628 -39.6465 1.40206
      vertex 41.6673 -39.6683 1.4
      vertex 43.2262 -39.3562 3
    endloop
  endfacet
  facet normal -0.694934 -0.20848 0.688188
    outer loop
      vertex 41.6673 -39.6683 1.4
      vertex 41.6628 -39.6465 1.40206
      vertex 41.664 -39.6573 1.4
    endloop
  endfacet
  facet normal -0.680454 -0.206146 0.703197
    outer loop
      vertex 43.2262 -39.3562 3
      vertex 41.6308 -39.5479 1.4
      vertex 41.6628 -39.6465 1.40206
    endloop
  endfacet
  facet normal -0.680411 -0.206351 0.703178
    outer loop
      vertex 41.6308 -39.5479 1.4
      vertex 43.2262 -39.3562 3
      vertex 41.5706 -39.3494 1.4
    endloop
  endfacet
  facet normal -0.214232 -0.678401 0.702763
    outer loop
      vertex 40.3317 -38.3327 1.4
      vertex 40.6438 -36.7738 3
      vertex 40.6419 -36.7732 3
    endloop
  endfacet
  facet normal -0.206266 -0.680423 0.703191
    outer loop
      vertex 40.6438 -36.7738 3
      vertex 40.5253 -38.3832 1.40795
      vertex 40.6506 -38.4294 1.4
    endloop
  endfacet
  facet normal -0.205223 -0.678042 0.705792
    outer loop
      vertex 40.6506 -38.4294 1.4
      vertex 40.5253 -38.3832 1.40795
      vertex 40.5832 -38.409 1.4
    endloop
  endfacet
  facet normal -0.206351 -0.680408 0.703182
    outer loop
      vertex 40.6438 -36.7738 3
      vertex 40.4349 -38.364 1.4
      vertex 40.5253 -38.3832 1.40795
    endloop
  endfacet
  facet normal -0.206363 -0.680405 0.703181
    outer loop
      vertex 40.6438 -36.7738 3
      vertex 40.3317 -38.3327 1.4
      vertex 40.4349 -38.364 1.4
    endloop
  endfacet
  facet normal 0.0696736 -0.707574 0.703196
    outer loop
      vertex 40 -38.3 1.4
      vertex 40 -36.7099 3
      vertex 39.3602 -36.7729 3
    endloop
  endfacet
  facet normal 0.549559 -0.451127 0.703186
    outer loop
      vertex 38.5865 -39.0555 1.4
      vertex 37.6723 -37.6752 3
      vertex 37.2644 -38.1721 3
    endloop
  endfacet
  facet normal 0.206346 -0.680412 0.703179
    outer loop
      vertex 39.3494 -38.4294 1.4
      vertex 39.3562 -36.7738 3
      vertex 38.7409 -36.9604 3
    endloop
  endfacet
  facet normal 0.335205 -0.627045 0.703173
    outer loop
      vertex 38.7391 -36.9614 3
      vertex 39.2424 -38.4866 1.4
      vertex 39.3494 -38.4294 1.4
    endloop
  endfacet
  facet normal 0.335168 -0.627677 0.702626
    outer loop
      vertex 39.15 -38.5278 1.40736
      vertex 39.0555 -38.5865 1.4
      vertex 39.107 -38.559 1.4
    endloop
  endfacet
  facet normal 0.345592 -0.622066 0.702567
    outer loop
      vertex 38.7391 -36.9614 3
      vertex 39.3494 -38.4294 1.4
      vertex 38.7409 -36.9604 3
    endloop
  endfacet
  facet normal 0.335536 -0.626903 0.703142
    outer loop
      vertex 39.2424 -38.4866 1.4
      vertex 38.7391 -36.9614 3
      vertex 39.15 -38.5278 1.40736
    endloop
  endfacet
  facet normal 0.334815 -0.627185 0.703234
    outer loop
      vertex 39.15 -38.5278 1.40736
      vertex 38.7391 -36.9614 3
      vertex 39.0555 -38.5865 1.4
    endloop
  endfacet
  facet normal 0.100385 -0.702697 0.704372
    outer loop
      vertex 39.6683 -38.3327 1.4
      vertex 39.3602 -36.7729 3
      vertex 39.3581 -36.7732 3
    endloop
  endfacet
  facet normal 0.069882 -0.707535 0.703215
    outer loop
      vertex 39.3602 -36.7729 3
      vertex 39.6683 -38.3327 1.4
      vertex 39.8223 -38.3093 1.40824
    endloop
  endfacet
  facet normal 0.0695736 -0.706043 0.704743
    outer loop
      vertex 39.8223 -38.3093 1.40824
      vertex 39.6683 -38.3327 1.4
      vertex 39.7505 -38.3246 1.4
    endloop
  endfacet
  facet normal 0.0697276 -0.707565 0.703199
    outer loop
      vertex 39.9054 -38.3093 1.4
      vertex 39.3602 -36.7729 3
      vertex 39.8223 -38.3093 1.40824
    endloop
  endfacet
  facet normal 0.0695634 -0.707602 0.703179
    outer loop
      vertex 39.3602 -36.7729 3
      vertex 39.9054 -38.3093 1.4
      vertex 40 -38.3 1.4
    endloop
  endfacet
  facet normal 0.702697 -0.100385 0.704372
    outer loop
      vertex 36.7729 -39.3602 3
      vertex 38.3327 -39.6683 1.4
      vertex 36.7732 -39.3581 3
    endloop
  endfacet
  facet normal 0.707554 -0.0697528 0.703208
    outer loop
      vertex 38.3327 -39.6683 1.4
      vertex 36.7729 -39.3602 3
      vertex 38.3 -40 1.4
    endloop
  endfacet
  facet normal 0.680412 -0.206346 0.703179
    outer loop
      vertex 38.4294 -39.3494 1.4
      vertex 36.9604 -38.7409 3
      vertex 36.7738 -39.3562 3
    endloop
  endfacet
  facet normal -0.451127 0.549559 0.703186
    outer loop
      vertex 41.8279 -42.7356 3
      vertex 42.3248 -42.3277 3
      vertex 40.9445 -41.4135 1.4
    endloop
  endfacet
  facet normal -0.335107 0.627082 0.703187
    outer loop
      vertex 41.2609 -43.0386 3
      vertex 41.8279 -42.7356 3
      vertex 40.9445 -41.4135 1.4
    endloop
  endfacet
  facet normal 0.451272 0.549409 0.70321
    outer loop
      vertex 37.6752 -42.3277 3
      vertex 38.9505 -41.3273 1.4
      vertex 38.8625 -41.2633 1.40647
    endloop
  endfacet
  facet normal 0.450892 0.550241 0.702802
    outer loop
      vertex 38.7979 -41.2021 1.4
      vertex 38.8625 -41.2633 1.40647
      vertex 38.8339 -41.2316 1.4
    endloop
  endfacet
  facet normal 0.451145 0.549538 0.70319
    outer loop
      vertex 38.9505 -41.3273 1.4
      vertex 37.6752 -42.3277 3
      vertex 39.0555 -41.4135 1.4
    endloop
  endfacet
  facet normal 0.450641 0.550012 0.703143
    outer loop
      vertex 38.7979 -41.2021 1.4
      vertex 37.6752 -42.3277 3
      vertex 38.8625 -41.2633 1.40647
    endloop
  endfacet
  facet normal 0.448473 0.551967 0.702997
    outer loop
      vertex 37.6752 -42.3277 3
      vertex 38.7979 -41.2021 1.4
      vertex 37.6736 -42.3264 3
    endloop
  endfacet
  facet normal 0.549749 0.45093 0.703163
    outer loop
      vertex 37.6723 -42.3248 3
      vertex 38.7012 -41.0842 1.4
      vertex 38.6247 -40.9992 1.4053
    endloop
  endfacet
  facet normal 0.551159 0.452811 0.700846
    outer loop
      vertex 38.5865 -40.9445 1.4
      vertex 38.6247 -40.9992 1.4053
      vertex 38.6086 -40.9714 1.4
    endloop
  endfacet
  facet normal 0.549767 0.450912 0.70316
    outer loop
      vertex 38.7012 -41.0842 1.4
      vertex 37.6723 -42.3248 3
      vertex 38.7979 -41.2021 1.4
    endloop
  endfacet
  facet normal 0.549056 0.451579 0.703288
    outer loop
      vertex 37.6723 -42.3248 3
      vertex 38.6247 -40.9992 1.4053
      vertex 38.5865 -40.9445 1.4
    endloop
  endfacet
  facet normal 0.551967 0.448473 0.702997
    outer loop
      vertex 38.7979 -41.2021 1.4
      vertex 37.6723 -42.3248 3
      vertex 37.6736 -42.3264 3
    endloop
  endfacet
  facet normal -0.627082 -0.335107 0.703187
    outer loop
      vertex 43.0386 -38.7391 3
      vertex 42.7356 -38.1721 3
      vertex 41.4135 -39.0555 1.4
    endloop
  endfacet
  facet normal -0.680412 -0.206346 0.703179
    outer loop
      vertex 43.2262 -39.3562 3
      vertex 43.0396 -38.7409 3
      vertex 41.5706 -39.3494 1.4
    endloop
  endfacet
  facet normal -0.206346 -0.680412 0.703179
    outer loop
      vertex 40.6506 -38.4294 1.4
      vertex 41.2591 -36.9604 3
      vertex 40.6438 -36.7738 3
    endloop
  endfacet
  facet normal -0.345592 -0.622066 0.702567
    outer loop
      vertex 40.6506 -38.4294 1.4
      vertex 41.2609 -36.9614 3
      vertex 41.2591 -36.9604 3
    endloop
  endfacet
  facet normal -0.334815 -0.627185 0.703234
    outer loop
      vertex 41.2609 -36.9614 3
      vertex 40.85 -38.5278 1.40736
      vertex 40.9445 -38.5865 1.4
    endloop
  endfacet
  facet normal -0.335168 -0.627677 0.702626
    outer loop
      vertex 40.9445 -38.5865 1.4
      vertex 40.85 -38.5278 1.40736
      vertex 40.893 -38.559 1.4
    endloop
  endfacet
  facet normal -0.335536 -0.626903 0.703142
    outer loop
      vertex 41.2609 -36.9614 3
      vertex 40.7576 -38.4866 1.4
      vertex 40.85 -38.5278 1.40736
    endloop
  endfacet
  facet normal -0.335205 -0.627045 0.703173
    outer loop
      vertex 41.2609 -36.9614 3
      vertex 40.6506 -38.4294 1.4
      vertex 40.7576 -38.4866 1.4
    endloop
  endfacet
  facet normal 0.627092 -0.335078 0.703191
    outer loop
      vertex 36.9614 -38.7391 3
      vertex 38.5048 -39.2084 1.4
      vertex 38.5865 -39.0555 1.4
    endloop
  endfacet
  facet normal 0.62928 -0.336233 0.700681
    outer loop
      vertex 38.447 -39.3085 1.40382
      vertex 38.4294 -39.3494 1.4
      vertex 38.4403 -39.329 1.4
    endloop
  endfacet
  facet normal 0.62703 -0.335227 0.703175
    outer loop
      vertex 38.5048 -39.2084 1.4
      vertex 36.9614 -38.7391 3
      vertex 38.447 -39.3085 1.40382
    endloop
  endfacet
  facet normal 0.626927 -0.335452 0.70316
    outer loop
      vertex 36.9614 -38.7391 3
      vertex 38.4294 -39.3494 1.4
      vertex 38.447 -39.3085 1.40382
    endloop
  endfacet
  facet normal 0.622066 -0.345592 0.702567
    outer loop
      vertex 38.4294 -39.3494 1.4
      vertex 36.9614 -38.7391 3
      vertex 36.9604 -38.7409 3
    endloop
  endfacet
  facet normal 0.627082 -0.335107 0.703187
    outer loop
      vertex 38.5865 -39.0555 1.4
      vertex 37.2644 -38.1721 3
      vertex 36.9614 -38.7391 3
    endloop
  endfacet
  facet normal -0.622066 -0.345592 0.702567
    outer loop
      vertex 43.0386 -38.7391 3
      vertex 41.5706 -39.3494 1.4
      vertex 43.0396 -38.7409 3
    endloop
  endfacet
  facet normal -0.626927 -0.335452 0.70316
    outer loop
      vertex 41.553 -39.3085 1.40382
      vertex 41.5706 -39.3494 1.4
      vertex 43.0386 -38.7391 3
    endloop
  endfacet
  facet normal -0.62928 -0.336233 0.700681
    outer loop
      vertex 41.5706 -39.3494 1.4
      vertex 41.553 -39.3085 1.40382
      vertex 41.5597 -39.329 1.4
    endloop
  endfacet
  facet normal -0.62703 -0.335227 0.703175
    outer loop
      vertex 43.0386 -38.7391 3
      vertex 41.4952 -39.2084 1.4
      vertex 41.553 -39.3085 1.40382
    endloop
  endfacet
  facet normal -0.627092 -0.335078 0.703191
    outer loop
      vertex 41.4952 -39.2084 1.4
      vertex 43.0386 -38.7391 3
      vertex 41.4135 -39.0555 1.4
    endloop
  endfacet
  facet normal -0.448473 -0.551967 0.702997
    outer loop
      vertex 42.3248 -37.6723 3
      vertex 41.2021 -38.7979 1.4
      vertex 42.3264 -37.6736 3
    endloop
  endfacet
  facet normal -0.450641 -0.550012 0.703143
    outer loop
      vertex 41.1375 -38.7367 1.40647
      vertex 41.2021 -38.7979 1.4
      vertex 42.3248 -37.6723 3
    endloop
  endfacet
  facet normal -0.450892 -0.550241 0.702802
    outer loop
      vertex 41.2021 -38.7979 1.4
      vertex 41.1375 -38.7367 1.40647
      vertex 41.1661 -38.7684 1.4
    endloop
  endfacet
  facet normal -0.451272 -0.549409 0.70321
    outer loop
      vertex 42.3248 -37.6723 3
      vertex 41.0495 -38.6727 1.4
      vertex 41.1375 -38.7367 1.40647
    endloop
  endfacet
  facet normal -0.451145 -0.549538 0.70319
    outer loop
      vertex 41.0495 -38.6727 1.4
      vertex 42.3248 -37.6723 3
      vertex 40.9445 -38.5865 1.4
    endloop
  endfacet
  facet normal -0.451127 -0.549559 0.703186
    outer loop
      vertex 42.3248 -37.6723 3
      vertex 41.8279 -37.2644 3
      vertex 40.9445 -38.5865 1.4
    endloop
  endfacet
  facet normal -0.069882 -0.707535 0.703215
    outer loop
      vertex 40.3317 -38.3327 1.4
      vertex 40.6398 -36.7729 3
      vertex 40.1777 -38.3093 1.40824
    endloop
  endfacet
  facet normal -0.0696388 -0.707583 0.70319
    outer loop
      vertex 40 -38.3 1.4
      vertex 40.1777 -38.3093 1.40824
      vertex 40.6398 -36.7729 3
    endloop
  endfacet
  facet normal -0.0696434 -0.708416 0.702351
    outer loop
      vertex 40.1777 -38.3093 1.40824
      vertex 40 -38.3 1.4
      vertex 40.0946 -38.3093 1.4
    endloop
  endfacet
  facet normal -0.0695736 -0.706043 0.704743
    outer loop
      vertex 40.3317 -38.3327 1.4
      vertex 40.1777 -38.3093 1.40824
      vertex 40.2495 -38.3246 1.4
    endloop
  endfacet
  facet normal -0.100385 -0.702697 0.704372
    outer loop
      vertex 40.6398 -36.7729 3
      vertex 40.3317 -38.3327 1.4
      vertex 40.6419 -36.7732 3
    endloop
  endfacet
  facet normal 0.549767 -0.450912 0.70316
    outer loop
      vertex 37.6723 -37.6752 3
      vertex 38.7012 -38.9158 1.4
      vertex 38.7979 -38.7979 1.4
    endloop
  endfacet
  facet normal 0.551159 -0.452811 0.700846
    outer loop
      vertex 38.6247 -39.0008 1.4053
      vertex 38.5865 -39.0555 1.4
      vertex 38.6086 -39.0286 1.4
    endloop
  endfacet
  facet normal 0.551967 -0.448473 0.702997
    outer loop
      vertex 37.6723 -37.6752 3
      vertex 38.7979 -38.7979 1.4
      vertex 37.6736 -37.6736 3
    endloop
  endfacet
  facet normal 0.549749 -0.45093 0.703163
    outer loop
      vertex 38.7012 -38.9158 1.4
      vertex 37.6723 -37.6752 3
      vertex 38.6247 -39.0008 1.4053
    endloop
  endfacet
  facet normal 0.549056 -0.451579 0.703288
    outer loop
      vertex 38.6247 -39.0008 1.4053
      vertex 37.6723 -37.6752 3
      vertex 38.5865 -39.0555 1.4
    endloop
  endfacet
  facet normal 0.451145 -0.549538 0.70319
    outer loop
      vertex 37.6752 -37.6723 3
      vertex 38.9505 -38.6727 1.4
      vertex 39.0555 -38.5865 1.4
    endloop
  endfacet
  facet normal 0.450892 -0.550241 0.702802
    outer loop
      vertex 38.8625 -38.7367 1.40647
      vertex 38.7979 -38.7979 1.4
      vertex 38.8339 -38.7684 1.4
    endloop
  endfacet
  facet normal 0.451272 -0.549409 0.70321
    outer loop
      vertex 38.9505 -38.6727 1.4
      vertex 37.6752 -37.6723 3
      vertex 38.8625 -38.7367 1.40647
    endloop
  endfacet
  facet normal 0.450641 -0.550012 0.703143
    outer loop
      vertex 37.6752 -37.6723 3
      vertex 38.7979 -38.7979 1.4
      vertex 38.8625 -38.7367 1.40647
    endloop
  endfacet
  facet normal 0.448473 -0.551967 0.702997
    outer loop
      vertex 38.7979 -38.7979 1.4
      vertex 37.6752 -37.6723 3
      vertex 37.6736 -37.6736 3
    endloop
  endfacet
  facet normal -0.551967 -0.448473 0.702997
    outer loop
      vertex 41.2021 -38.7979 1.4
      vertex 42.3277 -37.6752 3
      vertex 42.3264 -37.6736 3
    endloop
  endfacet
  facet normal -0.549056 -0.451579 0.703288
    outer loop
      vertex 42.3277 -37.6752 3
      vertex 41.3753 -39.0008 1.4053
      vertex 41.4135 -39.0555 1.4
    endloop
  endfacet
  facet normal -0.551159 -0.452811 0.700846
    outer loop
      vertex 41.4135 -39.0555 1.4
      vertex 41.3753 -39.0008 1.4053
      vertex 41.3914 -39.0286 1.4
    endloop
  endfacet
  facet normal -0.549749 -0.45093 0.703163
    outer loop
      vertex 42.3277 -37.6752 3
      vertex 41.2988 -38.9158 1.4
      vertex 41.3753 -39.0008 1.4053
    endloop
  endfacet
  facet normal -0.549767 -0.450912 0.70316
    outer loop
      vertex 42.3277 -37.6752 3
      vertex 41.2021 -38.7979 1.4
      vertex 41.2988 -38.9158 1.4
    endloop
  endfacet
  facet normal -0.549559 -0.451127 0.703186
    outer loop
      vertex 42.7356 -38.1721 3
      vertex 42.3277 -37.6752 3
      vertex 41.4135 -39.0555 1.4
    endloop
  endfacet
  facet normal -0.993884 -0.110432 0
    outer loop
      vertex 41.6628 40.3535 0
      vertex 41.664 40.3427 1.4
      vertex 41.6628 40.3535 1.40206
    endloop
  endfacet
  facet normal -0.994509 -0.104655 4.50935e-05
    outer loop
      vertex 41.7 40 0
      vertex 41.664 40.3427 1.4
      vertex 41.6628 40.3535 0
    endloop
  endfacet
  facet normal -0.994528 -0.104473 0
    outer loop
      vertex 41.664 40.3427 1.4
      vertex 41.7 40 0
      vertex 41.7 40 1.4
    endloop
  endfacet
  facet normal 0.994528 0.104473 0
    outer loop
      vertex 38.336 39.6573 1.4
      vertex 38.3 40 0
      vertex 38.3 40 1.4
    endloop
  endfacet
  facet normal 0.993884 0.110432 -0
    outer loop
      vertex 38.3372 39.6465 0
      vertex 38.336 39.6573 1.4
      vertex 38.3372 39.6465 1.40206
    endloop
  endfacet
  facet normal 0.994509 0.104655 4.50935e-05
    outer loop
      vertex 38.336 39.6573 1.4
      vertex 38.3372 39.6465 0
      vertex 38.3 40 0
    endloop
  endfacet
  facet normal 0 -1 -0
    outer loop
      vertex 39.9054 41.6907 1.4
      vertex 39.8223 41.6907 0
      vertex 40.0946 41.6907 1.4
    endloop
  endfacet
  facet normal 0 -1 0
    outer loop
      vertex 39.8223 41.6907 0
      vertex 39.9054 41.6907 1.4
      vertex 39.8223 41.6907 1.40824
    endloop
  endfacet
  facet normal 0 -1 0
    outer loop
      vertex 40.1777 41.6907 0
      vertex 40.0946 41.6907 1.4
      vertex 39.8223 41.6907 0
    endloop
  endfacet
  facet normal 0 -1 0
    outer loop
      vertex 40.0946 41.6907 1.4
      vertex 40.1777 41.6907 0
      vertex 40.1777 41.6907 1.40824
    endloop
  endfacet
  facet normal -0.742478 -0.66987 0
    outer loop
      vertex 41.1375 41.2633 0
      vertex 41.1661 41.2316 1.4
      vertex 41.1375 41.2633 1.40647
    endloop
  endfacet
  facet normal -0.743194 -0.669076 3.25931e-05
    outer loop
      vertex 41.1375 41.2633 0
      vertex 41.2988 41.0842 1.4
      vertex 41.1661 41.2316 1.4
    endloop
  endfacet
  facet normal -0.74314 -0.669136 1.87926e-05
    outer loop
      vertex 41.3753 40.9992 0
      vertex 41.2988 41.0842 1.4
      vertex 41.1375 41.2633 0
    endloop
  endfacet
  facet normal -0.743294 -0.668965 0
    outer loop
      vertex 41.2988 41.0842 1.4
      vertex 41.3753 40.9992 0
      vertex 41.3753 40.9992 1.4053
    endloop
  endfacet
  facet normal -0.950522 -0.310658 0
    outer loop
      vertex 41.553 40.6915 0
      vertex 41.5597 40.671 1.4
      vertex 41.553 40.6915 1.40382
    endloop
  endfacet
  facet normal -0.951088 -0.308919 2.81795e-05
    outer loop
      vertex 41.553 40.6915 0
      vertex 41.6308 40.4521 1.4
      vertex 41.5597 40.671 1.4
    endloop
  endfacet
  facet normal -0.951075 -0.308959 2.06616e-05
    outer loop
      vertex 41.6628 40.3535 0
      vertex 41.6308 40.4521 1.4
      vertex 41.553 40.6915 0
    endloop
  endfacet
  facet normal -0.951162 -0.308693 0
    outer loop
      vertex 41.6308 40.4521 1.4
      vertex 41.6628 40.3535 0
      vertex 41.6628 40.3535 1.40206
    endloop
  endfacet
  facet normal 0.742478 -0.66987 0
    outer loop
      vertex 38.8339 41.2316 1.4
      vertex 38.8625 41.2633 0
      vertex 38.8625 41.2633 1.40647
    endloop
  endfacet
  facet normal 0.743194 -0.669076 3.25931e-05
    outer loop
      vertex 38.7012 41.0842 1.4
      vertex 38.8625 41.2633 0
      vertex 38.8339 41.2316 1.4
    endloop
  endfacet
  facet normal 0.743294 -0.668965 0
    outer loop
      vertex 38.6247 40.9992 0
      vertex 38.7012 41.0842 1.4
      vertex 38.6247 40.9992 1.4053
    endloop
  endfacet
  facet normal 0.74314 -0.669136 1.87926e-05
    outer loop
      vertex 38.7012 41.0842 1.4
      vertex 38.6247 40.9992 0
      vertex 38.8625 41.2633 0
    endloop
  endfacet
  facet normal 0.406817 -0.91351 3.33588e-05
    outer loop
      vertex 39.4747 41.6168 0
      vertex 39.2424 41.5134 1.4
      vertex 39.15 41.4722 0
    endloop
  endfacet
  facet normal 0.407239 -0.913322 0
    outer loop
      vertex 39.15 41.4722 0
      vertex 39.2424 41.5134 1.4
      vertex 39.15 41.4722 1.40736
    endloop
  endfacet
  facet normal 0.406527 -0.913639 -2.42479e-05
    outer loop
      vertex 39.2424 41.5134 1.4
      vertex 39.4747 41.6168 0
      vertex 39.4168 41.591 1.4
    endloop
  endfacet
  facet normal 0.407017 -0.913421 0
    outer loop
      vertex 39.4168 41.591 1.4
      vertex 39.4747 41.6168 0
      vertex 39.4747 41.6168 1.40795
    endloop
  endfacet
  facet normal -0.865998 0.500047 0
    outer loop
      vertex 41.553 39.3085 0
      vertex 41.4952 39.2084 1.4
      vertex 41.553 39.3085 1.40382
    endloop
  endfacet
  facet normal -0.865965 0.500104 5.44771e-06
    outer loop
      vertex 41.3753 39.0008 0
      vertex 41.4952 39.2084 1.4
      vertex 41.553 39.3085 0
    endloop
  endfacet
  facet normal -0.866041 0.499973 3.14461e-05
    outer loop
      vertex 41.4952 39.2084 1.4
      vertex 41.3753 39.0008 0
      vertex 41.3914 39.0286 1.4
    endloop
  endfacet
  facet normal -0.865355 0.501159 0
    outer loop
      vertex 41.3914 39.0286 1.4
      vertex 41.3753 39.0008 0
      vertex 41.3753 39.0008 1.4053
    endloop
  endfacet
  facet normal 0.951162 0.308693 0
    outer loop
      vertex 38.3692 39.5479 1.4
      vertex 38.3372 39.6465 0
      vertex 38.3372 39.6465 1.40206
    endloop
  endfacet
  facet normal 0.951088 0.308919 2.81795e-05
    outer loop
      vertex 38.447 39.3085 0
      vertex 38.3692 39.5479 1.4
      vertex 38.4403 39.329 1.4
    endloop
  endfacet
  facet normal 0.950522 0.310658 -0
    outer loop
      vertex 38.447 39.3085 0
      vertex 38.4403 39.329 1.4
      vertex 38.447 39.3085 1.40382
    endloop
  endfacet
  facet normal 0.951075 0.308959 2.06616e-05
    outer loop
      vertex 38.3692 39.5479 1.4
      vertex 38.447 39.3085 0
      vertex 38.3372 39.6465 0
    endloop
  endfacet
  facet normal -0.865355 -0.501159 0
    outer loop
      vertex 41.3753 40.9992 0
      vertex 41.3914 40.9714 1.4
      vertex 41.3753 40.9992 1.4053
    endloop
  endfacet
  facet normal -0.866041 -0.499973 3.14461e-05
    outer loop
      vertex 41.3753 40.9992 0
      vertex 41.4952 40.7916 1.4
      vertex 41.3914 40.9714 1.4
    endloop
  endfacet
  facet normal -0.865965 -0.500104 5.44771e-06
    outer loop
      vertex 41.553 40.6915 0
      vertex 41.4952 40.7916 1.4
      vertex 41.3753 40.9992 0
    endloop
  endfacet
  facet normal -0.865998 -0.500047 0
    outer loop
      vertex 41.4952 40.7916 1.4
      vertex 41.553 40.6915 0
      vertex 41.553 40.6915 1.40382
    endloop
  endfacet
  facet normal -0.406527 -0.913639 -2.42479e-05
    outer loop
      vertex 40.5832 41.591 1.4
      vertex 40.5253 41.6168 0
      vertex 40.7576 41.5134 1.4
    endloop
  endfacet
  facet normal -0.407017 -0.913421 0
    outer loop
      vertex 40.5253 41.6168 0
      vertex 40.5832 41.591 1.4
      vertex 40.5253 41.6168 1.40795
    endloop
  endfacet
  facet normal -0.406817 -0.91351 3.33588e-05
    outer loop
      vertex 40.85 41.4722 0
      vertex 40.7576 41.5134 1.4
      vertex 40.5253 41.6168 0
    endloop
  endfacet
  facet normal -0.407239 -0.913322 0
    outer loop
      vertex 40.7576 41.5134 1.4
      vertex 40.85 41.4722 0
      vertex 40.85 41.4722 1.40736
    endloop
  endfacet
  facet normal -0.207871 -0.978156 -2.90176e-05
    outer loop
      vertex 40.2495 41.6754 1.4
      vertex 40.1777 41.6907 0
      vertex 40.4349 41.636 1.4
    endloop
  endfacet
  facet normal -0.208413 -0.978041 0
    outer loop
      vertex 40.1777 41.6907 0
      vertex 40.2495 41.6754 1.4
      vertex 40.1777 41.6907 1.40824
    endloop
  endfacet
  facet normal -0.207953 -0.978139 -1.33463e-05
    outer loop
      vertex 40.5253 41.6168 0
      vertex 40.4349 41.636 1.4
      vertex 40.1777 41.6907 0
    endloop
  endfacet
  facet normal -0.207755 -0.978181 0
    outer loop
      vertex 40.4349 41.636 1.4
      vertex 40.5253 41.6168 0
      vertex 40.5253 41.6168 1.40795
    endloop
  endfacet
  facet normal -0.587772 -0.809027 2.32627e-05
    outer loop
      vertex 40.893 41.441 1.4
      vertex 40.85 41.4722 0
      vertex 41.0495 41.3273 1.4
    endloop
  endfacet
  facet normal -0.587276 -0.809387 0
    outer loop
      vertex 40.85 41.4722 0
      vertex 40.893 41.441 1.4
      vertex 40.85 41.4722 1.40736
    endloop
  endfacet
  facet normal -0.58782 -0.808992 3.37666e-05
    outer loop
      vertex 41.1375 41.2633 0
      vertex 41.0495 41.3273 1.4
      vertex 40.85 41.4722 0
    endloop
  endfacet
  facet normal -0.588172 -0.808736 0
    outer loop
      vertex 41.0495 41.3273 1.4
      vertex 41.1375 41.2633 0
      vertex 41.1375 41.2633 1.40647
    endloop
  endfacet
  facet normal 0.950522 -0.310658 0
    outer loop
      vertex 38.4403 40.671 1.4
      vertex 38.447 40.6915 0
      vertex 38.447 40.6915 1.40382
    endloop
  endfacet
  facet normal 0.951088 -0.308919 2.81795e-05
    outer loop
      vertex 38.3692 40.4521 1.4
      vertex 38.447 40.6915 0
      vertex 38.4403 40.671 1.4
    endloop
  endfacet
  facet normal 0.951162 -0.308693 0
    outer loop
      vertex 38.3372 40.3535 0
      vertex 38.3692 40.4521 1.4
      vertex 38.3372 40.3535 1.40206
    endloop
  endfacet
  facet normal 0.951075 -0.308959 2.06616e-05
    outer loop
      vertex 38.3692 40.4521 1.4
      vertex 38.3372 40.3535 0
      vertex 38.447 40.6915 0
    endloop
  endfacet
  facet normal 0.865355 -0.501159 0
    outer loop
      vertex 38.6086 40.9714 1.4
      vertex 38.6247 40.9992 0
      vertex 38.6247 40.9992 1.4053
    endloop
  endfacet
  facet normal 0.866041 -0.499973 3.14461e-05
    outer loop
      vertex 38.5048 40.7916 1.4
      vertex 38.6247 40.9992 0
      vertex 38.6086 40.9714 1.4
    endloop
  endfacet
  facet normal 0.865998 -0.500047 0
    outer loop
      vertex 38.447 40.6915 0
      vertex 38.5048 40.7916 1.4
      vertex 38.447 40.6915 1.40382
    endloop
  endfacet
  facet normal 0.865965 -0.500104 5.44771e-06
    outer loop
      vertex 38.5048 40.7916 1.4
      vertex 38.447 40.6915 0
      vertex 38.6247 40.9992 0
    endloop
  endfacet
  facet normal 0.993884 -0.110432 0
    outer loop
      vertex 38.336 40.3427 1.4
      vertex 38.3372 40.3535 0
      vertex 38.3372 40.3535 1.40206
    endloop
  endfacet
  facet normal 0.994528 -0.104473 4.65155e-05
    outer loop
      vertex 38.3 40 1.4
      vertex 38.3372 40.3535 0
      vertex 38.336 40.3427 1.4
    endloop
  endfacet
  facet normal 0.994509 -0.104655 0
    outer loop
      vertex 38.3372 40.3535 0
      vertex 38.3 40 1.4
      vertex 38.3 40 0
    endloop
  endfacet
  facet normal 0.58782 -0.808992 3.37666e-05
    outer loop
      vertex 39.15 41.4722 0
      vertex 38.9505 41.3273 1.4
      vertex 38.8625 41.2633 0
    endloop
  endfacet
  facet normal 0.588172 -0.808736 0
    outer loop
      vertex 38.8625 41.2633 0
      vertex 38.9505 41.3273 1.4
      vertex 38.8625 41.2633 1.40647
    endloop
  endfacet
  facet normal 0.587772 -0.809027 2.32627e-05
    outer loop
      vertex 38.9505 41.3273 1.4
      vertex 39.15 41.4722 0
      vertex 39.107 41.441 1.4
    endloop
  endfacet
  facet normal 0.587276 -0.809387 0
    outer loop
      vertex 39.107 41.441 1.4
      vertex 39.15 41.4722 0
      vertex 39.15 41.4722 1.40736
    endloop
  endfacet
  facet normal 0.207953 -0.978139 -1.33463e-05
    outer loop
      vertex 39.8223 41.6907 0
      vertex 39.5651 41.636 1.4
      vertex 39.4747 41.6168 0
    endloop
  endfacet
  facet normal 0.207755 -0.978181 0
    outer loop
      vertex 39.4747 41.6168 0
      vertex 39.5651 41.636 1.4
      vertex 39.4747 41.6168 1.40795
    endloop
  endfacet
  facet normal 0.207871 -0.978156 -2.90176e-05
    outer loop
      vertex 39.5651 41.636 1.4
      vertex 39.8223 41.6907 0
      vertex 39.7505 41.6754 1.4
    endloop
  endfacet
  facet normal 0.208413 -0.978041 0
    outer loop
      vertex 39.7505 41.6754 1.4
      vertex 39.8223 41.6907 0
      vertex 39.8223 41.6907 1.40824
    endloop
  endfacet
  facet normal -0.994528 0.104473 0
    outer loop
      vertex 41.7 40 0
      vertex 41.664 39.6573 1.4
      vertex 41.7 40 1.4
    endloop
  endfacet
  facet normal -0.994509 0.104655 4.50935e-05
    outer loop
      vertex 41.6628 39.6465 0
      vertex 41.664 39.6573 1.4
      vertex 41.7 40 0
    endloop
  endfacet
  facet normal -0.993884 0.110432 0
    outer loop
      vertex 41.664 39.6573 1.4
      vertex 41.6628 39.6465 0
      vertex 41.6628 39.6465 1.40206
    endloop
  endfacet
  facet normal -0.207953 0.978139 -1.33463e-05
    outer loop
      vertex 40.1777 38.3093 0
      vertex 40.4349 38.364 1.4
      vertex 40.5253 38.3832 0
    endloop
  endfacet
  facet normal -0.207755 0.978181 0
    outer loop
      vertex 40.5253 38.3832 0
      vertex 40.4349 38.364 1.4
      vertex 40.5253 38.3832 1.40795
    endloop
  endfacet
  facet normal -0.207871 0.978156 -2.90176e-05
    outer loop
      vertex 40.4349 38.364 1.4
      vertex 40.1777 38.3093 0
      vertex 40.2495 38.3246 1.4
    endloop
  endfacet
  facet normal -0.208413 0.978041 0
    outer loop
      vertex 40.2495 38.3246 1.4
      vertex 40.1777 38.3093 0
      vertex 40.1777 38.3093 1.40824
    endloop
  endfacet
  facet normal -0.58782 0.808992 3.37666e-05
    outer loop
      vertex 40.85 38.5278 0
      vertex 41.0495 38.6727 1.4
      vertex 41.1375 38.7367 0
    endloop
  endfacet
  facet normal -0.588172 0.808736 0
    outer loop
      vertex 41.1375 38.7367 0
      vertex 41.0495 38.6727 1.4
      vertex 41.1375 38.7367 1.40647
    endloop
  endfacet
  facet normal -0.587772 0.809027 2.32627e-05
    outer loop
      vertex 41.0495 38.6727 1.4
      vertex 40.85 38.5278 0
      vertex 40.893 38.559 1.4
    endloop
  endfacet
  facet normal -0.587276 0.809387 0
    outer loop
      vertex 40.893 38.559 1.4
      vertex 40.85 38.5278 0
      vertex 40.85 38.5278 1.40736
    endloop
  endfacet
  facet normal 0.587772 0.809027 2.32627e-05
    outer loop
      vertex 39.107 38.559 1.4
      vertex 39.15 38.5278 0
      vertex 38.9505 38.6727 1.4
    endloop
  endfacet
  facet normal 0.587276 0.809387 -0
    outer loop
      vertex 39.15 38.5278 0
      vertex 39.107 38.559 1.4
      vertex 39.15 38.5278 1.40736
    endloop
  endfacet
  facet normal 0.58782 0.808992 3.37666e-05
    outer loop
      vertex 38.8625 38.7367 0
      vertex 38.9505 38.6727 1.4
      vertex 39.15 38.5278 0
    endloop
  endfacet
  facet normal 0.588172 0.808736 0
    outer loop
      vertex 38.9505 38.6727 1.4
      vertex 38.8625 38.7367 0
      vertex 38.8625 38.7367 1.40647
    endloop
  endfacet
  facet normal 0.207871 0.978156 -2.90176e-05
    outer loop
      vertex 39.7505 38.3246 1.4
      vertex 39.8223 38.3093 0
      vertex 39.5651 38.364 1.4
    endloop
  endfacet
  facet normal 0.208413 0.978041 -0
    outer loop
      vertex 39.8223 38.3093 0
      vertex 39.7505 38.3246 1.4
      vertex 39.8223 38.3093 1.40824
    endloop
  endfacet
  facet normal 0.207953 0.978139 -1.33463e-05
    outer loop
      vertex 39.4747 38.3832 0
      vertex 39.5651 38.364 1.4
      vertex 39.8223 38.3093 0
    endloop
  endfacet
  facet normal 0.207755 0.978181 0
    outer loop
      vertex 39.5651 38.364 1.4
      vertex 39.4747 38.3832 0
      vertex 39.4747 38.3832 1.40795
    endloop
  endfacet
  facet normal 0.865998 0.500047 0
    outer loop
      vertex 38.5048 39.2084 1.4
      vertex 38.447 39.3085 0
      vertex 38.447 39.3085 1.40382
    endloop
  endfacet
  facet normal 0.866041 0.499973 3.14461e-05
    outer loop
      vertex 38.6247 39.0008 0
      vertex 38.5048 39.2084 1.4
      vertex 38.6086 39.0286 1.4
    endloop
  endfacet
  facet normal 0.865355 0.501159 -0
    outer loop
      vertex 38.6247 39.0008 0
      vertex 38.6086 39.0286 1.4
      vertex 38.6247 39.0008 1.4053
    endloop
  endfacet
  facet normal 0.865965 0.500104 5.44771e-06
    outer loop
      vertex 38.5048 39.2084 1.4
      vertex 38.6247 39.0008 0
      vertex 38.447 39.3085 0
    endloop
  endfacet
  facet normal -0.406817 0.91351 3.33588e-05
    outer loop
      vertex 40.5253 38.3832 0
      vertex 40.7576 38.4866 1.4
      vertex 40.85 38.5278 0
    endloop
  endfacet
  facet normal -0.407239 0.913322 0
    outer loop
      vertex 40.85 38.5278 0
      vertex 40.7576 38.4866 1.4
      vertex 40.85 38.5278 1.40736
    endloop
  endfacet
  facet normal -0.406527 0.913639 -2.42479e-05
    outer loop
      vertex 40.7576 38.4866 1.4
      vertex 40.5253 38.3832 0
      vertex 40.5832 38.409 1.4
    endloop
  endfacet
  facet normal -0.407017 0.913421 0
    outer loop
      vertex 40.5832 38.409 1.4
      vertex 40.5253 38.3832 0
      vertex 40.5253 38.3832 1.40795
    endloop
  endfacet
  facet normal -0.743294 0.668965 0
    outer loop
      vertex 41.3753 39.0008 0
      vertex 41.2988 38.9158 1.4
      vertex 41.3753 39.0008 1.4053
    endloop
  endfacet
  facet normal -0.74314 0.669136 1.87926e-05
    outer loop
      vertex 41.1375 38.7367 0
      vertex 41.2988 38.9158 1.4
      vertex 41.3753 39.0008 0
    endloop
  endfacet
  facet normal -0.743194 0.669076 3.25931e-05
    outer loop
      vertex 41.2988 38.9158 1.4
      vertex 41.1375 38.7367 0
      vertex 41.1661 38.7684 1.4
    endloop
  endfacet
  facet normal -0.742478 0.66987 0
    outer loop
      vertex 41.1661 38.7684 1.4
      vertex 41.1375 38.7367 0
      vertex 41.1375 38.7367 1.40647
    endloop
  endfacet
  facet normal -0.951162 0.308693 0
    outer loop
      vertex 41.6628 39.6465 0
      vertex 41.6308 39.5479 1.4
      vertex 41.6628 39.6465 1.40206
    endloop
  endfacet
  facet normal -0.951075 0.308959 2.06616e-05
    outer loop
      vertex 41.553 39.3085 0
      vertex 41.6308 39.5479 1.4
      vertex 41.6628 39.6465 0
    endloop
  endfacet
  facet normal -0.951088 0.308919 2.81795e-05
    outer loop
      vertex 41.6308 39.5479 1.4
      vertex 41.553 39.3085 0
      vertex 41.5597 39.329 1.4
    endloop
  endfacet
  facet normal -0.950522 0.310658 0
    outer loop
      vertex 41.5597 39.329 1.4
      vertex 41.553 39.3085 0
      vertex 41.553 39.3085 1.40382
    endloop
  endfacet
  facet normal 0.406527 0.913639 -2.42479e-05
    outer loop
      vertex 39.4168 38.409 1.4
      vertex 39.4747 38.3832 0
      vertex 39.2424 38.4866 1.4
    endloop
  endfacet
  facet normal 0.407017 0.913421 -0
    outer loop
      vertex 39.4747 38.3832 0
      vertex 39.4168 38.409 1.4
      vertex 39.4747 38.3832 1.40795
    endloop
  endfacet
  facet normal 0.406817 0.91351 3.33588e-05
    outer loop
      vertex 39.15 38.5278 0
      vertex 39.2424 38.4866 1.4
      vertex 39.4747 38.3832 0
    endloop
  endfacet
  facet normal 0.407239 0.913322 0
    outer loop
      vertex 39.2424 38.4866 1.4
      vertex 39.15 38.5278 0
      vertex 39.15 38.5278 1.40736
    endloop
  endfacet
  facet normal 0 1 0
    outer loop
      vertex 40.0946 38.3093 1.4
      vertex 40.1777 38.3093 0
      vertex 39.9054 38.3093 1.4
    endloop
  endfacet
  facet normal 0 1 -0
    outer loop
      vertex 40.1777 38.3093 0
      vertex 40.0946 38.3093 1.4
      vertex 40.1777 38.3093 1.40824
    endloop
  endfacet
  facet normal 0 1 0
    outer loop
      vertex 39.8223 38.3093 0
      vertex 39.9054 38.3093 1.4
      vertex 40.1777 38.3093 0
    endloop
  endfacet
  facet normal 0 1 0
    outer loop
      vertex 39.9054 38.3093 1.4
      vertex 39.8223 38.3093 0
      vertex 39.8223 38.3093 1.40824
    endloop
  endfacet
  facet normal 0.743294 0.668965 0
    outer loop
      vertex 38.7012 38.9158 1.4
      vertex 38.6247 39.0008 0
      vertex 38.6247 39.0008 1.4053
    endloop
  endfacet
  facet normal 0.743194 0.669076 3.25931e-05
    outer loop
      vertex 38.8625 38.7367 0
      vertex 38.7012 38.9158 1.4
      vertex 38.8339 38.7684 1.4
    endloop
  endfacet
  facet normal 0.742478 0.66987 -0
    outer loop
      vertex 38.8625 38.7367 0
      vertex 38.8339 38.7684 1.4
      vertex 38.8625 38.7367 1.40647
    endloop
  endfacet
  facet normal 0.74314 0.669136 1.87926e-05
    outer loop
      vertex 38.7012 38.9158 1.4
      vertex 38.8625 38.7367 0
      vertex 38.6247 39.0008 0
    endloop
  endfacet
  facet normal -0.680412 0.206346 0.703179
    outer loop
      vertex 43.0396 38.7409 3
      vertex 43.2262 39.3562 3
      vertex 41.5706 39.3494 1.4
    endloop
  endfacet
  facet normal -0.707569 -0.0697836 0.703191
    outer loop
      vertex 43.2901 40 3
      vertex 43.227 40.6398 3
      vertex 41.7 40 1.4
    endloop
  endfacet
  facet normal -0.707918 -0.0674207 0.70307
    outer loop
      vertex 41.6673 40.3317 1.4
      vertex 43.227 40.6398 3
      vertex 43.2268 40.6419 3
    endloop
  endfacet
  facet normal -0.707576 -0.069755 0.703186
    outer loop
      vertex 43.227 40.6398 3
      vertex 41.6673 40.3317 1.4
      vertex 41.7 40 1.4
    endloop
  endfacet
  facet normal -0.707576 0.069755 0.703186
    outer loop
      vertex 41.6673 39.6683 1.4
      vertex 43.227 39.3602 3
      vertex 41.7 40 1.4
    endloop
  endfacet
  facet normal -0.707918 0.0674207 0.70307
    outer loop
      vertex 43.227 39.3602 3
      vertex 41.6673 39.6683 1.4
      vertex 43.2268 39.3581 3
    endloop
  endfacet
  facet normal 0.680454 0.206146 0.703197
    outer loop
      vertex 36.7738 39.3562 3
      vertex 38.3692 39.5479 1.4
      vertex 38.3372 39.6465 1.40206
    endloop
  endfacet
  facet normal 0.694934 0.20848 0.688188
    outer loop
      vertex 38.3327 39.6683 1.4
      vertex 38.3372 39.6465 1.40206
      vertex 38.336 39.6573 1.4
    endloop
  endfacet
  facet normal 0.680411 0.206351 0.703178
    outer loop
      vertex 38.3692 39.5479 1.4
      vertex 36.7738 39.3562 3
      vertex 38.4294 39.3494 1.4
    endloop
  endfacet
  facet normal 0.680278 0.206869 0.703155
    outer loop
      vertex 38.3327 39.6683 1.4
      vertex 36.7738 39.3562 3
      vertex 38.3372 39.6465 1.40206
    endloop
  endfacet
  facet normal 0.678401 0.214232 0.702763
    outer loop
      vertex 36.7738 39.3562 3
      vertex 38.3327 39.6683 1.4
      vertex 36.7732 39.3581 3
    endloop
  endfacet
  facet normal 0.206363 -0.680405 0.703181
    outer loop
      vertex 39.3562 43.2262 3
      vertex 39.5651 41.636 1.4
      vertex 39.6683 41.6673 1.4
    endloop
  endfacet
  facet normal 0.214232 -0.678401 0.702763
    outer loop
      vertex 39.3562 43.2262 3
      vertex 39.6683 41.6673 1.4
      vertex 39.3581 43.2268 3
    endloop
  endfacet
  facet normal 0.206351 -0.680408 0.703182
    outer loop
      vertex 39.5651 41.636 1.4
      vertex 39.3562 43.2262 3
      vertex 39.4747 41.6168 1.40795
    endloop
  endfacet
  facet normal 0.206266 -0.680423 0.703191
    outer loop
      vertex 39.3494 41.5706 1.4
      vertex 39.4747 41.6168 1.40795
      vertex 39.3562 43.2262 3
    endloop
  endfacet
  facet normal 0.205223 -0.678042 0.705792
    outer loop
      vertex 39.4747 41.6168 1.40795
      vertex 39.3494 41.5706 1.4
      vertex 39.4168 41.591 1.4
    endloop
  endfacet
  facet normal -0.100385 0.702697 0.704372
    outer loop
      vertex 40.3317 38.3327 1.4
      vertex 40.6398 36.7729 3
      vertex 40.6419 36.7732 3
    endloop
  endfacet
  facet normal -0.069882 0.707535 0.703215
    outer loop
      vertex 40.6398 36.7729 3
      vertex 40.3317 38.3327 1.4
      vertex 40.1777 38.3093 1.40824
    endloop
  endfacet
  facet normal -0.0695736 0.706043 0.704743
    outer loop
      vertex 40.1777 38.3093 1.40824
      vertex 40.3317 38.3327 1.4
      vertex 40.2495 38.3246 1.4
    endloop
  endfacet
  facet normal -0.0697276 0.707565 0.703199
    outer loop
      vertex 40.0946 38.3093 1.4
      vertex 40.6398 36.7729 3
      vertex 40.1777 38.3093 1.40824
    endloop
  endfacet
  facet normal -0.0695634 0.707602 0.703179
    outer loop
      vertex 40.6398 36.7729 3
      vertex 40.0946 38.3093 1.4
      vertex 40 38.3 1.4
    endloop
  endfacet
  facet normal -0.549056 0.451579 0.703288
    outer loop
      vertex 41.3753 39.0008 1.4053
      vertex 42.3277 37.6752 3
      vertex 41.4135 39.0555 1.4
    endloop
  endfacet
  facet normal -0.551159 0.452811 0.700846
    outer loop
      vertex 41.3753 39.0008 1.4053
      vertex 41.4135 39.0555 1.4
      vertex 41.3914 39.0286 1.4
    endloop
  endfacet
  facet normal -0.549749 0.45093 0.703163
    outer loop
      vertex 41.2988 38.9158 1.4
      vertex 42.3277 37.6752 3
      vertex 41.3753 39.0008 1.4053
    endloop
  endfacet
  facet normal -0.549767 0.450912 0.70316
    outer loop
      vertex 41.2021 38.7979 1.4
      vertex 42.3277 37.6752 3
      vertex 41.2988 38.9158 1.4
    endloop
  endfacet
  facet normal -0.551967 0.448473 0.702997
    outer loop
      vertex 42.3277 37.6752 3
      vertex 41.2021 38.7979 1.4
      vertex 42.3264 37.6736 3
    endloop
  endfacet
  facet normal -0.707569 0.0697836 0.703191
    outer loop
      vertex 43.227 39.3602 3
      vertex 43.2901 40 3
      vertex 41.7 40 1.4
    endloop
  endfacet
  facet normal -0.335107 -0.627082 0.703187
    outer loop
      vertex 41.8279 42.7356 3
      vertex 41.2609 43.0386 3
      vertex 40.9445 41.4135 1.4
    endloop
  endfacet
  facet normal -0.678401 0.214232 0.702763
    outer loop
      vertex 41.6673 39.6683 1.4
      vertex 43.2262 39.3562 3
      vertex 43.2268 39.3581 3
    endloop
  endfacet
  facet normal -0.694934 0.20848 0.688188
    outer loop
      vertex 41.6628 39.6465 1.40206
      vertex 41.6673 39.6683 1.4
      vertex 41.664 39.6573 1.4
    endloop
  endfacet
  facet normal -0.680278 0.206869 0.703155
    outer loop
      vertex 41.6673 39.6683 1.4
      vertex 41.6628 39.6465 1.40206
      vertex 43.2262 39.3562 3
    endloop
  endfacet
  facet normal -0.680454 0.206146 0.703197
    outer loop
      vertex 41.6308 39.5479 1.4
      vertex 43.2262 39.3562 3
      vertex 41.6628 39.6465 1.40206
    endloop
  endfacet
  facet normal -0.680411 0.206351 0.703178
    outer loop
      vertex 43.2262 39.3562 3
      vertex 41.6308 39.5479 1.4
      vertex 41.5706 39.3494 1.4
    endloop
  endfacet
  facet normal -0.622066 0.345592 0.702567
    outer loop
      vertex 41.5706 39.3494 1.4
      vertex 43.0386 38.7391 3
      vertex 43.0396 38.7409 3
    endloop
  endfacet
  facet normal -0.62928 0.336233 0.700681
    outer loop
      vertex 41.553 39.3085 1.40382
      vertex 41.5706 39.3494 1.4
      vertex 41.5597 39.329 1.4
    endloop
  endfacet
  facet normal -0.626927 0.335452 0.70316
    outer loop
      vertex 41.5706 39.3494 1.4
      vertex 41.553 39.3085 1.40382
      vertex 43.0386 38.7391 3
    endloop
  endfacet
  facet normal -0.62703 0.335227 0.703175
    outer loop
      vertex 41.4952 39.2084 1.4
      vertex 43.0386 38.7391 3
      vertex 41.553 39.3085 1.40382
    endloop
  endfacet
  facet normal -0.627092 0.335078 0.703191
    outer loop
      vertex 43.0386 38.7391 3
      vertex 41.4952 39.2084 1.4
      vertex 41.4135 39.0555 1.4
    endloop
  endfacet
  facet normal -0.451127 0.549559 0.703186
    outer loop
      vertex 41.8279 37.2644 3
      vertex 42.3248 37.6723 3
      vertex 40.9445 38.5865 1.4
    endloop
  endfacet
  facet normal -0.206346 0.680412 0.703179
    outer loop
      vertex 41.2591 36.9604 3
      vertex 40.6506 38.4294 1.4
      vertex 40.6438 36.7738 3
    endloop
  endfacet
  facet normal 0.069882 0.707535 0.703215
    outer loop
      vertex 39.6683 38.3327 1.4
      vertex 39.3602 36.7729 3
      vertex 39.8223 38.3093 1.40824
    endloop
  endfacet
  facet normal 0.0696388 0.707583 0.70319
    outer loop
      vertex 40 38.3 1.4
      vertex 39.8223 38.3093 1.40824
      vertex 39.3602 36.7729 3
    endloop
  endfacet
  facet normal 0.0696434 0.708416 0.702351
    outer loop
      vertex 39.8223 38.3093 1.40824
      vertex 40 38.3 1.4
      vertex 39.9054 38.3093 1.4
    endloop
  endfacet
  facet normal 0.0695736 0.706043 0.704743
    outer loop
      vertex 39.6683 38.3327 1.4
      vertex 39.8223 38.3093 1.40824
      vertex 39.7505 38.3246 1.4
    endloop
  endfacet
  facet normal 0.100385 0.702697 0.704372
    outer loop
      vertex 39.3602 36.7729 3
      vertex 39.6683 38.3327 1.4
      vertex 39.3581 36.7732 3
    endloop
  endfacet
  facet normal 0.627082 0.335107 0.703187
    outer loop
      vertex 37.2644 38.1721 3
      vertex 38.5865 39.0555 1.4
      vertex 36.9614 38.7391 3
    endloop
  endfacet
  facet normal 0.335107 -0.627082 0.703187
    outer loop
      vertex 39.0555 41.4135 1.4
      vertex 38.7391 43.0386 3
      vertex 38.1721 42.7356 3
    endloop
  endfacet
  facet normal -0.627082 0.335107 0.703187
    outer loop
      vertex 42.7356 38.1721 3
      vertex 43.0386 38.7391 3
      vertex 41.4135 39.0555 1.4
    endloop
  endfacet
  facet normal -0.549559 0.451127 0.703186
    outer loop
      vertex 42.3277 37.6752 3
      vertex 42.7356 38.1721 3
      vertex 41.4135 39.0555 1.4
    endloop
  endfacet
  facet normal -0.206266 0.680423 0.703191
    outer loop
      vertex 40.5253 38.3832 1.40795
      vertex 40.6438 36.7738 3
      vertex 40.6506 38.4294 1.4
    endloop
  endfacet
  facet normal -0.205223 0.678042 0.705792
    outer loop
      vertex 40.5253 38.3832 1.40795
      vertex 40.6506 38.4294 1.4
      vertex 40.5832 38.409 1.4
    endloop
  endfacet
  facet normal -0.206351 0.680408 0.703182
    outer loop
      vertex 40.4349 38.364 1.4
      vertex 40.6438 36.7738 3
      vertex 40.5253 38.3832 1.40795
    endloop
  endfacet
  facet normal -0.206363 0.680405 0.703181
    outer loop
      vertex 40.3317 38.3327 1.4
      vertex 40.6438 36.7738 3
      vertex 40.4349 38.364 1.4
    endloop
  endfacet
  facet normal -0.214232 0.678401 0.702763
    outer loop
      vertex 40.6438 36.7738 3
      vertex 40.3317 38.3327 1.4
      vertex 40.6419 36.7732 3
    endloop
  endfacet
  facet normal -0.335107 0.627082 0.703187
    outer loop
      vertex 41.2609 36.9614 3
      vertex 41.8279 37.2644 3
      vertex 40.9445 38.5865 1.4
    endloop
  endfacet
  facet normal -0.334815 0.627185 0.703234
    outer loop
      vertex 40.85 38.5278 1.40736
      vertex 41.2609 36.9614 3
      vertex 40.9445 38.5865 1.4
    endloop
  endfacet
  facet normal -0.335168 0.627677 0.702626
    outer loop
      vertex 40.85 38.5278 1.40736
      vertex 40.9445 38.5865 1.4
      vertex 40.893 38.559 1.4
    endloop
  endfacet
  facet normal -0.335536 0.626903 0.703142
    outer loop
      vertex 40.7576 38.4866 1.4
      vertex 41.2609 36.9614 3
      vertex 40.85 38.5278 1.40736
    endloop
  endfacet
  facet normal -0.335205 0.627045 0.703173
    outer loop
      vertex 40.6506 38.4294 1.4
      vertex 41.2609 36.9614 3
      vertex 40.7576 38.4866 1.4
    endloop
  endfacet
  facet normal -0.345592 0.622066 0.702567
    outer loop
      vertex 41.2609 36.9614 3
      vertex 40.6506 38.4294 1.4
      vertex 41.2591 36.9604 3
    endloop
  endfacet
  facet normal 0.62703 0.335227 0.703175
    outer loop
      vertex 36.9614 38.7391 3
      vertex 38.5048 39.2084 1.4
      vertex 38.447 39.3085 1.40382
    endloop
  endfacet
  facet normal 0.62928 0.336233 0.700681
    outer loop
      vertex 38.4294 39.3494 1.4
      vertex 38.447 39.3085 1.40382
      vertex 38.4403 39.329 1.4
    endloop
  endfacet
  facet normal 0.627092 0.335078 0.703191
    outer loop
      vertex 38.5048 39.2084 1.4
      vertex 36.9614 38.7391 3
      vertex 38.5865 39.0555 1.4
    endloop
  endfacet
  facet normal 0.626927 0.335452 0.70316
    outer loop
      vertex 38.4294 39.3494 1.4
      vertex 36.9614 38.7391 3
      vertex 38.447 39.3085 1.40382
    endloop
  endfacet
  facet normal 0.622066 0.345592 0.702567
    outer loop
      vertex 36.9614 38.7391 3
      vertex 38.4294 39.3494 1.4
      vertex 36.9604 38.7409 3
    endloop
  endfacet
  facet normal 0.680412 0.206346 0.703179
    outer loop
      vertex 36.9604 38.7409 3
      vertex 38.4294 39.3494 1.4
      vertex 36.7738 39.3562 3
    endloop
  endfacet
  facet normal 0.206346 0.680412 0.703179
    outer loop
      vertex 39.3562 36.7738 3
      vertex 39.3494 38.4294 1.4
      vertex 38.7409 36.9604 3
    endloop
  endfacet
  facet normal 0.206351 0.680408 0.703182
    outer loop
      vertex 39.3562 36.7738 3
      vertex 39.5651 38.364 1.4
      vertex 39.4747 38.3832 1.40795
    endloop
  endfacet
  facet normal 0.206363 0.680405 0.703181
    outer loop
      vertex 39.5651 38.364 1.4
      vertex 39.3562 36.7738 3
      vertex 39.6683 38.3327 1.4
    endloop
  endfacet
  facet normal 0.205223 0.678042 0.705792
    outer loop
      vertex 39.3494 38.4294 1.4
      vertex 39.4747 38.3832 1.40795
      vertex 39.4168 38.409 1.4
    endloop
  endfacet
  facet normal 0.214232 0.678401 0.702763
    outer loop
      vertex 39.6683 38.3327 1.4
      vertex 39.3562 36.7738 3
      vertex 39.3581 36.7732 3
    endloop
  endfacet
  facet normal 0.206266 0.680423 0.703191
    outer loop
      vertex 39.4747 38.3832 1.40795
      vertex 39.3494 38.4294 1.4
      vertex 39.3562 36.7738 3
    endloop
  endfacet
  facet normal 0.0696736 0.707574 0.703196
    outer loop
      vertex 40 36.7099 3
      vertex 40 38.3 1.4
      vertex 39.3602 36.7729 3
    endloop
  endfacet
  facet normal -0.0696736 0.707574 0.703196
    outer loop
      vertex 40.6398 36.7729 3
      vertex 40 38.3 1.4
      vertex 40 36.7099 3
    endloop
  endfacet
  facet normal 0.335536 0.626903 0.703142
    outer loop
      vertex 38.7391 36.9614 3
      vertex 39.2424 38.4866 1.4
      vertex 39.15 38.5278 1.40736
    endloop
  endfacet
  facet normal 0.335168 0.627677 0.702626
    outer loop
      vertex 39.0555 38.5865 1.4
      vertex 39.15 38.5278 1.40736
      vertex 39.107 38.559 1.4
    endloop
  endfacet
  facet normal 0.335205 0.627045 0.703173
    outer loop
      vertex 39.2424 38.4866 1.4
      vertex 38.7391 36.9614 3
      vertex 39.3494 38.4294 1.4
    endloop
  endfacet
  facet normal 0.334815 0.627185 0.703234
    outer loop
      vertex 38.7391 36.9614 3
      vertex 39.15 38.5278 1.40736
      vertex 39.0555 38.5865 1.4
    endloop
  endfacet
  facet normal 0.345592 0.622066 0.702567
    outer loop
      vertex 39.3494 38.4294 1.4
      vertex 38.7391 36.9614 3
      vertex 38.7409 36.9604 3
    endloop
  endfacet
  facet normal 0.335107 0.627082 0.703187
    outer loop
      vertex 38.7391 36.9614 3
      vertex 39.0555 38.5865 1.4
      vertex 38.1721 37.2644 3
    endloop
  endfacet
  facet normal 0.451272 0.549409 0.70321
    outer loop
      vertex 37.6752 37.6723 3
      vertex 38.9505 38.6727 1.4
      vertex 38.8625 38.7367 1.40647
    endloop
  endfacet
  facet normal 0.450892 0.550241 0.702802
    outer loop
      vertex 38.7979 38.7979 1.4
      vertex 38.8625 38.7367 1.40647
      vertex 38.8339 38.7684 1.4
    endloop
  endfacet
  facet normal 0.451145 0.549538 0.70319
    outer loop
      vertex 38.9505 38.6727 1.4
      vertex 37.6752 37.6723 3
      vertex 39.0555 38.5865 1.4
    endloop
  endfacet
  facet normal 0.450641 0.550012 0.703143
    outer loop
      vertex 38.7979 38.7979 1.4
      vertex 37.6752 37.6723 3
      vertex 38.8625 38.7367 1.40647
    endloop
  endfacet
  facet normal 0.448473 0.551967 0.702997
    outer loop
      vertex 37.6752 37.6723 3
      vertex 38.7979 38.7979 1.4
      vertex 37.6736 37.6736 3
    endloop
  endfacet
  facet normal 0.451127 0.549559 0.703186
    outer loop
      vertex 38.1721 37.2644 3
      vertex 39.0555 38.5865 1.4
      vertex 37.6752 37.6723 3
    endloop
  endfacet
  facet normal 0.0697836 -0.707569 0.703191
    outer loop
      vertex 40 41.7 1.4
      vertex 40 43.2901 3
      vertex 39.3602 43.227 3
    endloop
  endfacet
  facet normal -0.549559 -0.451127 0.703186
    outer loop
      vertex 42.7356 41.8279 3
      vertex 42.3277 42.3248 3
      vertex 41.4135 40.9445 1.4
    endloop
  endfacet
  facet normal 0.335205 -0.627045 0.703173
    outer loop
      vertex 38.7391 43.0386 3
      vertex 39.2424 41.5134 1.4
      vertex 39.3494 41.5706 1.4
    endloop
  endfacet
  facet normal 0.335168 -0.627677 0.702626
    outer loop
      vertex 39.15 41.4722 1.40736
      vertex 39.0555 41.4135 1.4
      vertex 39.107 41.441 1.4
    endloop
  endfacet
  facet normal 0.345592 -0.622066 0.702567
    outer loop
      vertex 38.7391 43.0386 3
      vertex 39.3494 41.5706 1.4
      vertex 38.7409 43.0396 3
    endloop
  endfacet
  facet normal 0.335536 -0.626903 0.703142
    outer loop
      vertex 39.2424 41.5134 1.4
      vertex 38.7391 43.0386 3
      vertex 39.15 41.4722 1.40736
    endloop
  endfacet
  facet normal 0.334815 -0.627185 0.703234
    outer loop
      vertex 39.15 41.4722 1.40736
      vertex 38.7391 43.0386 3
      vertex 39.0555 41.4135 1.4
    endloop
  endfacet
  facet normal 0.206346 -0.680412 0.703179
    outer loop
      vertex 39.3494 41.5706 1.4
      vertex 39.3562 43.2262 3
      vertex 38.7409 43.0396 3
    endloop
  endfacet
  facet normal 0.680412 -0.206346 0.703179
    outer loop
      vertex 38.4294 40.6506 1.4
      vertex 36.9604 41.2591 3
      vertex 36.7738 40.6438 3
    endloop
  endfacet
  facet normal 0 0 1
    outer loop
      vertex 39.7505 41.6754 1.4
      vertex 39.6683 41.6673 1.4
      vertex 39.5651 41.636 1.4
    endloop
  endfacet
  facet normal 0 -0 1
    outer loop
      vertex 40.6506 38.4294 1.4
      vertex 40.7576 38.4866 1.4
      vertex 40.5832 38.409 1.4
    endloop
  endfacet
  facet normal 0 -0 1
    outer loop
      vertex 41.4135 39.0555 1.4
      vertex 41.4952 39.2084 1.4
      vertex 41.3914 39.0286 1.4
    endloop
  endfacet
  facet normal 0 -0 1
    outer loop
      vertex 41.2021 38.7979 1.4
      vertex 41.2988 38.9158 1.4
      vertex 41.1661 38.7684 1.4
    endloop
  endfacet
  facet normal 0 -0 1
    outer loop
      vertex 41.6673 39.6683 1.4
      vertex 41.7 40 1.4
      vertex 41.664 39.6573 1.4
    endloop
  endfacet
  facet normal 0 0 1
    outer loop
      vertex 41.7 40 1.4
      vertex 41.6673 40.3317 1.4
      vertex 41.664 40.3427 1.4
    endloop
  endfacet
  facet normal 0 -0 1
    outer loop
      vertex 41.5706 39.3494 1.4
      vertex 41.6308 39.5479 1.4
      vertex 41.5597 39.329 1.4
    endloop
  endfacet
  facet normal 0 -0 1
    outer loop
      vertex 40.9445 38.5865 1.4
      vertex 41.0495 38.6727 1.4
      vertex 40.893 38.559 1.4
    endloop
  endfacet
  facet normal -0 -0 1
    outer loop
      vertex 39.6683 38.3327 1.4
      vertex 39.7505 38.3246 1.4
      vertex 39.5651 38.364 1.4
    endloop
  endfacet
  facet normal -0 -0 1
    outer loop
      vertex 38.5865 39.0555 1.4
      vertex 38.6086 39.0286 1.4
      vertex 38.5048 39.2084 1.4
    endloop
  endfacet
  facet normal -0 -0 1
    outer loop
      vertex 38.4294 39.3494 1.4
      vertex 38.4403 39.329 1.4
      vertex 38.3692 39.5479 1.4
    endloop
  endfacet
  facet normal 0 0 1
    outer loop
      vertex 38.336 40.3427 1.4
      vertex 38.3327 40.3317 1.4
      vertex 38.3 40 1.4
    endloop
  endfacet
  facet normal 0 0 1
    outer loop
      vertex 38.4403 40.671 1.4
      vertex 38.4294 40.6506 1.4
      vertex 38.3692 40.4521 1.4
    endloop
  endfacet
  facet normal 0 0 1
    outer loop
      vertex 39.107 41.441 1.4
      vertex 39.0555 41.4135 1.4
      vertex 38.9505 41.3273 1.4
    endloop
  endfacet
  facet normal 0 0 1
    outer loop
      vertex 39.4168 41.591 1.4
      vertex 39.3494 41.5706 1.4
      vertex 39.2424 41.5134 1.4
    endloop
  endfacet
  facet normal 0 -0 1
    outer loop
      vertex 40.3317 38.3327 1.4
      vertex 40.4349 38.364 1.4
      vertex 40.2495 38.3246 1.4
    endloop
  endfacet
  facet normal -0 -0 1
    outer loop
      vertex 39.3494 38.4294 1.4
      vertex 39.4168 38.409 1.4
      vertex 39.2424 38.4866 1.4
    endloop
  endfacet
  facet normal 0 -0 1
    outer loop
      vertex 40 38.3 1.4
      vertex 40.0946 38.3093 1.4
      vertex 39.9054 38.3093 1.4
    endloop
  endfacet
  facet normal -0 -0 1
    outer loop
      vertex 39.0555 38.5865 1.4
      vertex 39.107 38.559 1.4
      vertex 38.9505 38.6727 1.4
    endloop
  endfacet
  facet normal -0 -0 1
    outer loop
      vertex 38.7979 38.7979 1.4
      vertex 38.8339 38.7684 1.4
      vertex 38.7012 38.9158 1.4
    endloop
  endfacet
  facet normal 0 0 1
    outer loop
      vertex 40.0946 41.6907 1.4
      vertex 40 41.7 1.4
      vertex 39.9054 41.6907 1.4
    endloop
  endfacet
  facet normal -0 -0 1
    outer loop
      vertex 38.3327 39.6683 1.4
      vertex 38.336 39.6573 1.4
      vertex 38.3 40 1.4
    endloop
  endfacet
  facet normal 0 0 1
    outer loop
      vertex 38.6086 40.9714 1.4
      vertex 38.5865 40.9445 1.4
      vertex 38.5048 40.7916 1.4
    endloop
  endfacet
  facet normal 0 0 1
    outer loop
      vertex 38.8339 41.2316 1.4
      vertex 38.7979 41.2021 1.4
      vertex 38.7012 41.0842 1.4
    endloop
  endfacet
  facet normal 0 0 1
    outer loop
      vertex 40.7576 41.5134 1.4
      vertex 40.6506 41.5706 1.4
      vertex 40.5832 41.591 1.4
    endloop
  endfacet
  facet normal 0 0 1
    outer loop
      vertex 40.4349 41.636 1.4
      vertex 40.3317 41.6673 1.4
      vertex 40.2495 41.6754 1.4
    endloop
  endfacet
  facet normal 0 0 1
    outer loop
      vertex 41.6308 40.4521 1.4
      vertex 41.5706 40.6506 1.4
      vertex 41.5597 40.671 1.4
    endloop
  endfacet
  facet normal 0 0 1
    outer loop
      vertex 41.4952 40.7916 1.4
      vertex 41.4135 40.9445 1.4
      vertex 41.3914 40.9714 1.4
    endloop
  endfacet
  facet normal 0 0 1
    outer loop
      vertex 41.2988 41.0842 1.4
      vertex 41.2021 41.2021 1.4
      vertex 41.1661 41.2316 1.4
    endloop
  endfacet
  facet normal 0 0 1
    outer loop
      vertex 41.0495 41.3273 1.4
      vertex 40.9445 41.4135 1.4
      vertex 40.893 41.441 1.4
    endloop
  endfacet
  facet normal 0.707554 0.0697528 0.703208
    outer loop
      vertex 36.7729 39.3602 3
      vertex 38.3327 39.6683 1.4
      vertex 38.3 40 1.4
    endloop
  endfacet
  facet normal 0.702697 0.100385 0.704372
    outer loop
      vertex 38.3327 39.6683 1.4
      vertex 36.7729 39.3602 3
      vertex 36.7732 39.3581 3
    endloop
  endfacet
  facet normal 0.627092 -0.335078 0.703191
    outer loop
      vertex 36.9614 41.2609 3
      vertex 38.5048 40.7916 1.4
      vertex 38.5865 40.9445 1.4
    endloop
  endfacet
  facet normal 0.62928 -0.336233 0.700681
    outer loop
      vertex 38.447 40.6915 1.40382
      vertex 38.4294 40.6506 1.4
      vertex 38.4403 40.671 1.4
    endloop
  endfacet
  facet normal 0.62703 -0.335227 0.703175
    outer loop
      vertex 38.5048 40.7916 1.4
      vertex 36.9614 41.2609 3
      vertex 38.447 40.6915 1.40382
    endloop
  endfacet
  facet normal 0.626927 -0.335452 0.70316
    outer loop
      vertex 36.9614 41.2609 3
      vertex 38.4294 40.6506 1.4
      vertex 38.447 40.6915 1.40382
    endloop
  endfacet
  facet normal 0.622066 -0.345592 0.702567
    outer loop
      vertex 38.4294 40.6506 1.4
      vertex 36.9614 41.2609 3
      vertex 36.9604 41.2591 3
    endloop
  endfacet
  facet normal 0.627082 -0.335107 0.703187
    outer loop
      vertex 38.5865 40.9445 1.4
      vertex 37.2644 41.8279 3
      vertex 36.9614 41.2609 3
    endloop
  endfacet
  facet normal 0.549767 -0.450912 0.70316
    outer loop
      vertex 37.6723 42.3248 3
      vertex 38.7012 41.0842 1.4
      vertex 38.7979 41.2021 1.4
    endloop
  endfacet
  facet normal 0.551159 -0.452811 0.700846
    outer loop
      vertex 38.6247 40.9992 1.4053
      vertex 38.5865 40.9445 1.4
      vertex 38.6086 40.9714 1.4
    endloop
  endfacet
  facet normal 0.551967 -0.448473 0.702997
    outer loop
      vertex 37.6723 42.3248 3
      vertex 38.7979 41.2021 1.4
      vertex 37.6736 42.3264 3
    endloop
  endfacet
  facet normal 0.549749 -0.45093 0.703163
    outer loop
      vertex 38.7012 41.0842 1.4
      vertex 37.6723 42.3248 3
      vertex 38.6247 40.9992 1.4053
    endloop
  endfacet
  facet normal 0.549056 -0.451579 0.703288
    outer loop
      vertex 38.6247 40.9992 1.4053
      vertex 37.6723 42.3248 3
      vertex 38.5865 40.9445 1.4
    endloop
  endfacet
  facet normal 0.549559 -0.451127 0.703186
    outer loop
      vertex 38.5865 40.9445 1.4
      vertex 37.6723 42.3248 3
      vertex 37.2644 41.8279 3
    endloop
  endfacet
  facet normal -0.448473 0.551967 0.702997
    outer loop
      vertex 41.2021 38.7979 1.4
      vertex 42.3248 37.6723 3
      vertex 42.3264 37.6736 3
    endloop
  endfacet
  facet normal -0.450892 0.550241 0.702802
    outer loop
      vertex 41.1375 38.7367 1.40647
      vertex 41.2021 38.7979 1.4
      vertex 41.1661 38.7684 1.4
    endloop
  endfacet
  facet normal -0.450641 0.550012 0.703143
    outer loop
      vertex 41.2021 38.7979 1.4
      vertex 41.1375 38.7367 1.40647
      vertex 42.3248 37.6723 3
    endloop
  endfacet
  facet normal -0.451272 0.549409 0.70321
    outer loop
      vertex 41.0495 38.6727 1.4
      vertex 42.3248 37.6723 3
      vertex 41.1375 38.7367 1.40647
    endloop
  endfacet
  facet normal -0.451145 0.549538 0.70319
    outer loop
      vertex 42.3248 37.6723 3
      vertex 41.0495 38.6727 1.4
      vertex 40.9445 38.5865 1.4
    endloop
  endfacet
  facet normal 0.549749 0.45093 0.703163
    outer loop
      vertex 37.6723 37.6752 3
      vertex 38.7012 38.9158 1.4
      vertex 38.6247 39.0008 1.4053
    endloop
  endfacet
  facet normal 0.551159 0.452811 0.700846
    outer loop
      vertex 38.5865 39.0555 1.4
      vertex 38.6247 39.0008 1.4053
      vertex 38.6086 39.0286 1.4
    endloop
  endfacet
  facet normal 0.549767 0.450912 0.70316
    outer loop
      vertex 38.7012 38.9158 1.4
      vertex 37.6723 37.6752 3
      vertex 38.7979 38.7979 1.4
    endloop
  endfacet
  facet normal 0.549056 0.451579 0.703288
    outer loop
      vertex 37.6723 37.6752 3
      vertex 38.6247 39.0008 1.4053
      vertex 38.5865 39.0555 1.4
    endloop
  endfacet
  facet normal 0.551967 0.448473 0.702997
    outer loop
      vertex 38.7979 38.7979 1.4
      vertex 37.6723 37.6752 3
      vertex 37.6736 37.6736 3
    endloop
  endfacet
  facet normal 0.549559 0.451127 0.703186
    outer loop
      vertex 37.6723 37.6752 3
      vertex 38.5865 39.0555 1.4
      vertex 37.2644 38.1721 3
    endloop
  endfacet
  facet normal -0.214232 -0.678401 0.702763
    outer loop
      vertex 40.3317 41.6673 1.4
      vertex 40.6438 43.2262 3
      vertex 40.6419 43.2268 3
    endloop
  endfacet
  facet normal -0.206266 -0.680423 0.703191
    outer loop
      vertex 40.6438 43.2262 3
      vertex 40.5253 41.6168 1.40795
      vertex 40.6506 41.5706 1.4
    endloop
  endfacet
  facet normal -0.205223 -0.678042 0.705792
    outer loop
      vertex 40.6506 41.5706 1.4
      vertex 40.5253 41.6168 1.40795
      vertex 40.5832 41.591 1.4
    endloop
  endfacet
  facet normal -0.206351 -0.680408 0.703182
    outer loop
      vertex 40.6438 43.2262 3
      vertex 40.4349 41.636 1.4
      vertex 40.5253 41.6168 1.40795
    endloop
  endfacet
  facet normal -0.206363 -0.680405 0.703181
    outer loop
      vertex 40.6438 43.2262 3
      vertex 40.3317 41.6673 1.4
      vertex 40.4349 41.636 1.4
    endloop
  endfacet
  facet normal -0.0697836 -0.707569 0.703191
    outer loop
      vertex 40.6398 43.227 3
      vertex 40 43.2901 3
      vertex 40 41.7 1.4
    endloop
  endfacet
  facet normal -0.0698865 -0.707557 0.703192
    outer loop
      vertex 40.3317 41.6673 1.4
      vertex 40.6398 43.227 3
      vertex 40.1777 41.6907 1.40824
    endloop
  endfacet
  facet normal -0.0696389 -0.707605 0.703168
    outer loop
      vertex 40 41.7 1.4
      vertex 40.1777 41.6907 1.40824
      vertex 40.6398 43.227 3
    endloop
  endfacet
  facet normal -0.0696434 -0.708416 0.702351
    outer loop
      vertex 40.1777 41.6907 1.40824
      vertex 40 41.7 1.4
      vertex 40.0946 41.6907 1.4
    endloop
  endfacet
  facet normal -0.0695736 -0.706043 0.704743
    outer loop
      vertex 40.3317 41.6673 1.4
      vertex 40.1777 41.6907 1.40824
      vertex 40.2495 41.6754 1.4
    endloop
  endfacet
  facet normal -0.0674207 -0.707918 0.70307
    outer loop
      vertex 40.6398 43.227 3
      vertex 40.3317 41.6673 1.4
      vertex 40.6419 43.2268 3
    endloop
  endfacet
  facet normal -0.627082 -0.335107 0.703187
    outer loop
      vertex 43.0386 41.2609 3
      vertex 42.7356 41.8279 3
      vertex 41.4135 40.9445 1.4
    endloop
  endfacet
  facet normal -0.448473 -0.551967 0.702997
    outer loop
      vertex 42.3248 42.3277 3
      vertex 41.2021 41.2021 1.4
      vertex 42.3264 42.3264 3
    endloop
  endfacet
  facet normal -0.450641 -0.550012 0.703143
    outer loop
      vertex 41.1375 41.2633 1.40647
      vertex 41.2021 41.2021 1.4
      vertex 42.3248 42.3277 3
    endloop
  endfacet
  facet normal -0.450892 -0.550241 0.702802
    outer loop
      vertex 41.2021 41.2021 1.4
      vertex 41.1375 41.2633 1.40647
      vertex 41.1661 41.2316 1.4
    endloop
  endfacet
  facet normal -0.451272 -0.549409 0.70321
    outer loop
      vertex 42.3248 42.3277 3
      vertex 41.0495 41.3273 1.4
      vertex 41.1375 41.2633 1.40647
    endloop
  endfacet
  facet normal -0.451145 -0.549538 0.70319
    outer loop
      vertex 41.0495 41.3273 1.4
      vertex 42.3248 42.3277 3
      vertex 40.9445 41.4135 1.4
    endloop
  endfacet
  facet normal -0.451127 -0.549559 0.703186
    outer loop
      vertex 42.3248 42.3277 3
      vertex 41.8279 42.7356 3
      vertex 40.9445 41.4135 1.4
    endloop
  endfacet
  facet normal 0.451145 -0.549538 0.70319
    outer loop
      vertex 37.6752 42.3277 3
      vertex 38.9505 41.3273 1.4
      vertex 39.0555 41.4135 1.4
    endloop
  endfacet
  facet normal 0.450892 -0.550241 0.702802
    outer loop
      vertex 38.8625 41.2633 1.40647
      vertex 38.7979 41.2021 1.4
      vertex 38.8339 41.2316 1.4
    endloop
  endfacet
  facet normal 0.451272 -0.549409 0.70321
    outer loop
      vertex 38.9505 41.3273 1.4
      vertex 37.6752 42.3277 3
      vertex 38.8625 41.2633 1.40647
    endloop
  endfacet
  facet normal 0.450641 -0.550012 0.703143
    outer loop
      vertex 37.6752 42.3277 3
      vertex 38.7979 41.2021 1.4
      vertex 38.8625 41.2633 1.40647
    endloop
  endfacet
  facet normal 0.448473 -0.551967 0.702997
    outer loop
      vertex 38.7979 41.2021 1.4
      vertex 37.6752 42.3277 3
      vertex 37.6736 42.3264 3
    endloop
  endfacet
  facet normal 0.451127 -0.549559 0.703186
    outer loop
      vertex 39.0555 41.4135 1.4
      vertex 38.1721 42.7356 3
      vertex 37.6752 42.3277 3
    endloop
  endfacet
  facet normal 0.707574 -0.0696736 0.703196
    outer loop
      vertex 38.3 40 1.4
      vertex 36.7729 40.6398 3
      vertex 36.7099 40 3
    endloop
  endfacet
  facet normal 0.707574 0.0696736 0.703196
    outer loop
      vertex 36.7729 39.3602 3
      vertex 38.3 40 1.4
      vertex 36.7099 40 3
    endloop
  endfacet
  facet normal 0.702697 -0.100385 0.704372
    outer loop
      vertex 36.7729 40.6398 3
      vertex 38.3327 40.3317 1.4
      vertex 36.7732 40.6419 3
    endloop
  endfacet
  facet normal 0.707554 -0.0697528 0.703208
    outer loop
      vertex 38.3327 40.3317 1.4
      vertex 36.7729 40.6398 3
      vertex 38.3 40 1.4
    endloop
  endfacet
  facet normal 0.680411 -0.206351 0.703178
    outer loop
      vertex 36.7738 40.6438 3
      vertex 38.3692 40.4521 1.4
      vertex 38.4294 40.6506 1.4
    endloop
  endfacet
  facet normal 0.694934 -0.20848 0.688188
    outer loop
      vertex 38.3372 40.3535 1.40206
      vertex 38.3327 40.3317 1.4
      vertex 38.336 40.3427 1.4
    endloop
  endfacet
  facet normal 0.680454 -0.206146 0.703197
    outer loop
      vertex 38.3692 40.4521 1.4
      vertex 36.7738 40.6438 3
      vertex 38.3372 40.3535 1.40206
    endloop
  endfacet
  facet normal 0.680278 -0.206869 0.703155
    outer loop
      vertex 36.7738 40.6438 3
      vertex 38.3327 40.3317 1.4
      vertex 38.3372 40.3535 1.40206
    endloop
  endfacet
  facet normal 0.678401 -0.214232 0.702763
    outer loop
      vertex 38.3327 40.3317 1.4
      vertex 36.7738 40.6438 3
      vertex 36.7732 40.6419 3
    endloop
  endfacet
  facet normal -0.206346 -0.680412 0.703179
    outer loop
      vertex 40.6506 41.5706 1.4
      vertex 41.2591 43.0396 3
      vertex 40.6438 43.2262 3
    endloop
  endfacet
  facet normal -0.345592 -0.622066 0.702567
    outer loop
      vertex 40.6506 41.5706 1.4
      vertex 41.2609 43.0386 3
      vertex 41.2591 43.0396 3
    endloop
  endfacet
  facet normal -0.334815 -0.627185 0.703234
    outer loop
      vertex 41.2609 43.0386 3
      vertex 40.85 41.4722 1.40736
      vertex 40.9445 41.4135 1.4
    endloop
  endfacet
  facet normal -0.335168 -0.627677 0.702626
    outer loop
      vertex 40.9445 41.4135 1.4
      vertex 40.85 41.4722 1.40736
      vertex 40.893 41.441 1.4
    endloop
  endfacet
  facet normal -0.335536 -0.626903 0.703142
    outer loop
      vertex 41.2609 43.0386 3
      vertex 40.7576 41.5134 1.4
      vertex 40.85 41.4722 1.40736
    endloop
  endfacet
  facet normal -0.335205 -0.627045 0.703173
    outer loop
      vertex 41.2609 43.0386 3
      vertex 40.6506 41.5706 1.4
      vertex 40.7576 41.5134 1.4
    endloop
  endfacet
  facet normal 0.0674207 -0.707918 0.70307
    outer loop
      vertex 39.6683 41.6673 1.4
      vertex 39.3602 43.227 3
      vertex 39.3581 43.2268 3
    endloop
  endfacet
  facet normal 0.0698865 -0.707557 0.703192
    outer loop
      vertex 39.3602 43.227 3
      vertex 39.6683 41.6673 1.4
      vertex 39.8223 41.6907 1.40824
    endloop
  endfacet
  facet normal 0.0695736 -0.706043 0.704743
    outer loop
      vertex 39.8223 41.6907 1.40824
      vertex 39.6683 41.6673 1.4
      vertex 39.7505 41.6754 1.4
    endloop
  endfacet
  facet normal 0.0697253 -0.707588 0.703176
    outer loop
      vertex 39.9054 41.6907 1.4
      vertex 39.3602 43.227 3
      vertex 39.8223 41.6907 1.40824
    endloop
  endfacet
  facet normal 0.0695656 -0.707624 0.703156
    outer loop
      vertex 39.3602 43.227 3
      vertex 39.9054 41.6907 1.4
      vertex 40 41.7 1.4
    endloop
  endfacet
  facet normal -0.622066 -0.345592 0.702567
    outer loop
      vertex 43.0386 41.2609 3
      vertex 41.5706 40.6506 1.4
      vertex 43.0396 41.2591 3
    endloop
  endfacet
  facet normal -0.626927 -0.335452 0.70316
    outer loop
      vertex 41.553 40.6915 1.40382
      vertex 41.5706 40.6506 1.4
      vertex 43.0386 41.2609 3
    endloop
  endfacet
  facet normal -0.62928 -0.336233 0.700681
    outer loop
      vertex 41.5706 40.6506 1.4
      vertex 41.553 40.6915 1.40382
      vertex 41.5597 40.671 1.4
    endloop
  endfacet
  facet normal -0.62703 -0.335227 0.703175
    outer loop
      vertex 43.0386 41.2609 3
      vertex 41.4952 40.7916 1.4
      vertex 41.553 40.6915 1.40382
    endloop
  endfacet
  facet normal -0.627092 -0.335078 0.703191
    outer loop
      vertex 41.4952 40.7916 1.4
      vertex 43.0386 41.2609 3
      vertex 41.4135 40.9445 1.4
    endloop
  endfacet
  facet normal -0.551967 -0.448473 0.702997
    outer loop
      vertex 41.2021 41.2021 1.4
      vertex 42.3277 42.3248 3
      vertex 42.3264 42.3264 3
    endloop
  endfacet
  facet normal -0.549056 -0.451579 0.703288
    outer loop
      vertex 42.3277 42.3248 3
      vertex 41.3753 40.9992 1.4053
      vertex 41.4135 40.9445 1.4
    endloop
  endfacet
  facet normal -0.551159 -0.452811 0.700846
    outer loop
      vertex 41.4135 40.9445 1.4
      vertex 41.3753 40.9992 1.4053
      vertex 41.3914 40.9714 1.4
    endloop
  endfacet
  facet normal -0.549749 -0.45093 0.703163
    outer loop
      vertex 42.3277 42.3248 3
      vertex 41.2988 41.0842 1.4
      vertex 41.3753 40.9992 1.4053
    endloop
  endfacet
  facet normal -0.549767 -0.450912 0.70316
    outer loop
      vertex 42.3277 42.3248 3
      vertex 41.2021 41.2021 1.4
      vertex 41.2988 41.0842 1.4
    endloop
  endfacet
  facet normal -0.680412 -0.206346 0.703179
    outer loop
      vertex 43.2262 40.6438 3
      vertex 43.0396 41.2591 3
      vertex 41.5706 40.6506 1.4
    endloop
  endfacet
  facet normal -0.678401 -0.214232 0.702763
    outer loop
      vertex 43.2262 40.6438 3
      vertex 41.6673 40.3317 1.4
      vertex 43.2268 40.6419 3
    endloop
  endfacet
  facet normal -0.680278 -0.206869 0.703155
    outer loop
      vertex 41.6628 40.3535 1.40206
      vertex 41.6673 40.3317 1.4
      vertex 43.2262 40.6438 3
    endloop
  endfacet
  facet normal -0.694934 -0.20848 0.688188
    outer loop
      vertex 41.6673 40.3317 1.4
      vertex 41.6628 40.3535 1.40206
      vertex 41.664 40.3427 1.4
    endloop
  endfacet
  facet normal -0.680454 -0.206146 0.703197
    outer loop
      vertex 43.2262 40.6438 3
      vertex 41.6308 40.4521 1.4
      vertex 41.6628 40.3535 1.40206
    endloop
  endfacet
  facet normal -0.680411 -0.206351 0.703178
    outer loop
      vertex 41.6308 40.4521 1.4
      vertex 43.2262 40.6438 3
      vertex 41.5706 40.6506 1.4
    endloop
  endfacet
  facet normal 1 -0 0
    outer loop
      vertex -19.5 -32 3
      vertex -19.5 -4 0
      vertex -19.5 -4 3
    endloop
  endfacet
  facet normal 1 0 0
    outer loop
      vertex -19.5 -4 0
      vertex -19.5 -32 3
      vertex -19.5 -32 0
    endloop
  endfacet
  facet normal -1 0 0
    outer loop
      vertex -16.5 -32 0
      vertex -16.5 -4 3
      vertex -16.5 -4 0
    endloop
  endfacet
  facet normal -1 -0 0
    outer loop
      vertex -16.5 -4 3
      vertex -16.5 -32 0
      vertex -16.5 -32 3
    endloop
  endfacet
  facet normal 0 1 -0
    outer loop
      vertex -16.5 -32 0
      vertex -19.5 -32 3
      vertex -16.5 -32 3
    endloop
  endfacet
  facet normal 0 1 0
    outer loop
      vertex -19.5 -32 3
      vertex -16.5 -32 0
      vertex -19.5 -32 0
    endloop
  endfacet
  facet normal 0 -1 0
    outer loop
      vertex -19.5 -4 0
      vertex -16.5 -4 3
      vertex -19.5 -4 3
    endloop
  endfacet
  facet normal 0 -1 -0
    outer loop
      vertex -16.5 -4 3
      vertex -19.5 -4 0
      vertex -16.5 -4 0
    endloop
  endfacet
  facet normal 1 -0 0
    outer loop
      vertex -7.5 -32 3
      vertex -7.5 -4 0
      vertex -7.5 -4 3
    endloop
  endfacet
  facet normal 1 0 0
    outer loop
      vertex -7.5 -4 0
      vertex -7.5 -32 3
      vertex -7.5 -32 0
    endloop
  endfacet
  facet normal -1 0 0
    outer loop
      vertex -4.5 -32 0
      vertex -4.5 -4 3
      vertex -4.5 -4 0
    endloop
  endfacet
  facet normal -1 -0 0
    outer loop
      vertex -4.5 -4 3
      vertex -4.5 -32 0
      vertex -4.5 -32 3
    endloop
  endfacet
  facet normal 0 -1 0
    outer loop
      vertex -7.5 -4 0
      vertex -4.5 -4 3
      vertex -7.5 -4 3
    endloop
  endfacet
  facet normal 0 -1 -0
    outer loop
      vertex -4.5 -4 3
      vertex -7.5 -4 0
      vertex -4.5 -4 0
    endloop
  endfacet
  facet normal 0 1 -0
    outer loop
      vertex -4.5 -32 0
      vertex -7.5 -32 3
      vertex -4.5 -32 3
    endloop
  endfacet
  facet normal 0 1 0
    outer loop
      vertex -7.5 -32 3
      vertex -4.5 -32 0
      vertex -7.5 -32 0
    endloop
  endfacet
  facet normal 1 -0 0
    outer loop
      vertex 4.5 -32 3
      vertex 4.5 -4 0
      vertex 4.5 -4 3
    endloop
  endfacet
  facet normal 1 0 0
    outer loop
      vertex 4.5 -4 0
      vertex 4.5 -32 3
      vertex 4.5 -32 0
    endloop
  endfacet
  facet normal -1 0 0
    outer loop
      vertex 7.5 -32 0
      vertex 7.5 -4 3
      vertex 7.5 -4 0
    endloop
  endfacet
  facet normal -1 -0 0
    outer loop
      vertex 7.5 -4 3
      vertex 7.5 -32 0
      vertex 7.5 -32 3
    endloop
  endfacet
  facet normal 0 -1 0
    outer loop
      vertex 4.5 -4 0
      vertex 7.5 -4 3
      vertex 4.5 -4 3
    endloop
  endfacet
  facet normal 0 -1 -0
    outer loop
      vertex 7.5 -4 3
      vertex 4.5 -4 0
      vertex 7.5 -4 0
    endloop
  endfacet
  facet normal 0 1 -0
    outer loop
      vertex 7.5 -32 0
      vertex 4.5 -32 3
      vertex 7.5 -32 3
    endloop
  endfacet
  facet normal 0 1 0
    outer loop
      vertex 4.5 -32 3
      vertex 7.5 -32 0
      vertex 4.5 -32 0
    endloop
  endfacet
  facet normal 1 -0 0
    outer loop
      vertex 16.5 -32 3
      vertex 16.5 -4 0
      vertex 16.5 -4 3
    endloop
  endfacet
  facet normal 1 0 0
    outer loop
      vertex 16.5 -4 0
      vertex 16.5 -32 3
      vertex 16.5 -32 0
    endloop
  endfacet
  facet normal -1 0 0
    outer loop
      vertex 19.5 -32 0
      vertex 19.5 -4 3
      vertex 19.5 -4 0
    endloop
  endfacet
  facet normal -1 -0 0
    outer loop
      vertex 19.5 -4 3
      vertex 19.5 -32 0
      vertex 19.5 -32 3
    endloop
  endfacet
  facet normal 0 -1 0
    outer loop
      vertex 16.5 -4 0
      vertex 19.5 -4 3
      vertex 16.5 -4 3
    endloop
  endfacet
  facet normal 0 -1 -0
    outer loop
      vertex 19.5 -4 3
      vertex 16.5 -4 0
      vertex 19.5 -4 0
    endloop
  endfacet
  facet normal 0 1 -0
    outer loop
      vertex 19.5 -32 0
      vertex 16.5 -32 3
      vertex 19.5 -32 3
    endloop
  endfacet
  facet normal 0 1 0
    outer loop
      vertex 16.5 -32 3
      vertex 19.5 -32 0
      vertex 16.5 -32 0
    endloop
  endfacet
  facet normal -0.965945 -0.258746 0
    outer loop
      vertex -49.6382 -46.0521 0
      vertex -49.9088 -45.0419 3
      vertex -49.9088 -45.0419 0
    endloop
  endfacet
  facet normal -0.965945 -0.258746 0
    outer loop
      vertex -49.9088 -45.0419 3
      vertex -49.6382 -46.0521 0
      vertex -49.6382 -46.0521 3
    endloop
  endfacet
  facet normal -0.996191 -0.087199 0
    outer loop
      vertex -49.9088 -45.0419 0
      vertex -50 -44 3
      vertex -50 -44 0
    endloop
  endfacet
  facet normal -0.996191 -0.087199 0
    outer loop
      vertex -50 -44 3
      vertex -49.9088 -45.0419 0
      vertex -49.9088 -45.0419 3
    endloop
  endfacet
  facet normal -0.906313 -0.422608 0
    outer loop
      vertex -49.1962 -47 0
      vertex -49.6382 -46.0521 3
      vertex -49.6382 -46.0521 0
    endloop
  endfacet
  facet normal -0.906313 -0.422608 0
    outer loop
      vertex -49.6382 -46.0521 3
      vertex -49.1962 -47 0
      vertex -49.1962 -47 3
    endloop
  endfacet
  facet normal -0.819138 -0.573597 0
    outer loop
      vertex -48.5963 -47.8567 0
      vertex -49.1962 -47 3
      vertex -49.1962 -47 0
    endloop
  endfacet
  facet normal -0.819138 -0.573597 0
    outer loop
      vertex -49.1962 -47 3
      vertex -48.5963 -47.8567 0
      vertex -48.5963 -47.8567 3
    endloop
  endfacet
  facet normal 0 -1 0
    outer loop
      vertex -44 -50 0
      vertex 44 -50 3
      vertex -44 -50 3
    endloop
  endfacet
  facet normal 0 -1 -0
    outer loop
      vertex 44 -50 3
      vertex -44 -50 0
      vertex 44 -50 0
    endloop
  endfacet
  facet normal 0 0 1
    outer loop
      vertex -4.5 -4 3
      vertex -36.9604 38.7409 3
      vertex -7.5 -4 3
    endloop
  endfacet
  facet normal 0 0 1
    outer loop
      vertex -19.5 -4 3
      vertex -36.7729 -39.3602 3
      vertex -36.7099 -40 3
    endloop
  endfacet
  facet normal -0 0 1
    outer loop
      vertex -36.9614 38.7391 3
      vertex -7.5 -4 3
      vertex -36.9604 38.7409 3
    endloop
  endfacet
  facet normal 0 0 1
    outer loop
      vertex -19.5 -4 3
      vertex -36.7732 -39.3581 3
      vertex -36.7729 -39.3602 3
    endloop
  endfacet
  facet normal -0 0 1
    outer loop
      vertex -37.2644 38.1721 3
      vertex -7.5 -4 3
      vertex -36.9614 38.7391 3
    endloop
  endfacet
  facet normal 0 0 1
    outer loop
      vertex -19.5 -4 3
      vertex -36.7738 -39.3562 3
      vertex -36.7732 -39.3581 3
    endloop
  endfacet
  facet normal 0 0 1
    outer loop
      vertex -7.5 -4 3
      vertex -37.2644 38.1721 3
      vertex -16.5 -4 3
    endloop
  endfacet
  facet normal 0 0 1
    outer loop
      vertex -19.5 -4 3
      vertex -36.9604 -38.7409 3
      vertex -36.7738 -39.3562 3
    endloop
  endfacet
  facet normal -0 0 1
    outer loop
      vertex -37.6723 37.6752 3
      vertex -16.5 -4 3
      vertex -37.2644 38.1721 3
    endloop
  endfacet
  facet normal 0 0 1
    outer loop
      vertex -19.5 -4 3
      vertex -36.9614 -38.7391 3
      vertex -36.9604 -38.7409 3
    endloop
  endfacet
  facet normal 0 0 1
    outer loop
      vertex -16.5 -4 3
      vertex -37.6723 37.6752 3
      vertex -19.5 -4 3
    endloop
  endfacet
  facet normal 0 0 1
    outer loop
      vertex -19.5 -4 3
      vertex -37.2644 -38.1721 3
      vertex -36.9614 -38.7391 3
    endloop
  endfacet
  facet normal -0 0 1
    outer loop
      vertex -37.6736 37.6736 3
      vertex -19.5 -4 3
      vertex -37.6723 37.6752 3
    endloop
  endfacet
  facet normal 0 0 1
    outer loop
      vertex -19.5 -4 3
      vertex -37.6723 -37.6752 3
      vertex -37.2644 -38.1721 3
    endloop
  endfacet
  facet normal -0 0 1
    outer loop
      vertex -37.6752 37.6723 3
      vertex -19.5 -4 3
      vertex -37.6736 37.6736 3
    endloop
  endfacet
  facet normal 0 0 1
    outer loop
      vertex -19.5 -4 3
      vertex -37.6736 -37.6736 3
      vertex -37.6723 -37.6752 3
    endloop
  endfacet
  facet normal -0 0 1
    outer loop
      vertex -38.1721 37.2644 3
      vertex -19.5 -4 3
      vertex -37.6752 37.6723 3
    endloop
  endfacet
  facet normal 0 0 1
    outer loop
      vertex -19.5 -4 3
      vertex -37.6752 -37.6723 3
      vertex -37.6736 -37.6736 3
    endloop
  endfacet
  facet normal -0 0 1
    outer loop
      vertex -38.7391 36.9614 3
      vertex -19.5 -4 3
      vertex -38.1721 37.2644 3
    endloop
  endfacet
  facet normal 0 0 1
    outer loop
      vertex -19.5 -4 3
      vertex -38.1721 -37.2644 3
      vertex -37.6752 -37.6723 3
    endloop
  endfacet
  facet normal -0 0 1
    outer loop
      vertex -38.7409 36.9604 3
      vertex -19.5 -4 3
      vertex -38.7391 36.9614 3
    endloop
  endfacet
  facet normal 0 0 1
    outer loop
      vertex -19.5 -4 3
      vertex -38.7391 -36.9614 3
      vertex -38.1721 -37.2644 3
    endloop
  endfacet
  facet normal -0 0 1
    outer loop
      vertex -39.3562 36.7738 3
      vertex -19.5 -4 3
      vertex -38.7409 36.9604 3
    endloop
  endfacet
  facet normal 0 0 1
    outer loop
      vertex -19.5 -4 3
      vertex -38.7409 -36.9604 3
      vertex -38.7391 -36.9614 3
    endloop
  endfacet
  facet normal -0 0 1
    outer loop
      vertex -39.3581 36.7732 3
      vertex -19.5 -4 3
      vertex -39.3562 36.7738 3
    endloop
  endfacet
  facet normal 0 0 1
    outer loop
      vertex -19.5 -4 3
      vertex -39.3562 -36.7738 3
      vertex -38.7409 -36.9604 3
    endloop
  endfacet
  facet normal -0 0 1
    outer loop
      vertex -39.3602 36.7729 3
      vertex -19.5 -4 3
      vertex -39.3581 36.7732 3
    endloop
  endfacet
  facet normal 0 0 1
    outer loop
      vertex -19.5 -4 3
      vertex -39.3581 -36.7732 3
      vertex -39.3562 -36.7738 3
    endloop
  endfacet
  facet normal -0 0 1
    outer loop
      vertex -40 36.7099 3
      vertex -19.5 -4 3
      vertex -39.3602 36.7729 3
    endloop
  endfacet
  facet normal 0 0 1
    outer loop
      vertex -19.5 -4 3
      vertex -39.3602 -36.7729 3
      vertex -39.3581 -36.7732 3
    endloop
  endfacet
  facet normal 0 0 1
    outer loop
      vertex -40.6398 36.7729 3
      vertex -19.5 -4 3
      vertex -40 36.7099 3
    endloop
  endfacet
  facet normal 0 0 1
    outer loop
      vertex -19.5 -4 3
      vertex -40 -36.7099 3
      vertex -39.3602 -36.7729 3
    endloop
  endfacet
  facet normal 0 0 1
    outer loop
      vertex -40.6419 36.7732 3
      vertex -19.5 -4 3
      vertex -40.6398 36.7729 3
    endloop
  endfacet
  facet normal 0 0 1
    outer loop
      vertex -19.5 -4 3
      vertex -40.6398 -36.7729 3
      vertex -40 -36.7099 3
    endloop
  endfacet
  facet normal 0 0 1
    outer loop
      vertex -40.6438 36.7738 3
      vertex -19.5 -4 3
      vertex -40.6419 36.7732 3
    endloop
  endfacet
  facet normal 0 0 1
    outer loop
      vertex -19.5 -4 3
      vertex -40.6419 -36.7732 3
      vertex -40.6398 -36.7729 3
    endloop
  endfacet
  facet normal 0 0 1
    outer loop
      vertex -41.2591 36.9604 3
      vertex -19.5 -4 3
      vertex -40.6438 36.7738 3
    endloop
  endfacet
  facet normal 0 0 1
    outer loop
      vertex -19.5 -4 3
      vertex -40.6438 -36.7738 3
      vertex -40.6419 -36.7732 3
    endloop
  endfacet
  facet normal 0 0 1
    outer loop
      vertex -41.2591 -36.9604 3
      vertex -19.5 -4 3
      vertex -41.2591 36.9604 3
    endloop
  endfacet
  facet normal 0 0 1
    outer loop
      vertex -19.5 -4 3
      vertex -41.2591 -36.9604 3
      vertex -40.6438 -36.7738 3
    endloop
  endfacet
  facet normal 0 0 1
    outer loop
      vertex -41.2609 36.9614 3
      vertex -41.2591 -36.9604 3
      vertex -41.2591 36.9604 3
    endloop
  endfacet
  facet normal 0 0 1
    outer loop
      vertex -41.2609 36.9614 3
      vertex -41.2609 -36.9614 3
      vertex -41.2591 -36.9604 3
    endloop
  endfacet
  facet normal 0 0 1
    outer loop
      vertex -41.8279 37.2644 3
      vertex -41.2609 -36.9614 3
      vertex -41.2609 36.9614 3
    endloop
  endfacet
  facet normal 0 0 1
    outer loop
      vertex -41.8279 37.2644 3
      vertex -41.8279 -37.2644 3
      vertex -41.2609 -36.9614 3
    endloop
  endfacet
  facet normal 0 0 1
    outer loop
      vertex -42.3248 37.6723 3
      vertex -41.8279 -37.2644 3
      vertex -41.8279 37.2644 3
    endloop
  endfacet
  facet normal 0 0 1
    outer loop
      vertex -42.3248 37.6723 3
      vertex -42.3248 -37.6723 3
      vertex -41.8279 -37.2644 3
    endloop
  endfacet
  facet normal 0 0 1
    outer loop
      vertex -42.3264 37.6736 3
      vertex -42.3248 -37.6723 3
      vertex -42.3248 37.6723 3
    endloop
  endfacet
  facet normal 0 0 1
    outer loop
      vertex -42.3264 37.6736 3
      vertex -42.3264 -37.6736 3
      vertex -42.3248 -37.6723 3
    endloop
  endfacet
  facet normal 0 0 1
    outer loop
      vertex -50 44 3
      vertex -42.3264 37.6736 3
      vertex -42.3277 37.6752 3
    endloop
  endfacet
  facet normal 0 0 1
    outer loop
      vertex -42.3264 37.6736 3
      vertex -50 44 3
      vertex -42.3264 -37.6736 3
    endloop
  endfacet
  facet normal 0 0 1
    outer loop
      vertex -50 44 3
      vertex -42.3277 37.6752 3
      vertex -42.7356 38.1721 3
    endloop
  endfacet
  facet normal 0 0 1
    outer loop
      vertex -50 -44 3
      vertex -42.3264 -37.6736 3
      vertex -50 44 3
    endloop
  endfacet
  facet normal 0 0 1
    outer loop
      vertex -50 44 3
      vertex -42.7356 38.1721 3
      vertex -43.0386 38.7391 3
    endloop
  endfacet
  facet normal 0 0 1
    outer loop
      vertex -42.3264 -37.6736 3
      vertex -50 -44 3
      vertex -42.3277 -37.6752 3
    endloop
  endfacet
  facet normal 0 0 1
    outer loop
      vertex -50 44 3
      vertex -43.0386 38.7391 3
      vertex -43.0396 38.7409 3
    endloop
  endfacet
  facet normal 0 0 1
    outer loop
      vertex -42.3277 -37.6752 3
      vertex -50 -44 3
      vertex -42.7356 -38.1721 3
    endloop
  endfacet
  facet normal 0 0 1
    outer loop
      vertex -50 44 3
      vertex -43.0396 38.7409 3
      vertex -43.2262 39.3562 3
    endloop
  endfacet
  facet normal 0 0 1
    outer loop
      vertex -42.7356 -38.1721 3
      vertex -50 -44 3
      vertex -43.0386 -38.7391 3
    endloop
  endfacet
  facet normal 0 0 1
    outer loop
      vertex -50 44 3
      vertex -43.2262 39.3562 3
      vertex -43.2268 39.3581 3
    endloop
  endfacet
  facet normal 0 0 1
    outer loop
      vertex -43.0386 -38.7391 3
      vertex -50 -44 3
      vertex -43.0396 -38.7409 3
    endloop
  endfacet
  facet normal 0 0 1
    outer loop
      vertex -50 44 3
      vertex -43.2268 39.3581 3
      vertex -43.227 39.3602 3
    endloop
  endfacet
  facet normal 0 0 1
    outer loop
      vertex -43.0396 -38.7409 3
      vertex -50 -44 3
      vertex -43.2262 -39.3562 3
    endloop
  endfacet
  facet normal 0 0 1
    outer loop
      vertex -50 44 3
      vertex -43.227 39.3602 3
      vertex -43.2901 40 3
    endloop
  endfacet
  facet normal 0 0 1
    outer loop
      vertex -43.2262 -39.3562 3
      vertex -50 -44 3
      vertex -43.2268 -39.3581 3
    endloop
  endfacet
  facet normal 0 0 1
    outer loop
      vertex 43.2262 39.3562 3
      vertex 50 44 3
      vertex 43.2268 39.3581 3
    endloop
  endfacet
  facet normal 0 0 1
    outer loop
      vertex 50 -44 3
      vertex 43.227 -39.3602 3
      vertex 43.2901 -40 3
    endloop
  endfacet
  facet normal 0 0 1
    outer loop
      vertex 43.0396 38.7409 3
      vertex 50 44 3
      vertex 43.2262 39.3562 3
    endloop
  endfacet
  facet normal 0 0 1
    outer loop
      vertex 50 -44 3
      vertex 43.2268 -39.3581 3
      vertex 43.227 -39.3602 3
    endloop
  endfacet
  facet normal 0 0 1
    outer loop
      vertex 43.0386 38.7391 3
      vertex 50 44 3
      vertex 43.0396 38.7409 3
    endloop
  endfacet
  facet normal 0 0 1
    outer loop
      vertex 50 -44 3
      vertex 43.2262 -39.3562 3
      vertex 43.2268 -39.3581 3
    endloop
  endfacet
  facet normal 0 0 1
    outer loop
      vertex 42.7356 38.1721 3
      vertex 50 44 3
      vertex 43.0386 38.7391 3
    endloop
  endfacet
  facet normal 0 0 1
    outer loop
      vertex 50 -44 3
      vertex 43.0396 -38.7409 3
      vertex 43.2262 -39.3562 3
    endloop
  endfacet
  facet normal 0 0 1
    outer loop
      vertex 42.3277 37.6752 3
      vertex 50 44 3
      vertex 42.7356 38.1721 3
    endloop
  endfacet
  facet normal 0 0 1
    outer loop
      vertex 50 -44 3
      vertex 43.0386 -38.7391 3
      vertex 43.0396 -38.7409 3
    endloop
  endfacet
  facet normal 0 0 1
    outer loop
      vertex 42.3264 37.6736 3
      vertex 50 44 3
      vertex 42.3277 37.6752 3
    endloop
  endfacet
  facet normal 0 0 1
    outer loop
      vertex 50 -44 3
      vertex 42.7356 -38.1721 3
      vertex 43.0386 -38.7391 3
    endloop
  endfacet
  facet normal 0 0 1
    outer loop
      vertex 50 44 3
      vertex 42.3264 37.6736 3
      vertex 50 -44 3
    endloop
  endfacet
  facet normal 0 0 1
    outer loop
      vertex 50 -44 3
      vertex 42.3277 -37.6752 3
      vertex 42.7356 -38.1721 3
    endloop
  endfacet
  facet normal -0 0 1
    outer loop
      vertex 42.3264 -37.6736 3
      vertex 50 -44 3
      vertex 42.3264 37.6736 3
    endloop
  endfacet
  facet normal 0 0 1
    outer loop
      vertex 50 -44 3
      vertex 42.3264 -37.6736 3
      vertex 42.3277 -37.6752 3
    endloop
  endfacet
  facet normal -0 0 1
    outer loop
      vertex 42.3248 37.6723 3
      vertex 42.3264 -37.6736 3
      vertex 42.3264 37.6736 3
    endloop
  endfacet
  facet normal 0 0 1
    outer loop
      vertex 42.3248 37.6723 3
      vertex 42.3248 -37.6723 3
      vertex 42.3264 -37.6736 3
    endloop
  endfacet
  facet normal -0 0 1
    outer loop
      vertex 41.8279 37.2644 3
      vertex 42.3248 -37.6723 3
      vertex 42.3248 37.6723 3
    endloop
  endfacet
  facet normal 0 0 1
    outer loop
      vertex 41.8279 37.2644 3
      vertex 41.8279 -37.2644 3
      vertex 42.3248 -37.6723 3
    endloop
  endfacet
  facet normal -0 0 1
    outer loop
      vertex 41.2609 36.9614 3
      vertex 41.8279 -37.2644 3
      vertex 41.8279 37.2644 3
    endloop
  endfacet
  facet normal 0 0 1
    outer loop
      vertex 41.2609 36.9614 3
      vertex 41.2609 -36.9614 3
      vertex 41.8279 -37.2644 3
    endloop
  endfacet
  facet normal -0 0 1
    outer loop
      vertex 41.2591 36.9604 3
      vertex 41.2609 -36.9614 3
      vertex 41.2609 36.9614 3
    endloop
  endfacet
  facet normal 0 0 1
    outer loop
      vertex 41.2591 36.9604 3
      vertex 41.2591 -36.9604 3
      vertex 41.2609 -36.9614 3
    endloop
  endfacet
  facet normal 0 0 1
    outer loop
      vertex 19.5 -4 3
      vertex 41.2591 36.9604 3
      vertex 40.6438 36.7738 3
    endloop
  endfacet
  facet normal 0 0 1
    outer loop
      vertex 41.2591 36.9604 3
      vertex 19.5 -4 3
      vertex 41.2591 -36.9604 3
    endloop
  endfacet
  facet normal 0 0 1
    outer loop
      vertex 19.5 -4 3
      vertex 40.6438 36.7738 3
      vertex 40.6419 36.7732 3
    endloop
  endfacet
  facet normal 0 0 1
    outer loop
      vertex 41.2591 -36.9604 3
      vertex 19.5 -4 3
      vertex 40.6438 -36.7738 3
    endloop
  endfacet
  facet normal 0 0 1
    outer loop
      vertex 19.5 -4 3
      vertex 40.6419 36.7732 3
      vertex 40.6398 36.7729 3
    endloop
  endfacet
  facet normal 0 0 1
    outer loop
      vertex 40.6438 -36.7738 3
      vertex 19.5 -4 3
      vertex 40.6419 -36.7732 3
    endloop
  endfacet
  facet normal 0 0 1
    outer loop
      vertex 19.5 -4 3
      vertex 40.6398 36.7729 3
      vertex 40 36.7099 3
    endloop
  endfacet
  facet normal 0 0 1
    outer loop
      vertex 40.6419 -36.7732 3
      vertex 19.5 -4 3
      vertex 40.6398 -36.7729 3
    endloop
  endfacet
  facet normal 0 0 1
    outer loop
      vertex 19.5 -4 3
      vertex 40 36.7099 3
      vertex 39.3602 36.7729 3
    endloop
  endfacet
  facet normal 0 0 1
    outer loop
      vertex 40.6398 -36.7729 3
      vertex 19.5 -4 3
      vertex 40 -36.7099 3
    endloop
  endfacet
  facet normal 0 0 1
    outer loop
      vertex 19.5 -4 3
      vertex 39.3602 36.7729 3
      vertex 39.3581 36.7732 3
    endloop
  endfacet
  facet normal 0 0 1
    outer loop
      vertex 40 -36.7099 3
      vertex 19.5 -4 3
      vertex 39.3602 -36.7729 3
    endloop
  endfacet
  facet normal 0 0 1
    outer loop
      vertex 19.5 -4 3
      vertex 39.3581 36.7732 3
      vertex 39.3562 36.7738 3
    endloop
  endfacet
  facet normal 0 0 1
    outer loop
      vertex 39.3602 -36.7729 3
      vertex 19.5 -4 3
      vertex 39.3581 -36.7732 3
    endloop
  endfacet
  facet normal 0 0 1
    outer loop
      vertex 19.5 -4 3
      vertex 39.3562 36.7738 3
      vertex 38.7409 36.9604 3
    endloop
  endfacet
  facet normal 0 0 1
    outer loop
      vertex 39.3581 -36.7732 3
      vertex 19.5 -4 3
      vertex 39.3562 -36.7738 3
    endloop
  endfacet
  facet normal 0 0 1
    outer loop
      vertex 19.5 -4 3
      vertex 38.7409 36.9604 3
      vertex 38.7391 36.9614 3
    endloop
  endfacet
  facet normal 0 0 1
    outer loop
      vertex 39.3562 -36.7738 3
      vertex 19.5 -4 3
      vertex 38.7409 -36.9604 3
    endloop
  endfacet
  facet normal 0 0 1
    outer loop
      vertex 19.5 -4 3
      vertex 38.7391 36.9614 3
      vertex 38.1721 37.2644 3
    endloop
  endfacet
  facet normal -0 0 1
    outer loop
      vertex 19.5 -32 3
      vertex 38.7409 -36.9604 3
      vertex 19.5 -4 3
    endloop
  endfacet
  facet normal 0 0 1
    outer loop
      vertex 19.5 -4 3
      vertex 38.1721 37.2644 3
      vertex 37.6752 37.6723 3
    endloop
  endfacet
  facet normal 0 0 1
    outer loop
      vertex 38.7409 -36.9604 3
      vertex 19.5 -32 3
      vertex 38.7391 -36.9614 3
    endloop
  endfacet
  facet normal 0 0 1
    outer loop
      vertex 19.5 -4 3
      vertex 37.6752 37.6723 3
      vertex 37.6736 37.6736 3
    endloop
  endfacet
  facet normal 0 0 1
    outer loop
      vertex 38.7391 -36.9614 3
      vertex 19.5 -32 3
      vertex 38.1721 -37.2644 3
    endloop
  endfacet
  facet normal 0 0 1
    outer loop
      vertex 19.5 -4 3
      vertex 37.6736 37.6736 3
      vertex 37.6723 37.6752 3
    endloop
  endfacet
  facet normal 0 0 1
    outer loop
      vertex 38.1721 -37.2644 3
      vertex 19.5 -32 3
      vertex 37.6752 -37.6723 3
    endloop
  endfacet
  facet normal 0 0 1
    outer loop
      vertex 16.5 -4 3
      vertex 37.6723 37.6752 3
      vertex 37.2644 38.1721 3
    endloop
  endfacet
  facet normal 0 0 1
    outer loop
      vertex 37.6752 -37.6723 3
      vertex 19.5 -32 3
      vertex 37.6736 -37.6736 3
    endloop
  endfacet
  facet normal 0 0 1
    outer loop
      vertex 7.5 -4 3
      vertex 37.2644 38.1721 3
      vertex 36.9614 38.7391 3
    endloop
  endfacet
  facet normal 0 0 1
    outer loop
      vertex 37.6736 -37.6736 3
      vertex 19.5 -32 3
      vertex 37.6723 -37.6752 3
    endloop
  endfacet
  facet normal 0 0 1
    outer loop
      vertex 7.5 -4 3
      vertex 36.9614 38.7391 3
      vertex 36.9604 38.7409 3
    endloop
  endfacet
  facet normal 0 0 1
    outer loop
      vertex 37.6723 -37.6752 3
      vertex 19.5 -32 3
      vertex 37.2644 -38.1721 3
    endloop
  endfacet
  facet normal 0 0 1
    outer loop
      vertex 4.5 -4 3
      vertex 36.9604 38.7409 3
      vertex 36.7738 39.3562 3
    endloop
  endfacet
  facet normal 0 0 1
    outer loop
      vertex 37.2644 -38.1721 3
      vertex 19.5 -32 3
      vertex 36.9614 -38.7391 3
    endloop
  endfacet
  facet normal 0 0 1
    outer loop
      vertex 4.5 -4 3
      vertex 36.7738 39.3562 3
      vertex 36.7732 39.3581 3
    endloop
  endfacet
  facet normal 0 0 1
    outer loop
      vertex 36.9614 -38.7391 3
      vertex 19.5 -32 3
      vertex 36.9604 -38.7409 3
    endloop
  endfacet
  facet normal 0 0 1
    outer loop
      vertex -36.7729 39.3602 3
      vertex 36.7729 39.3602 3
      vertex -36.7099 40 3
    endloop
  endfacet
  facet normal 0 0 1
    outer loop
      vertex 36.9604 -38.7409 3
      vertex 19.5 -32 3
      vertex 36.7738 -39.3562 3
    endloop
  endfacet
  facet normal -0 0 1
    outer loop
      vertex -36.7099 40 3
      vertex 36.7729 39.3602 3
      vertex 36.7099 40 3
    endloop
  endfacet
  facet normal 0 0 1
    outer loop
      vertex 36.7738 -39.3562 3
      vertex 19.5 -32 3
      vertex 36.7732 -39.3581 3
    endloop
  endfacet
  facet normal 0 0 1
    outer loop
      vertex 42.7356 41.8279 3
      vertex 50 44 3
      vertex 49.9088 45.0419 3
    endloop
  endfacet
  facet normal 0 0 1
    outer loop
      vertex 43.227 39.3602 3
      vertex 50 44 3
      vertex 43.2901 40 3
    endloop
  endfacet
  facet normal 0 0 1
    outer loop
      vertex 42.7356 41.8279 3
      vertex 49.9088 45.0419 3
      vertex 49.6382 46.0521 3
    endloop
  endfacet
  facet normal 0 0 1
    outer loop
      vertex 43.2268 39.3581 3
      vertex 50 44 3
      vertex 43.227 39.3602 3
    endloop
  endfacet
  facet normal 0 0 1
    outer loop
      vertex 42.3277 42.3248 3
      vertex 49.6382 46.0521 3
      vertex 49.1962 47 3
    endloop
  endfacet
  facet normal -0 0 1
    outer loop
      vertex 43.227 -40.6398 3
      vertex 50 -44 3
      vertex 43.2901 -40 3
    endloop
  endfacet
  facet normal 0 0 1
    outer loop
      vertex 42.3264 42.3264 3
      vertex 49.1962 47 3
      vertex 48.5963 47.8567 3
    endloop
  endfacet
  facet normal -0 0 1
    outer loop
      vertex 43.2268 -40.6419 3
      vertex 50 -44 3
      vertex 43.227 -40.6398 3
    endloop
  endfacet
  facet normal 0 0 1
    outer loop
      vertex 42.3264 42.3264 3
      vertex 48.5963 47.8567 3
      vertex 47.8567 48.5963 3
    endloop
  endfacet
  facet normal -0 0 1
    outer loop
      vertex 43.2262 -40.6438 3
      vertex 50 -44 3
      vertex 43.2268 -40.6419 3
    endloop
  endfacet
  facet normal 0 0 1
    outer loop
      vertex 42.3264 42.3264 3
      vertex 47.8567 48.5963 3
      vertex 47 49.1962 3
    endloop
  endfacet
  facet normal -0 0 1
    outer loop
      vertex 43.0396 -41.2591 3
      vertex 50 -44 3
      vertex 43.2262 -40.6438 3
    endloop
  endfacet
  facet normal 0 0 1
    outer loop
      vertex 42.3248 42.3277 3
      vertex 47 49.1962 3
      vertex 46.0521 49.6382 3
    endloop
  endfacet
  facet normal -0 0 1
    outer loop
      vertex 43.0386 -41.2609 3
      vertex 50 -44 3
      vertex 43.0396 -41.2591 3
    endloop
  endfacet
  facet normal 0 0 1
    outer loop
      vertex 41.8279 42.7356 3
      vertex 46.0521 49.6382 3
      vertex 45.0419 49.9088 3
    endloop
  endfacet
  facet normal -0 0 1
    outer loop
      vertex 42.7356 -41.8279 3
      vertex 50 -44 3
      vertex 43.0386 -41.2609 3
    endloop
  endfacet
  facet normal 0 0 1
    outer loop
      vertex 41.8279 42.7356 3
      vertex 45.0419 49.9088 3
      vertex 44 50 3
    endloop
  endfacet
  facet normal 0 0 1
    outer loop
      vertex 50 -44 3
      vertex 42.7356 -41.8279 3
      vertex 49.9088 -45.0419 3
    endloop
  endfacet
  facet normal 0 0 1
    outer loop
      vertex 49.9088 -45.0419 3
      vertex 42.7356 -41.8279 3
      vertex 49.6382 -46.0521 3
    endloop
  endfacet
  facet normal 0 0 1
    outer loop
      vertex 50 44 3
      vertex 43.227 40.6398 3
      vertex 43.2901 40 3
    endloop
  endfacet
  facet normal 0 0 1
    outer loop
      vertex 50 44 3
      vertex 43.2268 40.6419 3
      vertex 43.227 40.6398 3
    endloop
  endfacet
  facet normal 0 0 1
    outer loop
      vertex 50 44 3
      vertex 43.2262 40.6438 3
      vertex 43.2268 40.6419 3
    endloop
  endfacet
  facet normal 0 0 1
    outer loop
      vertex 50 44 3
      vertex 43.0396 41.2591 3
      vertex 43.2262 40.6438 3
    endloop
  endfacet
  facet normal 0 0 1
    outer loop
      vertex 50 44 3
      vertex 43.0386 41.2609 3
      vertex 43.0396 41.2591 3
    endloop
  endfacet
  facet normal 0 0 1
    outer loop
      vertex 50 44 3
      vertex 42.7356 41.8279 3
      vertex 43.0386 41.2609 3
    endloop
  endfacet
  facet normal 0 0 1
    outer loop
      vertex 49.6382 46.0521 3
      vertex 42.3277 42.3248 3
      vertex 42.7356 41.8279 3
    endloop
  endfacet
  facet normal 0 0 1
    outer loop
      vertex 49.1962 47 3
      vertex 42.3264 42.3264 3
      vertex 42.3277 42.3248 3
    endloop
  endfacet
  facet normal 0 0 1
    outer loop
      vertex 47 49.1962 3
      vertex 42.3248 42.3277 3
      vertex 42.3264 42.3264 3
    endloop
  endfacet
  facet normal 0 0 1
    outer loop
      vertex 46.0521 49.6382 3
      vertex 41.8279 42.7356 3
      vertex 42.3248 42.3277 3
    endloop
  endfacet
  facet normal 0 0 1
    outer loop
      vertex 44 50 3
      vertex 41.2609 43.0386 3
      vertex 41.8279 42.7356 3
    endloop
  endfacet
  facet normal 0 0 1
    outer loop
      vertex 44 50 3
      vertex 41.2591 43.0396 3
      vertex 41.2609 43.0386 3
    endloop
  endfacet
  facet normal 0 0 1
    outer loop
      vertex 44 50 3
      vertex 40.6438 43.2262 3
      vertex 41.2591 43.0396 3
    endloop
  endfacet
  facet normal 0 0 1
    outer loop
      vertex 44 50 3
      vertex 40.6419 43.2268 3
      vertex 40.6438 43.2262 3
    endloop
  endfacet
  facet normal 0 0 1
    outer loop
      vertex 44 50 3
      vertex 40.6398 43.227 3
      vertex 40.6419 43.2268 3
    endloop
  endfacet
  facet normal 0 0 1
    outer loop
      vertex 44 50 3
      vertex 40 43.2901 3
      vertex 40.6398 43.227 3
    endloop
  endfacet
  facet normal 0 0 1
    outer loop
      vertex 44 50 3
      vertex 39.3602 43.227 3
      vertex 40 43.2901 3
    endloop
  endfacet
  facet normal 0 0 1
    outer loop
      vertex 44 50 3
      vertex 39.3581 43.2268 3
      vertex 39.3602 43.227 3
    endloop
  endfacet
  facet normal 0 0 1
    outer loop
      vertex 44 50 3
      vertex 39.3562 43.2262 3
      vertex 39.3581 43.2268 3
    endloop
  endfacet
  facet normal 0 0 1
    outer loop
      vertex 44 50 3
      vertex 38.7409 43.0396 3
      vertex 39.3562 43.2262 3
    endloop
  endfacet
  facet normal 0 0 1
    outer loop
      vertex 44 50 3
      vertex 38.7391 43.0386 3
      vertex 38.7409 43.0396 3
    endloop
  endfacet
  facet normal 0 0 1
    outer loop
      vertex 44 50 3
      vertex 38.1721 42.7356 3
      vertex 38.7391 43.0386 3
    endloop
  endfacet
  facet normal 0 0 1
    outer loop
      vertex 44 50 3
      vertex 37.6752 42.3277 3
      vertex 38.1721 42.7356 3
    endloop
  endfacet
  facet normal 0 0 1
    outer loop
      vertex 44 50 3
      vertex 37.6736 42.3264 3
      vertex 37.6752 42.3277 3
    endloop
  endfacet
  facet normal 0 0 1
    outer loop
      vertex 37.6736 42.3264 3
      vertex 37.2644 41.8279 3
      vertex 37.6723 42.3248 3
    endloop
  endfacet
  facet normal 0 0 1
    outer loop
      vertex 37.2644 41.8279 3
      vertex 36.9604 41.2591 3
      vertex 36.9614 41.2609 3
    endloop
  endfacet
  facet normal 0 0 1
    outer loop
      vertex 36.7732 -39.3581 3
      vertex 19.5 -32 3
      vertex 36.7729 -39.3602 3
    endloop
  endfacet
  facet normal 0 0 1
    outer loop
      vertex -36.7099 40 3
      vertex 36.7099 40 3
      vertex 36.7729 40.6398 3
    endloop
  endfacet
  facet normal 0 0 1
    outer loop
      vertex -36.7729 40.6398 3
      vertex 36.7729 40.6398 3
      vertex 36.7732 40.6419 3
    endloop
  endfacet
  facet normal 0 0 1
    outer loop
      vertex -36.7732 40.6419 3
      vertex 36.7732 40.6419 3
      vertex 36.7738 40.6438 3
    endloop
  endfacet
  facet normal 0 0 1
    outer loop
      vertex -36.7732 40.6419 3
      vertex 36.7738 40.6438 3
      vertex 36.9604 41.2591 3
    endloop
  endfacet
  facet normal 0 0 1
    outer loop
      vertex 37.6723 37.6752 3
      vertex 16.5 -4 3
      vertex 19.5 -4 3
    endloop
  endfacet
  facet normal 0 0 1
    outer loop
      vertex 16.5 -4 3
      vertex 7.5 -4 3
      vertex 16.5 -32 3
    endloop
  endfacet
  facet normal 0 0 1
    outer loop
      vertex 37.2644 38.1721 3
      vertex 7.5 -4 3
      vertex 16.5 -4 3
    endloop
  endfacet
  facet normal 0 0 1
    outer loop
      vertex -36.9604 41.2591 3
      vertex 36.9604 41.2591 3
      vertex 37.2644 41.8279 3
    endloop
  endfacet
  facet normal 0 0 1
    outer loop
      vertex 36.9604 38.7409 3
      vertex 4.5 -4 3
      vertex 7.5 -4 3
    endloop
  endfacet
  facet normal 0 0 1
    outer loop
      vertex 4.5 -4 3
      vertex -4.5 -4 3
      vertex 4.5 -32 3
    endloop
  endfacet
  facet normal 0 0 1
    outer loop
      vertex 36.7729 39.3602 3
      vertex -36.7729 39.3602 3
      vertex 36.7732 39.3581 3
    endloop
  endfacet
  facet normal 0 0 1
    outer loop
      vertex -37.2644 41.8279 3
      vertex 37.2644 41.8279 3
      vertex 37.6736 42.3264 3
    endloop
  endfacet
  facet normal 0 0 1
    outer loop
      vertex -37.6736 42.3264 3
      vertex 37.6736 42.3264 3
      vertex 44 50 3
    endloop
  endfacet
  facet normal 0 0 1
    outer loop
      vertex -36.7732 39.3581 3
      vertex 36.7732 39.3581 3
      vertex -36.7729 39.3602 3
    endloop
  endfacet
  facet normal 0 0 1
    outer loop
      vertex -7.5 -4 3
      vertex -16.5 -4 3
      vertex -7.5 -32 3
    endloop
  endfacet
  facet normal 0 0 1
    outer loop
      vertex 36.7732 39.3581 3
      vertex -36.7732 39.3581 3
      vertex 4.5 -4 3
    endloop
  endfacet
  facet normal 0 0 1
    outer loop
      vertex 4.5 -4 3
      vertex -36.7732 39.3581 3
      vertex -4.5 -4 3
    endloop
  endfacet
  facet normal -0 0 1
    outer loop
      vertex -36.9604 38.7409 3
      vertex -4.5 -4 3
      vertex -36.7738 39.3562 3
    endloop
  endfacet
  facet normal -0 0 1
    outer loop
      vertex -36.7738 39.3562 3
      vertex -4.5 -4 3
      vertex -36.7732 39.3581 3
    endloop
  endfacet
  facet normal 0 0 1
    outer loop
      vertex 36.7729 40.6398 3
      vertex -36.7729 40.6398 3
      vertex -36.7099 40 3
    endloop
  endfacet
  facet normal 0 0 1
    outer loop
      vertex 36.7732 40.6419 3
      vertex -36.7732 40.6419 3
      vertex -36.7729 40.6398 3
    endloop
  endfacet
  facet normal 0 0 1
    outer loop
      vertex 36.9604 41.2591 3
      vertex -36.7738 40.6438 3
      vertex -36.7732 40.6419 3
    endloop
  endfacet
  facet normal 0 0 1
    outer loop
      vertex 36.9604 41.2591 3
      vertex -36.9604 41.2591 3
      vertex -36.7738 40.6438 3
    endloop
  endfacet
  facet normal 0 0 1
    outer loop
      vertex 37.2644 41.8279 3
      vertex -36.9614 41.2609 3
      vertex -36.9604 41.2591 3
    endloop
  endfacet
  facet normal 0 0 1
    outer loop
      vertex 37.2644 41.8279 3
      vertex -37.2644 41.8279 3
      vertex -36.9614 41.2609 3
    endloop
  endfacet
  facet normal 0 0 1
    outer loop
      vertex 37.6736 42.3264 3
      vertex -37.6723 42.3248 3
      vertex -37.2644 41.8279 3
    endloop
  endfacet
  facet normal 0 0 1
    outer loop
      vertex 37.6736 42.3264 3
      vertex -37.6736 42.3264 3
      vertex -37.6723 42.3248 3
    endloop
  endfacet
  facet normal -0 0 1
    outer loop
      vertex -44 50 3
      vertex -37.6736 42.3264 3
      vertex 44 50 3
    endloop
  endfacet
  facet normal 0 0 1
    outer loop
      vertex -37.6736 42.3264 3
      vertex -44 50 3
      vertex -37.6752 42.3277 3
    endloop
  endfacet
  facet normal 0 0 1
    outer loop
      vertex -37.6752 42.3277 3
      vertex -44 50 3
      vertex -38.1721 42.7356 3
    endloop
  endfacet
  facet normal 0 0 1
    outer loop
      vertex -38.1721 42.7356 3
      vertex -44 50 3
      vertex -38.7391 43.0386 3
    endloop
  endfacet
  facet normal 0 0 1
    outer loop
      vertex -38.7391 43.0386 3
      vertex -44 50 3
      vertex -38.7409 43.0396 3
    endloop
  endfacet
  facet normal 0 0 1
    outer loop
      vertex -38.7409 43.0396 3
      vertex -44 50 3
      vertex -39.3562 43.2262 3
    endloop
  endfacet
  facet normal 0 0 1
    outer loop
      vertex -39.3562 43.2262 3
      vertex -44 50 3
      vertex -39.3581 43.2268 3
    endloop
  endfacet
  facet normal 0 0 1
    outer loop
      vertex -39.3581 43.2268 3
      vertex -44 50 3
      vertex -39.3602 43.227 3
    endloop
  endfacet
  facet normal 0 0 1
    outer loop
      vertex -44 50 3
      vertex -40.6398 43.227 3
      vertex -40 43.2901 3
    endloop
  endfacet
  facet normal 0 0 1
    outer loop
      vertex -44 50 3
      vertex -41.2609 43.0386 3
      vertex -41.2591 43.0396 3
    endloop
  endfacet
  facet normal 0 0 1
    outer loop
      vertex -46.0521 49.6382 3
      vertex -42.3248 42.3277 3
      vertex -41.8279 42.7356 3
    endloop
  endfacet
  facet normal 0 0 1
    outer loop
      vertex -49.1962 47 3
      vertex -42.3277 42.3248 3
      vertex -42.3264 42.3264 3
    endloop
  endfacet
  facet normal 0 0 1
    outer loop
      vertex -50 44 3
      vertex -43.0386 41.2609 3
      vertex -42.7356 41.8279 3
    endloop
  endfacet
  facet normal 0 0 1
    outer loop
      vertex -50 44 3
      vertex -43.227 40.6398 3
      vertex -43.2268 40.6419 3
    endloop
  endfacet
  facet normal -0 0 1
    outer loop
      vertex -49.1962 47 3
      vertex -42.3264 42.3264 3
      vertex -48.5963 47.8567 3
    endloop
  endfacet
  facet normal -0 0 1
    outer loop
      vertex -48.5963 47.8567 3
      vertex -42.3264 42.3264 3
      vertex -47.8567 48.5963 3
    endloop
  endfacet
  facet normal -0 0 1
    outer loop
      vertex -47.8567 48.5963 3
      vertex -42.3264 42.3264 3
      vertex -47 49.1962 3
    endloop
  endfacet
  facet normal 0 0 1
    outer loop
      vertex -42.3248 42.3277 3
      vertex -47 49.1962 3
      vertex -42.3264 42.3264 3
    endloop
  endfacet
  facet normal -0 0 1
    outer loop
      vertex -47 49.1962 3
      vertex -42.3248 42.3277 3
      vertex -46.0521 49.6382 3
    endloop
  endfacet
  facet normal -0 0 1
    outer loop
      vertex -46.0521 49.6382 3
      vertex -41.8279 42.7356 3
      vertex -45.0419 49.9088 3
    endloop
  endfacet
  facet normal -0 0 1
    outer loop
      vertex -45.0419 49.9088 3
      vertex -41.8279 42.7356 3
      vertex -44 50 3
    endloop
  endfacet
  facet normal 0 0 1
    outer loop
      vertex -41.2609 43.0386 3
      vertex -44 50 3
      vertex -41.8279 42.7356 3
    endloop
  endfacet
  facet normal 0 0 1
    outer loop
      vertex -40.6438 43.2262 3
      vertex -44 50 3
      vertex -41.2591 43.0396 3
    endloop
  endfacet
  facet normal 0 0 1
    outer loop
      vertex -40.6419 43.2268 3
      vertex -44 50 3
      vertex -40.6438 43.2262 3
    endloop
  endfacet
  facet normal 0 0 1
    outer loop
      vertex -40.6398 43.227 3
      vertex -44 50 3
      vertex -40.6419 43.2268 3
    endloop
  endfacet
  facet normal 0 0 1
    outer loop
      vertex -39.3602 43.227 3
      vertex -44 50 3
      vertex -40 43.2901 3
    endloop
  endfacet
  facet normal -0 0 1
    outer loop
      vertex 42.3277 -42.3248 3
      vertex 49.6382 -46.0521 3
      vertex 42.7356 -41.8279 3
    endloop
  endfacet
  facet normal 0 0 1
    outer loop
      vertex 49.6382 -46.0521 3
      vertex 42.3277 -42.3248 3
      vertex 49.1962 -47 3
    endloop
  endfacet
  facet normal -0 0 1
    outer loop
      vertex 42.3264 -42.3264 3
      vertex 49.1962 -47 3
      vertex 42.3277 -42.3248 3
    endloop
  endfacet
  facet normal 0 0 1
    outer loop
      vertex 49.1962 -47 3
      vertex 42.3264 -42.3264 3
      vertex 48.5963 -47.8567 3
    endloop
  endfacet
  facet normal 0 0 1
    outer loop
      vertex 48.5963 -47.8567 3
      vertex 42.3264 -42.3264 3
      vertex 47.8567 -48.5963 3
    endloop
  endfacet
  facet normal 0 0 1
    outer loop
      vertex 47.8567 -48.5963 3
      vertex 42.3264 -42.3264 3
      vertex 47 -49.1962 3
    endloop
  endfacet
  facet normal -0 0 1
    outer loop
      vertex 42.3248 -42.3277 3
      vertex 47 -49.1962 3
      vertex 42.3264 -42.3264 3
    endloop
  endfacet
  facet normal 0 0 1
    outer loop
      vertex 47 -49.1962 3
      vertex 42.3248 -42.3277 3
      vertex 46.0521 -49.6382 3
    endloop
  endfacet
  facet normal -0 0 1
    outer loop
      vertex 41.8279 -42.7356 3
      vertex 46.0521 -49.6382 3
      vertex 42.3248 -42.3277 3
    endloop
  endfacet
  facet normal 0 0 1
    outer loop
      vertex 46.0521 -49.6382 3
      vertex 41.8279 -42.7356 3
      vertex 45.0419 -49.9088 3
    endloop
  endfacet
  facet normal 0 0 1
    outer loop
      vertex 45.0419 -49.9088 3
      vertex 41.8279 -42.7356 3
      vertex 44 -50 3
    endloop
  endfacet
  facet normal -0 0 1
    outer loop
      vertex 41.2609 -43.0386 3
      vertex 44 -50 3
      vertex 41.8279 -42.7356 3
    endloop
  endfacet
  facet normal -0 0 1
    outer loop
      vertex 41.2591 -43.0396 3
      vertex 44 -50 3
      vertex 41.2609 -43.0386 3
    endloop
  endfacet
  facet normal -0 0 1
    outer loop
      vertex 40.6438 -43.2262 3
      vertex 44 -50 3
      vertex 41.2591 -43.0396 3
    endloop
  endfacet
  facet normal -0 0 1
    outer loop
      vertex 40.6419 -43.2268 3
      vertex 44 -50 3
      vertex 40.6438 -43.2262 3
    endloop
  endfacet
  facet normal -0 0 1
    outer loop
      vertex 40.6398 -43.227 3
      vertex 44 -50 3
      vertex 40.6419 -43.2268 3
    endloop
  endfacet
  facet normal -0 0 1
    outer loop
      vertex 40 -43.2901 3
      vertex 44 -50 3
      vertex 40.6398 -43.227 3
    endloop
  endfacet
  facet normal 0 0 1
    outer loop
      vertex 39.3602 -43.227 3
      vertex 44 -50 3
      vertex 40 -43.2901 3
    endloop
  endfacet
  facet normal 0 0 1
    outer loop
      vertex 39.3581 -43.2268 3
      vertex 44 -50 3
      vertex 39.3602 -43.227 3
    endloop
  endfacet
  facet normal 0 0 1
    outer loop
      vertex 39.3562 -43.2262 3
      vertex 44 -50 3
      vertex 39.3581 -43.2268 3
    endloop
  endfacet
  facet normal 0 0 1
    outer loop
      vertex 38.7409 -43.0396 3
      vertex 44 -50 3
      vertex 39.3562 -43.2262 3
    endloop
  endfacet
  facet normal 0 0 1
    outer loop
      vertex 38.7391 -43.0386 3
      vertex 44 -50 3
      vertex 38.7409 -43.0396 3
    endloop
  endfacet
  facet normal 0 0 1
    outer loop
      vertex 38.1721 -42.7356 3
      vertex 44 -50 3
      vertex 38.7391 -43.0386 3
    endloop
  endfacet
  facet normal 0 0 1
    outer loop
      vertex 37.6752 -42.3277 3
      vertex 44 -50 3
      vertex 38.1721 -42.7356 3
    endloop
  endfacet
  facet normal 0 0 1
    outer loop
      vertex 37.6736 -42.3264 3
      vertex 44 -50 3
      vertex 37.6752 -42.3277 3
    endloop
  endfacet
  facet normal 0 0 1
    outer loop
      vertex 16.5 -32 3
      vertex 37.6723 -42.3248 3
      vertex 37.2644 -41.8279 3
    endloop
  endfacet
  facet normal 0 0 1
    outer loop
      vertex 19.5 -32 3
      vertex 36.9614 -41.2609 3
      vertex 36.9604 -41.2591 3
    endloop
  endfacet
  facet normal 0 0 1
    outer loop
      vertex 36.7729 -39.3602 3
      vertex 19.5 -32 3
      vertex 36.7099 -40 3
    endloop
  endfacet
  facet normal 0 0 1
    outer loop
      vertex 36.7099 -40 3
      vertex 19.5 -32 3
      vertex 36.7729 -40.6398 3
    endloop
  endfacet
  facet normal 0 0 1
    outer loop
      vertex 36.7729 -40.6398 3
      vertex 19.5 -32 3
      vertex 36.7732 -40.6419 3
    endloop
  endfacet
  facet normal 0 0 1
    outer loop
      vertex 36.7732 -40.6419 3
      vertex 19.5 -32 3
      vertex 36.7738 -40.6438 3
    endloop
  endfacet
  facet normal 0 0 1
    outer loop
      vertex 36.7738 -40.6438 3
      vertex 19.5 -32 3
      vertex 36.9604 -41.2591 3
    endloop
  endfacet
  facet normal 0 0 1
    outer loop
      vertex 36.9614 -41.2609 3
      vertex 19.5 -32 3
      vertex 37.2644 -41.8279 3
    endloop
  endfacet
  facet normal -0 0 1
    outer loop
      vertex 16.5 -32 3
      vertex 37.2644 -41.8279 3
      vertex 19.5 -32 3
    endloop
  endfacet
  facet normal 0 0 1
    outer loop
      vertex 37.6723 -42.3248 3
      vertex 16.5 -32 3
      vertex 37.6736 -42.3264 3
    endloop
  endfacet
  facet normal -0 0 1
    outer loop
      vertex 7.5 -32 3
      vertex 37.6736 -42.3264 3
      vertex 16.5 -32 3
    endloop
  endfacet
  facet normal 0 0 1
    outer loop
      vertex 7.5 -32 3
      vertex 16.5 -32 3
      vertex 7.5 -4 3
    endloop
  endfacet
  facet normal 0 0 1
    outer loop
      vertex 37.6736 -42.3264 3
      vertex 7.5 -32 3
      vertex 44 -50 3
    endloop
  endfacet
  facet normal -0 0 1
    outer loop
      vertex 4.5 -32 3
      vertex 44 -50 3
      vertex 7.5 -32 3
    endloop
  endfacet
  facet normal 0 0 1
    outer loop
      vertex -4.5 -32 3
      vertex 4.5 -32 3
      vertex -4.5 -4 3
    endloop
  endfacet
  facet normal -0 0 1
    outer loop
      vertex -4.5 -32 3
      vertex 44 -50 3
      vertex 4.5 -32 3
    endloop
  endfacet
  facet normal 0 0 1
    outer loop
      vertex -44 -50 3
      vertex -4.5 -32 3
      vertex -7.5 -32 3
    endloop
  endfacet
  facet normal 0 0 1
    outer loop
      vertex -16.5 -32 3
      vertex -7.5 -32 3
      vertex -16.5 -4 3
    endloop
  endfacet
  facet normal 0 0 1
    outer loop
      vertex -37.6736 -42.3264 3
      vertex -7.5 -32 3
      vertex -16.5 -32 3
    endloop
  endfacet
  facet normal 0 0 1
    outer loop
      vertex -37.2644 -41.8279 3
      vertex -16.5 -32 3
      vertex -19.5 -32 3
    endloop
  endfacet
  facet normal 0 0 1
    outer loop
      vertex -19.5 -4 3
      vertex -36.7099 -40 3
      vertex -19.5 -32 3
    endloop
  endfacet
  facet normal 0 0 1
    outer loop
      vertex -36.7729 -40.6398 3
      vertex -19.5 -32 3
      vertex -36.7099 -40 3
    endloop
  endfacet
  facet normal 0 0 1
    outer loop
      vertex -36.7732 -40.6419 3
      vertex -19.5 -32 3
      vertex -36.7729 -40.6398 3
    endloop
  endfacet
  facet normal 0 0 1
    outer loop
      vertex -36.7738 -40.6438 3
      vertex -19.5 -32 3
      vertex -36.7732 -40.6419 3
    endloop
  endfacet
  facet normal 0 0 1
    outer loop
      vertex -36.9604 -41.2591 3
      vertex -19.5 -32 3
      vertex -36.7738 -40.6438 3
    endloop
  endfacet
  facet normal 0 0 1
    outer loop
      vertex -36.9614 -41.2609 3
      vertex -19.5 -32 3
      vertex -36.9604 -41.2591 3
    endloop
  endfacet
  facet normal 0 0 1
    outer loop
      vertex -37.2644 -41.8279 3
      vertex -19.5 -32 3
      vertex -36.9614 -41.2609 3
    endloop
  endfacet
  facet normal 0 0 1
    outer loop
      vertex -16.5 -32 3
      vertex -37.2644 -41.8279 3
      vertex -37.6723 -42.3248 3
    endloop
  endfacet
  facet normal 0 0 1
    outer loop
      vertex -16.5 -32 3
      vertex -37.6723 -42.3248 3
      vertex -37.6736 -42.3264 3
    endloop
  endfacet
  facet normal 0 0 1
    outer loop
      vertex -7.5 -32 3
      vertex -37.6736 -42.3264 3
      vertex -44 -50 3
    endloop
  endfacet
  facet normal 0 0 1
    outer loop
      vertex -44 -50 3
      vertex -37.6736 -42.3264 3
      vertex -37.6752 -42.3277 3
    endloop
  endfacet
  facet normal 0 0 1
    outer loop
      vertex -44 -50 3
      vertex -37.6752 -42.3277 3
      vertex -38.1721 -42.7356 3
    endloop
  endfacet
  facet normal 0 0 1
    outer loop
      vertex -44 -50 3
      vertex -38.1721 -42.7356 3
      vertex -38.7391 -43.0386 3
    endloop
  endfacet
  facet normal 0 0 1
    outer loop
      vertex -44 -50 3
      vertex -38.7391 -43.0386 3
      vertex -38.7409 -43.0396 3
    endloop
  endfacet
  facet normal 0 0 1
    outer loop
      vertex -44 -50 3
      vertex -38.7409 -43.0396 3
      vertex -39.3562 -43.2262 3
    endloop
  endfacet
  facet normal 0 0 1
    outer loop
      vertex -44 -50 3
      vertex -39.3562 -43.2262 3
      vertex -39.3581 -43.2268 3
    endloop
  endfacet
  facet normal 0 0 1
    outer loop
      vertex -44 -50 3
      vertex -39.3581 -43.2268 3
      vertex -39.3602 -43.227 3
    endloop
  endfacet
  facet normal 0 0 1
    outer loop
      vertex -44 -50 3
      vertex -39.3602 -43.227 3
      vertex -40 -43.2901 3
    endloop
  endfacet
  facet normal 0 0 1
    outer loop
      vertex -44 -50 3
      vertex -40.6398 -43.227 3
      vertex -40.6419 -43.2268 3
    endloop
  endfacet
  facet normal 0 0 1
    outer loop
      vertex -44 -50 3
      vertex -41.2609 -43.0386 3
      vertex -41.8279 -42.7356 3
    endloop
  endfacet
  facet normal 0 0 1
    outer loop
      vertex -47 -49.1962 3
      vertex -42.3248 -42.3277 3
      vertex -42.3264 -42.3264 3
    endloop
  endfacet
  facet normal 0 0 1
    outer loop
      vertex -49.6382 -46.0521 3
      vertex -42.3277 -42.3248 3
      vertex -42.7356 -41.8279 3
    endloop
  endfacet
  facet normal 0 0 1
    outer loop
      vertex -50 -44 3
      vertex -43.0386 -41.2609 3
      vertex -43.0396 -41.2591 3
    endloop
  endfacet
  facet normal 0 0 1
    outer loop
      vertex -50 -44 3
      vertex -43.227 -40.6398 3
      vertex -43.2901 -40 3
    endloop
  endfacet
  facet normal 0 0 1
    outer loop
      vertex -4.5 -32 3
      vertex -44 -50 3
      vertex 44 -50 3
    endloop
  endfacet
  facet normal 0 0 1
    outer loop
      vertex -40.6398 -43.227 3
      vertex -44 -50 3
      vertex -40 -43.2901 3
    endloop
  endfacet
  facet normal 0 0 1
    outer loop
      vertex -40.6438 -43.2262 3
      vertex -44 -50 3
      vertex -40.6419 -43.2268 3
    endloop
  endfacet
  facet normal 0 0 1
    outer loop
      vertex -41.2591 -43.0396 3
      vertex -44 -50 3
      vertex -40.6438 -43.2262 3
    endloop
  endfacet
  facet normal 0 0 1
    outer loop
      vertex -41.2609 -43.0386 3
      vertex -44 -50 3
      vertex -41.2591 -43.0396 3
    endloop
  endfacet
  facet normal 0 0 1
    outer loop
      vertex -42.3248 -42.3277 3
      vertex -46.0521 -49.6382 3
      vertex -41.8279 -42.7356 3
    endloop
  endfacet
  facet normal 0 -0 1
    outer loop
      vertex -49.1962 -47 3
      vertex -42.3277 -42.3248 3
      vertex -49.6382 -46.0521 3
    endloop
  endfacet
  facet normal 0 0 1
    outer loop
      vertex -43.0386 -41.2609 3
      vertex -50 -44 3
      vertex -42.7356 -41.8279 3
    endloop
  endfacet
  facet normal 0 0 1
    outer loop
      vertex -50 -44 3
      vertex -43.0396 -41.2591 3
      vertex -43.2262 -40.6438 3
    endloop
  endfacet
  facet normal 0 0 1
    outer loop
      vertex -50 -44 3
      vertex -43.2262 -40.6438 3
      vertex -43.2268 -40.6419 3
    endloop
  endfacet
  facet normal 0 0 1
    outer loop
      vertex -43.227 -40.6398 3
      vertex -50 -44 3
      vertex -43.2268 -40.6419 3
    endloop
  endfacet
  facet normal 0 0 1
    outer loop
      vertex -43.2268 -39.3581 3
      vertex -50 -44 3
      vertex -43.227 -39.3602 3
    endloop
  endfacet
  facet normal 0 0 1
    outer loop
      vertex -42.3277 42.3248 3
      vertex -49.1962 47 3
      vertex -49.6382 46.0521 3
    endloop
  endfacet
  facet normal 0 0 1
    outer loop
      vertex -43.227 -39.3602 3
      vertex -50 -44 3
      vertex -43.2901 -40 3
    endloop
  endfacet
  facet normal 0 0 1
    outer loop
      vertex -42.3277 42.3248 3
      vertex -49.6382 46.0521 3
      vertex -42.7356 41.8279 3
    endloop
  endfacet
  facet normal 0 0 1
    outer loop
      vertex -42.7356 -41.8279 3
      vertex -50 -44 3
      vertex -49.9088 -45.0419 3
    endloop
  endfacet
  facet normal -0 0 1
    outer loop
      vertex -49.9088 45.0419 3
      vertex -42.7356 41.8279 3
      vertex -49.6382 46.0521 3
    endloop
  endfacet
  facet normal 0 0 1
    outer loop
      vertex -41.8279 -42.7356 3
      vertex -45.0419 -49.9088 3
      vertex -44 -50 3
    endloop
  endfacet
  facet normal -0 0 1
    outer loop
      vertex -50 44 3
      vertex -42.7356 41.8279 3
      vertex -49.9088 45.0419 3
    endloop
  endfacet
  facet normal 0 0 1
    outer loop
      vertex -41.8279 -42.7356 3
      vertex -46.0521 -49.6382 3
      vertex -45.0419 -49.9088 3
    endloop
  endfacet
  facet normal 0 0 1
    outer loop
      vertex -43.0386 41.2609 3
      vertex -50 44 3
      vertex -43.0396 41.2591 3
    endloop
  endfacet
  facet normal 0 0 1
    outer loop
      vertex -42.3248 -42.3277 3
      vertex -47 -49.1962 3
      vertex -46.0521 -49.6382 3
    endloop
  endfacet
  facet normal 0 0 1
    outer loop
      vertex -43.0396 41.2591 3
      vertex -50 44 3
      vertex -43.2262 40.6438 3
    endloop
  endfacet
  facet normal 0 0 1
    outer loop
      vertex -42.3264 -42.3264 3
      vertex -47.8567 -48.5963 3
      vertex -47 -49.1962 3
    endloop
  endfacet
  facet normal 0 0 1
    outer loop
      vertex -43.2262 40.6438 3
      vertex -50 44 3
      vertex -43.2268 40.6419 3
    endloop
  endfacet
  facet normal 0 0 1
    outer loop
      vertex -42.3264 -42.3264 3
      vertex -48.5963 -47.8567 3
      vertex -47.8567 -48.5963 3
    endloop
  endfacet
  facet normal 0 0 1
    outer loop
      vertex -43.227 40.6398 3
      vertex -50 44 3
      vertex -43.2901 40 3
    endloop
  endfacet
  facet normal 0 0 1
    outer loop
      vertex -42.3264 -42.3264 3
      vertex -49.1962 -47 3
      vertex -48.5963 -47.8567 3
    endloop
  endfacet
  facet normal 0 0 1
    outer loop
      vertex -42.3277 -42.3248 3
      vertex -49.1962 -47 3
      vertex -42.3264 -42.3264 3
    endloop
  endfacet
  facet normal 0 0 1
    outer loop
      vertex -42.7356 -41.8279 3
      vertex -49.9088 -45.0419 3
      vertex -49.6382 -46.0521 3
    endloop
  endfacet
  facet normal 1 -0 0
    outer loop
      vertex 50 -44 3
      vertex 50 44 0
      vertex 50 44 3
    endloop
  endfacet
  facet normal 1 0 0
    outer loop
      vertex 50 44 0
      vertex 50 -44 3
      vertex 50 -44 0
    endloop
  endfacet
  facet normal -0.258746 -0.965945 0
    outer loop
      vertex -46.0521 -49.6382 0
      vertex -45.0419 -49.9088 3
      vertex -46.0521 -49.6382 3
    endloop
  endfacet
  facet normal -0.258746 -0.965945 -0
    outer loop
      vertex -45.0419 -49.9088 3
      vertex -46.0521 -49.6382 0
      vertex -45.0419 -49.9088 0
    endloop
  endfacet
  facet normal -1 0 0
    outer loop
      vertex -50 -44 0
      vertex -50 44 3
      vertex -50 44 0
    endloop
  endfacet
  facet normal -1 -0 0
    outer loop
      vertex -50 44 3
      vertex -50 -44 0
      vertex -50 -44 3
    endloop
  endfacet
  facet normal 0 0 -1
    outer loop
      vertex -38.6247 -39.0008 0
      vertex -19.5 -32 0
      vertex -38.447 -39.3085 0
    endloop
  endfacet
  facet normal 0 0 -1
    outer loop
      vertex -19.5 -4 0
      vertex -38.3372 39.6465 0
      vertex -38.3 40 0
    endloop
  endfacet
  facet normal 0 0 -1
    outer loop
      vertex -38.8625 -38.7367 0
      vertex -19.5 -32 0
      vertex -38.6247 -39.0008 0
    endloop
  endfacet
  facet normal 0 0 -1
    outer loop
      vertex -19.5 -4 0
      vertex -38.447 39.3085 0
      vertex -38.3372 39.6465 0
    endloop
  endfacet
  facet normal 0 0 -1
    outer loop
      vertex -39.15 -38.5278 0
      vertex -19.5 -32 0
      vertex -38.8625 -38.7367 0
    endloop
  endfacet
  facet normal 0 0 -1
    outer loop
      vertex -19.5 -4 0
      vertex -38.6247 39.0008 0
      vertex -38.447 39.3085 0
    endloop
  endfacet
  facet normal 0 0 -1
    outer loop
      vertex -39.4747 -38.3832 0
      vertex -19.5 -32 0
      vertex -39.15 -38.5278 0
    endloop
  endfacet
  facet normal 0 0 -1
    outer loop
      vertex -19.5 -4 0
      vertex -38.8625 38.7367 0
      vertex -38.6247 39.0008 0
    endloop
  endfacet
  facet normal -0 0 -1
    outer loop
      vertex -19.5 -32 0
      vertex -39.4747 -38.3832 0
      vertex -19.5 -4 0
    endloop
  endfacet
  facet normal 0 0 -1
    outer loop
      vertex -19.5 -4 0
      vertex -39.15 38.5278 0
      vertex -38.8625 38.7367 0
    endloop
  endfacet
  facet normal 0 0 -1
    outer loop
      vertex -39.8223 -38.3093 0
      vertex -19.5 -4 0
      vertex -39.4747 -38.3832 0
    endloop
  endfacet
  facet normal 0 0 -1
    outer loop
      vertex -19.5 -4 0
      vertex -39.4747 38.3832 0
      vertex -39.15 38.5278 0
    endloop
  endfacet
  facet normal 0 0 -1
    outer loop
      vertex -40.1777 -38.3093 0
      vertex -19.5 -4 0
      vertex -39.8223 -38.3093 0
    endloop
  endfacet
  facet normal 0 0 -1
    outer loop
      vertex -19.5 -4 0
      vertex -39.8223 38.3093 0
      vertex -39.4747 38.3832 0
    endloop
  endfacet
  facet normal 0 0 -1
    outer loop
      vertex -40.5253 -38.3832 0
      vertex -19.5 -4 0
      vertex -40.1777 -38.3093 0
    endloop
  endfacet
  facet normal 0 0 -1
    outer loop
      vertex -19.5 -4 0
      vertex -40.1777 38.3093 0
      vertex -39.8223 38.3093 0
    endloop
  endfacet
  facet normal 0 0 -1
    outer loop
      vertex -40.85 -38.5278 0
      vertex -19.5 -4 0
      vertex -40.5253 -38.3832 0
    endloop
  endfacet
  facet normal 0 0 -1
    outer loop
      vertex -19.5 -4 0
      vertex -40.5253 38.3832 0
      vertex -40.1777 38.3093 0
    endloop
  endfacet
  facet normal 0 0 -1
    outer loop
      vertex -40.85 38.5278 0
      vertex -19.5 -4 0
      vertex -40.85 -38.5278 0
    endloop
  endfacet
  facet normal 0 0 -1
    outer loop
      vertex -19.5 -4 0
      vertex -40.85 38.5278 0
      vertex -40.5253 38.3832 0
    endloop
  endfacet
  facet normal 0 0 -1
    outer loop
      vertex -41.1375 -38.7367 0
      vertex -40.85 38.5278 0
      vertex -40.85 -38.5278 0
    endloop
  endfacet
  facet normal 0 0 -1
    outer loop
      vertex -41.1375 -38.7367 0
      vertex -41.1375 38.7367 0
      vertex -40.85 38.5278 0
    endloop
  endfacet
  facet normal 0 0 -1
    outer loop
      vertex -50 -44 0
      vertex -41.1375 -38.7367 0
      vertex -41.3753 -39.0008 0
    endloop
  endfacet
  facet normal -0 0 -1
    outer loop
      vertex -41.1375 -38.7367 0
      vertex -50 -44 0
      vertex -41.1375 38.7367 0
    endloop
  endfacet
  facet normal 0 0 -1
    outer loop
      vertex -50 -44 0
      vertex -41.3753 -39.0008 0
      vertex -41.553 -39.3085 0
    endloop
  endfacet
  facet normal 0 0 -1
    outer loop
      vertex -50 44 0
      vertex -41.1375 38.7367 0
      vertex -50 -44 0
    endloop
  endfacet
  facet normal 0 0 -1
    outer loop
      vertex -50 -44 0
      vertex -41.553 -39.3085 0
      vertex -41.6628 -39.6465 0
    endloop
  endfacet
  facet normal 0 0 -1
    outer loop
      vertex -41.1375 38.7367 0
      vertex -50 44 0
      vertex -41.3753 39.0008 0
    endloop
  endfacet
  facet normal 0 0 -1
    outer loop
      vertex -50 -44 0
      vertex -41.6628 -39.6465 0
      vertex -41.7 -40 0
    endloop
  endfacet
  facet normal 0 0 -1
    outer loop
      vertex -41.3753 39.0008 0
      vertex -50 44 0
      vertex -41.553 39.3085 0
    endloop
  endfacet
  facet normal 0 0 -1
    outer loop
      vertex 41.3753 -39.0008 0
      vertex 50 -44 0
      vertex 41.553 -39.3085 0
    endloop
  endfacet
  facet normal 0 0 -1
    outer loop
      vertex 50 44 0
      vertex 41.6628 39.6465 0
      vertex 41.7 40 0
    endloop
  endfacet
  facet normal 0 0 -1
    outer loop
      vertex 41.1375 -38.7367 0
      vertex 50 -44 0
      vertex 41.3753 -39.0008 0
    endloop
  endfacet
  facet normal 0 0 -1
    outer loop
      vertex 50 44 0
      vertex 41.553 39.3085 0
      vertex 41.6628 39.6465 0
    endloop
  endfacet
  facet normal 0 0 -1
    outer loop
      vertex 50 -44 0
      vertex 41.1375 -38.7367 0
      vertex 50 44 0
    endloop
  endfacet
  facet normal 0 0 -1
    outer loop
      vertex 50 44 0
      vertex 41.3753 39.0008 0
      vertex 41.553 39.3085 0
    endloop
  endfacet
  facet normal 0 0 -1
    outer loop
      vertex 41.1375 38.7367 0
      vertex 50 44 0
      vertex 41.1375 -38.7367 0
    endloop
  endfacet
  facet normal 0 0 -1
    outer loop
      vertex 50 44 0
      vertex 41.1375 38.7367 0
      vertex 41.3753 39.0008 0
    endloop
  endfacet
  facet normal 0 0 -1
    outer loop
      vertex 40.85 -38.5278 0
      vertex 41.1375 38.7367 0
      vertex 41.1375 -38.7367 0
    endloop
  endfacet
  facet normal 0 0 -1
    outer loop
      vertex 40.85 -38.5278 0
      vertex 40.85 38.5278 0
      vertex 41.1375 38.7367 0
    endloop
  endfacet
  facet normal 0 0 -1
    outer loop
      vertex 19.5 -4 0
      vertex 40.85 -38.5278 0
      vertex 40.5253 -38.3832 0
    endloop
  endfacet
  facet normal 0 0 -1
    outer loop
      vertex 40.85 -38.5278 0
      vertex 19.5 -4 0
      vertex 40.85 38.5278 0
    endloop
  endfacet
  facet normal 0 0 -1
    outer loop
      vertex 19.5 -4 0
      vertex 40.5253 -38.3832 0
      vertex 40.1777 -38.3093 0
    endloop
  endfacet
  facet normal 0 0 -1
    outer loop
      vertex 40.85 38.5278 0
      vertex 19.5 -4 0
      vertex 40.5253 38.3832 0
    endloop
  endfacet
  facet normal 0 0 -1
    outer loop
      vertex 19.5 -4 0
      vertex 40.1777 -38.3093 0
      vertex 39.8223 -38.3093 0
    endloop
  endfacet
  facet normal 0 0 -1
    outer loop
      vertex 40.5253 38.3832 0
      vertex 19.5 -4 0
      vertex 40.1777 38.3093 0
    endloop
  endfacet
  facet normal 0 0 -1
    outer loop
      vertex 19.5 -4 0
      vertex 39.8223 -38.3093 0
      vertex 39.4747 -38.3832 0
    endloop
  endfacet
  facet normal -0 0 -1
    outer loop
      vertex 40.1777 38.3093 0
      vertex 19.5 -4 0
      vertex 39.8223 38.3093 0
    endloop
  endfacet
  facet normal 0 0 -1
    outer loop
      vertex 19.5 -32 0
      vertex 39.4747 -38.3832 0
      vertex 39.15 -38.5278 0
    endloop
  endfacet
  facet normal -0 0 -1
    outer loop
      vertex 39.8223 38.3093 0
      vertex 19.5 -4 0
      vertex 39.4747 38.3832 0
    endloop
  endfacet
  facet normal 0 0 -1
    outer loop
      vertex 19.5 -32 0
      vertex 39.15 -38.5278 0
      vertex 38.8625 -38.7367 0
    endloop
  endfacet
  facet normal -0 0 -1
    outer loop
      vertex 39.4747 38.3832 0
      vertex 19.5 -4 0
      vertex 39.15 38.5278 0
    endloop
  endfacet
  facet normal 0 0 -1
    outer loop
      vertex 19.5 -32 0
      vertex 38.8625 -38.7367 0
      vertex 38.6247 -39.0008 0
    endloop
  endfacet
  facet normal -0 0 -1
    outer loop
      vertex 39.15 38.5278 0
      vertex 19.5 -4 0
      vertex 38.8625 38.7367 0
    endloop
  endfacet
  facet normal 0 0 -1
    outer loop
      vertex 19.5 -32 0
      vertex 38.6247 -39.0008 0
      vertex 38.447 -39.3085 0
    endloop
  endfacet
  facet normal -0 0 -1
    outer loop
      vertex 38.8625 38.7367 0
      vertex 19.5 -4 0
      vertex 38.6247 39.0008 0
    endloop
  endfacet
  facet normal 0 0 -1
    outer loop
      vertex 19.5 -32 0
      vertex 38.447 -39.3085 0
      vertex 38.3372 -39.6465 0
    endloop
  endfacet
  facet normal 0 0 -1
    outer loop
      vertex 16.5 -4 0
      vertex 38.6247 39.0008 0
      vertex 19.5 -4 0
    endloop
  endfacet
  facet normal 0 0 -1
    outer loop
      vertex 19.5 -32 0
      vertex 38.3372 -39.6465 0
      vertex 38.3 -40 0
    endloop
  endfacet
  facet normal -0 0 -1
    outer loop
      vertex 38.6247 39.0008 0
      vertex 16.5 -4 0
      vertex 38.447 39.3085 0
    endloop
  endfacet
  facet normal 0 0 -1
    outer loop
      vertex 41.3753 -40.9992 0
      vertex 50 -44 0
      vertex 49.9088 -45.0419 0
    endloop
  endfacet
  facet normal 0 0 -1
    outer loop
      vertex 41.6628 -39.6465 0
      vertex 50 -44 0
      vertex 41.7 -40 0
    endloop
  endfacet
  facet normal 0 0 -1
    outer loop
      vertex 41.3753 -40.9992 0
      vertex 49.9088 -45.0419 0
      vertex 49.6382 -46.0521 0
    endloop
  endfacet
  facet normal 0 0 -1
    outer loop
      vertex 41.553 -39.3085 0
      vertex 50 -44 0
      vertex 41.6628 -39.6465 0
    endloop
  endfacet
  facet normal 0 0 -1
    outer loop
      vertex 41.3753 -40.9992 0
      vertex 49.6382 -46.0521 0
      vertex 49.1962 -47 0
    endloop
  endfacet
  facet normal 0 0 -1
    outer loop
      vertex 41.6628 40.3535 0
      vertex 50 44 0
      vertex 41.7 40 0
    endloop
  endfacet
  facet normal 0 0 -1
    outer loop
      vertex 41.1375 -41.2633 0
      vertex 49.1962 -47 0
      vertex 48.5963 -47.8567 0
    endloop
  endfacet
  facet normal 0 0 -1
    outer loop
      vertex 41.553 40.6915 0
      vertex 50 44 0
      vertex 41.6628 40.3535 0
    endloop
  endfacet
  facet normal 0 0 -1
    outer loop
      vertex 41.1375 -41.2633 0
      vertex 48.5963 -47.8567 0
      vertex 47.8567 -48.5963 0
    endloop
  endfacet
  facet normal 0 0 -1
    outer loop
      vertex 41.3753 40.9992 0
      vertex 50 44 0
      vertex 41.553 40.6915 0
    endloop
  endfacet
  facet normal 0 0 -1
    outer loop
      vertex 41.1375 -41.2633 0
      vertex 47.8567 -48.5963 0
      vertex 47 -49.1962 0
    endloop
  endfacet
  facet normal -0 0 -1
    outer loop
      vertex 50 44 0
      vertex 41.3753 40.9992 0
      vertex 49.9088 45.0419 0
    endloop
  endfacet
  facet normal 0 0 -1
    outer loop
      vertex 41.1375 -41.2633 0
      vertex 47 -49.1962 0
      vertex 46.0521 -49.6382 0
    endloop
  endfacet
  facet normal -0 0 -1
    outer loop
      vertex 49.9088 45.0419 0
      vertex 41.3753 40.9992 0
      vertex 49.6382 46.0521 0
    endloop
  endfacet
  facet normal 0 0 -1
    outer loop
      vertex 41.1375 -41.2633 0
      vertex 46.0521 -49.6382 0
      vertex 45.0419 -49.9088 0
    endloop
  endfacet
  facet normal -0 0 -1
    outer loop
      vertex 49.6382 46.0521 0
      vertex 41.3753 40.9992 0
      vertex 49.1962 47 0
    endloop
  endfacet
  facet normal 0 0 -1
    outer loop
      vertex 41.1375 -41.2633 0
      vertex 45.0419 -49.9088 0
      vertex 44 -50 0
    endloop
  endfacet
  facet normal 0 0 -1
    outer loop
      vertex 41.1375 41.2633 0
      vertex 49.1962 47 0
      vertex 41.3753 40.9992 0
    endloop
  endfacet
  facet normal -0 0 -1
    outer loop
      vertex 49.1962 47 0
      vertex 41.1375 41.2633 0
      vertex 48.5963 47.8567 0
    endloop
  endfacet
  facet normal 0 0 -1
    outer loop
      vertex 50 -44 0
      vertex 41.6628 -40.3535 0
      vertex 41.7 -40 0
    endloop
  endfacet
  facet normal 0 0 -1
    outer loop
      vertex 50 -44 0
      vertex 41.553 -40.6915 0
      vertex 41.6628 -40.3535 0
    endloop
  endfacet
  facet normal 0 0 -1
    outer loop
      vertex 50 -44 0
      vertex 41.3753 -40.9992 0
      vertex 41.553 -40.6915 0
    endloop
  endfacet
  facet normal 0 0 -1
    outer loop
      vertex 49.1962 -47 0
      vertex 41.1375 -41.2633 0
      vertex 41.3753 -40.9992 0
    endloop
  endfacet
  facet normal 0 0 -1
    outer loop
      vertex 44 -50 0
      vertex 40.85 -41.4722 0
      vertex 41.1375 -41.2633 0
    endloop
  endfacet
  facet normal 0 0 -1
    outer loop
      vertex 44 -50 0
      vertex 40.5253 -41.6168 0
      vertex 40.85 -41.4722 0
    endloop
  endfacet
  facet normal 0 0 -1
    outer loop
      vertex 44 -50 0
      vertex 40.1777 -41.6907 0
      vertex 40.5253 -41.6168 0
    endloop
  endfacet
  facet normal 0 0 -1
    outer loop
      vertex 44 -50 0
      vertex 39.8223 -41.6907 0
      vertex 40.1777 -41.6907 0
    endloop
  endfacet
  facet normal 0 0 -1
    outer loop
      vertex 44 -50 0
      vertex 39.4747 -41.6168 0
      vertex 39.8223 -41.6907 0
    endloop
  endfacet
  facet normal 0 0 -1
    outer loop
      vertex 44 -50 0
      vertex 39.15 -41.4722 0
      vertex 39.4747 -41.6168 0
    endloop
  endfacet
  facet normal 0 0 -1
    outer loop
      vertex 44 -50 0
      vertex 38.8625 -41.2633 0
      vertex 39.15 -41.4722 0
    endloop
  endfacet
  facet normal 0 0 -1
    outer loop
      vertex 44 -50 0
      vertex 38.6247 -40.9992 0
      vertex 38.8625 -41.2633 0
    endloop
  endfacet
  facet normal 0 0 -1
    outer loop
      vertex 39.4747 -38.3832 0
      vertex 19.5 -32 0
      vertex 19.5 -4 0
    endloop
  endfacet
  facet normal 0 0 -1
    outer loop
      vertex 38.3372 -40.3535 0
      vertex 19.5 -32 0
      vertex 38.3 -40 0
    endloop
  endfacet
  facet normal 0 0 -1
    outer loop
      vertex 38.447 -40.6915 0
      vertex 19.5 -32 0
      vertex 38.3372 -40.3535 0
    endloop
  endfacet
  facet normal 0 0 -1
    outer loop
      vertex 38.6247 -40.9992 0
      vertex 19.5 -32 0
      vertex 38.447 -40.6915 0
    endloop
  endfacet
  facet normal 0 0 -1
    outer loop
      vertex 44 -50 0
      vertex 19.5 -32 0
      vertex 38.6247 -40.9992 0
    endloop
  endfacet
  facet normal 0 0 -1
    outer loop
      vertex 44 -50 0
      vertex 16.5 -32 0
      vertex 19.5 -32 0
    endloop
  endfacet
  facet normal 0 0 -1
    outer loop
      vertex 16.5 -32 0
      vertex 7.5 -32 0
      vertex 16.5 -4 0
    endloop
  endfacet
  facet normal 0 0 -1
    outer loop
      vertex 44 -50 0
      vertex 7.5 -32 0
      vertex 16.5 -32 0
    endloop
  endfacet
  facet normal 0 0 -1
    outer loop
      vertex 44 -50 0
      vertex 4.5 -32 0
      vertex 7.5 -32 0
    endloop
  endfacet
  facet normal 0 0 -1
    outer loop
      vertex 4.5 -32 0
      vertex -4.5 -32 0
      vertex 4.5 -4 0
    endloop
  endfacet
  facet normal 0 0 -1
    outer loop
      vertex 44 -50 0
      vertex -4.5 -32 0
      vertex 4.5 -32 0
    endloop
  endfacet
  facet normal 0 0 -1
    outer loop
      vertex -44 -50 0
      vertex -4.5 -32 0
      vertex 44 -50 0
    endloop
  endfacet
  facet normal 0 0 -1
    outer loop
      vertex -7.5 -32 0
      vertex -16.5 -32 0
      vertex -7.5 -4 0
    endloop
  endfacet
  facet normal -0 0 -1
    outer loop
      vertex -4.5 -32 0
      vertex -44 -50 0
      vertex -7.5 -32 0
    endloop
  endfacet
  facet normal -0 0 -1
    outer loop
      vertex -7.5 -32 0
      vertex -44 -50 0
      vertex -16.5 -32 0
    endloop
  endfacet
  facet normal 0 0 -1
    outer loop
      vertex -38.3372 -39.6465 0
      vertex -19.5 -32 0
      vertex -38.3 -40 0
    endloop
  endfacet
  facet normal -0 0 -1
    outer loop
      vertex -16.5 -32 0
      vertex -44 -50 0
      vertex -19.5 -32 0
    endloop
  endfacet
  facet normal 0 0 -1
    outer loop
      vertex -19.5 -32 0
      vertex -38.3372 -40.3535 0
      vertex -38.3 -40 0
    endloop
  endfacet
  facet normal 0 0 -1
    outer loop
      vertex -19.5 -32 0
      vertex -38.447 -40.6915 0
      vertex -38.3372 -40.3535 0
    endloop
  endfacet
  facet normal 0 0 -1
    outer loop
      vertex -19.5 -32 0
      vertex -38.6247 -40.9992 0
      vertex -38.447 -40.6915 0
    endloop
  endfacet
  facet normal 0 0 -1
    outer loop
      vertex -19.5 -32 0
      vertex -44 -50 0
      vertex -38.6247 -40.9992 0
    endloop
  endfacet
  facet normal 0 0 -1
    outer loop
      vertex -38.6247 -40.9992 0
      vertex -44 -50 0
      vertex -38.8625 -41.2633 0
    endloop
  endfacet
  facet normal 0 0 -1
    outer loop
      vertex -38.8625 -41.2633 0
      vertex -44 -50 0
      vertex -39.15 -41.4722 0
    endloop
  endfacet
  facet normal 0 0 -1
    outer loop
      vertex -39.15 -41.4722 0
      vertex -44 -50 0
      vertex -39.4747 -41.6168 0
    endloop
  endfacet
  facet normal 0 0 -1
    outer loop
      vertex -39.4747 -41.6168 0
      vertex -44 -50 0
      vertex -39.8223 -41.6907 0
    endloop
  endfacet
  facet normal 0 0 -1
    outer loop
      vertex -48.5963 -47.8567 0
      vertex -41.1375 -41.2633 0
      vertex -47.8567 -48.5963 0
    endloop
  endfacet
  facet normal 0 0 -1
    outer loop
      vertex -47.8567 -48.5963 0
      vertex -41.1375 -41.2633 0
      vertex -47 -49.1962 0
    endloop
  endfacet
  facet normal 0 0 -1
    outer loop
      vertex -47 -49.1962 0
      vertex -41.1375 -41.2633 0
      vertex -46.0521 -49.6382 0
    endloop
  endfacet
  facet normal 0 0 -1
    outer loop
      vertex -46.0521 -49.6382 0
      vertex -41.1375 -41.2633 0
      vertex -45.0419 -49.9088 0
    endloop
  endfacet
  facet normal 0 0 -1
    outer loop
      vertex -45.0419 -49.9088 0
      vertex -41.1375 -41.2633 0
      vertex -44 -50 0
    endloop
  endfacet
  facet normal -0 0 -1
    outer loop
      vertex -40.85 -41.4722 0
      vertex -44 -50 0
      vertex -41.1375 -41.2633 0
    endloop
  endfacet
  facet normal -0 0 -1
    outer loop
      vertex -40.5253 -41.6168 0
      vertex -44 -50 0
      vertex -40.85 -41.4722 0
    endloop
  endfacet
  facet normal -0 0 -1
    outer loop
      vertex -40.1777 -41.6907 0
      vertex -44 -50 0
      vertex -40.5253 -41.6168 0
    endloop
  endfacet
  facet normal -0 0 -1
    outer loop
      vertex -39.8223 -41.6907 0
      vertex -44 -50 0
      vertex -40.1777 -41.6907 0
    endloop
  endfacet
  facet normal -0 0 -1
    outer loop
      vertex 48.5963 47.8567 0
      vertex 41.1375 41.2633 0
      vertex 47.8567 48.5963 0
    endloop
  endfacet
  facet normal -0 0 -1
    outer loop
      vertex 47.8567 48.5963 0
      vertex 41.1375 41.2633 0
      vertex 47 49.1962 0
    endloop
  endfacet
  facet normal -0 0 -1
    outer loop
      vertex 47 49.1962 0
      vertex 41.1375 41.2633 0
      vertex 46.0521 49.6382 0
    endloop
  endfacet
  facet normal -0 0 -1
    outer loop
      vertex 46.0521 49.6382 0
      vertex 41.1375 41.2633 0
      vertex 45.0419 49.9088 0
    endloop
  endfacet
  facet normal -0 0 -1
    outer loop
      vertex 45.0419 49.9088 0
      vertex 41.1375 41.2633 0
      vertex 44 50 0
    endloop
  endfacet
  facet normal 0 0 -1
    outer loop
      vertex 40.85 41.4722 0
      vertex 44 50 0
      vertex 41.1375 41.2633 0
    endloop
  endfacet
  facet normal 0 0 -1
    outer loop
      vertex 40.5253 41.6168 0
      vertex 44 50 0
      vertex 40.85 41.4722 0
    endloop
  endfacet
  facet normal 0 0 -1
    outer loop
      vertex 40.1777 41.6907 0
      vertex 44 50 0
      vertex 40.5253 41.6168 0
    endloop
  endfacet
  facet normal 0 0 -1
    outer loop
      vertex 39.8223 41.6907 0
      vertex 44 50 0
      vertex 40.1777 41.6907 0
    endloop
  endfacet
  facet normal 0 0 -1
    outer loop
      vertex 39.4747 41.6168 0
      vertex 44 50 0
      vertex 39.8223 41.6907 0
    endloop
  endfacet
  facet normal 0 0 -1
    outer loop
      vertex 39.15 41.4722 0
      vertex 44 50 0
      vertex 39.4747 41.6168 0
    endloop
  endfacet
  facet normal 0 0 -1
    outer loop
      vertex 38.8625 41.2633 0
      vertex 44 50 0
      vertex 39.15 41.4722 0
    endloop
  endfacet
  facet normal 0 0 -1
    outer loop
      vertex 38.6247 40.9992 0
      vertex 44 50 0
      vertex 38.8625 41.2633 0
    endloop
  endfacet
  facet normal 0 0 -1
    outer loop
      vertex 7.5 -4 0
      vertex 38.447 39.3085 0
      vertex 16.5 -4 0
    endloop
  endfacet
  facet normal -0 0 -1
    outer loop
      vertex 38.447 39.3085 0
      vertex 7.5 -4 0
      vertex 38.3372 39.6465 0
    endloop
  endfacet
  facet normal 0 0 -1
    outer loop
      vertex 4.5 -4 0
      vertex 38.3372 39.6465 0
      vertex 7.5 -4 0
    endloop
  endfacet
  facet normal 0 0 -1
    outer loop
      vertex -38.3 40 0
      vertex 38.3372 39.6465 0
      vertex 4.5 -4 0
    endloop
  endfacet
  facet normal 0 0 -1
    outer loop
      vertex 7.5 -4 0
      vertex 16.5 -4 0
      vertex 7.5 -32 0
    endloop
  endfacet
  facet normal 0 0 -1
    outer loop
      vertex 38.3372 39.6465 0
      vertex -38.3 40 0
      vertex 38.3 40 0
    endloop
  endfacet
  facet normal 0 0 -1
    outer loop
      vertex 38.3 40 0
      vertex -38.3 40 0
      vertex 38.3372 40.3535 0
    endloop
  endfacet
  facet normal 0 0 -1
    outer loop
      vertex -38.3372 40.3535 0
      vertex 38.3372 40.3535 0
      vertex -38.3 40 0
    endloop
  endfacet
  facet normal 0 0 -1
    outer loop
      vertex 38.3372 40.3535 0
      vertex -38.3372 40.3535 0
      vertex 38.447 40.6915 0
    endloop
  endfacet
  facet normal 0 0 -1
    outer loop
      vertex -4.5 -4 0
      vertex 4.5 -4 0
      vertex -4.5 -32 0
    endloop
  endfacet
  facet normal 0 0 -1
    outer loop
      vertex -38.3 40 0
      vertex 4.5 -4 0
      vertex -4.5 -4 0
    endloop
  endfacet
  facet normal 0 0 -1
    outer loop
      vertex -38.3 40 0
      vertex -4.5 -4 0
      vertex -7.5 -4 0
    endloop
  endfacet
  facet normal 0 0 -1
    outer loop
      vertex -16.5 -4 0
      vertex -7.5 -4 0
      vertex -16.5 -32 0
    endloop
  endfacet
  facet normal 0 0 -1
    outer loop
      vertex -38.3 40 0
      vertex -7.5 -4 0
      vertex -16.5 -4 0
    endloop
  endfacet
  facet normal 0 0 -1
    outer loop
      vertex -38.3 40 0
      vertex -16.5 -4 0
      vertex -19.5 -4 0
    endloop
  endfacet
  facet normal 0 0 -1
    outer loop
      vertex -38.447 -39.3085 0
      vertex -19.5 -32 0
      vertex -38.3372 -39.6465 0
    endloop
  endfacet
  facet normal 0 0 -1
    outer loop
      vertex -38.447 40.6915 0
      vertex 38.447 40.6915 0
      vertex -38.3372 40.3535 0
    endloop
  endfacet
  facet normal 0 0 -1
    outer loop
      vertex 38.447 40.6915 0
      vertex -38.447 40.6915 0
      vertex 38.6247 40.9992 0
    endloop
  endfacet
  facet normal 0 0 -1
    outer loop
      vertex -38.6247 40.9992 0
      vertex 38.6247 40.9992 0
      vertex -38.447 40.6915 0
    endloop
  endfacet
  facet normal 0 0 -1
    outer loop
      vertex 38.6247 40.9992 0
      vertex -38.6247 40.9992 0
      vertex 44 50 0
    endloop
  endfacet
  facet normal 0 0 -1
    outer loop
      vertex -44 50 0
      vertex -38.6247 40.9992 0
      vertex -38.8625 41.2633 0
    endloop
  endfacet
  facet normal 0 0 -1
    outer loop
      vertex -44 50 0
      vertex -38.8625 41.2633 0
      vertex -39.15 41.4722 0
    endloop
  endfacet
  facet normal 0 0 -1
    outer loop
      vertex -44 50 0
      vertex -39.15 41.4722 0
      vertex -39.4747 41.6168 0
    endloop
  endfacet
  facet normal 0 0 -1
    outer loop
      vertex -44 50 0
      vertex -39.4747 41.6168 0
      vertex -39.8223 41.6907 0
    endloop
  endfacet
  facet normal 0 0 -1
    outer loop
      vertex -44 50 0
      vertex -39.8223 41.6907 0
      vertex -40.1777 41.6907 0
    endloop
  endfacet
  facet normal 0 0 -1
    outer loop
      vertex -38.6247 40.9992 0
      vertex -44 50 0
      vertex 44 50 0
    endloop
  endfacet
  facet normal 0 0 -1
    outer loop
      vertex -40.5253 41.6168 0
      vertex -44 50 0
      vertex -40.1777 41.6907 0
    endloop
  endfacet
  facet normal 0 0 -1
    outer loop
      vertex -40.85 41.4722 0
      vertex -44 50 0
      vertex -40.5253 41.6168 0
    endloop
  endfacet
  facet normal 0 0 -1
    outer loop
      vertex -41.1375 41.2633 0
      vertex -44 50 0
      vertex -40.85 41.4722 0
    endloop
  endfacet
  facet normal 0 0 -1
    outer loop
      vertex -49.1962 47 0
      vertex -41.1375 41.2633 0
      vertex -41.3753 40.9992 0
    endloop
  endfacet
  facet normal 0 0 -1
    outer loop
      vertex -50 44 0
      vertex -41.3753 40.9992 0
      vertex -41.553 40.6915 0
    endloop
  endfacet
  facet normal 0 0 -1
    outer loop
      vertex -50 44 0
      vertex -41.553 40.6915 0
      vertex -41.6628 40.3535 0
    endloop
  endfacet
  facet normal 0 0 -1
    outer loop
      vertex -50 44 0
      vertex -41.6628 40.3535 0
      vertex -41.7 40 0
    endloop
  endfacet
  facet normal 0 0 -1
    outer loop
      vertex -41.553 39.3085 0
      vertex -50 44 0
      vertex -41.6628 39.6465 0
    endloop
  endfacet
  facet normal 0 0 -1
    outer loop
      vertex -49.1962 -47 0
      vertex -41.1375 -41.2633 0
      vertex -48.5963 -47.8567 0
    endloop
  endfacet
  facet normal 0 0 -1
    outer loop
      vertex -41.6628 39.6465 0
      vertex -50 44 0
      vertex -41.7 40 0
    endloop
  endfacet
  facet normal -0 0 -1
    outer loop
      vertex -41.1375 -41.2633 0
      vertex -49.1962 -47 0
      vertex -41.3753 -40.9992 0
    endloop
  endfacet
  facet normal 0 0 -1
    outer loop
      vertex -41.3753 40.9992 0
      vertex -50 44 0
      vertex -49.9088 45.0419 0
    endloop
  endfacet
  facet normal 0 0 -1
    outer loop
      vertex -49.6382 -46.0521 0
      vertex -41.3753 -40.9992 0
      vertex -49.1962 -47 0
    endloop
  endfacet
  facet normal 0 0 -1
    outer loop
      vertex -41.1375 41.2633 0
      vertex -45.0419 49.9088 0
      vertex -44 50 0
    endloop
  endfacet
  facet normal 0 0 -1
    outer loop
      vertex -49.9088 -45.0419 0
      vertex -41.3753 -40.9992 0
      vertex -49.6382 -46.0521 0
    endloop
  endfacet
  facet normal 0 0 -1
    outer loop
      vertex -41.1375 41.2633 0
      vertex -46.0521 49.6382 0
      vertex -45.0419 49.9088 0
    endloop
  endfacet
  facet normal 0 0 -1
    outer loop
      vertex -50 -44 0
      vertex -41.3753 -40.9992 0
      vertex -49.9088 -45.0419 0
    endloop
  endfacet
  facet normal 0 0 -1
    outer loop
      vertex -41.1375 41.2633 0
      vertex -47 49.1962 0
      vertex -46.0521 49.6382 0
    endloop
  endfacet
  facet normal -0 0 -1
    outer loop
      vertex -41.3753 -40.9992 0
      vertex -50 -44 0
      vertex -41.553 -40.6915 0
    endloop
  endfacet
  facet normal 0 0 -1
    outer loop
      vertex -41.1375 41.2633 0
      vertex -47.8567 48.5963 0
      vertex -47 49.1962 0
    endloop
  endfacet
  facet normal -0 0 -1
    outer loop
      vertex -41.553 -40.6915 0
      vertex -50 -44 0
      vertex -41.6628 -40.3535 0
    endloop
  endfacet
  facet normal 0 0 -1
    outer loop
      vertex -41.1375 41.2633 0
      vertex -48.5963 47.8567 0
      vertex -47.8567 48.5963 0
    endloop
  endfacet
  facet normal -0 0 -1
    outer loop
      vertex -41.6628 -40.3535 0
      vertex -50 -44 0
      vertex -41.7 -40 0
    endloop
  endfacet
  facet normal 0 0 -1
    outer loop
      vertex -41.1375 41.2633 0
      vertex -49.1962 47 0
      vertex -48.5963 47.8567 0
    endloop
  endfacet
  facet normal 0 0 -1
    outer loop
      vertex -41.3753 40.9992 0
      vertex -49.6382 46.0521 0
      vertex -49.1962 47 0
    endloop
  endfacet
  facet normal 0 0 -1
    outer loop
      vertex -41.3753 40.9992 0
      vertex -49.9088 45.0419 0
      vertex -49.6382 46.0521 0
    endloop
  endfacet
  facet normal -0.996191 0.087199 0
    outer loop
      vertex -50 44 0
      vertex -49.9088 45.0419 3
      vertex -49.9088 45.0419 0
    endloop
  endfacet
  facet normal -0.996191 0.087199 0
    outer loop
      vertex -49.9088 45.0419 3
      vertex -50 44 0
      vertex -50 44 3
    endloop
  endfacet
  facet normal 0.087199 0.996191 -0
    outer loop
      vertex 45.0419 49.9088 0
      vertex 44 50 3
      vertex 45.0419 49.9088 3
    endloop
  endfacet
  facet normal 0.087199 0.996191 0
    outer loop
      vertex 44 50 3
      vertex 45.0419 49.9088 0
      vertex 44 50 0
    endloop
  endfacet
  facet normal 0 1 -0
    outer loop
      vertex 44 50 0
      vertex -44 50 3
      vertex 44 50 3
    endloop
  endfacet
  facet normal 0 1 0
    outer loop
      vertex -44 50 3
      vertex 44 50 0
      vertex -44 50 0
    endloop
  endfacet
  facet normal 0.996191 0.087199 0
    outer loop
      vertex 50 44 3
      vertex 49.9088 45.0419 0
      vertex 49.9088 45.0419 3
    endloop
  endfacet
  facet normal 0.996191 0.087199 0
    outer loop
      vertex 49.9088 45.0419 0
      vertex 50 44 3
      vertex 50 44 0
    endloop
  endfacet
  facet normal 0.996191 -0.087199 0
    outer loop
      vertex 49.9088 -45.0419 3
      vertex 50 -44 0
      vertex 50 -44 3
    endloop
  endfacet
  facet normal 0.996191 -0.087199 0
    outer loop
      vertex 50 -44 0
      vertex 49.9088 -45.0419 3
      vertex 49.9088 -45.0419 0
    endloop
  endfacet
  facet normal -0.819138 0.573597 0
    outer loop
      vertex -49.1962 47 0
      vertex -48.5963 47.8567 3
      vertex -48.5963 47.8567 0
    endloop
  endfacet
  facet normal -0.819138 0.573597 0
    outer loop
      vertex -48.5963 47.8567 3
      vertex -49.1962 47 0
      vertex -49.1962 47 3
    endloop
  endfacet
  facet normal -0.707107 0.707107 0
    outer loop
      vertex -48.5963 47.8567 0
      vertex -47.8567 48.5963 3
      vertex -47.8567 48.5963 0
    endloop
  endfacet
  facet normal -0.707107 0.707107 0
    outer loop
      vertex -47.8567 48.5963 3
      vertex -48.5963 47.8567 0
      vertex -48.5963 47.8567 3
    endloop
  endfacet
  facet normal 0.573597 0.819138 -0
    outer loop
      vertex 47.8567 48.5963 0
      vertex 47 49.1962 3
      vertex 47.8567 48.5963 3
    endloop
  endfacet
  facet normal 0.573597 0.819138 0
    outer loop
      vertex 47 49.1962 3
      vertex 47.8567 48.5963 0
      vertex 47 49.1962 0
    endloop
  endfacet
  facet normal 0.819138 0.573597 0
    outer loop
      vertex 49.1962 47 3
      vertex 48.5963 47.8567 0
      vertex 48.5963 47.8567 3
    endloop
  endfacet
  facet normal 0.819138 0.573597 0
    outer loop
      vertex 48.5963 47.8567 0
      vertex 49.1962 47 3
      vertex 49.1962 47 0
    endloop
  endfacet
  facet normal -0.573597 0.819138 0
    outer loop
      vertex -47 49.1962 0
      vertex -47.8567 48.5963 3
      vertex -47 49.1962 3
    endloop
  endfacet
  facet normal -0.573597 0.819138 0
    outer loop
      vertex -47.8567 48.5963 3
      vertex -47 49.1962 0
      vertex -47.8567 48.5963 0
    endloop
  endfacet
  facet normal 0.906313 0.422608 0
    outer loop
      vertex 49.6382 46.0521 3
      vertex 49.1962 47 0
      vertex 49.1962 47 3
    endloop
  endfacet
  facet normal 0.906313 0.422608 0
    outer loop
      vertex 49.1962 47 0
      vertex 49.6382 46.0521 3
      vertex 49.6382 46.0521 0
    endloop
  endfacet
  facet normal 0.965945 0.258746 0
    outer loop
      vertex 49.9088 45.0419 3
      vertex 49.6382 46.0521 0
      vertex 49.6382 46.0521 3
    endloop
  endfacet
  facet normal 0.965945 0.258746 0
    outer loop
      vertex 49.6382 46.0521 0
      vertex 49.9088 45.0419 3
      vertex 49.9088 45.0419 0
    endloop
  endfacet
  facet normal 0.573597 -0.819138 0
    outer loop
      vertex 47 -49.1962 0
      vertex 47.8567 -48.5963 3
      vertex 47 -49.1962 3
    endloop
  endfacet
  facet normal 0.573597 -0.819138 0
    outer loop
      vertex 47.8567 -48.5963 3
      vertex 47 -49.1962 0
      vertex 47.8567 -48.5963 0
    endloop
  endfacet
  facet normal 0.819138 -0.573597 0
    outer loop
      vertex 48.5963 -47.8567 3
      vertex 49.1962 -47 0
      vertex 49.1962 -47 3
    endloop
  endfacet
  facet normal 0.819138 -0.573597 0
    outer loop
      vertex 49.1962 -47 0
      vertex 48.5963 -47.8567 3
      vertex 48.5963 -47.8567 0
    endloop
  endfacet
  facet normal -0.707107 -0.707107 0
    outer loop
      vertex -47.8567 -48.5963 0
      vertex -48.5963 -47.8567 3
      vertex -48.5963 -47.8567 0
    endloop
  endfacet
  facet normal -0.707107 -0.707107 0
    outer loop
      vertex -48.5963 -47.8567 3
      vertex -47.8567 -48.5963 0
      vertex -47.8567 -48.5963 3
    endloop
  endfacet
  facet normal -0.965945 0.258746 0
    outer loop
      vertex -49.9088 45.0419 0
      vertex -49.6382 46.0521 3
      vertex -49.6382 46.0521 0
    endloop
  endfacet
  facet normal -0.965945 0.258746 0
    outer loop
      vertex -49.6382 46.0521 3
      vertex -49.9088 45.0419 0
      vertex -49.9088 45.0419 3
    endloop
  endfacet
  facet normal -0.906313 0.422608 0
    outer loop
      vertex -49.6382 46.0521 0
      vertex -49.1962 47 3
      vertex -49.1962 47 0
    endloop
  endfacet
  facet normal -0.906313 0.422608 0
    outer loop
      vertex -49.1962 47 3
      vertex -49.6382 46.0521 0
      vertex -49.6382 46.0521 3
    endloop
  endfacet
  facet normal 0.258746 0.965945 -0
    outer loop
      vertex 46.0521 49.6382 0
      vertex 45.0419 49.9088 3
      vertex 46.0521 49.6382 3
    endloop
  endfacet
  facet normal 0.258746 0.965945 0
    outer loop
      vertex 45.0419 49.9088 3
      vertex 46.0521 49.6382 0
      vertex 45.0419 49.9088 0
    endloop
  endfacet
  facet normal 0.422608 0.906313 -0
    outer loop
      vertex 47 49.1962 0
      vertex 46.0521 49.6382 3
      vertex 47 49.1962 3
    endloop
  endfacet
  facet normal 0.422608 0.906313 0
    outer loop
      vertex 46.0521 49.6382 3
      vertex 47 49.1962 0
      vertex 46.0521 49.6382 0
    endloop
  endfacet
  facet normal 0.707107 0.707107 0
    outer loop
      vertex 48.5963 47.8567 3
      vertex 47.8567 48.5963 0
      vertex 47.8567 48.5963 3
    endloop
  endfacet
  facet normal 0.707107 0.707107 0
    outer loop
      vertex 47.8567 48.5963 0
      vertex 48.5963 47.8567 3
      vertex 48.5963 47.8567 0
    endloop
  endfacet
  facet normal -0.258746 0.965945 0
    outer loop
      vertex -45.0419 49.9088 0
      vertex -46.0521 49.6382 3
      vertex -45.0419 49.9088 3
    endloop
  endfacet
  facet normal -0.258746 0.965945 0
    outer loop
      vertex -46.0521 49.6382 3
      vertex -45.0419 49.9088 0
      vertex -46.0521 49.6382 0
    endloop
  endfacet
  facet normal -0.087199 0.996191 0
    outer loop
      vertex -44 50 0
      vertex -45.0419 49.9088 3
      vertex -44 50 3
    endloop
  endfacet
  facet normal -0.087199 0.996191 0
    outer loop
      vertex -45.0419 49.9088 3
      vertex -44 50 0
      vertex -45.0419 49.9088 0
    endloop
  endfacet
  facet normal -0.422608 0.906313 0
    outer loop
      vertex -46.0521 49.6382 0
      vertex -47 49.1962 3
      vertex -46.0521 49.6382 3
    endloop
  endfacet
  facet normal -0.422608 0.906313 0
    outer loop
      vertex -47 49.1962 3
      vertex -46.0521 49.6382 0
      vertex -47 49.1962 0
    endloop
  endfacet
  facet normal 0.422608 -0.906313 0
    outer loop
      vertex 46.0521 -49.6382 0
      vertex 47 -49.1962 3
      vertex 46.0521 -49.6382 3
    endloop
  endfacet
  facet normal 0.422608 -0.906313 0
    outer loop
      vertex 47 -49.1962 3
      vertex 46.0521 -49.6382 0
      vertex 47 -49.1962 0
    endloop
  endfacet
  facet normal 0.707107 -0.707107 0
    outer loop
      vertex 47.8567 -48.5963 3
      vertex 48.5963 -47.8567 0
      vertex 48.5963 -47.8567 3
    endloop
  endfacet
  facet normal 0.707107 -0.707107 0
    outer loop
      vertex 48.5963 -47.8567 0
      vertex 47.8567 -48.5963 3
      vertex 47.8567 -48.5963 0
    endloop
  endfacet
  facet normal 0.965945 -0.258746 0
    outer loop
      vertex 49.6382 -46.0521 3
      vertex 49.9088 -45.0419 0
      vertex 49.9088 -45.0419 3
    endloop
  endfacet
  facet normal 0.965945 -0.258746 0
    outer loop
      vertex 49.9088 -45.0419 0
      vertex 49.6382 -46.0521 3
      vertex 49.6382 -46.0521 0
    endloop
  endfacet
  facet normal 0.906313 -0.422608 0
    outer loop
      vertex 49.1962 -47 3
      vertex 49.6382 -46.0521 0
      vertex 49.6382 -46.0521 3
    endloop
  endfacet
  facet normal 0.906313 -0.422608 0
    outer loop
      vertex 49.6382 -46.0521 0
      vertex 49.1962 -47 3
      vertex 49.1962 -47 0
    endloop
  endfacet
  facet normal -0.422608 -0.906313 0
    outer loop
      vertex -47 -49.1962 0
      vertex -46.0521 -49.6382 3
      vertex -47 -49.1962 3
    endloop
  endfacet
  facet normal -0.422608 -0.906313 -0
    outer loop
      vertex -46.0521 -49.6382 3
      vertex -47 -49.1962 0
      vertex -46.0521 -49.6382 0
    endloop
  endfacet
  facet normal -0.087199 -0.996191 0
    outer loop
      vertex -45.0419 -49.9088 0
      vertex -44 -50 3
      vertex -45.0419 -49.9088 3
    endloop
  endfacet
  facet normal -0.087199 -0.996191 -0
    outer loop
      vertex -44 -50 3
      vertex -45.0419 -49.9088 0
      vertex -44 -50 0
    endloop
  endfacet
  facet normal -0.573597 -0.819138 0
    outer loop
      vertex -47.8567 -48.5963 0
      vertex -47 -49.1962 3
      vertex -47.8567 -48.5963 3
    endloop
  endfacet
  facet normal -0.573597 -0.819138 -0
    outer loop
      vertex -47 -49.1962 3
      vertex -47.8567 -48.5963 0
      vertex -47 -49.1962 0
    endloop
  endfacet
  facet normal 0.258746 -0.965945 0
    outer loop
      vertex 45.0419 -49.9088 0
      vertex 46.0521 -49.6382 3
      vertex 45.0419 -49.9088 3
    endloop
  endfacet
  facet normal 0.258746 -0.965945 0
    outer loop
      vertex 46.0521 -49.6382 3
      vertex 45.0419 -49.9088 0
      vertex 46.0521 -49.6382 0
    endloop
  endfacet
  facet normal 0.087199 -0.996191 0
    outer loop
      vertex 44 -50 0
      vertex 45.0419 -49.9088 3
      vertex 44 -50 3
    endloop
  endfacet
  facet normal 0.087199 -0.996191 0
    outer loop
      vertex 45.0419 -49.9088 3
      vertex 44 -50 0
      vertex 45.0419 -49.9088 0
    endloop
  endfacet
endsolid OpenSCAD_Model
