solid OpenSCAD_Model
  facet normal -1 0 0
    outer loop
      vertex -14.5 -3.5 6
      vertex -14.5 -1.5 15
      vertex -14.5 -1.5 6
    endloop
  endfacet
  facet normal -1 -0 0
    outer loop
      vertex -14.5 -1.5 15
      vertex -14.5 -3.5 6
      vertex -14.5 -3.5 15
    endloop
  endfacet
  facet normal 0 0 1
    outer loop
      vertex -5.5 -1.5 15
      vertex -14.5 -1.5 15
      vertex -5.5 -3.5 15
    endloop
  endfacet
  facet normal 0 0 1
    outer loop
      vertex 14.5 -1.5 15
      vertex 5.5 -1.5 15
      vertex 14.5 -3.5 15
    endloop
  endfacet
  facet normal -0 0 1
    outer loop
      vertex 14.5 -3.5 15
      vertex 15 -6.5 15
      vertex 15 -3.5 15
    endloop
  endfacet
  facet normal 0 0 1
    outer loop
      vertex 5.5 -3.5 15
      vertex 14.5 -3.5 15
      vertex 5.5 -1.5 15
    endloop
  endfacet
  facet normal 0 0 1
    outer loop
      vertex 14.5 -3.5 15
      vertex 5.5 -3.5 15
      vertex 15 -6.5 15
    endloop
  endfacet
  facet normal -0 0 1
    outer loop
      vertex -5.5 -3.5 15
      vertex 15 -6.5 15
      vertex 5.5 -3.5 15
    endloop
  endfacet
  facet normal 0 0 1
    outer loop
      vertex -14.5 -3.5 15
      vertex -5.5 -3.5 15
      vertex -14.5 -1.5 15
    endloop
  endfacet
  facet normal 0 0 1
    outer loop
      vertex -15 -6.5 15
      vertex -5.5 -3.5 15
      vertex -14.5 -3.5 15
    endloop
  endfacet
  facet normal 0 0 1
    outer loop
      vertex -15 -6.5 15
      vertex -14.5 -3.5 15
      vertex -15 -3.5 15
    endloop
  endfacet
  facet normal 0 0 1
    outer loop
      vertex -5.5 -3.5 15
      vertex -15 -6.5 15
      vertex 15 -6.5 15
    endloop
  endfacet
  facet normal 1 -0 0
    outer loop
      vertex -5.5 -3.5 15
      vertex -5.5 -1.5 6
      vertex -5.5 -1.5 15
    endloop
  endfacet
  facet normal 1 0 0
    outer loop
      vertex -5.5 -1.5 6
      vertex -5.5 -3.5 15
      vertex -5.5 -3.5 6
    endloop
  endfacet
  facet normal 0 1 0
    outer loop
      vertex -5.5 -1.5 15
      vertex -8.32568 -1.5 12.9
      vertex -14.5 -1.5 15
    endloop
  endfacet
  facet normal 0 1 0
    outer loop
      vertex -5.5 -1.5 15
      vertex -6.65137 -1.5 10
      vertex -8.32568 -1.5 12.9
    endloop
  endfacet
  facet normal 0 1 0
    outer loop
      vertex -8.32568 -1.5 7.1
      vertex -5.5 -1.5 6
      vertex -11.6743 -1.5 7.1
    endloop
  endfacet
  facet normal 0 1 0
    outer loop
      vertex -6.65137 -1.5 10
      vertex -5.5 -1.5 6
      vertex -8.32568 -1.5 7.1
    endloop
  endfacet
  facet normal 0 1 -0
    outer loop
      vertex -5.5 -1.5 6
      vertex -6.65137 -1.5 10
      vertex -5.5 -1.5 15
    endloop
  endfacet
  facet normal 0 1 -0
    outer loop
      vertex -11.6743 -1.5 12.9
      vertex -14.5 -1.5 15
      vertex -8.32568 -1.5 12.9
    endloop
  endfacet
  facet normal 0 1 -0
    outer loop
      vertex -13.3486 -1.5 10
      vertex -14.5 -1.5 15
      vertex -11.6743 -1.5 12.9
    endloop
  endfacet
  facet normal 0 1 0
    outer loop
      vertex -13.3486 -1.5 10
      vertex -14.5 -1.5 6
      vertex -14.5 -1.5 15
    endloop
  endfacet
  facet normal 0 1 0
    outer loop
      vertex -11.6743 -1.5 7.1
      vertex -14.5 -1.5 6
      vertex -13.3486 -1.5 10
    endloop
  endfacet
  facet normal 0 1 0
    outer loop
      vertex -14.5 -1.5 6
      vertex -11.6743 -1.5 7.1
      vertex -5.5 -1.5 6
    endloop
  endfacet
  facet normal 0 0 -1
    outer loop
      vertex -14.5 -3.5 6
      vertex -5.5 -1.5 6
      vertex -5.5 -3.5 6
    endloop
  endfacet
  facet normal -0 0 -1
    outer loop
      vertex -5.5 -1.5 6
      vertex -14.5 -3.5 6
      vertex -14.5 -1.5 6
    endloop
  endfacet
  facet normal 0 -1 0
    outer loop
      vertex 9.47467 -6.5 11.6168
      vertex 15 -6.5 15
      vertex -9.47467 -6.5 11.6168
    endloop
  endfacet
  facet normal 0 -1 0
    outer loop
      vertex 15 -6.5 15
      vertex 9.47467 -6.5 11.6168
      vertex 9.8223 -6.5 11.6907
    endloop
  endfacet
  facet normal 0 -1 0
    outer loop
      vertex -9.15 -6.5 11.4722
      vertex 9.47467 -6.5 11.6168
      vertex -9.47467 -6.5 11.6168
    endloop
  endfacet
  facet normal 0 -1 0
    outer loop
      vertex -9.15 -6.5 11.4722
      vertex 9.15 -6.5 11.4722
      vertex 9.47467 -6.5 11.6168
    endloop
  endfacet
  facet normal 0 -1 0
    outer loop
      vertex -8.86248 -6.5 11.2633
      vertex 9.15 -6.5 11.4722
      vertex -9.15 -6.5 11.4722
    endloop
  endfacet
  facet normal 0 -1 0
    outer loop
      vertex -8.86248 -6.5 11.2633
      vertex 8.86248 -6.5 11.2633
      vertex 9.15 -6.5 11.4722
    endloop
  endfacet
  facet normal 0 -1 0
    outer loop
      vertex -8.62467 -6.5 10.9992
      vertex 8.86248 -6.5 11.2633
      vertex -8.86248 -6.5 11.2633
    endloop
  endfacet
  facet normal 0 -1 0
    outer loop
      vertex -8.62467 -6.5 10.9992
      vertex 8.62467 -6.5 10.9992
      vertex 8.86248 -6.5 11.2633
    endloop
  endfacet
  facet normal 0 -1 0
    outer loop
      vertex -8.44697 -6.5 10.6915
      vertex 8.62467 -6.5 10.9992
      vertex -8.62467 -6.5 10.9992
    endloop
  endfacet
  facet normal 0 -1 0
    outer loop
      vertex -8.44697 -6.5 10.6915
      vertex 8.44697 -6.5 10.6915
      vertex 8.62467 -6.5 10.9992
    endloop
  endfacet
  facet normal 0 -1 0
    outer loop
      vertex -8.33715 -6.5 10.3534
      vertex 8.44697 -6.5 10.6915
      vertex -8.44697 -6.5 10.6915
    endloop
  endfacet
  facet normal 0 -1 0
    outer loop
      vertex -8.33715 -6.5 10.3534
      vertex 8.33715 -6.5 10.3534
      vertex 8.44697 -6.5 10.6915
    endloop
  endfacet
  facet normal 0 -1 0
    outer loop
      vertex -8.3 -6.5 10
      vertex 8.33715 -6.5 10.3534
      vertex -8.33715 -6.5 10.3534
    endloop
  endfacet
  facet normal 0 -1 0
    outer loop
      vertex -8.3 -6.5 10
      vertex 8.3 -6.5 10
      vertex 8.33715 -6.5 10.3534
    endloop
  endfacet
  facet normal 0 -1 0
    outer loop
      vertex -8.33715 -6.5 9.64655
      vertex 8.3 -6.5 10
      vertex -8.3 -6.5 10
    endloop
  endfacet
  facet normal 0 -1 0
    outer loop
      vertex -8.33715 -6.5 9.64655
      vertex 8.33715 -6.5 9.64655
      vertex 8.3 -6.5 10
    endloop
  endfacet
  facet normal 0 -1 0
    outer loop
      vertex -8.44697 -6.5 9.30855
      vertex 8.33715 -6.5 9.64655
      vertex -8.33715 -6.5 9.64655
    endloop
  endfacet
  facet normal 0 -1 0
    outer loop
      vertex -8.44697 -6.5 9.30855
      vertex 8.44697 -6.5 9.30855
      vertex 8.33715 -6.5 9.64655
    endloop
  endfacet
  facet normal 0 -1 0
    outer loop
      vertex -8.62467 -6.5 9.00076
      vertex 8.44697 -6.5 9.30855
      vertex -8.44697 -6.5 9.30855
    endloop
  endfacet
  facet normal 0 -1 0
    outer loop
      vertex -8.62467 -6.5 9.00076
      vertex 8.62467 -6.5 9.00076
      vertex 8.44697 -6.5 9.30855
    endloop
  endfacet
  facet normal 0 -1 0
    outer loop
      vertex -8.86248 -6.5 8.73665
      vertex 8.62467 -6.5 9.00076
      vertex -8.62467 -6.5 9.00076
    endloop
  endfacet
  facet normal 0 -1 0
    outer loop
      vertex -8.86248 -6.5 8.73665
      vertex 8.86248 -6.5 8.73665
      vertex 8.62467 -6.5 9.00076
    endloop
  endfacet
  facet normal 0 -1 0
    outer loop
      vertex -9.15 -6.5 8.52776
      vertex 8.86248 -6.5 8.73665
      vertex -8.86248 -6.5 8.73665
    endloop
  endfacet
  facet normal 0 -1 0
    outer loop
      vertex -9.15 -6.5 8.52776
      vertex 9.15 -6.5 8.52776
      vertex 8.86248 -6.5 8.73665
    endloop
  endfacet
  facet normal 0 -1 0
    outer loop
      vertex -15 -6.5 0
      vertex -9.15 -6.5 8.52776
      vertex -9.47467 -6.5 8.3832
    endloop
  endfacet
  facet normal 0 -1 -0
    outer loop
      vertex -9.15 -6.5 8.52776
      vertex -15 -6.5 0
      vertex 9.15 -6.5 8.52776
    endloop
  endfacet
  facet normal 0 -1 0
    outer loop
      vertex -15 -6.5 0
      vertex -9.47467 -6.5 8.3832
      vertex -9.8223 -6.5 8.30931
    endloop
  endfacet
  facet normal 0 -1 0
    outer loop
      vertex 15 -6.5 0
      vertex 9.15 -6.5 8.52776
      vertex -15 -6.5 0
    endloop
  endfacet
  facet normal 0 -1 0
    outer loop
      vertex -9.8223 -6.5 11.6907
      vertex -15 -6.5 15
      vertex -10.1777 -6.5 11.6907
    endloop
  endfacet
  facet normal 0 -1 0
    outer loop
      vertex -15 -6.5 15
      vertex -10.5253 -6.5 11.6168
      vertex -10.1777 -6.5 11.6907
    endloop
  endfacet
  facet normal 0 -1 0
    outer loop
      vertex -15 -6.5 15
      vertex -10.85 -6.5 11.4722
      vertex -10.5253 -6.5 11.6168
    endloop
  endfacet
  facet normal 0 -1 0
    outer loop
      vertex -15 -6.5 15
      vertex -11.1375 -6.5 11.2633
      vertex -10.85 -6.5 11.4722
    endloop
  endfacet
  facet normal 0 -1 0
    outer loop
      vertex -15 -6.5 15
      vertex -11.3753 -6.5 10.9992
      vertex -11.1375 -6.5 11.2633
    endloop
  endfacet
  facet normal 0 -1 0
    outer loop
      vertex -15 -6.5 15
      vertex -11.553 -6.5 10.6915
      vertex -11.3753 -6.5 10.9992
    endloop
  endfacet
  facet normal 0 -1 0
    outer loop
      vertex -15 -6.5 15
      vertex -11.6629 -6.5 10.3534
      vertex -11.553 -6.5 10.6915
    endloop
  endfacet
  facet normal 0 -1 0
    outer loop
      vertex -15 -6.5 15
      vertex -11.7 -6.5 10
      vertex -11.6629 -6.5 10.3534
    endloop
  endfacet
  facet normal 0 -1 0
    outer loop
      vertex -15 -6.5 15
      vertex -11.6629 -6.5 9.64655
      vertex -11.7 -6.5 10
    endloop
  endfacet
  facet normal 0 -1 0
    outer loop
      vertex -15 -6.5 0
      vertex -11.6629 -6.5 9.64655
      vertex -15 -6.5 15
    endloop
  endfacet
  facet normal 0 -1 -0
    outer loop
      vertex -11.6629 -6.5 9.64655
      vertex -15 -6.5 0
      vertex -11.553 -6.5 9.30855
    endloop
  endfacet
  facet normal 0 -1 0
    outer loop
      vertex -15 -6.5 0
      vertex -9.8223 -6.5 8.30931
      vertex -10.1777 -6.5 8.30931
    endloop
  endfacet
  facet normal 0 -1 0
    outer loop
      vertex 9.15 -6.5 8.52776
      vertex 15 -6.5 0
      vertex 9.47467 -6.5 8.3832
    endloop
  endfacet
  facet normal 0 -1 0
    outer loop
      vertex 9.47467 -6.5 8.3832
      vertex 15 -6.5 0
      vertex 9.8223 -6.5 8.30931
    endloop
  endfacet
  facet normal 0 -1 -0
    outer loop
      vertex -10.5253 -6.5 8.3832
      vertex -15 -6.5 0
      vertex -10.1777 -6.5 8.30931
    endloop
  endfacet
  facet normal 0 -1 -0
    outer loop
      vertex -10.85 -6.5 8.52776
      vertex -15 -6.5 0
      vertex -10.5253 -6.5 8.3832
    endloop
  endfacet
  facet normal 0 -1 -0
    outer loop
      vertex -11.1375 -6.5 8.73665
      vertex -15 -6.5 0
      vertex -10.85 -6.5 8.52776
    endloop
  endfacet
  facet normal 0 -1 -0
    outer loop
      vertex -11.3753 -6.5 9.00076
      vertex -15 -6.5 0
      vertex -11.1375 -6.5 8.73665
    endloop
  endfacet
  facet normal 0 -1 -0
    outer loop
      vertex -11.553 -6.5 9.30855
      vertex -15 -6.5 0
      vertex -11.3753 -6.5 9.00076
    endloop
  endfacet
  facet normal 0 -1 0
    outer loop
      vertex -9.47467 -6.5 11.6168
      vertex -15 -6.5 15
      vertex -9.8223 -6.5 11.6907
    endloop
  endfacet
  facet normal 0 -1 0
    outer loop
      vertex -15 -6.5 15
      vertex -9.47467 -6.5 11.6168
      vertex 15 -6.5 15
    endloop
  endfacet
  facet normal 0 -1 0
    outer loop
      vertex 10.1777 -6.5 11.6907
      vertex 15 -6.5 15
      vertex 9.8223 -6.5 11.6907
    endloop
  endfacet
  facet normal 0 -1 0
    outer loop
      vertex 10.5253 -6.5 11.6168
      vertex 15 -6.5 15
      vertex 10.1777 -6.5 11.6907
    endloop
  endfacet
  facet normal 0 -1 0
    outer loop
      vertex 10.85 -6.5 11.4722
      vertex 15 -6.5 15
      vertex 10.5253 -6.5 11.6168
    endloop
  endfacet
  facet normal 0 -1 0
    outer loop
      vertex 11.1375 -6.5 11.2633
      vertex 15 -6.5 15
      vertex 10.85 -6.5 11.4722
    endloop
  endfacet
  facet normal 0 -1 0
    outer loop
      vertex 11.3753 -6.5 10.9992
      vertex 15 -6.5 15
      vertex 11.1375 -6.5 11.2633
    endloop
  endfacet
  facet normal 0 -1 0
    outer loop
      vertex 11.553 -6.5 10.6915
      vertex 15 -6.5 15
      vertex 11.3753 -6.5 10.9992
    endloop
  endfacet
  facet normal 0 -1 0
    outer loop
      vertex 11.6629 -6.5 10.3534
      vertex 15 -6.5 15
      vertex 11.553 -6.5 10.6915
    endloop
  endfacet
  facet normal 0 -1 0
    outer loop
      vertex 11.7 -6.5 10
      vertex 15 -6.5 15
      vertex 11.6629 -6.5 10.3534
    endloop
  endfacet
  facet normal 0 -1 0
    outer loop
      vertex 11.6629 -6.5 9.64655
      vertex 15 -6.5 15
      vertex 11.7 -6.5 10
    endloop
  endfacet
  facet normal 0 -1 0
    outer loop
      vertex 15 -6.5 0
      vertex 11.6629 -6.5 9.64655
      vertex 11.553 -6.5 9.30855
    endloop
  endfacet
  facet normal 0 -1 0
    outer loop
      vertex 15 -6.5 0
      vertex 11.553 -6.5 9.30855
      vertex 11.3753 -6.5 9.00076
    endloop
  endfacet
  facet normal 0 -1 0
    outer loop
      vertex 9.8223 -6.5 8.30931
      vertex 15 -6.5 0
      vertex 10.1777 -6.5 8.30931
    endloop
  endfacet
  facet normal 0 -1 0
    outer loop
      vertex 11.6629 -6.5 9.64655
      vertex 15 -6.5 0
      vertex 15 -6.5 15
    endloop
  endfacet
  facet normal 0 -1 0
    outer loop
      vertex 11.1375 -6.5 8.73665
      vertex 15 -6.5 0
      vertex 11.3753 -6.5 9.00076
    endloop
  endfacet
  facet normal 0 -1 0
    outer loop
      vertex 10.85 -6.5 8.52776
      vertex 15 -6.5 0
      vertex 11.1375 -6.5 8.73665
    endloop
  endfacet
  facet normal 0 -1 0
    outer loop
      vertex 10.5253 -6.5 8.3832
      vertex 15 -6.5 0
      vertex 10.85 -6.5 8.52776
    endloop
  endfacet
  facet normal 0 -1 0
    outer loop
      vertex 10.1777 -6.5 8.30931
      vertex 15 -6.5 0
      vertex 10.5253 -6.5 8.3832
    endloop
  endfacet
  facet normal -1 0 0
    outer loop
      vertex 5.5 -3.5 6
      vertex 5.5 -1.5 15
      vertex 5.5 -1.5 6
    endloop
  endfacet
  facet normal -1 -0 0
    outer loop
      vertex 5.5 -1.5 15
      vertex 5.5 -3.5 6
      vertex 5.5 -3.5 15
    endloop
  endfacet
  facet normal 1 -0 0
    outer loop
      vertex 14.5 -3.5 15
      vertex 14.5 -1.5 6
      vertex 14.5 -1.5 15
    endloop
  endfacet
  facet normal 1 0 0
    outer loop
      vertex 14.5 -1.5 6
      vertex 14.5 -3.5 15
      vertex 14.5 -3.5 6
    endloop
  endfacet
  facet normal 0 1 0
    outer loop
      vertex 14.5 -1.5 15
      vertex 11.6743 -1.5 12.9
      vertex 5.5 -1.5 15
    endloop
  endfacet
  facet normal 0 1 0
    outer loop
      vertex 14.5 -1.5 15
      vertex 13.3486 -1.5 10
      vertex 11.6743 -1.5 12.9
    endloop
  endfacet
  facet normal 0 1 0
    outer loop
      vertex 11.6743 -1.5 7.1
      vertex 14.5 -1.5 6
      vertex 8.32568 -1.5 7.1
    endloop
  endfacet
  facet normal 0 1 0
    outer loop
      vertex 13.3486 -1.5 10
      vertex 14.5 -1.5 6
      vertex 11.6743 -1.5 7.1
    endloop
  endfacet
  facet normal 0 1 -0
    outer loop
      vertex 14.5 -1.5 6
      vertex 13.3486 -1.5 10
      vertex 14.5 -1.5 15
    endloop
  endfacet
  facet normal 0 1 -0
    outer loop
      vertex 8.32568 -1.5 12.9
      vertex 5.5 -1.5 15
      vertex 11.6743 -1.5 12.9
    endloop
  endfacet
  facet normal 0 1 -0
    outer loop
      vertex 6.65137 -1.5 10
      vertex 5.5 -1.5 15
      vertex 8.32568 -1.5 12.9
    endloop
  endfacet
  facet normal 0 1 0
    outer loop
      vertex 6.65137 -1.5 10
      vertex 5.5 -1.5 6
      vertex 5.5 -1.5 15
    endloop
  endfacet
  facet normal 0 1 0
    outer loop
      vertex 8.32568 -1.5 7.1
      vertex 5.5 -1.5 6
      vertex 6.65137 -1.5 10
    endloop
  endfacet
  facet normal 0 1 0
    outer loop
      vertex 5.5 -1.5 6
      vertex 8.32568 -1.5 7.1
      vertex 14.5 -1.5 6
    endloop
  endfacet
  facet normal 0 0 -1
    outer loop
      vertex 5.5 -3.5 6
      vertex 14.5 -1.5 6
      vertex 14.5 -3.5 6
    endloop
  endfacet
  facet normal -0 0 -1
    outer loop
      vertex 14.5 -1.5 6
      vertex 5.5 -3.5 6
      vertex 5.5 -1.5 6
    endloop
  endfacet
  facet normal 0 0 -1
    outer loop
      vertex 11.5316 -0.737602 0
      vertex 15 2 0
      vertex 15 -6.5 0
    endloop
  endfacet
  facet normal 0 -0 -1
    outer loop
      vertex 11.7 0 0
      vertex 15 2 0
      vertex 11.6574 -0.378285 0
    endloop
  endfacet
  facet normal 0 0 -1
    outer loop
      vertex 11.6574 0.378286 0
      vertex 15 2 0
      vertex 11.7 0 0
    endloop
  endfacet
  facet normal 0 0 -1
    outer loop
      vertex 11.5316 0.737603 0
      vertex 15 2 0
      vertex 11.6574 0.378286 0
    endloop
  endfacet
  facet normal 0 0 -1
    outer loop
      vertex 11.3291 1.05993 0
      vertex 15 2 0
      vertex 11.5316 0.737603 0
    endloop
  endfacet
  facet normal -0 0 -1
    outer loop
      vertex 15 2 0
      vertex 11.3291 1.05993 0
      vertex 14.9696 2.34729 0
    endloop
  endfacet
  facet normal -0 0 -1
    outer loop
      vertex 14.9696 2.34729 0
      vertex 11.3291 1.05993 0
      vertex 14.8794 2.68404 0
    endloop
  endfacet
  facet normal -0 0 -1
    outer loop
      vertex 14.732 3 0
      vertex 11.3291 1.05993 0
      vertex 14.5321 3.28557 0
    endloop
  endfacet
  facet normal -0 0 -1
    outer loop
      vertex 14.5321 3.28557 0
      vertex 11.3291 1.05993 0
      vertex 14.2856 3.53207 0
    endloop
  endfacet
  facet normal -0 0 -1
    outer loop
      vertex 14.2856 3.53207 0
      vertex 11.3291 1.05993 0
      vertex 14 3.73204 0
    endloop
  endfacet
  facet normal -0 0 -1
    outer loop
      vertex 14.8794 2.68404 0
      vertex 11.3291 1.05993 0
      vertex 14.732 3 0
    endloop
  endfacet
  facet normal 0 0 -1
    outer loop
      vertex 15 2 0
      vertex 11.5316 -0.737602 0
      vertex 11.6574 -0.378285 0
    endloop
  endfacet
  facet normal 0 0 -1
    outer loop
      vertex 15 -6.5 0
      vertex 11.3291 -1.05993 0
      vertex 11.5316 -0.737602 0
    endloop
  endfacet
  facet normal 0 0 -1
    outer loop
      vertex 15 -6.5 0
      vertex 11.0599 -1.32911 0
      vertex 11.3291 -1.05993 0
    endloop
  endfacet
  facet normal 0 0 -1
    outer loop
      vertex 15 -6.5 0
      vertex 10.7376 -1.53165 0
      vertex 11.0599 -1.32911 0
    endloop
  endfacet
  facet normal 0 0 -1
    outer loop
      vertex 15 -6.5 0
      vertex 10.3783 -1.65738 0
      vertex 10.7376 -1.53165 0
    endloop
  endfacet
  facet normal 0 0 -1
    outer loop
      vertex 15 -6.5 0
      vertex 10 -1.7 0
      vertex 10.3783 -1.65738 0
    endloop
  endfacet
  facet normal 0 0 -1
    outer loop
      vertex 15 -6.5 0
      vertex 9.62171 -1.65738 0
      vertex 10 -1.7 0
    endloop
  endfacet
  facet normal 0 0 -1
    outer loop
      vertex 15 -6.5 0
      vertex 9.2624 -1.53165 0
      vertex 9.62171 -1.65738 0
    endloop
  endfacet
  facet normal 0 0 -1
    outer loop
      vertex -9.2624 -1.53165 0
      vertex 9.2624 -1.53165 0
      vertex 15 -6.5 0
    endloop
  endfacet
  facet normal 0 0 -1
    outer loop
      vertex 8.34262 -0.378285 0
      vertex -8.3 0 0
      vertex 8.3 0 0
    endloop
  endfacet
  facet normal 0 0 -1
    outer loop
      vertex -8.34262 -0.378285 0
      vertex 8.34262 -0.378285 0
      vertex 8.46835 -0.737602 0
    endloop
  endfacet
  facet normal 0 0 -1
    outer loop
      vertex -8.46835 -0.737602 0
      vertex 8.46835 -0.737602 0
      vertex 8.67089 -1.05993 0
    endloop
  endfacet
  facet normal 0 0 -1
    outer loop
      vertex -8.67089 -1.05993 0
      vertex 8.67089 -1.05993 0
      vertex 8.94007 -1.32911 0
    endloop
  endfacet
  facet normal 0 0 -1
    outer loop
      vertex 9.2624 -1.53165 0
      vertex -9.2624 -1.53165 0
      vertex 8.94007 -1.32911 0
    endloop
  endfacet
  facet normal 0 0 -1
    outer loop
      vertex 8.34262 -0.378285 0
      vertex -8.34262 -0.378285 0
      vertex -8.3 0 0
    endloop
  endfacet
  facet normal 0 0 -1
    outer loop
      vertex 8.46835 -0.737602 0
      vertex -8.46835 -0.737602 0
      vertex -8.34262 -0.378285 0
    endloop
  endfacet
  facet normal 0 0 -1
    outer loop
      vertex 8.67089 -1.05993 0
      vertex -8.67089 -1.05993 0
      vertex -8.46835 -0.737602 0
    endloop
  endfacet
  facet normal 0 0 -1
    outer loop
      vertex 8.94007 -1.32911 0
      vertex -8.94007 -1.32911 0
      vertex -8.67089 -1.05993 0
    endloop
  endfacet
  facet normal -0 0 -1
    outer loop
      vertex 8.94007 -1.32911 0
      vertex -9.2624 -1.53165 0
      vertex -8.94007 -1.32911 0
    endloop
  endfacet
  facet normal 0 0 -1
    outer loop
      vertex -15 -6.5 0
      vertex -9.2624 -1.53165 0
      vertex 15 -6.5 0
    endloop
  endfacet
  facet normal 0 0 -1
    outer loop
      vertex -9.2624 -1.53165 0
      vertex -15 -6.5 0
      vertex -9.62171 -1.65738 0
    endloop
  endfacet
  facet normal 0 0 -1
    outer loop
      vertex -9.62171 -1.65738 0
      vertex -15 -6.5 0
      vertex -10 -1.7 0
    endloop
  endfacet
  facet normal 0 0 -1
    outer loop
      vertex -15 2 0
      vertex -11.7 0 0
      vertex -11.6574 -0.378285 0
    endloop
  endfacet
  facet normal 0 0 -1
    outer loop
      vertex -11.7 0 0
      vertex -15 2 0
      vertex -13 4 0
    endloop
  endfacet
  facet normal 0 0 -1
    outer loop
      vertex -15 2 0
      vertex -11.6574 -0.378285 0
      vertex -11.5316 -0.737602 0
    endloop
  endfacet
  facet normal 0 0 -1
    outer loop
      vertex -13 4 0
      vertex -15 2 0
      vertex -13.3473 3.9696 0
    endloop
  endfacet
  facet normal 0 0 -1
    outer loop
      vertex -13.3473 3.9696 0
      vertex -15 2 0
      vertex -13.684 3.87938 0
    endloop
  endfacet
  facet normal 0 0 -1
    outer loop
      vertex -13.684 3.87938 0
      vertex -15 2 0
      vertex -14 3.73204 0
    endloop
  endfacet
  facet normal 0 0 -1
    outer loop
      vertex -15 -6.5 0
      vertex -11.5316 -0.737602 0
      vertex -11.3291 -1.05993 0
    endloop
  endfacet
  facet normal 0 0 -1
    outer loop
      vertex -14 3.73204 0
      vertex -15 2 0
      vertex -14.2856 3.53207 0
    endloop
  endfacet
  facet normal 0 0 -1
    outer loop
      vertex -14.2856 3.53207 0
      vertex -15 2 0
      vertex -14.5321 3.28557 0
    endloop
  endfacet
  facet normal 0 0 -1
    outer loop
      vertex -14.5321 3.28557 0
      vertex -15 2 0
      vertex -14.732 3 0
    endloop
  endfacet
  facet normal 0 0 -1
    outer loop
      vertex -14.732 3 0
      vertex -15 2 0
      vertex -14.8794 2.68404 0
    endloop
  endfacet
  facet normal 0 0 -1
    outer loop
      vertex -15 -6.5 0
      vertex -11.3291 -1.05993 0
      vertex -11.0599 -1.32911 0
    endloop
  endfacet
  facet normal -0 0 -1
    outer loop
      vertex -10 -1.7 0
      vertex -15 -6.5 0
      vertex -10.3783 -1.65738 0
    endloop
  endfacet
  facet normal 0 0 -1
    outer loop
      vertex -15 -6.5 0
      vertex -10.7376 -1.53165 0
      vertex -10.3783 -1.65738 0
    endloop
  endfacet
  facet normal 0 0 -1
    outer loop
      vertex -15 -6.5 0
      vertex -11.0599 -1.32911 0
      vertex -10.7376 -1.53165 0
    endloop
  endfacet
  facet normal -0 0 -1
    outer loop
      vertex -11.5316 -0.737602 0
      vertex -15 -6.5 0
      vertex -15 2 0
    endloop
  endfacet
  facet normal 0 0 -1
    outer loop
      vertex -14.8794 2.68404 0
      vertex -15 2 0
      vertex -14.9696 2.34729 0
    endloop
  endfacet
  facet normal -0 0 -1
    outer loop
      vertex 14 3.73204 0
      vertex 11.3291 1.05993 0
      vertex 13.684 3.87938 0
    endloop
  endfacet
  facet normal -0 0 -1
    outer loop
      vertex 13.684 3.87938 0
      vertex 11.3291 1.05993 0
      vertex 13.3473 3.9696 0
    endloop
  endfacet
  facet normal -0 0 -1
    outer loop
      vertex 13.3473 3.9696 0
      vertex 11.3291 1.05993 0
      vertex 13 4 0
    endloop
  endfacet
  facet normal 0 0 -1
    outer loop
      vertex 11.0599 1.32911 0
      vertex 13 4 0
      vertex 11.3291 1.05993 0
    endloop
  endfacet
  facet normal 0 0 -1
    outer loop
      vertex 10.7376 1.53165 0
      vertex 13 4 0
      vertex 11.0599 1.32911 0
    endloop
  endfacet
  facet normal 0 0 -1
    outer loop
      vertex 10.3783 1.65738 0
      vertex 13 4 0
      vertex 10.7376 1.53165 0
    endloop
  endfacet
  facet normal 0 0 -1
    outer loop
      vertex 10 1.7 0
      vertex 13 4 0
      vertex 10.3783 1.65738 0
    endloop
  endfacet
  facet normal 0 0 -1
    outer loop
      vertex 9.62171 1.65738 0
      vertex 13 4 0
      vertex 10 1.7 0
    endloop
  endfacet
  facet normal 0 0 -1
    outer loop
      vertex 9.2624 1.53165 0
      vertex 13 4 0
      vertex 9.62171 1.65738 0
    endloop
  endfacet
  facet normal 0 0 -1
    outer loop
      vertex -9.2624 1.53165 0
      vertex 9.2624 1.53165 0
      vertex 8.94007 1.32911 0
    endloop
  endfacet
  facet normal 0 0 -1
    outer loop
      vertex -8.3 0 0
      vertex 8.34262 0.378286 0
      vertex 8.3 0 0
    endloop
  endfacet
  facet normal 0 0 -1
    outer loop
      vertex -8.34262 0.378286 0
      vertex 8.34262 0.378286 0
      vertex -8.3 0 0
    endloop
  endfacet
  facet normal 0 0 -1
    outer loop
      vertex 8.34262 0.378286 0
      vertex -8.34262 0.378286 0
      vertex 8.46835 0.737603 0
    endloop
  endfacet
  facet normal 0 0 -1
    outer loop
      vertex -8.46835 0.737603 0
      vertex 8.46835 0.737603 0
      vertex -8.34262 0.378286 0
    endloop
  endfacet
  facet normal 0 0 -1
    outer loop
      vertex 8.46835 0.737603 0
      vertex -8.46835 0.737603 0
      vertex 8.67089 1.05993 0
    endloop
  endfacet
  facet normal 0 0 -1
    outer loop
      vertex -8.67089 1.05993 0
      vertex 8.67089 1.05993 0
      vertex -8.46835 0.737603 0
    endloop
  endfacet
  facet normal 0 0 -1
    outer loop
      vertex 8.67089 1.05993 0
      vertex -8.67089 1.05993 0
      vertex 8.94007 1.32911 0
    endloop
  endfacet
  facet normal 0 0 -1
    outer loop
      vertex -8.94007 1.32911 0
      vertex 8.94007 1.32911 0
      vertex -8.67089 1.05993 0
    endloop
  endfacet
  facet normal 0 0 -1
    outer loop
      vertex -9.2624 1.53165 0
      vertex 8.94007 1.32911 0
      vertex -8.94007 1.32911 0
    endloop
  endfacet
  facet normal 0 0 -1
    outer loop
      vertex 9.2624 1.53165 0
      vertex -9.2624 1.53165 0
      vertex 13 4 0
    endloop
  endfacet
  facet normal 0 0 -1
    outer loop
      vertex -13 4 0
      vertex -9.2624 1.53165 0
      vertex -9.62171 1.65738 0
    endloop
  endfacet
  facet normal 0 0 -1
    outer loop
      vertex -13 4 0
      vertex -9.62171 1.65738 0
      vertex -10 1.7 0
    endloop
  endfacet
  facet normal 0 0 -1
    outer loop
      vertex -9.2624 1.53165 0
      vertex -13 4 0
      vertex 13 4 0
    endloop
  endfacet
  facet normal 0 0 -1
    outer loop
      vertex -10.3783 1.65738 0
      vertex -13 4 0
      vertex -10 1.7 0
    endloop
  endfacet
  facet normal 0 0 -1
    outer loop
      vertex -10.7376 1.53165 0
      vertex -13 4 0
      vertex -10.3783 1.65738 0
    endloop
  endfacet
  facet normal 0 0 -1
    outer loop
      vertex -11.0599 1.32911 0
      vertex -13 4 0
      vertex -10.7376 1.53165 0
    endloop
  endfacet
  facet normal 0 0 -1
    outer loop
      vertex -11.3291 1.05993 0
      vertex -13 4 0
      vertex -11.0599 1.32911 0
    endloop
  endfacet
  facet normal 0 0 -1
    outer loop
      vertex -11.5316 0.737603 0
      vertex -13 4 0
      vertex -11.3291 1.05993 0
    endloop
  endfacet
  facet normal 0 0 -1
    outer loop
      vertex -11.6574 0.378286 0
      vertex -13 4 0
      vertex -11.5316 0.737603 0
    endloop
  endfacet
  facet normal 0 0 -1
    outer loop
      vertex -13 4 0
      vertex -11.6574 0.378286 0
      vertex -11.7 0 0
    endloop
  endfacet
  facet normal -0.965949 0.258734 0
    outer loop
      vertex -14.9696 2.34729 0
      vertex -14.8794 2.68404 3
      vertex -14.8794 2.68404 0
    endloop
  endfacet
  facet normal -0.965949 0.258734 0
    outer loop
      vertex -14.8794 2.68404 3
      vertex -14.9696 2.34729 0
      vertex -14.9696 2.34729 3
    endloop
  endfacet
  facet normal -0.258823 0.965925 0
    outer loop
      vertex -13.3473 3.9696 0
      vertex -13.684 3.87938 3
      vertex -13.3473 3.9696 3
    endloop
  endfacet
  facet normal -0.258823 0.965925 0
    outer loop
      vertex -13.684 3.87938 3
      vertex -13.3473 3.9696 0
      vertex -13.684 3.87938 0
    endloop
  endfacet
  facet normal 0.819231 0.573464 0
    outer loop
      vertex 14.732 3 3
      vertex 14.5321 3.28557 0
      vertex 14.5321 3.28557 3
    endloop
  endfacet
  facet normal 0.819231 0.573464 0
    outer loop
      vertex 14.5321 3.28557 0
      vertex 14.732 3 3
      vertex 14.732 3 0
    endloop
  endfacet
  facet normal -0.087199 0.996191 0
    outer loop
      vertex -13 4 0
      vertex -13.3473 3.9696 3
      vertex -13 4 3
    endloop
  endfacet
  facet normal -0.087199 0.996191 0
    outer loop
      vertex -13.3473 3.9696 3
      vertex -13 4 0
      vertex -13.3473 3.9696 0
    endloop
  endfacet
  facet normal 0 1 -0
    outer loop
      vertex 13 4 0
      vertex -13 4 3
      vertex 13 4 3
    endloop
  endfacet
  facet normal 0 1 0
    outer loop
      vertex -13 4 3
      vertex 13 4 0
      vertex -13 4 0
    endloop
  endfacet
  facet normal 0.965949 0.258734 0
    outer loop
      vertex 14.9696 2.34729 3
      vertex 14.8794 2.68404 0
      vertex 14.8794 2.68404 3
    endloop
  endfacet
  facet normal 0.965949 0.258734 0
    outer loop
      vertex 14.8794 2.68404 0
      vertex 14.9696 2.34729 3
      vertex 14.9696 2.34729 0
    endloop
  endfacet
  facet normal -1 0 0
    outer loop
      vertex -15 2 0
      vertex -15 -3.5 3
      vertex -15 2 3
    endloop
  endfacet
  facet normal -1 0 0
    outer loop
      vertex -15 -6.5 0
      vertex -15 -3.5 3
      vertex -15 2 0
    endloop
  endfacet
  facet normal -1 0 0
    outer loop
      vertex -15 -6.5 15
      vertex -15 -3.5 3
      vertex -15 -6.5 0
    endloop
  endfacet
  facet normal -1 0 0
    outer loop
      vertex -15 -3.5 3
      vertex -15 -6.5 15
      vertex -15 -3.5 15
    endloop
  endfacet
  facet normal 0 0 1
    outer loop
      vertex 15 2 3
      vertex 11.6574 0.378286 3
      vertex 11.7 0 3
    endloop
  endfacet
  facet normal 0 0 1
    outer loop
      vertex 15 2 3
      vertex 11.5316 0.737603 3
      vertex 11.6574 0.378286 3
    endloop
  endfacet
  facet normal 0 0 1
    outer loop
      vertex 15 2 3
      vertex 11.3291 1.05993 3
      vertex 11.5316 0.737603 3
    endloop
  endfacet
  facet normal 0 0 1
    outer loop
      vertex 13 4 3
      vertex 11.0599 1.32911 3
      vertex 11.3291 1.05993 3
    endloop
  endfacet
  facet normal 0 0 1
    outer loop
      vertex 13 4 3
      vertex 10.7376 1.53165 3
      vertex 11.0599 1.32911 3
    endloop
  endfacet
  facet normal 0 0 1
    outer loop
      vertex 13 4 3
      vertex 10.3783 1.65738 3
      vertex 10.7376 1.53165 3
    endloop
  endfacet
  facet normal 0 0 1
    outer loop
      vertex 13 4 3
      vertex 10 1.7 3
      vertex 10.3783 1.65738 3
    endloop
  endfacet
  facet normal 0 0 1
    outer loop
      vertex 13 4 3
      vertex 9.62171 1.65738 3
      vertex 10 1.7 3
    endloop
  endfacet
  facet normal 0 0 1
    outer loop
      vertex 13 4 3
      vertex 9.2624 1.53165 3
      vertex 9.62171 1.65738 3
    endloop
  endfacet
  facet normal 0 0 1
    outer loop
      vertex -9.2624 1.53165 3
      vertex 9.2624 1.53165 3
      vertex 13 4 3
    endloop
  endfacet
  facet normal 0 0 1
    outer loop
      vertex 8.34262 0.378286 3
      vertex -8.3 0 3
      vertex 8.3 0 3
    endloop
  endfacet
  facet normal 0 0 1
    outer loop
      vertex -8.34262 0.378286 3
      vertex 8.34262 0.378286 3
      vertex 8.46835 0.737603 3
    endloop
  endfacet
  facet normal 0 0 1
    outer loop
      vertex -8.46835 0.737603 3
      vertex 8.46835 0.737603 3
      vertex 8.67089 1.05993 3
    endloop
  endfacet
  facet normal 0 0 1
    outer loop
      vertex -8.67089 1.05993 3
      vertex 8.67089 1.05993 3
      vertex 8.94007 1.32911 3
    endloop
  endfacet
  facet normal 0 0 1
    outer loop
      vertex 9.2624 1.53165 3
      vertex -9.2624 1.53165 3
      vertex 8.94007 1.32911 3
    endloop
  endfacet
  facet normal 0 0 1
    outer loop
      vertex 8.34262 0.378286 3
      vertex -8.34262 0.378286 3
      vertex -8.3 0 3
    endloop
  endfacet
  facet normal 0 0 1
    outer loop
      vertex 8.46835 0.737603 3
      vertex -8.46835 0.737603 3
      vertex -8.34262 0.378286 3
    endloop
  endfacet
  facet normal 0 0 1
    outer loop
      vertex 8.67089 1.05993 3
      vertex -8.67089 1.05993 3
      vertex -8.46835 0.737603 3
    endloop
  endfacet
  facet normal 0 0 1
    outer loop
      vertex 8.94007 1.32911 3
      vertex -8.94007 1.32911 3
      vertex -8.67089 1.05993 3
    endloop
  endfacet
  facet normal 0 0 1
    outer loop
      vertex 8.94007 1.32911 3
      vertex -9.2624 1.53165 3
      vertex -8.94007 1.32911 3
    endloop
  endfacet
  facet normal -0 0 1
    outer loop
      vertex -13 4 3
      vertex -9.2624 1.53165 3
      vertex 13 4 3
    endloop
  endfacet
  facet normal 0 0 1
    outer loop
      vertex -9.2624 1.53165 3
      vertex -13 4 3
      vertex -9.62171 1.65738 3
    endloop
  endfacet
  facet normal 0 0 1
    outer loop
      vertex -11.5316 0.737603 3
      vertex -15 2 3
      vertex -11.6574 0.378286 3
    endloop
  endfacet
  facet normal 0 0 1
    outer loop
      vertex -11.3291 1.05993 3
      vertex -15 2 3
      vertex -11.5316 0.737603 3
    endloop
  endfacet
  facet normal -0 0 1
    outer loop
      vertex -15 2 3
      vertex -11.3291 1.05993 3
      vertex -13 4 3
    endloop
  endfacet
  facet normal 0 0 1
    outer loop
      vertex -11.0599 1.32911 3
      vertex -13 4 3
      vertex -11.3291 1.05993 3
    endloop
  endfacet
  facet normal 0 0 1
    outer loop
      vertex -10.7376 1.53165 3
      vertex -13 4 3
      vertex -11.0599 1.32911 3
    endloop
  endfacet
  facet normal 0 0 1
    outer loop
      vertex -10.3783 1.65738 3
      vertex -13 4 3
      vertex -10.7376 1.53165 3
    endloop
  endfacet
  facet normal 0 0 1
    outer loop
      vertex -10 1.7 3
      vertex -13 4 3
      vertex -10.3783 1.65738 3
    endloop
  endfacet
  facet normal 0 0 1
    outer loop
      vertex -9.62171 1.65738 3
      vertex -13 4 3
      vertex -10 1.7 3
    endloop
  endfacet
  facet normal 0 0 1
    outer loop
      vertex 14.8794 2.68404 3
      vertex 11.3291 1.05993 3
      vertex 14.9696 2.34729 3
    endloop
  endfacet
  facet normal 0 0 1
    outer loop
      vertex 14.732 3 3
      vertex 11.3291 1.05993 3
      vertex 14.8794 2.68404 3
    endloop
  endfacet
  facet normal 0 0 1
    outer loop
      vertex 14.5321 3.28557 3
      vertex 11.3291 1.05993 3
      vertex 14.732 3 3
    endloop
  endfacet
  facet normal 0 0 1
    outer loop
      vertex 14.2856 3.53207 3
      vertex 11.3291 1.05993 3
      vertex 14.5321 3.28557 3
    endloop
  endfacet
  facet normal 0 0 1
    outer loop
      vertex 11.3291 1.05993 3
      vertex 14.2856 3.53207 3
      vertex 13 4 3
    endloop
  endfacet
  facet normal 0 0 1
    outer loop
      vertex 13 4 3
      vertex 14.2856 3.53207 3
      vertex 14 3.73204 3
    endloop
  endfacet
  facet normal 0 0 1
    outer loop
      vertex 13 4 3
      vertex 14 3.73204 3
      vertex 13.684 3.87938 3
    endloop
  endfacet
  facet normal 0 0 1
    outer loop
      vertex 13 4 3
      vertex 13.684 3.87938 3
      vertex 13.3473 3.9696 3
    endloop
  endfacet
  facet normal 0 0 1
    outer loop
      vertex 14.9696 2.34729 3
      vertex 11.3291 1.05993 3
      vertex 15 2 3
    endloop
  endfacet
  facet normal 0 0 1
    outer loop
      vertex 15 2 3
      vertex 11.7 0 3
      vertex 11.6574 -0.378285 3
    endloop
  endfacet
  facet normal 0 0 1
    outer loop
      vertex 15 2 3
      vertex 11.6574 -0.378285 3
      vertex 15 -3.5 3
    endloop
  endfacet
  facet normal -0 0 1
    outer loop
      vertex 11.5316 -0.737602 3
      vertex 15 -3.5 3
      vertex 11.6574 -0.378285 3
    endloop
  endfacet
  facet normal -0 0 1
    outer loop
      vertex 11.3291 -1.05993 3
      vertex 15 -3.5 3
      vertex 11.5316 -0.737602 3
    endloop
  endfacet
  facet normal -0 0 1
    outer loop
      vertex 11.0599 -1.32911 3
      vertex 15 -3.5 3
      vertex 11.3291 -1.05993 3
    endloop
  endfacet
  facet normal -0 0 1
    outer loop
      vertex 10.7376 -1.53165 3
      vertex 15 -3.5 3
      vertex 11.0599 -1.32911 3
    endloop
  endfacet
  facet normal -0 0 1
    outer loop
      vertex 10.3783 -1.65738 3
      vertex 15 -3.5 3
      vertex 10.7376 -1.53165 3
    endloop
  endfacet
  facet normal -0 0 1
    outer loop
      vertex 10 -1.7 3
      vertex 15 -3.5 3
      vertex 10.3783 -1.65738 3
    endloop
  endfacet
  facet normal 0 0 1
    outer loop
      vertex 9.62171 -1.65738 3
      vertex 15 -3.5 3
      vertex 10 -1.7 3
    endloop
  endfacet
  facet normal -0 0 1
    outer loop
      vertex -8.3 0 3
      vertex 8.34262 -0.378285 3
      vertex 8.3 0 3
    endloop
  endfacet
  facet normal 0 0 1
    outer loop
      vertex -8.34262 -0.378285 3
      vertex 8.34262 -0.378285 3
      vertex -8.3 0 3
    endloop
  endfacet
  facet normal 0 0 1
    outer loop
      vertex 8.34262 -0.378285 3
      vertex -8.34262 -0.378285 3
      vertex 8.46835 -0.737602 3
    endloop
  endfacet
  facet normal 0 0 1
    outer loop
      vertex -8.46835 -0.737602 3
      vertex 8.46835 -0.737602 3
      vertex -8.34262 -0.378285 3
    endloop
  endfacet
  facet normal 0 0 1
    outer loop
      vertex 8.46835 -0.737602 3
      vertex -8.46835 -0.737602 3
      vertex 8.67089 -1.05993 3
    endloop
  endfacet
  facet normal 0 0 1
    outer loop
      vertex -8.67089 -1.05993 3
      vertex 8.67089 -1.05993 3
      vertex -8.46835 -0.737602 3
    endloop
  endfacet
  facet normal 0 0 1
    outer loop
      vertex 8.67089 -1.05993 3
      vertex -8.67089 -1.05993 3
      vertex 8.94007 -1.32911 3
    endloop
  endfacet
  facet normal 0 0 1
    outer loop
      vertex -8.94007 -1.32911 3
      vertex 8.94007 -1.32911 3
      vertex -8.67089 -1.05993 3
    endloop
  endfacet
  facet normal 0 0 1
    outer loop
      vertex 8.94007 -1.32911 3
      vertex -8.94007 -1.32911 3
      vertex 9.2624 -1.53165 3
    endloop
  endfacet
  facet normal 0 0 1
    outer loop
      vertex -9.2624 -1.53165 3
      vertex 9.2624 -1.53165 3
      vertex -8.94007 -1.32911 3
    endloop
  endfacet
  facet normal 0 0 1
    outer loop
      vertex 9.2624 -1.53165 3
      vertex -9.2624 -1.53165 3
      vertex 9.62171 -1.65738 3
    endloop
  endfacet
  facet normal 0 0 1
    outer loop
      vertex -9.62171 -1.65738 3
      vertex 9.62171 -1.65738 3
      vertex -9.2624 -1.53165 3
    endloop
  endfacet
  facet normal 0 0 1
    outer loop
      vertex 9.62171 -1.65738 3
      vertex -9.62171 -1.65738 3
      vertex 15 -3.5 3
    endloop
  endfacet
  facet normal 0 0 1
    outer loop
      vertex -15 -3.5 3
      vertex -9.62171 -1.65738 3
      vertex -10 -1.7 3
    endloop
  endfacet
  facet normal 0 0 1
    outer loop
      vertex -11.6574 0.378286 3
      vertex -15 2 3
      vertex -11.7 0 3
    endloop
  endfacet
  facet normal 0 0 1
    outer loop
      vertex -15 2 3
      vertex -13 4 3
      vertex -13.3473 3.9696 3
    endloop
  endfacet
  facet normal 0 0 1
    outer loop
      vertex -11.7 0 3
      vertex -15 2 3
      vertex -11.6574 -0.378285 3
    endloop
  endfacet
  facet normal 0 0 1
    outer loop
      vertex -15 2 3
      vertex -13.3473 3.9696 3
      vertex -13.684 3.87938 3
    endloop
  endfacet
  facet normal 0 0 1
    outer loop
      vertex -15 2 3
      vertex -13.684 3.87938 3
      vertex -14 3.73204 3
    endloop
  endfacet
  facet normal 0 0 1
    outer loop
      vertex -15 2 3
      vertex -14 3.73204 3
      vertex -14.2856 3.53207 3
    endloop
  endfacet
  facet normal 0 0 1
    outer loop
      vertex -15 -3.5 3
      vertex -11.6574 -0.378285 3
      vertex -15 2 3
    endloop
  endfacet
  facet normal 0 0 1
    outer loop
      vertex -15 2 3
      vertex -14.2856 3.53207 3
      vertex -14.5321 3.28557 3
    endloop
  endfacet
  facet normal 0 0 1
    outer loop
      vertex -15 2 3
      vertex -14.5321 3.28557 3
      vertex -14.732 3 3
    endloop
  endfacet
  facet normal 0 0 1
    outer loop
      vertex -15 2 3
      vertex -14.732 3 3
      vertex -14.8794 2.68404 3
    endloop
  endfacet
  facet normal 0 0 1
    outer loop
      vertex -15 2 3
      vertex -14.8794 2.68404 3
      vertex -14.9696 2.34729 3
    endloop
  endfacet
  facet normal 0 0 1
    outer loop
      vertex -11.6574 -0.378285 3
      vertex -15 -3.5 3
      vertex -11.5316 -0.737602 3
    endloop
  endfacet
  facet normal 0 0 1
    outer loop
      vertex -11.5316 -0.737602 3
      vertex -15 -3.5 3
      vertex -11.3291 -1.05993 3
    endloop
  endfacet
  facet normal 0 0 1
    outer loop
      vertex -9.62171 -1.65738 3
      vertex -15 -3.5 3
      vertex 15 -3.5 3
    endloop
  endfacet
  facet normal 0 0 1
    outer loop
      vertex -10.3783 -1.65738 3
      vertex -15 -3.5 3
      vertex -10 -1.7 3
    endloop
  endfacet
  facet normal 0 0 1
    outer loop
      vertex -10.7376 -1.53165 3
      vertex -15 -3.5 3
      vertex -10.3783 -1.65738 3
    endloop
  endfacet
  facet normal 0 0 1
    outer loop
      vertex -11.0599 -1.32911 3
      vertex -15 -3.5 3
      vertex -10.7376 -1.53165 3
    endloop
  endfacet
  facet normal 0 0 1
    outer loop
      vertex -11.3291 -1.05993 3
      vertex -15 -3.5 3
      vertex -11.0599 -1.32911 3
    endloop
  endfacet
  facet normal -0.996191 0.0872015 0
    outer loop
      vertex -15 2 0
      vertex -14.9696 2.34729 3
      vertex -14.9696 2.34729 0
    endloop
  endfacet
  facet normal -0.996191 0.0872015 0
    outer loop
      vertex -14.9696 2.34729 3
      vertex -15 2 0
      vertex -15 2 3
    endloop
  endfacet
  facet normal -0.573559 0.819165 0
    outer loop
      vertex -14 3.73204 0
      vertex -14.2856 3.53207 3
      vertex -14 3.73204 3
    endloop
  endfacet
  facet normal -0.573559 0.819165 0
    outer loop
      vertex -14.2856 3.53207 3
      vertex -14 3.73204 0
      vertex -14.2856 3.53207 0
    endloop
  endfacet
  facet normal 0.906236 0.422772 0
    outer loop
      vertex 14.8794 2.68404 3
      vertex 14.732 3 0
      vertex 14.732 3 3
    endloop
  endfacet
  facet normal 0.906236 0.422772 0
    outer loop
      vertex 14.732 3 0
      vertex 14.8794 2.68404 3
      vertex 14.8794 2.68404 0
    endloop
  endfacet
  facet normal 0.573559 0.819165 -0
    outer loop
      vertex 14.2856 3.53207 0
      vertex 14 3.73204 3
      vertex 14.2856 3.53207 3
    endloop
  endfacet
  facet normal 0.573559 0.819165 0
    outer loop
      vertex 14 3.73204 3
      vertex 14.2856 3.53207 0
      vertex 14 3.73204 0
    endloop
  endfacet
  facet normal 0.422587 0.906322 -0
    outer loop
      vertex 14 3.73204 0
      vertex 13.684 3.87938 3
      vertex 14 3.73204 3
    endloop
  endfacet
  facet normal 0.422587 0.906322 0
    outer loop
      vertex 13.684 3.87938 3
      vertex 14 3.73204 0
      vertex 13.684 3.87938 0
    endloop
  endfacet
  facet normal 0.087199 0.996191 -0
    outer loop
      vertex 13.3473 3.9696 0
      vertex 13 4 3
      vertex 13.3473 3.9696 3
    endloop
  endfacet
  facet normal 0.087199 0.996191 0
    outer loop
      vertex 13 4 3
      vertex 13.3473 3.9696 0
      vertex 13 4 0
    endloop
  endfacet
  facet normal 0.996191 0.0872015 0
    outer loop
      vertex 15 2 3
      vertex 14.9696 2.34729 0
      vertex 14.9696 2.34729 3
    endloop
  endfacet
  facet normal 0.996191 0.0872015 0
    outer loop
      vertex 14.9696 2.34729 0
      vertex 15 2 3
      vertex 15 2 0
    endloop
  endfacet
  facet normal 1 0 0
    outer loop
      vertex 15 -3.5 15
      vertex 15 -6.5 15
      vertex 15 -3.5 3
    endloop
  endfacet
  facet normal 1 -0 0
    outer loop
      vertex 15 -3.5 3
      vertex 15 2 0
      vertex 15 2 3
    endloop
  endfacet
  facet normal 1 0 0
    outer loop
      vertex 15 -3.5 3
      vertex 15 -6.5 0
      vertex 15 2 0
    endloop
  endfacet
  facet normal 1 0 0
    outer loop
      vertex 15 -6.5 0
      vertex 15 -3.5 3
      vertex 15 -6.5 15
    endloop
  endfacet
  facet normal -0.906236 0.422772 0
    outer loop
      vertex -14.8794 2.68404 0
      vertex -14.732 3 3
      vertex -14.732 3 0
    endloop
  endfacet
  facet normal -0.906236 0.422772 0
    outer loop
      vertex -14.732 3 3
      vertex -14.8794 2.68404 0
      vertex -14.8794 2.68404 3
    endloop
  endfacet
  facet normal -0.819231 0.573464 0
    outer loop
      vertex -14.732 3 0
      vertex -14.5321 3.28557 3
      vertex -14.5321 3.28557 0
    endloop
  endfacet
  facet normal -0.819231 0.573464 0
    outer loop
      vertex -14.5321 3.28557 3
      vertex -14.732 3 0
      vertex -14.732 3 3
    endloop
  endfacet
  facet normal -0.707107 0.707107 0
    outer loop
      vertex -14.5321 3.28557 0
      vertex -14.2856 3.53207 3
      vertex -14.2856 3.53207 0
    endloop
  endfacet
  facet normal -0.707107 0.707107 0
    outer loop
      vertex -14.2856 3.53207 3
      vertex -14.5321 3.28557 0
      vertex -14.5321 3.28557 3
    endloop
  endfacet
  facet normal -0.422587 0.906322 0
    outer loop
      vertex -13.684 3.87938 0
      vertex -14 3.73204 3
      vertex -13.684 3.87938 3
    endloop
  endfacet
  facet normal -0.422587 0.906322 0
    outer loop
      vertex -14 3.73204 3
      vertex -13.684 3.87938 0
      vertex -14 3.73204 0
    endloop
  endfacet
  facet normal 0.707107 0.707107 0
    outer loop
      vertex 14.5321 3.28557 3
      vertex 14.2856 3.53207 0
      vertex 14.2856 3.53207 3
    endloop
  endfacet
  facet normal 0.707107 0.707107 0
    outer loop
      vertex 14.2856 3.53207 0
      vertex 14.5321 3.28557 3
      vertex 14.5321 3.28557 0
    endloop
  endfacet
  facet normal 0.258823 0.965925 -0
    outer loop
      vertex 13.684 3.87938 0
      vertex 13.3473 3.9696 3
      vertex 13.684 3.87938 3
    endloop
  endfacet
  facet normal 0.258823 0.965925 0
    outer loop
      vertex 13.3473 3.9696 3
      vertex 13.684 3.87938 0
      vertex 13.3473 3.9696 0
    endloop
  endfacet
  facet normal 0 1 0
    outer loop
      vertex 15 -3.5 15
      vertex 14.5 -3.5 6
      vertex 14.5 -3.5 15
    endloop
  endfacet
  facet normal 0 1 0
    outer loop
      vertex 15 -3.5 3
      vertex 5.5 -3.5 6
      vertex 14.5 -3.5 6
    endloop
  endfacet
  facet normal 0 1 0
    outer loop
      vertex 5.5 -3.5 6
      vertex 15 -3.5 3
      vertex -5.5 -3.5 6
    endloop
  endfacet
  facet normal 0 1 0
    outer loop
      vertex -15 -3.5 3
      vertex -5.5 -3.5 6
      vertex 15 -3.5 3
    endloop
  endfacet
  facet normal 0 1 -0
    outer loop
      vertex 15 -3.5 3
      vertex 14.5 -3.5 6
      vertex 15 -3.5 15
    endloop
  endfacet
  facet normal 0 1 -0
    outer loop
      vertex 5.5 -3.5 6
      vertex -5.5 -3.5 15
      vertex 5.5 -3.5 15
    endloop
  endfacet
  facet normal 0 1 0
    outer loop
      vertex -5.5 -3.5 15
      vertex 5.5 -3.5 6
      vertex -5.5 -3.5 6
    endloop
  endfacet
  facet normal 0 1 -0
    outer loop
      vertex -14.5 -3.5 6
      vertex -15 -3.5 15
      vertex -14.5 -3.5 15
    endloop
  endfacet
  facet normal 0 1 0
    outer loop
      vertex -14.5 -3.5 6
      vertex -15 -3.5 3
      vertex -15 -3.5 15
    endloop
  endfacet
  facet normal 0 1 0
    outer loop
      vertex -5.5 -3.5 6
      vertex -15 -3.5 3
      vertex -14.5 -3.5 6
    endloop
  endfacet
  facet normal -0.846714 -0.532048 0
    outer loop
      vertex -8.46835 0.737603 0
      vertex -8.67089 1.05993 3
      vertex -8.67089 1.05993 0
    endloop
  endfacet
  facet normal -0.846714 -0.532048 0
    outer loop
      vertex -8.67089 1.05993 3
      vertex -8.46835 0.737603 0
      vertex -8.46835 0.737603 3
    endloop
  endfacet
  facet normal -0.993713 -0.111958 0
    outer loop
      vertex -8.3 0 0
      vertex -8.34262 0.378286 3
      vertex -8.34262 0.378286 0
    endloop
  endfacet
  facet normal -0.993713 -0.111958 0
    outer loop
      vertex -8.34262 0.378286 3
      vertex -8.3 0 0
      vertex -8.3 0 3
    endloop
  endfacet
  facet normal 0.993719 -0.111906 0
    outer loop
      vertex -11.7 0 3
      vertex -11.6574 0.378286 0
      vertex -11.6574 0.378286 3
    endloop
  endfacet
  facet normal 0.993719 -0.111906 0
    outer loop
      vertex -11.6574 0.378286 0
      vertex -11.7 0 3
      vertex -11.7 0 0
    endloop
  endfacet
  facet normal -0.707107 -0.707107 0
    outer loop
      vertex -8.67089 1.05993 0
      vertex -8.94007 1.32911 3
      vertex -8.94007 1.32911 0
    endloop
  endfacet
  facet normal -0.707107 -0.707107 0
    outer loop
      vertex -8.94007 1.32911 3
      vertex -8.67089 1.05993 0
      vertex -8.67089 1.05993 3
    endloop
  endfacet
  facet normal 0.330292 -0.943879 0
    outer loop
      vertex -10.7376 1.53165 0
      vertex -10.3783 1.65738 3
      vertex -10.7376 1.53165 3
    endloop
  endfacet
  facet normal 0.330292 -0.943879 0
    outer loop
      vertex -10.3783 1.65738 3
      vertex -10.7376 1.53165 0
      vertex -10.3783 1.65738 0
    endloop
  endfacet
  facet normal 0.943826 -0.330442 0
    outer loop
      vertex -11.6574 0.378286 3
      vertex -11.5316 0.737603 0
      vertex -11.5316 0.737603 3
    endloop
  endfacet
  facet normal 0.943826 -0.330442 0
    outer loop
      vertex -11.5316 0.737603 0
      vertex -11.6574 0.378286 3
      vertex -11.6574 0.378286 0
    endloop
  endfacet
  facet normal -0.330284 0.943882 0
    outer loop
      vertex -9.2624 -1.53165 0
      vertex -9.62171 -1.65738 3
      vertex -9.2624 -1.53165 3
    endloop
  endfacet
  facet normal -0.330284 0.943882 0
    outer loop
      vertex -9.62171 -1.65738 3
      vertex -9.2624 -1.53165 0
      vertex -9.62171 -1.65738 0
    endloop
  endfacet
  facet normal -0.532045 -0.846716 0
    outer loop
      vertex -9.2624 1.53165 0
      vertex -8.94007 1.32911 3
      vertex -9.2624 1.53165 3
    endloop
  endfacet
  facet normal -0.532045 -0.846716 -0
    outer loop
      vertex -8.94007 1.32911 3
      vertex -9.2624 1.53165 0
      vertex -8.94007 1.32911 0
    endloop
  endfacet
  facet normal 0.111954 -0.993713 0
    outer loop
      vertex -10.3783 1.65738 0
      vertex -10 1.7 3
      vertex -10.3783 1.65738 3
    endloop
  endfacet
  facet normal 0.111954 -0.993713 0
    outer loop
      vertex -10 1.7 3
      vertex -10.3783 1.65738 0
      vertex -10 1.7 0
    endloop
  endfacet
  facet normal -0.330284 -0.943882 0
    outer loop
      vertex -9.62171 1.65738 0
      vertex -9.2624 1.53165 3
      vertex -9.62171 1.65738 3
    endloop
  endfacet
  facet normal -0.330284 -0.943882 -0
    outer loop
      vertex -9.2624 1.53165 3
      vertex -9.62171 1.65738 0
      vertex -9.2624 1.53165 0
    endloop
  endfacet
  facet normal 0.846761 -0.531973 0
    outer loop
      vertex -11.5316 0.737603 3
      vertex -11.3291 1.05993 0
      vertex -11.3291 1.05993 3
    endloop
  endfacet
  facet normal 0.846761 -0.531973 0
    outer loop
      vertex -11.3291 1.05993 0
      vertex -11.5316 0.737603 3
      vertex -11.5316 0.737603 0
    endloop
  endfacet
  facet normal 0.53208 -0.846694 0
    outer loop
      vertex -11.0599 1.32911 0
      vertex -10.7376 1.53165 3
      vertex -11.0599 1.32911 3
    endloop
  endfacet
  facet normal 0.53208 -0.846694 0
    outer loop
      vertex -10.7376 1.53165 3
      vertex -11.0599 1.32911 0
      vertex -10.7376 1.53165 0
    endloop
  endfacet
  facet normal 0.707081 -0.707133 0
    outer loop
      vertex -11.3291 1.05993 3
      vertex -11.0599 1.32911 0
      vertex -11.0599 1.32911 3
    endloop
  endfacet
  facet normal 0.707081 -0.707133 0
    outer loop
      vertex -11.0599 1.32911 0
      vertex -11.3291 1.05993 3
      vertex -11.3291 1.05993 0
    endloop
  endfacet
  facet normal -0.943884 0.330278 0
    outer loop
      vertex -8.46835 -0.737602 0
      vertex -8.34262 -0.378285 3
      vertex -8.34262 -0.378285 0
    endloop
  endfacet
  facet normal -0.943884 0.330278 0
    outer loop
      vertex -8.34262 -0.378285 3
      vertex -8.46835 -0.737602 0
      vertex -8.46835 -0.737602 3
    endloop
  endfacet
  facet normal 0.846762 0.531972 0
    outer loop
      vertex -11.3291 -1.05993 3
      vertex -11.5316 -0.737602 0
      vertex -11.5316 -0.737602 3
    endloop
  endfacet
  facet normal 0.846762 0.531972 0
    outer loop
      vertex -11.5316 -0.737602 0
      vertex -11.3291 -1.05993 3
      vertex -11.3291 -1.05993 0
    endloop
  endfacet
  facet normal -0.707107 0.707107 0
    outer loop
      vertex -8.94007 -1.32911 0
      vertex -8.67089 -1.05993 3
      vertex -8.67089 -1.05993 0
    endloop
  endfacet
  facet normal -0.707107 0.707107 0
    outer loop
      vertex -8.67089 -1.05993 3
      vertex -8.94007 -1.32911 0
      vertex -8.94007 -1.32911 3
    endloop
  endfacet
  facet normal -0.993713 0.111958 0
    outer loop
      vertex -8.34262 -0.378285 0
      vertex -8.3 0 3
      vertex -8.3 0 0
    endloop
  endfacet
  facet normal -0.993713 0.111958 0
    outer loop
      vertex -8.3 0 3
      vertex -8.34262 -0.378285 0
      vertex -8.34262 -0.378285 3
    endloop
  endfacet
  facet normal -0.943884 -0.330278 0
    outer loop
      vertex -8.34262 0.378286 0
      vertex -8.46835 0.737603 3
      vertex -8.46835 0.737603 0
    endloop
  endfacet
  facet normal -0.943884 -0.330278 0
    outer loop
      vertex -8.46835 0.737603 3
      vertex -8.34262 0.378286 0
      vertex -8.34262 0.378286 3
    endloop
  endfacet
  facet normal -0.111957 -0.993713 0
    outer loop
      vertex -10 1.7 0
      vertex -9.62171 1.65738 3
      vertex -10 1.7 3
    endloop
  endfacet
  facet normal -0.111957 -0.993713 -0
    outer loop
      vertex -9.62171 1.65738 3
      vertex -10 1.7 0
      vertex -9.62171 1.65738 0
    endloop
  endfacet
  facet normal 0.993719 0.111906 0
    outer loop
      vertex -11.6574 -0.378285 3
      vertex -11.7 0 0
      vertex -11.7 0 3
    endloop
  endfacet
  facet normal 0.993719 0.111906 0
    outer loop
      vertex -11.7 0 0
      vertex -11.6574 -0.378285 3
      vertex -11.6574 -0.378285 0
    endloop
  endfacet
  facet normal -0.846715 0.532047 0
    outer loop
      vertex -8.67089 -1.05993 0
      vertex -8.46835 -0.737602 3
      vertex -8.46835 -0.737602 0
    endloop
  endfacet
  facet normal -0.846715 0.532047 0
    outer loop
      vertex -8.46835 -0.737602 3
      vertex -8.67089 -1.05993 0
      vertex -8.67089 -1.05993 3
    endloop
  endfacet
  facet normal -0.111957 0.993713 0
    outer loop
      vertex -9.62171 -1.65738 0
      vertex -10 -1.7 3
      vertex -9.62171 -1.65738 3
    endloop
  endfacet
  facet normal -0.111957 0.993713 0
    outer loop
      vertex -10 -1.7 3
      vertex -9.62171 -1.65738 0
      vertex -10 -1.7 0
    endloop
  endfacet
  facet normal 0.943826 0.330442 0
    outer loop
      vertex -11.5316 -0.737602 3
      vertex -11.6574 -0.378285 0
      vertex -11.6574 -0.378285 3
    endloop
  endfacet
  facet normal 0.943826 0.330442 0
    outer loop
      vertex -11.6574 -0.378285 0
      vertex -11.5316 -0.737602 3
      vertex -11.5316 -0.737602 0
    endloop
  endfacet
  facet normal 0.707081 0.707133 0
    outer loop
      vertex -11.0599 -1.32911 3
      vertex -11.3291 -1.05993 0
      vertex -11.3291 -1.05993 3
    endloop
  endfacet
  facet normal 0.707081 0.707133 0
    outer loop
      vertex -11.3291 -1.05993 0
      vertex -11.0599 -1.32911 3
      vertex -11.0599 -1.32911 0
    endloop
  endfacet
  facet normal -0.532045 0.846716 0
    outer loop
      vertex -8.94007 -1.32911 0
      vertex -9.2624 -1.53165 3
      vertex -8.94007 -1.32911 3
    endloop
  endfacet
  facet normal -0.532045 0.846716 0
    outer loop
      vertex -9.2624 -1.53165 3
      vertex -8.94007 -1.32911 0
      vertex -9.2624 -1.53165 0
    endloop
  endfacet
  facet normal 0.53208 0.846694 -0
    outer loop
      vertex -10.7376 -1.53165 0
      vertex -11.0599 -1.32911 3
      vertex -10.7376 -1.53165 3
    endloop
  endfacet
  facet normal 0.53208 0.846694 0
    outer loop
      vertex -11.0599 -1.32911 3
      vertex -10.7376 -1.53165 0
      vertex -11.0599 -1.32911 0
    endloop
  endfacet
  facet normal 0.330292 0.943879 -0
    outer loop
      vertex -10.3783 -1.65738 0
      vertex -10.7376 -1.53165 3
      vertex -10.3783 -1.65738 3
    endloop
  endfacet
  facet normal 0.330292 0.943879 0
    outer loop
      vertex -10.7376 -1.53165 3
      vertex -10.3783 -1.65738 0
      vertex -10.7376 -1.53165 0
    endloop
  endfacet
  facet normal 0.111954 0.993713 -0
    outer loop
      vertex -10 -1.7 0
      vertex -10.3783 -1.65738 3
      vertex -10 -1.7 3
    endloop
  endfacet
  facet normal 0.111954 0.993713 0
    outer loop
      vertex -10.3783 -1.65738 3
      vertex -10 -1.7 0
      vertex -10.3783 -1.65738 0
    endloop
  endfacet
  facet normal -0.993719 -0.111906 0
    outer loop
      vertex 11.7 0 0
      vertex 11.6574 0.378286 3
      vertex 11.6574 0.378286 0
    endloop
  endfacet
  facet normal -0.993719 -0.111906 0
    outer loop
      vertex 11.6574 0.378286 3
      vertex 11.7 0 0
      vertex 11.7 0 3
    endloop
  endfacet
  facet normal 0.993713 -0.111958 0
    outer loop
      vertex 8.3 0 3
      vertex 8.34262 0.378286 0
      vertex 8.34262 0.378286 3
    endloop
  endfacet
  facet normal 0.993713 -0.111958 0
    outer loop
      vertex 8.34262 0.378286 0
      vertex 8.3 0 3
      vertex 8.3 0 0
    endloop
  endfacet
  facet normal 0.111957 -0.993713 0
    outer loop
      vertex 9.62171 1.65738 0
      vertex 10 1.7 3
      vertex 9.62171 1.65738 3
    endloop
  endfacet
  facet normal 0.111957 -0.993713 0
    outer loop
      vertex 10 1.7 3
      vertex 9.62171 1.65738 0
      vertex 10 1.7 0
    endloop
  endfacet
  facet normal -0.111954 0.993713 0
    outer loop
      vertex 10.3783 -1.65738 0
      vertex 10 -1.7 3
      vertex 10.3783 -1.65738 3
    endloop
  endfacet
  facet normal -0.111954 0.993713 0
    outer loop
      vertex 10 -1.7 3
      vertex 10.3783 -1.65738 0
      vertex 10 -1.7 0
    endloop
  endfacet
  facet normal -0.53208 -0.846694 0
    outer loop
      vertex 10.7376 1.53165 0
      vertex 11.0599 1.32911 3
      vertex 10.7376 1.53165 3
    endloop
  endfacet
  facet normal -0.53208 -0.846694 -0
    outer loop
      vertex 11.0599 1.32911 3
      vertex 10.7376 1.53165 0
      vertex 11.0599 1.32911 0
    endloop
  endfacet
  facet normal 0.707107 -0.707107 0
    outer loop
      vertex 8.67089 1.05993 3
      vertex 8.94007 1.32911 0
      vertex 8.94007 1.32911 3
    endloop
  endfacet
  facet normal 0.707107 -0.707107 0
    outer loop
      vertex 8.94007 1.32911 0
      vertex 8.67089 1.05993 3
      vertex 8.67089 1.05993 0
    endloop
  endfacet
  facet normal 0.330284 -0.943882 0
    outer loop
      vertex 9.2624 1.53165 0
      vertex 9.62171 1.65738 3
      vertex 9.2624 1.53165 3
    endloop
  endfacet
  facet normal 0.330284 -0.943882 0
    outer loop
      vertex 9.62171 1.65738 3
      vertex 9.2624 1.53165 0
      vertex 9.62171 1.65738 0
    endloop
  endfacet
  facet normal -0.846761 -0.531973 0
    outer loop
      vertex 11.5316 0.737603 0
      vertex 11.3291 1.05993 3
      vertex 11.3291 1.05993 0
    endloop
  endfacet
  facet normal -0.846761 -0.531973 0
    outer loop
      vertex 11.3291 1.05993 3
      vertex 11.5316 0.737603 0
      vertex 11.5316 0.737603 3
    endloop
  endfacet
  facet normal -0.943826 -0.330442 0
    outer loop
      vertex 11.6574 0.378286 0
      vertex 11.5316 0.737603 3
      vertex 11.5316 0.737603 0
    endloop
  endfacet
  facet normal -0.943826 -0.330442 0
    outer loop
      vertex 11.5316 0.737603 3
      vertex 11.6574 0.378286 0
      vertex 11.6574 0.378286 3
    endloop
  endfacet
  facet normal -0.707081 -0.707133 0
    outer loop
      vertex 11.3291 1.05993 0
      vertex 11.0599 1.32911 3
      vertex 11.0599 1.32911 0
    endloop
  endfacet
  facet normal -0.707081 -0.707133 0
    outer loop
      vertex 11.0599 1.32911 3
      vertex 11.3291 1.05993 0
      vertex 11.3291 1.05993 3
    endloop
  endfacet
  facet normal -0.111954 -0.993713 0
    outer loop
      vertex 10 1.7 0
      vertex 10.3783 1.65738 3
      vertex 10 1.7 3
    endloop
  endfacet
  facet normal -0.111954 -0.993713 -0
    outer loop
      vertex 10.3783 1.65738 3
      vertex 10 1.7 0
      vertex 10.3783 1.65738 0
    endloop
  endfacet
  facet normal -0.330292 -0.943879 0
    outer loop
      vertex 10.3783 1.65738 0
      vertex 10.7376 1.53165 3
      vertex 10.3783 1.65738 3
    endloop
  endfacet
  facet normal -0.330292 -0.943879 -0
    outer loop
      vertex 10.7376 1.53165 3
      vertex 10.3783 1.65738 0
      vertex 10.7376 1.53165 0
    endloop
  endfacet
  facet normal 0.846714 -0.532048 0
    outer loop
      vertex 8.46835 0.737603 3
      vertex 8.67089 1.05993 0
      vertex 8.67089 1.05993 3
    endloop
  endfacet
  facet normal 0.846714 -0.532048 0
    outer loop
      vertex 8.67089 1.05993 0
      vertex 8.46835 0.737603 3
      vertex 8.46835 0.737603 0
    endloop
  endfacet
  facet normal 0.943884 -0.330278 0
    outer loop
      vertex 8.34262 0.378286 3
      vertex 8.46835 0.737603 0
      vertex 8.46835 0.737603 3
    endloop
  endfacet
  facet normal 0.943884 -0.330278 0
    outer loop
      vertex 8.46835 0.737603 0
      vertex 8.34262 0.378286 3
      vertex 8.34262 0.378286 0
    endloop
  endfacet
  facet normal 0.532045 -0.846716 0
    outer loop
      vertex 8.94007 1.32911 0
      vertex 9.2624 1.53165 3
      vertex 8.94007 1.32911 3
    endloop
  endfacet
  facet normal 0.532045 -0.846716 0
    outer loop
      vertex 9.2624 1.53165 3
      vertex 8.94007 1.32911 0
      vertex 9.2624 1.53165 0
    endloop
  endfacet
  facet normal -0.993719 0.111906 0
    outer loop
      vertex 11.6574 -0.378285 0
      vertex 11.7 0 3
      vertex 11.7 0 0
    endloop
  endfacet
  facet normal -0.993719 0.111906 0
    outer loop
      vertex 11.7 0 3
      vertex 11.6574 -0.378285 0
      vertex 11.6574 -0.378285 3
    endloop
  endfacet
  facet normal -0.330292 0.943879 0
    outer loop
      vertex 10.7376 -1.53165 0
      vertex 10.3783 -1.65738 3
      vertex 10.7376 -1.53165 3
    endloop
  endfacet
  facet normal -0.330292 0.943879 0
    outer loop
      vertex 10.3783 -1.65738 3
      vertex 10.7376 -1.53165 0
      vertex 10.3783 -1.65738 0
    endloop
  endfacet
  facet normal -0.943826 0.330442 0
    outer loop
      vertex 11.5316 -0.737602 0
      vertex 11.6574 -0.378285 3
      vertex 11.6574 -0.378285 0
    endloop
  endfacet
  facet normal -0.943826 0.330442 0
    outer loop
      vertex 11.6574 -0.378285 3
      vertex 11.5316 -0.737602 0
      vertex 11.5316 -0.737602 3
    endloop
  endfacet
  facet normal 0.532045 0.846716 -0
    outer loop
      vertex 9.2624 -1.53165 0
      vertex 8.94007 -1.32911 3
      vertex 9.2624 -1.53165 3
    endloop
  endfacet
  facet normal 0.532045 0.846716 0
    outer loop
      vertex 8.94007 -1.32911 3
      vertex 9.2624 -1.53165 0
      vertex 8.94007 -1.32911 0
    endloop
  endfacet
  facet normal 0.846715 0.532047 0
    outer loop
      vertex 8.67089 -1.05993 3
      vertex 8.46835 -0.737602 0
      vertex 8.46835 -0.737602 3
    endloop
  endfacet
  facet normal 0.846715 0.532047 0
    outer loop
      vertex 8.46835 -0.737602 0
      vertex 8.67089 -1.05993 3
      vertex 8.67089 -1.05993 0
    endloop
  endfacet
  facet normal 0.707107 0.707107 0
    outer loop
      vertex 8.94007 -1.32911 3
      vertex 8.67089 -1.05993 0
      vertex 8.67089 -1.05993 3
    endloop
  endfacet
  facet normal 0.707107 0.707107 0
    outer loop
      vertex 8.67089 -1.05993 0
      vertex 8.94007 -1.32911 3
      vertex 8.94007 -1.32911 0
    endloop
  endfacet
  facet normal 0.993713 0.111958 0
    outer loop
      vertex 8.34262 -0.378285 3
      vertex 8.3 0 0
      vertex 8.3 0 3
    endloop
  endfacet
  facet normal 0.993713 0.111958 0
    outer loop
      vertex 8.3 0 0
      vertex 8.34262 -0.378285 3
      vertex 8.34262 -0.378285 0
    endloop
  endfacet
  facet normal -0.707081 0.707133 0
    outer loop
      vertex 11.0599 -1.32911 0
      vertex 11.3291 -1.05993 3
      vertex 11.3291 -1.05993 0
    endloop
  endfacet
  facet normal -0.707081 0.707133 0
    outer loop
      vertex 11.3291 -1.05993 3
      vertex 11.0599 -1.32911 0
      vertex 11.0599 -1.32911 3
    endloop
  endfacet
  facet normal -0.53208 0.846694 0
    outer loop
      vertex 11.0599 -1.32911 0
      vertex 10.7376 -1.53165 3
      vertex 11.0599 -1.32911 3
    endloop
  endfacet
  facet normal -0.53208 0.846694 0
    outer loop
      vertex 10.7376 -1.53165 3
      vertex 11.0599 -1.32911 0
      vertex 10.7376 -1.53165 0
    endloop
  endfacet
  facet normal 0.111957 0.993713 -0
    outer loop
      vertex 10 -1.7 0
      vertex 9.62171 -1.65738 3
      vertex 10 -1.7 3
    endloop
  endfacet
  facet normal 0.111957 0.993713 0
    outer loop
      vertex 9.62171 -1.65738 3
      vertex 10 -1.7 0
      vertex 9.62171 -1.65738 0
    endloop
  endfacet
  facet normal 0.943884 0.330278 0
    outer loop
      vertex 8.46835 -0.737602 3
      vertex 8.34262 -0.378285 0
      vertex 8.34262 -0.378285 3
    endloop
  endfacet
  facet normal 0.943884 0.330278 0
    outer loop
      vertex 8.34262 -0.378285 0
      vertex 8.46835 -0.737602 3
      vertex 8.46835 -0.737602 0
    endloop
  endfacet
  facet normal -0.846762 0.531972 0
    outer loop
      vertex 11.3291 -1.05993 0
      vertex 11.5316 -0.737602 3
      vertex 11.5316 -0.737602 0
    endloop
  endfacet
  facet normal -0.846762 0.531972 0
    outer loop
      vertex 11.5316 -0.737602 3
      vertex 11.3291 -1.05993 0
      vertex 11.3291 -1.05993 3
    endloop
  endfacet
  facet normal 0.330284 0.943882 -0
    outer loop
      vertex 9.62171 -1.65738 0
      vertex 9.2624 -1.53165 3
      vertex 9.62171 -1.65738 3
    endloop
  endfacet
  facet normal 0.330284 0.943882 0
    outer loop
      vertex 9.2624 -1.53165 3
      vertex 9.62171 -1.65738 0
      vertex 9.2624 -1.53165 0
    endloop
  endfacet
  facet normal -0.994522 0 0.104531
    outer loop
      vertex -8.33715 -6.5 9.64655
      vertex -8.3 -4.1 10
      vertex -8.33715 -4.1 9.64655
    endloop
  endfacet
  facet normal -0.994522 0 0.104531
    outer loop
      vertex -8.3 -4.1 10
      vertex -8.33715 -6.5 9.64655
      vertex -8.3 -6.5 10
    endloop
  endfacet
  facet normal 0.994536 -0 0.104392
    outer loop
      vertex -11.7 -6.5 10
      vertex -11.6629 -4.1 9.64655
      vertex -11.7 -4.1 10
    endloop
  endfacet
  facet normal 0.994536 0 0.104392
    outer loop
      vertex -11.6629 -4.1 9.64655
      vertex -11.7 -6.5 10
      vertex -11.6629 -6.5 9.64655
    endloop
  endfacet
  facet normal -0 0 1
    outer loop
      vertex -10.1777 -4.1 8.30931
      vertex -9.8223 -6.5 8.30931
      vertex -9.8223 -4.1 8.30931
    endloop
  endfacet
  facet normal 0 0 1
    outer loop
      vertex -9.8223 -6.5 8.30931
      vertex -10.1777 -4.1 8.30931
      vertex -10.1777 -6.5 8.30931
    endloop
  endfacet
  facet normal 0 0 -1
    outer loop
      vertex -10.1777 -6.5 11.6907
      vertex -9.8223 -4.1 11.6907
      vertex -9.8223 -6.5 11.6907
    endloop
  endfacet
  facet normal -0 0 -1
    outer loop
      vertex -9.8223 -4.1 11.6907
      vertex -10.1777 -6.5 11.6907
      vertex -10.1777 -4.1 11.6907
    endloop
  endfacet
  facet normal -0.743139 0 0.669137
    outer loop
      vertex -8.86248 -6.5 8.73665
      vertex -8.62467 -4.1 9.00076
      vertex -8.86248 -4.1 8.73665
    endloop
  endfacet
  facet normal -0.743139 0 0.669137
    outer loop
      vertex -8.62467 -4.1 9.00076
      vertex -8.86248 -6.5 8.73665
      vertex -8.62467 -6.5 9.00076
    endloop
  endfacet
  facet normal -0.951059 0 0.30901
    outer loop
      vertex -8.44697 -6.5 9.30855
      vertex -8.33715 -4.1 9.64655
      vertex -8.44697 -4.1 9.30855
    endloop
  endfacet
  facet normal -0.951059 0 0.30901
    outer loop
      vertex -8.33715 -4.1 9.64655
      vertex -8.44697 -6.5 9.30855
      vertex -8.33715 -6.5 9.64655
    endloop
  endfacet
  facet normal 0.587802 0 0.809005
    outer loop
      vertex -11.1375 -4.1 8.73665
      vertex -10.85 -6.5 8.52776
      vertex -10.85 -4.1 8.52776
    endloop
  endfacet
  facet normal 0.587802 0 0.809005
    outer loop
      vertex -10.85 -6.5 8.52776
      vertex -11.1375 -4.1 8.73665
      vertex -11.1375 -6.5 8.73665
    endloop
  endfacet
  facet normal 0.207926 0 0.978145
    outer loop
      vertex -10.5253 -4.1 8.3832
      vertex -10.1777 -6.5 8.30931
      vertex -10.1777 -4.1 8.30931
    endloop
  endfacet
  facet normal 0.207926 0 0.978145
    outer loop
      vertex -10.1777 -6.5 8.30931
      vertex -10.5253 -4.1 8.3832
      vertex -10.5253 -6.5 8.3832
    endloop
  endfacet
  facet normal -0.865965 0 -0.500104
    outer loop
      vertex -8.44697 -6.5 10.6915
      vertex -8.62467 -4.1 10.9992
      vertex -8.44697 -4.1 10.6915
    endloop
  endfacet
  facet normal -0.865965 -0 -0.500104
    outer loop
      vertex -8.62467 -4.1 10.9992
      vertex -8.44697 -6.5 10.6915
      vertex -8.62467 -6.5 10.9992
    endloop
  endfacet
  facet normal -0.866029 0 0.499994
    outer loop
      vertex -8.62467 -6.5 9.00076
      vertex -8.44697 -4.1 9.30855
      vertex -8.62467 -4.1 9.00076
    endloop
  endfacet
  facet normal -0.866029 0 0.499994
    outer loop
      vertex -8.44697 -4.1 9.30855
      vertex -8.62467 -6.5 9.00076
      vertex -8.44697 -6.5 9.30855
    endloop
  endfacet
  facet normal -0.406754 0 0.913538
    outer loop
      vertex -9.47467 -4.1 8.3832
      vertex -9.15 -6.5 8.52776
      vertex -9.15 -4.1 8.52776
    endloop
  endfacet
  facet normal -0.406754 0 0.913538
    outer loop
      vertex -9.15 -6.5 8.52776
      vertex -9.47467 -4.1 8.3832
      vertex -9.47467 -6.5 8.3832
    endloop
  endfacet
  facet normal -0.207909 0 0.978148
    outer loop
      vertex -9.8223 -4.1 8.30931
      vertex -9.47467 -6.5 8.3832
      vertex -9.47467 -4.1 8.3832
    endloop
  endfacet
  facet normal -0.207909 0 0.978148
    outer loop
      vertex -9.47467 -6.5 8.3832
      vertex -9.8223 -4.1 8.30931
      vertex -9.8223 -6.5 8.30931
    endloop
  endfacet
  facet normal -0.587775 0 0.809024
    outer loop
      vertex -9.15 -4.1 8.52776
      vertex -8.86248 -6.5 8.73665
      vertex -8.86248 -4.1 8.73665
    endloop
  endfacet
  facet normal -0.587775 0 0.809024
    outer loop
      vertex -8.86248 -6.5 8.73665
      vertex -9.15 -4.1 8.52776
      vertex -9.15 -6.5 8.52776
    endloop
  endfacet
  facet normal 0.866029 -0 0.499994
    outer loop
      vertex -11.553 -6.5 9.30855
      vertex -11.3753 -4.1 9.00076
      vertex -11.553 -4.1 9.30855
    endloop
  endfacet
  facet normal 0.866029 0 0.499994
    outer loop
      vertex -11.3753 -4.1 9.00076
      vertex -11.553 -6.5 9.30855
      vertex -11.3753 -6.5 9.00076
    endloop
  endfacet
  facet normal 0.743153 -0 0.669122
    outer loop
      vertex -11.3753 -6.5 9.00076
      vertex -11.1375 -4.1 8.73665
      vertex -11.3753 -4.1 9.00076
    endloop
  endfacet
  facet normal 0.743153 0 0.669122
    outer loop
      vertex -11.1375 -4.1 8.73665
      vertex -11.3753 -6.5 9.00076
      vertex -11.1375 -6.5 8.73665
    endloop
  endfacet
  facet normal 0.950993 -0 0.309213
    outer loop
      vertex -11.6629 -6.5 9.64655
      vertex -11.553 -4.1 9.30855
      vertex -11.6629 -4.1 9.64655
    endloop
  endfacet
  facet normal 0.950993 0 0.309213
    outer loop
      vertex -11.553 -4.1 9.30855
      vertex -11.6629 -6.5 9.64655
      vertex -11.553 -6.5 9.30855
    endloop
  endfacet
  facet normal 0.406723 0 0.913551
    outer loop
      vertex -10.85 -4.1 8.52776
      vertex -10.5253 -6.5 8.3832
      vertex -10.5253 -4.1 8.3832
    endloop
  endfacet
  facet normal 0.406723 0 0.913551
    outer loop
      vertex -10.5253 -6.5 8.3832
      vertex -10.85 -4.1 8.52776
      vertex -10.85 -6.5 8.52776
    endloop
  endfacet
  facet normal -0.587794 0 -0.809011
    outer loop
      vertex -9.15 -6.5 11.4722
      vertex -8.86248 -4.1 11.2633
      vertex -8.86248 -6.5 11.2633
    endloop
  endfacet
  facet normal -0.587794 0 -0.809011
    outer loop
      vertex -8.86248 -4.1 11.2633
      vertex -9.15 -6.5 11.4722
      vertex -9.15 -4.1 11.4722
    endloop
  endfacet
  facet normal -0.743126 0 -0.669151
    outer loop
      vertex -8.62467 -6.5 10.9992
      vertex -8.86248 -4.1 11.2633
      vertex -8.62467 -4.1 10.9992
    endloop
  endfacet
  facet normal -0.743126 -0 -0.669151
    outer loop
      vertex -8.86248 -4.1 11.2633
      vertex -8.62467 -6.5 10.9992
      vertex -8.86248 -6.5 11.2633
    endloop
  endfacet
  facet normal -0.951086 0 -0.308927
    outer loop
      vertex -8.33715 -6.5 10.3534
      vertex -8.44697 -4.1 10.6915
      vertex -8.33715 -4.1 10.3534
    endloop
  endfacet
  facet normal -0.951086 -0 -0.308927
    outer loop
      vertex -8.44697 -4.1 10.6915
      vertex -8.33715 -6.5 10.3534
      vertex -8.44697 -6.5 10.6915
    endloop
  endfacet
  facet normal -0.99452 0 -0.104546
    outer loop
      vertex -8.3 -6.5 10
      vertex -8.33715 -4.1 10.3534
      vertex -8.3 -4.1 10
    endloop
  endfacet
  facet normal -0.99452 -0 -0.104546
    outer loop
      vertex -8.33715 -4.1 10.3534
      vertex -8.3 -6.5 10
      vertex -8.33715 -6.5 10.3534
    endloop
  endfacet
  facet normal 0.406817 0 -0.91351
    outer loop
      vertex -10.85 -6.5 11.4722
      vertex -10.5253 -4.1 11.6168
      vertex -10.5253 -6.5 11.6168
    endloop
  endfacet
  facet normal 0.406817 0 -0.91351
    outer loop
      vertex -10.5253 -4.1 11.6168
      vertex -10.85 -6.5 11.4722
      vertex -10.85 -4.1 11.4722
    endloop
  endfacet
  facet normal 0.865965 0 -0.500104
    outer loop
      vertex -11.3753 -6.5 10.9992
      vertex -11.553 -4.1 10.6915
      vertex -11.3753 -4.1 10.9992
    endloop
  endfacet
  facet normal 0.865965 0 -0.500104
    outer loop
      vertex -11.553 -4.1 10.6915
      vertex -11.3753 -6.5 10.9992
      vertex -11.553 -6.5 10.6915
    endloop
  endfacet
  facet normal 0.207953 0 -0.978139
    outer loop
      vertex -10.5253 -6.5 11.6168
      vertex -10.1777 -4.1 11.6907
      vertex -10.1777 -6.5 11.6907
    endloop
  endfacet
  facet normal 0.207953 0 -0.978139
    outer loop
      vertex -10.1777 -4.1 11.6907
      vertex -10.5253 -6.5 11.6168
      vertex -10.5253 -4.1 11.6168
    endloop
  endfacet
  facet normal 0.58782 0 -0.808992
    outer loop
      vertex -11.1375 -6.5 11.2633
      vertex -10.85 -4.1 11.4722
      vertex -10.85 -6.5 11.4722
    endloop
  endfacet
  facet normal 0.58782 0 -0.808992
    outer loop
      vertex -10.85 -4.1 11.4722
      vertex -11.1375 -6.5 11.2633
      vertex -11.1375 -4.1 11.2633
    endloop
  endfacet
  facet normal 0.74314 0 -0.669136
    outer loop
      vertex -11.1375 -6.5 11.2633
      vertex -11.3753 -4.1 10.9992
      vertex -11.1375 -4.1 11.2633
    endloop
  endfacet
  facet normal 0.74314 0 -0.669136
    outer loop
      vertex -11.3753 -4.1 10.9992
      vertex -11.1375 -6.5 11.2633
      vertex -11.3753 -6.5 10.9992
    endloop
  endfacet
  facet normal 0.95102 0 -0.309131
    outer loop
      vertex -11.553 -6.5 10.6915
      vertex -11.6629 -4.1 10.3534
      vertex -11.553 -4.1 10.6915
    endloop
  endfacet
  facet normal 0.95102 0 -0.309131
    outer loop
      vertex -11.6629 -4.1 10.3534
      vertex -11.553 -6.5 10.6915
      vertex -11.6629 -6.5 10.3534
    endloop
  endfacet
  facet normal 0.994535 0 -0.104406
    outer loop
      vertex -11.6629 -6.5 10.3534
      vertex -11.7 -4.1 10
      vertex -11.6629 -4.1 10.3534
    endloop
  endfacet
  facet normal 0.994535 0 -0.104406
    outer loop
      vertex -11.7 -4.1 10
      vertex -11.6629 -6.5 10.3534
      vertex -11.7 -6.5 10
    endloop
  endfacet
  facet normal -0.406848 0 -0.913496
    outer loop
      vertex -9.47467 -6.5 11.6168
      vertex -9.15 -4.1 11.4722
      vertex -9.15 -6.5 11.4722
    endloop
  endfacet
  facet normal -0.406848 0 -0.913496
    outer loop
      vertex -9.15 -4.1 11.4722
      vertex -9.47467 -6.5 11.6168
      vertex -9.47467 -4.1 11.6168
    endloop
  endfacet
  facet normal -0.207936 0 -0.978142
    outer loop
      vertex -9.8223 -6.5 11.6907
      vertex -9.47467 -4.1 11.6168
      vertex -9.47467 -6.5 11.6168
    endloop
  endfacet
  facet normal -0.207936 0 -0.978142
    outer loop
      vertex -9.47467 -4.1 11.6168
      vertex -9.8223 -6.5 11.6907
      vertex -9.8223 -4.1 11.6907
    endloop
  endfacet
  facet normal -0.866029 0 0.499994
    outer loop
      vertex 11.3753 -6.5 9.00076
      vertex 11.553 -4.1 9.30855
      vertex 11.3753 -4.1 9.00076
    endloop
  endfacet
  facet normal -0.866029 0 0.499994
    outer loop
      vertex 11.553 -4.1 9.30855
      vertex 11.3753 -6.5 9.00076
      vertex 11.553 -6.5 9.30855
    endloop
  endfacet
  facet normal -0.950993 0 0.309213
    outer loop
      vertex 11.553 -6.5 9.30855
      vertex 11.6629 -4.1 9.64655
      vertex 11.553 -4.1 9.30855
    endloop
  endfacet
  facet normal -0.950993 0 0.309213
    outer loop
      vertex 11.6629 -4.1 9.64655
      vertex 11.553 -6.5 9.30855
      vertex 11.6629 -6.5 9.64655
    endloop
  endfacet
  facet normal -0.406723 0 0.913551
    outer loop
      vertex 10.5253 -4.1 8.3832
      vertex 10.85 -6.5 8.52776
      vertex 10.85 -4.1 8.52776
    endloop
  endfacet
  facet normal -0.406723 0 0.913551
    outer loop
      vertex 10.85 -6.5 8.52776
      vertex 10.5253 -4.1 8.3832
      vertex 10.5253 -6.5 8.3832
    endloop
  endfacet
  facet normal 0.207909 0 0.978148
    outer loop
      vertex 9.47467 -4.1 8.3832
      vertex 9.8223 -6.5 8.30931
      vertex 9.8223 -4.1 8.30931
    endloop
  endfacet
  facet normal 0.207909 0 0.978148
    outer loop
      vertex 9.8223 -6.5 8.30931
      vertex 9.47467 -4.1 8.3832
      vertex 9.47467 -6.5 8.3832
    endloop
  endfacet
  facet normal 0.866029 -0 0.499994
    outer loop
      vertex 8.44697 -6.5 9.30855
      vertex 8.62467 -4.1 9.00076
      vertex 8.44697 -4.1 9.30855
    endloop
  endfacet
  facet normal 0.866029 0 0.499994
    outer loop
      vertex 8.62467 -4.1 9.00076
      vertex 8.44697 -6.5 9.30855
      vertex 8.62467 -6.5 9.00076
    endloop
  endfacet
  facet normal -0.994535 0 -0.104406
    outer loop
      vertex 11.7 -6.5 10
      vertex 11.6629 -4.1 10.3534
      vertex 11.7 -4.1 10
    endloop
  endfacet
  facet normal -0.994535 -0 -0.104406
    outer loop
      vertex 11.6629 -4.1 10.3534
      vertex 11.7 -6.5 10
      vertex 11.6629 -6.5 10.3534
    endloop
  endfacet
  facet normal -0.207953 0 -0.978139
    outer loop
      vertex 10.1777 -6.5 11.6907
      vertex 10.5253 -4.1 11.6168
      vertex 10.5253 -6.5 11.6168
    endloop
  endfacet
  facet normal -0.207953 0 -0.978139
    outer loop
      vertex 10.5253 -4.1 11.6168
      vertex 10.1777 -6.5 11.6907
      vertex 10.1777 -4.1 11.6907
    endloop
  endfacet
  facet normal -0.743153 0 0.669122
    outer loop
      vertex 11.1375 -6.5 8.73665
      vertex 11.3753 -4.1 9.00076
      vertex 11.1375 -4.1 8.73665
    endloop
  endfacet
  facet normal -0.743153 0 0.669122
    outer loop
      vertex 11.3753 -4.1 9.00076
      vertex 11.1375 -6.5 8.73665
      vertex 11.3753 -6.5 9.00076
    endloop
  endfacet
  facet normal -0 0 1
    outer loop
      vertex 9.8223 -4.1 8.30931
      vertex 10.1777 -6.5 8.30931
      vertex 10.1777 -4.1 8.30931
    endloop
  endfacet
  facet normal 0 0 1
    outer loop
      vertex 10.1777 -6.5 8.30931
      vertex 9.8223 -4.1 8.30931
      vertex 9.8223 -6.5 8.30931
    endloop
  endfacet
  facet normal -0.587802 0 0.809005
    outer loop
      vertex 10.85 -4.1 8.52776
      vertex 11.1375 -6.5 8.73665
      vertex 11.1375 -4.1 8.73665
    endloop
  endfacet
  facet normal -0.587802 0 0.809005
    outer loop
      vertex 11.1375 -6.5 8.73665
      vertex 10.85 -4.1 8.52776
      vertex 10.85 -6.5 8.52776
    endloop
  endfacet
  facet normal 0.994522 -0 0.104531
    outer loop
      vertex 8.3 -6.5 10
      vertex 8.33715 -4.1 9.64655
      vertex 8.3 -4.1 10
    endloop
  endfacet
  facet normal 0.994522 0 0.104531
    outer loop
      vertex 8.33715 -4.1 9.64655
      vertex 8.3 -6.5 10
      vertex 8.33715 -6.5 9.64655
    endloop
  endfacet
  facet normal 0.743139 -0 0.669137
    outer loop
      vertex 8.62467 -6.5 9.00076
      vertex 8.86248 -4.1 8.73665
      vertex 8.62467 -4.1 9.00076
    endloop
  endfacet
  facet normal 0.743139 0 0.669137
    outer loop
      vertex 8.86248 -4.1 8.73665
      vertex 8.62467 -6.5 9.00076
      vertex 8.86248 -6.5 8.73665
    endloop
  endfacet
  facet normal 0.406754 0 0.913538
    outer loop
      vertex 9.15 -4.1 8.52776
      vertex 9.47467 -6.5 8.3832
      vertex 9.47467 -4.1 8.3832
    endloop
  endfacet
  facet normal 0.406754 0 0.913538
    outer loop
      vertex 9.47467 -6.5 8.3832
      vertex 9.15 -4.1 8.52776
      vertex 9.15 -6.5 8.52776
    endloop
  endfacet
  facet normal 0.587775 0 0.809024
    outer loop
      vertex 8.86248 -4.1 8.73665
      vertex 9.15 -6.5 8.52776
      vertex 9.15 -4.1 8.52776
    endloop
  endfacet
  facet normal 0.587775 0 0.809024
    outer loop
      vertex 9.15 -6.5 8.52776
      vertex 8.86248 -4.1 8.73665
      vertex 8.86248 -6.5 8.73665
    endloop
  endfacet
  facet normal -0.994536 0 0.104392
    outer loop
      vertex 11.6629 -6.5 9.64655
      vertex 11.7 -4.1 10
      vertex 11.6629 -4.1 9.64655
    endloop
  endfacet
  facet normal -0.994536 0 0.104392
    outer loop
      vertex 11.7 -4.1 10
      vertex 11.6629 -6.5 9.64655
      vertex 11.7 -6.5 10
    endloop
  endfacet
  facet normal -0.58782 0 -0.808992
    outer loop
      vertex 10.85 -6.5 11.4722
      vertex 11.1375 -4.1 11.2633
      vertex 11.1375 -6.5 11.2633
    endloop
  endfacet
  facet normal -0.58782 0 -0.808992
    outer loop
      vertex 11.1375 -4.1 11.2633
      vertex 10.85 -6.5 11.4722
      vertex 10.85 -4.1 11.4722
    endloop
  endfacet
  facet normal -0.95102 0 -0.309131
    outer loop
      vertex 11.6629 -6.5 10.3534
      vertex 11.553 -4.1 10.6915
      vertex 11.6629 -4.1 10.3534
    endloop
  endfacet
  facet normal -0.95102 -0 -0.309131
    outer loop
      vertex 11.553 -4.1 10.6915
      vertex 11.6629 -6.5 10.3534
      vertex 11.553 -6.5 10.6915
    endloop
  endfacet
  facet normal 0.587794 0 -0.809011
    outer loop
      vertex 8.86248 -6.5 11.2633
      vertex 9.15 -4.1 11.4722
      vertex 9.15 -6.5 11.4722
    endloop
  endfacet
  facet normal 0.587794 0 -0.809011
    outer loop
      vertex 9.15 -4.1 11.4722
      vertex 8.86248 -6.5 11.2633
      vertex 8.86248 -4.1 11.2633
    endloop
  endfacet
  facet normal 0.865965 0 -0.500104
    outer loop
      vertex 8.62467 -6.5 10.9992
      vertex 8.44697 -4.1 10.6915
      vertex 8.62467 -4.1 10.9992
    endloop
  endfacet
  facet normal 0.865965 0 -0.500104
    outer loop
      vertex 8.44697 -4.1 10.6915
      vertex 8.62467 -6.5 10.9992
      vertex 8.44697 -6.5 10.6915
    endloop
  endfacet
  facet normal -0.207926 0 0.978145
    outer loop
      vertex 10.1777 -4.1 8.30931
      vertex 10.5253 -6.5 8.3832
      vertex 10.5253 -4.1 8.3832
    endloop
  endfacet
  facet normal -0.207926 0 0.978145
    outer loop
      vertex 10.5253 -6.5 8.3832
      vertex 10.1777 -4.1 8.30931
      vertex 10.1777 -6.5 8.30931
    endloop
  endfacet
  facet normal 0.951059 -0 0.30901
    outer loop
      vertex 8.33715 -6.5 9.64655
      vertex 8.44697 -4.1 9.30855
      vertex 8.33715 -4.1 9.64655
    endloop
  endfacet
  facet normal 0.951059 0 0.30901
    outer loop
      vertex 8.44697 -4.1 9.30855
      vertex 8.33715 -6.5 9.64655
      vertex 8.44697 -6.5 9.30855
    endloop
  endfacet
  facet normal 0.99452 0 -0.104546
    outer loop
      vertex 8.33715 -6.5 10.3534
      vertex 8.3 -4.1 10
      vertex 8.33715 -4.1 10.3534
    endloop
  endfacet
  facet normal 0.99452 0 -0.104546
    outer loop
      vertex 8.3 -4.1 10
      vertex 8.33715 -6.5 10.3534
      vertex 8.3 -6.5 10
    endloop
  endfacet
  facet normal 0.743126 0 -0.669151
    outer loop
      vertex 8.86248 -6.5 11.2633
      vertex 8.62467 -4.1 10.9992
      vertex 8.86248 -4.1 11.2633
    endloop
  endfacet
  facet normal 0.743126 0 -0.669151
    outer loop
      vertex 8.62467 -4.1 10.9992
      vertex 8.86248 -6.5 11.2633
      vertex 8.62467 -6.5 10.9992
    endloop
  endfacet
  facet normal -0.406817 0 -0.91351
    outer loop
      vertex 10.5253 -6.5 11.6168
      vertex 10.85 -4.1 11.4722
      vertex 10.85 -6.5 11.4722
    endloop
  endfacet
  facet normal -0.406817 0 -0.91351
    outer loop
      vertex 10.85 -4.1 11.4722
      vertex 10.5253 -6.5 11.6168
      vertex 10.5253 -4.1 11.6168
    endloop
  endfacet
  facet normal -0.74314 0 -0.669136
    outer loop
      vertex 11.3753 -6.5 10.9992
      vertex 11.1375 -4.1 11.2633
      vertex 11.3753 -4.1 10.9992
    endloop
  endfacet
  facet normal -0.74314 -0 -0.669136
    outer loop
      vertex 11.1375 -4.1 11.2633
      vertex 11.3753 -6.5 10.9992
      vertex 11.1375 -6.5 11.2633
    endloop
  endfacet
  facet normal -0.865965 0 -0.500104
    outer loop
      vertex 11.553 -6.5 10.6915
      vertex 11.3753 -4.1 10.9992
      vertex 11.553 -4.1 10.6915
    endloop
  endfacet
  facet normal -0.865965 -0 -0.500104
    outer loop
      vertex 11.3753 -4.1 10.9992
      vertex 11.553 -6.5 10.6915
      vertex 11.3753 -6.5 10.9992
    endloop
  endfacet
  facet normal 0 0 -1
    outer loop
      vertex 9.8223 -6.5 11.6907
      vertex 10.1777 -4.1 11.6907
      vertex 10.1777 -6.5 11.6907
    endloop
  endfacet
  facet normal -0 0 -1
    outer loop
      vertex 10.1777 -4.1 11.6907
      vertex 9.8223 -6.5 11.6907
      vertex 9.8223 -4.1 11.6907
    endloop
  endfacet
  facet normal 0.207936 0 -0.978142
    outer loop
      vertex 9.47467 -6.5 11.6168
      vertex 9.8223 -4.1 11.6907
      vertex 9.8223 -6.5 11.6907
    endloop
  endfacet
  facet normal 0.207936 0 -0.978142
    outer loop
      vertex 9.8223 -4.1 11.6907
      vertex 9.47467 -6.5 11.6168
      vertex 9.47467 -4.1 11.6168
    endloop
  endfacet
  facet normal 0.951086 0 -0.308927
    outer loop
      vertex 8.44697 -6.5 10.6915
      vertex 8.33715 -4.1 10.3534
      vertex 8.44697 -4.1 10.6915
    endloop
  endfacet
  facet normal 0.951086 0 -0.308927
    outer loop
      vertex 8.33715 -4.1 10.3534
      vertex 8.44697 -6.5 10.6915
      vertex 8.33715 -6.5 10.3534
    endloop
  endfacet
  facet normal 0.406848 0 -0.913496
    outer loop
      vertex 9.15 -6.5 11.4722
      vertex 9.47467 -4.1 11.6168
      vertex 9.47467 -6.5 11.6168
    endloop
  endfacet
  facet normal 0.406848 0 -0.913496
    outer loop
      vertex 9.47467 -4.1 11.6168
      vertex 9.15 -6.5 11.4722
      vertex 9.15 -4.1 11.4722
    endloop
  endfacet
  facet normal -0.866026 0 0.499999
    outer loop
      vertex -8.32568 -4.1 7.1
      vertex -6.65137 -1.5 10
      vertex -8.32568 -1.5 7.1
    endloop
  endfacet
  facet normal -0.866026 0 0.499999
    outer loop
      vertex -6.65137 -1.5 10
      vertex -8.32568 -4.1 7.1
      vertex -6.65137 -4.1 10
    endloop
  endfacet
  facet normal 0.866027 -0 0.499996
    outer loop
      vertex -13.3486 -4.1 10
      vertex -11.6743 -1.5 7.1
      vertex -13.3486 -1.5 10
    endloop
  endfacet
  facet normal 0.866027 0 0.499996
    outer loop
      vertex -11.6743 -1.5 7.1
      vertex -13.3486 -4.1 10
      vertex -11.6743 -4.1 7.1
    endloop
  endfacet
  facet normal -0 0 1
    outer loop
      vertex -11.6743 -1.5 7.1
      vertex -8.32568 -4.1 7.1
      vertex -8.32568 -1.5 7.1
    endloop
  endfacet
  facet normal 0 0 1
    outer loop
      vertex -8.32568 -4.1 7.1
      vertex -11.6743 -1.5 7.1
      vertex -11.6743 -4.1 7.1
    endloop
  endfacet
  facet normal -0.866026 0 -0.499999
    outer loop
      vertex -6.65137 -4.1 10
      vertex -8.32568 -1.5 12.9
      vertex -6.65137 -1.5 10
    endloop
  endfacet
  facet normal -0.866026 -0 -0.499999
    outer loop
      vertex -8.32568 -1.5 12.9
      vertex -6.65137 -4.1 10
      vertex -8.32568 -4.1 12.9
    endloop
  endfacet
  facet normal 0 1 0
    outer loop
      vertex -8.32568 -4.1 12.9
      vertex -9.8223 -4.1 11.6907
      vertex -11.6743 -4.1 12.9
    endloop
  endfacet
  facet normal 0 1 0
    outer loop
      vertex -8.32568 -4.1 12.9
      vertex -9.47467 -4.1 11.6168
      vertex -9.8223 -4.1 11.6907
    endloop
  endfacet
  facet normal 0 1 0
    outer loop
      vertex -8.32568 -4.1 12.9
      vertex -9.15 -4.1 11.4722
      vertex -9.47467 -4.1 11.6168
    endloop
  endfacet
  facet normal 0 1 0
    outer loop
      vertex -8.32568 -4.1 12.9
      vertex -8.86248 -4.1 11.2633
      vertex -9.15 -4.1 11.4722
    endloop
  endfacet
  facet normal 0 1 0
    outer loop
      vertex -8.32568 -4.1 12.9
      vertex -8.62467 -4.1 10.9992
      vertex -8.86248 -4.1 11.2633
    endloop
  endfacet
  facet normal 0 1 0
    outer loop
      vertex -8.32568 -4.1 12.9
      vertex -8.44697 -4.1 10.6915
      vertex -8.62467 -4.1 10.9992
    endloop
  endfacet
  facet normal 0 1 0
    outer loop
      vertex -6.65137 -4.1 10
      vertex -8.44697 -4.1 10.6915
      vertex -8.32568 -4.1 12.9
    endloop
  endfacet
  facet normal 0 1 0
    outer loop
      vertex -8.44697 -4.1 10.6915
      vertex -6.65137 -4.1 10
      vertex -8.33715 -4.1 10.3534
    endloop
  endfacet
  facet normal 0 1 0
    outer loop
      vertex -6.65137 -4.1 10
      vertex -8.3 -4.1 10
      vertex -8.33715 -4.1 10.3534
    endloop
  endfacet
  facet normal 0 1 0
    outer loop
      vertex -6.65137 -4.1 10
      vertex -8.33715 -4.1 9.64655
      vertex -8.3 -4.1 10
    endloop
  endfacet
  facet normal 0 1 0
    outer loop
      vertex -6.65137 -4.1 10
      vertex -8.44697 -4.1 9.30855
      vertex -8.33715 -4.1 9.64655
    endloop
  endfacet
  facet normal 0 1 0
    outer loop
      vertex -6.65137 -4.1 10
      vertex -8.62467 -4.1 9.00076
      vertex -8.44697 -4.1 9.30855
    endloop
  endfacet
  facet normal 0 1 -0
    outer loop
      vertex -8.32568 -4.1 7.1
      vertex -8.62467 -4.1 9.00076
      vertex -6.65137 -4.1 10
    endloop
  endfacet
  facet normal 0 1 0
    outer loop
      vertex -8.62467 -4.1 9.00076
      vertex -8.32568 -4.1 7.1
      vertex -8.86248 -4.1 8.73665
    endloop
  endfacet
  facet normal 0 1 0
    outer loop
      vertex -9.8223 -4.1 8.30931
      vertex -8.32568 -4.1 7.1
      vertex -10.1777 -4.1 8.30931
    endloop
  endfacet
  facet normal 0 1 0
    outer loop
      vertex -9.47467 -4.1 8.3832
      vertex -8.32568 -4.1 7.1
      vertex -9.8223 -4.1 8.30931
    endloop
  endfacet
  facet normal 0 1 0
    outer loop
      vertex -9.15 -4.1 8.52776
      vertex -8.32568 -4.1 7.1
      vertex -9.47467 -4.1 8.3832
    endloop
  endfacet
  facet normal 0 1 0
    outer loop
      vertex -8.86248 -4.1 8.73665
      vertex -8.32568 -4.1 7.1
      vertex -9.15 -4.1 8.52776
    endloop
  endfacet
  facet normal 0 1 -0
    outer loop
      vertex -10.1777 -4.1 11.6907
      vertex -11.6743 -4.1 12.9
      vertex -9.8223 -4.1 11.6907
    endloop
  endfacet
  facet normal 0 1 -0
    outer loop
      vertex -10.5253 -4.1 11.6168
      vertex -11.6743 -4.1 12.9
      vertex -10.1777 -4.1 11.6907
    endloop
  endfacet
  facet normal 0 1 -0
    outer loop
      vertex -10.85 -4.1 11.4722
      vertex -11.6743 -4.1 12.9
      vertex -10.5253 -4.1 11.6168
    endloop
  endfacet
  facet normal 0 1 -0
    outer loop
      vertex -11.1375 -4.1 11.2633
      vertex -11.6743 -4.1 12.9
      vertex -10.85 -4.1 11.4722
    endloop
  endfacet
  facet normal 0 1 -0
    outer loop
      vertex -11.3753 -4.1 10.9992
      vertex -11.6743 -4.1 12.9
      vertex -11.1375 -4.1 11.2633
    endloop
  endfacet
  facet normal 0 1 -0
    outer loop
      vertex -11.553 -4.1 10.6915
      vertex -11.6743 -4.1 12.9
      vertex -11.3753 -4.1 10.9992
    endloop
  endfacet
  facet normal 0 1 0
    outer loop
      vertex -13.3486 -4.1 10
      vertex -11.553 -4.1 10.6915
      vertex -11.6629 -4.1 10.3534
    endloop
  endfacet
  facet normal 0 1 0
    outer loop
      vertex -13.3486 -4.1 10
      vertex -11.6629 -4.1 10.3534
      vertex -11.7 -4.1 10
    endloop
  endfacet
  facet normal 0 1 0
    outer loop
      vertex -11.553 -4.1 10.6915
      vertex -13.3486 -4.1 10
      vertex -11.6743 -4.1 12.9
    endloop
  endfacet
  facet normal 0 1 0
    outer loop
      vertex -11.6629 -4.1 9.64655
      vertex -13.3486 -4.1 10
      vertex -11.7 -4.1 10
    endloop
  endfacet
  facet normal 0 1 0
    outer loop
      vertex -11.553 -4.1 9.30855
      vertex -13.3486 -4.1 10
      vertex -11.6629 -4.1 9.64655
    endloop
  endfacet
  facet normal 0 1 0
    outer loop
      vertex -11.3753 -4.1 9.00076
      vertex -13.3486 -4.1 10
      vertex -11.553 -4.1 9.30855
    endloop
  endfacet
  facet normal 0 1 0
    outer loop
      vertex -11.6743 -4.1 7.1
      vertex -11.3753 -4.1 9.00076
      vertex -11.1375 -4.1 8.73665
    endloop
  endfacet
  facet normal 0 1 0
    outer loop
      vertex -11.6743 -4.1 7.1
      vertex -11.1375 -4.1 8.73665
      vertex -10.85 -4.1 8.52776
    endloop
  endfacet
  facet normal 0 1 0
    outer loop
      vertex -11.6743 -4.1 7.1
      vertex -10.1777 -4.1 8.30931
      vertex -8.32568 -4.1 7.1
    endloop
  endfacet
  facet normal 0 1 0
    outer loop
      vertex -10.1777 -4.1 8.30931
      vertex -11.6743 -4.1 7.1
      vertex -10.5253 -4.1 8.3832
    endloop
  endfacet
  facet normal 0 1 0
    outer loop
      vertex -11.3753 -4.1 9.00076
      vertex -11.6743 -4.1 7.1
      vertex -13.3486 -4.1 10
    endloop
  endfacet
  facet normal 0 1 0
    outer loop
      vertex -10.5253 -4.1 8.3832
      vertex -11.6743 -4.1 7.1
      vertex -10.85 -4.1 8.52776
    endloop
  endfacet
  facet normal 0 0 -1
    outer loop
      vertex -11.6743 -4.1 12.9
      vertex -8.32568 -1.5 12.9
      vertex -8.32568 -4.1 12.9
    endloop
  endfacet
  facet normal -0 0 -1
    outer loop
      vertex -8.32568 -1.5 12.9
      vertex -11.6743 -4.1 12.9
      vertex -11.6743 -1.5 12.9
    endloop
  endfacet
  facet normal 0.866027 0 -0.499996
    outer loop
      vertex -11.6743 -4.1 12.9
      vertex -13.3486 -1.5 10
      vertex -11.6743 -1.5 12.9
    endloop
  endfacet
  facet normal 0.866027 0 -0.499996
    outer loop
      vertex -13.3486 -1.5 10
      vertex -11.6743 -4.1 12.9
      vertex -13.3486 -4.1 10
    endloop
  endfacet
  facet normal -0.866027 0 0.499996
    outer loop
      vertex 11.6743 -4.1 7.1
      vertex 13.3486 -1.5 10
      vertex 11.6743 -1.5 7.1
    endloop
  endfacet
  facet normal -0.866027 0 0.499996
    outer loop
      vertex 13.3486 -1.5 10
      vertex 11.6743 -4.1 7.1
      vertex 13.3486 -4.1 10
    endloop
  endfacet
  facet normal 0.866026 -0 0.499999
    outer loop
      vertex 6.65137 -4.1 10
      vertex 8.32568 -1.5 7.1
      vertex 6.65137 -1.5 10
    endloop
  endfacet
  facet normal 0.866026 0 0.499999
    outer loop
      vertex 8.32568 -1.5 7.1
      vertex 6.65137 -4.1 10
      vertex 8.32568 -4.1 7.1
    endloop
  endfacet
  facet normal -0 0 1
    outer loop
      vertex 8.32568 -1.5 7.1
      vertex 11.6743 -4.1 7.1
      vertex 11.6743 -1.5 7.1
    endloop
  endfacet
  facet normal 0 0 1
    outer loop
      vertex 11.6743 -4.1 7.1
      vertex 8.32568 -1.5 7.1
      vertex 8.32568 -4.1 7.1
    endloop
  endfacet
  facet normal -0.866027 0 -0.499996
    outer loop
      vertex 13.3486 -4.1 10
      vertex 11.6743 -1.5 12.9
      vertex 13.3486 -1.5 10
    endloop
  endfacet
  facet normal -0.866027 -0 -0.499996
    outer loop
      vertex 11.6743 -1.5 12.9
      vertex 13.3486 -4.1 10
      vertex 11.6743 -4.1 12.9
    endloop
  endfacet
  facet normal 0 1 0
    outer loop
      vertex 11.6743 -4.1 12.9
      vertex 10.1777 -4.1 11.6907
      vertex 8.32568 -4.1 12.9
    endloop
  endfacet
  facet normal 0 1 0
    outer loop
      vertex 11.6743 -4.1 12.9
      vertex 10.5253 -4.1 11.6168
      vertex 10.1777 -4.1 11.6907
    endloop
  endfacet
  facet normal 0 1 0
    outer loop
      vertex 11.6743 -4.1 12.9
      vertex 10.85 -4.1 11.4722
      vertex 10.5253 -4.1 11.6168
    endloop
  endfacet
  facet normal 0 1 0
    outer loop
      vertex 11.6743 -4.1 12.9
      vertex 11.1375 -4.1 11.2633
      vertex 10.85 -4.1 11.4722
    endloop
  endfacet
  facet normal 0 1 0
    outer loop
      vertex 11.6743 -4.1 12.9
      vertex 11.3753 -4.1 10.9992
      vertex 11.1375 -4.1 11.2633
    endloop
  endfacet
  facet normal 0 1 0
    outer loop
      vertex 11.6743 -4.1 12.9
      vertex 11.553 -4.1 10.6915
      vertex 11.3753 -4.1 10.9992
    endloop
  endfacet
  facet normal 0 1 0
    outer loop
      vertex 13.3486 -4.1 10
      vertex 11.553 -4.1 10.6915
      vertex 11.6743 -4.1 12.9
    endloop
  endfacet
  facet normal 0 1 0
    outer loop
      vertex 11.553 -4.1 10.6915
      vertex 13.3486 -4.1 10
      vertex 11.6629 -4.1 10.3534
    endloop
  endfacet
  facet normal 0 1 0
    outer loop
      vertex 13.3486 -4.1 10
      vertex 11.7 -4.1 10
      vertex 11.6629 -4.1 10.3534
    endloop
  endfacet
  facet normal 0 1 0
    outer loop
      vertex 13.3486 -4.1 10
      vertex 11.6629 -4.1 9.64655
      vertex 11.7 -4.1 10
    endloop
  endfacet
  facet normal 0 1 0
    outer loop
      vertex 13.3486 -4.1 10
      vertex 11.553 -4.1 9.30855
      vertex 11.6629 -4.1 9.64655
    endloop
  endfacet
  facet normal 0 1 0
    outer loop
      vertex 13.3486 -4.1 10
      vertex 11.3753 -4.1 9.00076
      vertex 11.553 -4.1 9.30855
    endloop
  endfacet
  facet normal 0 1 -0
    outer loop
      vertex 11.6743 -4.1 7.1
      vertex 11.3753 -4.1 9.00076
      vertex 13.3486 -4.1 10
    endloop
  endfacet
  facet normal 0 1 0
    outer loop
      vertex 11.3753 -4.1 9.00076
      vertex 11.6743 -4.1 7.1
      vertex 11.1375 -4.1 8.73665
    endloop
  endfacet
  facet normal 0 1 0
    outer loop
      vertex 10.1777 -4.1 8.30931
      vertex 11.6743 -4.1 7.1
      vertex 9.8223 -4.1 8.30931
    endloop
  endfacet
  facet normal 0 1 0
    outer loop
      vertex 10.5253 -4.1 8.3832
      vertex 11.6743 -4.1 7.1
      vertex 10.1777 -4.1 8.30931
    endloop
  endfacet
  facet normal 0 1 0
    outer loop
      vertex 10.85 -4.1 8.52776
      vertex 11.6743 -4.1 7.1
      vertex 10.5253 -4.1 8.3832
    endloop
  endfacet
  facet normal 0 1 0
    outer loop
      vertex 11.1375 -4.1 8.73665
      vertex 11.6743 -4.1 7.1
      vertex 10.85 -4.1 8.52776
    endloop
  endfacet
  facet normal 0 1 -0
    outer loop
      vertex 9.8223 -4.1 11.6907
      vertex 8.32568 -4.1 12.9
      vertex 10.1777 -4.1 11.6907
    endloop
  endfacet
  facet normal 0 1 -0
    outer loop
      vertex 9.47467 -4.1 11.6168
      vertex 8.32568 -4.1 12.9
      vertex 9.8223 -4.1 11.6907
    endloop
  endfacet
  facet normal 0 1 -0
    outer loop
      vertex 9.15 -4.1 11.4722
      vertex 8.32568 -4.1 12.9
      vertex 9.47467 -4.1 11.6168
    endloop
  endfacet
  facet normal 0 1 -0
    outer loop
      vertex 8.86248 -4.1 11.2633
      vertex 8.32568 -4.1 12.9
      vertex 9.15 -4.1 11.4722
    endloop
  endfacet
  facet normal 0 1 -0
    outer loop
      vertex 8.62467 -4.1 10.9992
      vertex 8.32568 -4.1 12.9
      vertex 8.86248 -4.1 11.2633
    endloop
  endfacet
  facet normal 0 1 -0
    outer loop
      vertex 8.44697 -4.1 10.6915
      vertex 8.32568 -4.1 12.9
      vertex 8.62467 -4.1 10.9992
    endloop
  endfacet
  facet normal 0 1 0
    outer loop
      vertex 6.65137 -4.1 10
      vertex 8.44697 -4.1 10.6915
      vertex 8.33715 -4.1 10.3534
    endloop
  endfacet
  facet normal 0 1 0
    outer loop
      vertex 6.65137 -4.1 10
      vertex 8.33715 -4.1 10.3534
      vertex 8.3 -4.1 10
    endloop
  endfacet
  facet normal 0 1 0
    outer loop
      vertex 8.44697 -4.1 10.6915
      vertex 6.65137 -4.1 10
      vertex 8.32568 -4.1 12.9
    endloop
  endfacet
  facet normal 0 1 0
    outer loop
      vertex 8.33715 -4.1 9.64655
      vertex 6.65137 -4.1 10
      vertex 8.3 -4.1 10
    endloop
  endfacet
  facet normal 0 1 0
    outer loop
      vertex 8.44697 -4.1 9.30855
      vertex 6.65137 -4.1 10
      vertex 8.33715 -4.1 9.64655
    endloop
  endfacet
  facet normal 0 1 0
    outer loop
      vertex 8.62467 -4.1 9.00076
      vertex 6.65137 -4.1 10
      vertex 8.44697 -4.1 9.30855
    endloop
  endfacet
  facet normal 0 1 0
    outer loop
      vertex 8.32568 -4.1 7.1
      vertex 8.62467 -4.1 9.00076
      vertex 8.86248 -4.1 8.73665
    endloop
  endfacet
  facet normal 0 1 0
    outer loop
      vertex 8.32568 -4.1 7.1
      vertex 8.86248 -4.1 8.73665
      vertex 9.15 -4.1 8.52776
    endloop
  endfacet
  facet normal 0 1 0
    outer loop
      vertex 8.32568 -4.1 7.1
      vertex 9.8223 -4.1 8.30931
      vertex 11.6743 -4.1 7.1
    endloop
  endfacet
  facet normal 0 1 0
    outer loop
      vertex 9.8223 -4.1 8.30931
      vertex 8.32568 -4.1 7.1
      vertex 9.47467 -4.1 8.3832
    endloop
  endfacet
  facet normal 0 1 0
    outer loop
      vertex 8.62467 -4.1 9.00076
      vertex 8.32568 -4.1 7.1
      vertex 6.65137 -4.1 10
    endloop
  endfacet
  facet normal 0 1 0
    outer loop
      vertex 9.47467 -4.1 8.3832
      vertex 8.32568 -4.1 7.1
      vertex 9.15 -4.1 8.52776
    endloop
  endfacet
  facet normal 0 0 -1
    outer loop
      vertex 8.32568 -4.1 12.9
      vertex 11.6743 -1.5 12.9
      vertex 11.6743 -4.1 12.9
    endloop
  endfacet
  facet normal -0 0 -1
    outer loop
      vertex 11.6743 -1.5 12.9
      vertex 8.32568 -4.1 12.9
      vertex 8.32568 -1.5 12.9
    endloop
  endfacet
  facet normal 0.866026 0 -0.499999
    outer loop
      vertex 8.32568 -4.1 12.9
      vertex 6.65137 -1.5 10
      vertex 8.32568 -1.5 12.9
    endloop
  endfacet
  facet normal 0.866026 0 -0.499999
    outer loop
      vertex 6.65137 -1.5 10
      vertex 8.32568 -4.1 12.9
      vertex 6.65137 -4.1 10
    endloop
  endfacet
endsolid OpenSCAD_Model
