solid OpenSCAD_Model
  facet normal 0 0.0784458 -0.996918
    outer loop
      vertex -39.5 -33 0.05
      vertex -35.9615 -32.7841 0.0669888
      vertex -35.9295 -33 0.05
    endloop
  endfacet
  facet normal -8.70717e-07 0.07846 -0.996917
    outer loop
      vertex -39.5 -32.4916 0.0900124
      vertex -35.9615 -32.7841 0.0669888
      vertex -39.5 -33 0.05
    endloop
  endfacet
  facet normal 0 0.0784704 -0.996916
    outer loop
      vertex -35.9615 -32.7841 0.0669888
      vertex -39.5 -32.4916 0.0900124
      vertex -35.9758 -32.4916 0.0900124
    endloop
  endfacet
  facet normal -0 0.0784553 0.996918
    outer loop
      vertex -39.5 -32.4916 6.50999
      vertex -38 -33 6.55
      vertex -38 -32.4916 6.50999
    endloop
  endfacet
  facet normal 0 0.0784553 0.996918
    outer loop
      vertex -38 -33 6.55
      vertex -39.5 -32.4916 6.50999
      vertex -39.5 -33 6.55
    endloop
  endfacet
  facet normal 0 0.996919 0.0784343
    outer loop
      vertex -36 -29.75 3.3
      vertex -39.5 -29.79 3.80841
      vertex -36 -29.79 3.80841
    endloop
  endfacet
  facet normal 0 0.996919 0.0784343
    outer loop
      vertex -39.5 -29.79 3.80841
      vertex -36 -29.75 3.3
      vertex -39.5 -29.75 3.3
    endloop
  endfacet
  facet normal 0 -0.996919 0.0784343
    outer loop
      vertex -39.5 -36.25 3.3
      vertex -35 -36.21 3.80841
      vertex -39.5 -36.21 3.80841
    endloop
  endfacet
  facet normal 0 -0.996919 0.0784343
    outer loop
      vertex -35 -36.21 3.80841
      vertex -39.5 -36.25 3.3
      vertex -35 -36.25 3.3
    endloop
  endfacet
  facet normal 0 -0.649445 0.760408
    outer loop
      vertex -39.5 -34.9103 5.92931
      vertex -38 -35.2981 5.5981
      vertex -38 -34.9103 5.92931
    endloop
  endfacet
  facet normal 0 -0.649445 0.760408
    outer loop
      vertex -38 -35.2981 5.5981
      vertex -39.5 -34.9103 5.92931
      vertex -39.5 -35.2981 5.5981
    endloop
  endfacet
  facet normal 0 0.760418 0.649434
    outer loop
      vertex -38 -30.3707 5.2103
      vertex -39.5 -30.7019 5.5981
      vertex -38 -30.7019 5.5981
    endloop
  endfacet
  facet normal 0 0.760418 0.649434
    outer loop
      vertex -39.5 -30.7019 5.5981
      vertex -38 -30.3707 5.2103
      vertex -39.5 -30.3707 5.2103
    endloop
  endfacet
  facet normal 0 0.923922 0.382582
    outer loop
      vertex -38 -29.9091 4.30431
      vertex -39.5 -30.1042 4.77547
      vertex -38 -30.1042 4.77547
    endloop
  endfacet
  facet normal 0 0.923922 0.382582
    outer loop
      vertex -39.5 -30.1042 4.77547
      vertex -38 -29.9091 4.30431
      vertex -39.5 -29.9091 4.30431
    endloop
  endfacet
  facet normal -1 0 0
    outer loop
      vertex -39.5 -31.6 3.3
      vertex -39.5 -29.75 3.3
      vertex -39.5 -29.79 2.79159
    endloop
  endfacet
  facet normal -1 0 0
    outer loop
      vertex -39.5 -31.6269 3.02687
      vertex -39.5 -29.79 2.79159
      vertex -39.5 -29.9091 2.29569
    endloop
  endfacet
  facet normal -1 0 0
    outer loop
      vertex -39.5 -29.75 3.3
      vertex -39.5 -31.6 3.3
      vertex -39.5 -29.79 3.80841
    endloop
  endfacet
  facet normal -1 0 0
    outer loop
      vertex -39.5 -31.7066 2.76424
      vertex -39.5 -29.9091 2.29569
      vertex -39.5 -30.1042 1.82453
    endloop
  endfacet
  facet normal -1 0 0
    outer loop
      vertex -39.5 -31.6269 3.57313
      vertex -39.5 -29.79 3.80841
      vertex -39.5 -31.6 3.3
    endloop
  endfacet
  facet normal -1 0 0
    outer loop
      vertex -39.5 -31.8359 2.5222
      vertex -39.5 -30.1042 1.82453
      vertex -39.5 -30.3707 1.3897
    endloop
  endfacet
  facet normal -1 -0 0
    outer loop
      vertex -39.5 -29.79 3.80841
      vertex -39.5 -31.6269 3.57313
      vertex -39.5 -29.9091 4.30431
    endloop
  endfacet
  facet normal -1 0 0
    outer loop
      vertex -39.5 -32.01 2.31005
      vertex -39.5 -30.3707 1.3897
      vertex -39.5 -30.7019 1.0019
    endloop
  endfacet
  facet normal -1 0 0
    outer loop
      vertex -39.5 -31.7066 3.83576
      vertex -39.5 -29.9091 4.30431
      vertex -39.5 -31.6269 3.57313
    endloop
  endfacet
  facet normal -1 0 0
    outer loop
      vertex -39.5 -32.01 2.31005
      vertex -39.5 -30.7019 1.0019
      vertex -39.5 -31.0897 0.670694
    endloop
  endfacet
  facet normal -1 -0 0
    outer loop
      vertex -39.5 -29.9091 4.30431
      vertex -39.5 -31.7066 3.83576
      vertex -39.5 -30.1042 4.77547
    endloop
  endfacet
  facet normal -1 0 0
    outer loop
      vertex -39.5 -32.2222 2.13594
      vertex -39.5 -31.0897 0.670694
      vertex -39.5 -31.5245 0.404228
    endloop
  endfacet
  facet normal -1 0 0
    outer loop
      vertex -39.5 -31.8359 4.0778
      vertex -39.5 -30.1042 4.77547
      vertex -39.5 -31.7066 3.83576
    endloop
  endfacet
  facet normal -1 -0 0
    outer loop
      vertex -39.5 -30.1042 4.77547
      vertex -39.5 -31.8359 4.0778
      vertex -39.5 -30.3707 5.2103
    endloop
  endfacet
  facet normal -1 0 0
    outer loop
      vertex -39.5 -29.79 2.79159
      vertex -39.5 -31.6269 3.02687
      vertex -39.5 -31.6 3.3
    endloop
  endfacet
  facet normal -1 0 0
    outer loop
      vertex -39.5 -29.9091 2.29569
      vertex -39.5 -31.7066 2.76424
      vertex -39.5 -31.6269 3.02687
    endloop
  endfacet
  facet normal -1 0 0
    outer loop
      vertex -39.5 -30.1042 1.82453
      vertex -39.5 -31.8359 2.5222
      vertex -39.5 -31.7066 2.76424
    endloop
  endfacet
  facet normal -1 0 0
    outer loop
      vertex -39.5 -32.4642 2.00657
      vertex -39.5 -31.5245 0.404228
      vertex -39.5 -31.9957 0.209066
    endloop
  endfacet
  facet normal -1 0 0
    outer loop
      vertex -39.5 -30.3707 1.3897
      vertex -39.5 -32.01 2.31005
      vertex -39.5 -31.8359 2.5222
    endloop
  endfacet
  facet normal -1 0 0
    outer loop
      vertex -39.5 -31.0897 0.670694
      vertex -39.5 -32.2222 2.13594
      vertex -39.5 -32.01 2.31005
    endloop
  endfacet
  facet normal -1 0 0
    outer loop
      vertex -39.5 -31.5245 0.404228
      vertex -39.5 -32.4642 2.00657
      vertex -39.5 -32.2222 2.13594
    endloop
  endfacet
  facet normal -1 0 0
    outer loop
      vertex -39.5 -32.7269 1.9269
      vertex -39.5 -31.9957 0.209066
      vertex -39.5 -32.4916 0.0900124
    endloop
  endfacet
  facet normal -1 0 0
    outer loop
      vertex -39.5 -31.9957 0.209066
      vertex -39.5 -32.7269 1.9269
      vertex -39.5 -32.4642 2.00657
    endloop
  endfacet
  facet normal -1 0 0
    outer loop
      vertex -39.5 -33 1.9
      vertex -39.5 -32.4916 0.0900124
      vertex -39.5 -33 0.05
    endloop
  endfacet
  facet normal -1 0 0
    outer loop
      vertex -39.5 -32.4916 0.0900124
      vertex -39.5 -33 1.9
      vertex -39.5 -32.7269 1.9269
    endloop
  endfacet
  facet normal -1 0 0
    outer loop
      vertex -39.5 -33.5084 0.0900124
      vertex -39.5 -33 1.9
      vertex -39.5 -33 0.05
    endloop
  endfacet
  facet normal -1 -0 0
    outer loop
      vertex -39.5 -33 1.9
      vertex -39.5 -33.5084 0.0900124
      vertex -39.5 -33.2731 1.9269
    endloop
  endfacet
  facet normal -1 0 0
    outer loop
      vertex -39.5 -34.0043 0.209066
      vertex -39.5 -33.2731 1.9269
      vertex -39.5 -33.5084 0.0900124
    endloop
  endfacet
  facet normal -1 -0 0
    outer loop
      vertex -39.5 -33.2731 1.9269
      vertex -39.5 -34.0043 0.209066
      vertex -39.5 -33.5358 2.00657
    endloop
  endfacet
  facet normal -1 0 0
    outer loop
      vertex -39.5 -34.4755 0.404228
      vertex -39.5 -33.5358 2.00657
      vertex -39.5 -34.0043 0.209066
    endloop
  endfacet
  facet normal -1 -0 0
    outer loop
      vertex -39.5 -33.5358 2.00657
      vertex -39.5 -34.4755 0.404228
      vertex -39.5 -33.7778 2.13594
    endloop
  endfacet
  facet normal -1 0 0
    outer loop
      vertex -39.5 -34.9103 0.670694
      vertex -39.5 -33.7778 2.13594
      vertex -39.5 -34.4755 0.404228
    endloop
  endfacet
  facet normal -1 -0 0
    outer loop
      vertex -39.5 -33.7778 2.13594
      vertex -39.5 -34.9103 0.670694
      vertex -39.5 -33.9899 2.31005
    endloop
  endfacet
  facet normal -1 0 0
    outer loop
      vertex -39.5 -35.2981 1.0019
      vertex -39.5 -33.9899 2.31005
      vertex -39.5 -34.9103 0.670694
    endloop
  endfacet
  facet normal -1 -0 0
    outer loop
      vertex -39.5 -33.9899 2.31005
      vertex -39.5 -35.6293 1.3897
      vertex -39.5 -34.1641 2.5222
    endloop
  endfacet
  facet normal -1 0 0
    outer loop
      vertex -39.5 -35.6293 1.3897
      vertex -39.5 -33.9899 2.31005
      vertex -39.5 -35.2981 1.0019
    endloop
  endfacet
  facet normal -1 0 0
    outer loop
      vertex -39.5 -32.01 4.28995
      vertex -39.5 -30.3707 5.2103
      vertex -39.5 -31.8359 4.0778
    endloop
  endfacet
  facet normal -1 -0 0
    outer loop
      vertex -39.5 -30.3707 5.2103
      vertex -39.5 -32.01 4.28995
      vertex -39.5 -30.7019 5.5981
    endloop
  endfacet
  facet normal -1 -0 0
    outer loop
      vertex -39.5 -30.7019 5.5981
      vertex -39.5 -32.01 4.28995
      vertex -39.5 -31.0897 5.92931
    endloop
  endfacet
  facet normal -1 0 0
    outer loop
      vertex -39.5 -32.2222 4.46406
      vertex -39.5 -31.0897 5.92931
      vertex -39.5 -32.01 4.28995
    endloop
  endfacet
  facet normal -1 -0 0
    outer loop
      vertex -39.5 -31.0897 5.92931
      vertex -39.5 -32.2222 4.46406
      vertex -39.5 -31.5245 6.19577
    endloop
  endfacet
  facet normal -1 0 0
    outer loop
      vertex -39.5 -32.4642 4.59343
      vertex -39.5 -31.5245 6.19577
      vertex -39.5 -32.2222 4.46406
    endloop
  endfacet
  facet normal -1 -0 0
    outer loop
      vertex -39.5 -31.5245 6.19577
      vertex -39.5 -32.4642 4.59343
      vertex -39.5 -31.9957 6.39093
    endloop
  endfacet
  facet normal -1 0 0
    outer loop
      vertex -39.5 -32.7269 4.6731
      vertex -39.5 -31.9957 6.39093
      vertex -39.5 -32.4642 4.59343
    endloop
  endfacet
  facet normal -1 -0 0
    outer loop
      vertex -39.5 -31.9957 6.39093
      vertex -39.5 -32.7269 4.6731
      vertex -39.5 -32.4916 6.50999
    endloop
  endfacet
  facet normal -1 0 0
    outer loop
      vertex -39.5 -33 4.7
      vertex -39.5 -32.4916 6.50999
      vertex -39.5 -32.7269 4.6731
    endloop
  endfacet
  facet normal -1 0 0
    outer loop
      vertex -39.5 -33 4.7
      vertex -39.5 -33 6.55
      vertex -39.5 -32.4916 6.50999
    endloop
  endfacet
  facet normal -1 0 0
    outer loop
      vertex -39.5 -33.5084 6.50999
      vertex -39.5 -33 4.7
      vertex -39.5 -33.2731 4.6731
    endloop
  endfacet
  facet normal -1 0 0
    outer loop
      vertex -39.5 -33 4.7
      vertex -39.5 -33.5084 6.50999
      vertex -39.5 -33 6.55
    endloop
  endfacet
  facet normal -1 0 0
    outer loop
      vertex -39.5 -34.0043 6.39093
      vertex -39.5 -33.2731 4.6731
      vertex -39.5 -33.5358 4.59343
    endloop
  endfacet
  facet normal -1 0 0
    outer loop
      vertex -39.5 -34.4755 6.19577
      vertex -39.5 -33.5358 4.59343
      vertex -39.5 -33.7778 4.46406
    endloop
  endfacet
  facet normal -1 0 0
    outer loop
      vertex -39.5 -34.9103 5.92931
      vertex -39.5 -33.7778 4.46406
      vertex -39.5 -33.9899 4.28995
    endloop
  endfacet
  facet normal -1 0 0
    outer loop
      vertex -39.5 -33.2731 4.6731
      vertex -39.5 -34.0043 6.39093
      vertex -39.5 -33.5084 6.50999
    endloop
  endfacet
  facet normal -1 0 0
    outer loop
      vertex -39.5 -35.6293 5.2103
      vertex -39.5 -33.9899 4.28995
      vertex -39.5 -34.1641 4.0778
    endloop
  endfacet
  facet normal -1 0 0
    outer loop
      vertex -39.5 -35.8958 4.77547
      vertex -39.5 -34.1641 4.0778
      vertex -39.5 -34.2934 3.83576
    endloop
  endfacet
  facet normal -1 0 0
    outer loop
      vertex -39.5 -36.0909 4.30431
      vertex -39.5 -34.2934 3.83576
      vertex -39.5 -34.3731 3.57313
    endloop
  endfacet
  facet normal -1 0 0
    outer loop
      vertex -39.5 -33.5358 4.59343
      vertex -39.5 -34.4755 6.19577
      vertex -39.5 -34.0043 6.39093
    endloop
  endfacet
  facet normal -1 0 0
    outer loop
      vertex -39.5 -36.21 3.80841
      vertex -39.5 -34.3731 3.57313
      vertex -39.5 -34.4 3.3
    endloop
  endfacet
  facet normal -1 0 0
    outer loop
      vertex -39.5 -35.8958 1.82453
      vertex -39.5 -34.1641 2.5222
      vertex -39.5 -35.6293 1.3897
    endloop
  endfacet
  facet normal -1 -0 0
    outer loop
      vertex -39.5 -34.1641 2.5222
      vertex -39.5 -35.8958 1.82453
      vertex -39.5 -34.2934 2.76424
    endloop
  endfacet
  facet normal -1 0 0
    outer loop
      vertex -39.5 -33.7778 4.46406
      vertex -39.5 -34.9103 5.92931
      vertex -39.5 -34.4755 6.19577
    endloop
  endfacet
  facet normal -1 0 0
    outer loop
      vertex -39.5 -36.0909 2.29569
      vertex -39.5 -34.2934 2.76424
      vertex -39.5 -35.8958 1.82453
    endloop
  endfacet
  facet normal -1 0 0
    outer loop
      vertex -39.5 -33.9899 4.28995
      vertex -39.5 -35.2981 5.5981
      vertex -39.5 -34.9103 5.92931
    endloop
  endfacet
  facet normal -1 -0 0
    outer loop
      vertex -39.5 -34.2934 2.76424
      vertex -39.5 -36.0909 2.29569
      vertex -39.5 -34.3731 3.02687
    endloop
  endfacet
  facet normal -1 0 0
    outer loop
      vertex -39.5 -33.9899 4.28995
      vertex -39.5 -35.6293 5.2103
      vertex -39.5 -35.2981 5.5981
    endloop
  endfacet
  facet normal -1 0 0
    outer loop
      vertex -39.5 -36.21 2.79159
      vertex -39.5 -34.3731 3.02687
      vertex -39.5 -36.0909 2.29569
    endloop
  endfacet
  facet normal -1 0 0
    outer loop
      vertex -39.5 -34.1641 4.0778
      vertex -39.5 -35.8958 4.77547
      vertex -39.5 -35.6293 5.2103
    endloop
  endfacet
  facet normal -1 -0 0
    outer loop
      vertex -39.5 -34.3731 3.02687
      vertex -39.5 -36.21 2.79159
      vertex -39.5 -34.4 3.3
    endloop
  endfacet
  facet normal -1 0 0
    outer loop
      vertex -39.5 -34.2934 3.83576
      vertex -39.5 -36.0909 4.30431
      vertex -39.5 -35.8958 4.77547
    endloop
  endfacet
  facet normal -1 0 0
    outer loop
      vertex -39.5 -36.25 3.3
      vertex -39.5 -34.4 3.3
      vertex -39.5 -36.21 2.79159
    endloop
  endfacet
  facet normal -1 0 0
    outer loop
      vertex -39.5 -34.3731 3.57313
      vertex -39.5 -36.21 3.80841
      vertex -39.5 -36.0909 4.30431
    endloop
  endfacet
  facet normal -1 0 0
    outer loop
      vertex -39.5 -34.4 3.3
      vertex -39.5 -36.25 3.3
      vertex -39.5 -36.21 3.80841
    endloop
  endfacet
  facet normal 0 -0.382654 0.923892
    outer loop
      vertex -39.5 -34.0043 6.39093
      vertex -38 -34.4755 6.19577
      vertex -38 -34.0043 6.39093
    endloop
  endfacet
  facet normal 0 -0.382654 0.923892
    outer loop
      vertex -38 -34.4755 6.19577
      vertex -39.5 -34.0043 6.39093
      vertex -39.5 -34.4755 6.19577
    endloop
  endfacet
  facet normal 0 0.23344 -0.972371
    outer loop
      vertex -39.5 -32.4916 0.0900124
      vertex -36 -32 0.208032
      vertex -35.9758 -32.4916 0.0900124
    endloop
  endfacet
  facet normal -4.65062e-07 0.233443 -0.972371
    outer loop
      vertex -39.5 -31.9957 0.209066
      vertex -36 -32 0.208032
      vertex -39.5 -32.4916 0.0900124
    endloop
  endfacet
  facet normal 0 0.233801 -0.972285
    outer loop
      vertex -36 -32 0.208032
      vertex -39.5 -31.9957 0.209066
      vertex -36 -31.9957 0.209066
    endloop
  endfacet
  facet normal 0 0.996919 -0.0784343
    outer loop
      vertex -36 -29.79 2.79159
      vertex -39.5 -29.75 3.3
      vertex -36 -29.75 3.3
    endloop
  endfacet
  facet normal 0 0.996919 -0.0784343
    outer loop
      vertex -39.5 -29.75 3.3
      vertex -36 -29.79 2.79159
      vertex -39.5 -29.79 2.79159
    endloop
  endfacet
  facet normal 0 0.852609 -0.52255
    outer loop
      vertex -36 -30.3707 1.3897
      vertex -39.5 -30.1042 1.82453
      vertex -36 -30.1042 1.82453
    endloop
  endfacet
  facet normal 0 0.852609 -0.52255
    outer loop
      vertex -39.5 -30.1042 1.82453
      vertex -36 -30.3707 1.3897
      vertex -39.5 -30.3707 1.3897
    endloop
  endfacet
  facet normal -0 0.522519 0.852628
    outer loop
      vertex -39.5 -31.0897 5.92931
      vertex -38 -31.5245 6.19577
      vertex -38 -31.0897 5.92931
    endloop
  endfacet
  facet normal 0 0.522519 0.852628
    outer loop
      vertex -38 -31.5245 6.19577
      vertex -39.5 -31.0897 5.92931
      vertex -39.5 -31.5245 6.19577
    endloop
  endfacet
  facet normal -0 0.649445 0.760408
    outer loop
      vertex -39.5 -30.7019 5.5981
      vertex -38 -31.0897 5.92931
      vertex -38 -30.7019 5.5981
    endloop
  endfacet
  facet normal 0 0.649445 0.760408
    outer loop
      vertex -38 -31.0897 5.92931
      vertex -39.5 -30.7019 5.5981
      vertex -39.5 -31.0897 5.92931
    endloop
  endfacet
  facet normal 0 0.852609 0.52255
    outer loop
      vertex -38 -30.1042 4.77547
      vertex -39.5 -30.3707 5.2103
      vertex -38 -30.3707 5.2103
    endloop
  endfacet
  facet normal 0 0.852609 0.52255
    outer loop
      vertex -39.5 -30.3707 5.2103
      vertex -38 -30.1042 4.77547
      vertex -39.5 -30.1042 4.77547
    endloop
  endfacet
  facet normal 0 0.972379 0.233407
    outer loop
      vertex -36 -29.908 4.3
      vertex -36 -29.79 3.80841
      vertex -38 -29.908 4.3
    endloop
  endfacet
  facet normal 0 0.968941 0.247293
    outer loop
      vertex -38 -29.908 4.3
      vertex -39.5 -29.9091 4.30431
      vertex -38 -29.9091 4.30431
    endloop
  endfacet
  facet normal -0 0.972379 0.233407
    outer loop
      vertex -39.5 -29.79 3.80841
      vertex -38 -29.908 4.3
      vertex -36 -29.79 3.80841
    endloop
  endfacet
  facet normal -4.20508e-05 0.97235 0.233529
    outer loop
      vertex -38 -29.908 4.3
      vertex -39.5 -29.79 3.80841
      vertex -39.5 -29.9091 4.30431
    endloop
  endfacet
  facet normal 0 -0.996919 -0.0784343
    outer loop
      vertex -39.5 -36.21 2.79159
      vertex -35 -36.25 3.3
      vertex -39.5 -36.25 3.3
    endloop
  endfacet
  facet normal 0 -0.996919 -0.0784343
    outer loop
      vertex -35 -36.25 3.3
      vertex -39.5 -36.21 2.79159
      vertex -35 -36.21 2.79159
    endloop
  endfacet
  facet normal 0 -0.852619 -0.522534
    outer loop
      vertex -35.0554 -35.7712 1.62122
      vertex -35 -35.8958 1.82453
      vertex -39.5 -35.8958 1.82453
    endloop
  endfacet
  facet normal -0.000336229 -0.852659 -0.522467
    outer loop
      vertex -35 -35.8958 1.82453
      vertex -35.0554 -35.7712 1.62122
      vertex -35 -35.8636 1.77198
    endloop
  endfacet
  facet normal -0 -0.852609 -0.52255
    outer loop
      vertex -35.1225 -35.6293 1.3897
      vertex -39.5 -35.8958 1.82453
      vertex -39.5 -35.6293 1.3897
    endloop
  endfacet
  facet normal -1.8783e-06 -0.8526 -0.522563
    outer loop
      vertex -39.5 -35.8958 1.82453
      vertex -35.1225 -35.6293 1.3897
      vertex -35.0554 -35.7712 1.62122
    endloop
  endfacet
  facet normal 0 -0.233433 -0.972373
    outer loop
      vertex -39.5 -34.0043 0.209066
      vertex -35.8463 -33.5607 0.102573
      vertex -35.7352 -34.0043 0.209066
    endloop
  endfacet
  facet normal 1.14893e-05 -0.233523 -0.972351
    outer loop
      vertex -39.5 -34.0043 0.209066
      vertex -35.854 -33.5084 0.0900124
      vertex -35.8463 -33.5607 0.102573
    endloop
  endfacet
  facet normal -0 -0.233443 -0.972371
    outer loop
      vertex -35.854 -33.5084 0.0900124
      vertex -39.5 -34.0043 0.209066
      vertex -39.5 -33.5084 0.0900124
    endloop
  endfacet
  facet normal 0 -0.852609 0.52255
    outer loop
      vertex -39.5 -35.8958 4.77547
      vertex -38 -35.6293 5.2103
      vertex -39.5 -35.6293 5.2103
    endloop
  endfacet
  facet normal 0 -0.852609 0.52255
    outer loop
      vertex -38 -35.6293 5.2103
      vertex -39.5 -35.8958 4.77547
      vertex -38 -35.8958 4.77547
    endloop
  endfacet
  facet normal 0 -0.760418 0.649434
    outer loop
      vertex -39.5 -35.6293 5.2103
      vertex -38 -35.2981 5.5981
      vertex -39.5 -35.2981 5.5981
    endloop
  endfacet
  facet normal 0 -0.760418 0.649434
    outer loop
      vertex -38 -35.2981 5.5981
      vertex -39.5 -35.6293 5.2103
      vertex -38 -35.6293 5.2103
    endloop
  endfacet
  facet normal 1 -0 0
    outer loop
      vertex -35 -36.0909 2.29569
      vertex -35 -35.8636 1.77198
      vertex -35 -35.8636 4.3
    endloop
  endfacet
  facet normal 1 0 0
    outer loop
      vertex -35 -35.8636 1.77198
      vertex -35 -36.0909 2.29569
      vertex -35 -35.8958 1.82453
    endloop
  endfacet
  facet normal 1 0 0
    outer loop
      vertex -35 -36.21 3.80841
      vertex -35 -35.8636 4.3
      vertex -35 -36.092 4.3
    endloop
  endfacet
  facet normal 1 0 0
    outer loop
      vertex -35 -36.25 3.3
      vertex -35 -35.8636 4.3
      vertex -35 -36.21 3.80841
    endloop
  endfacet
  facet normal 1 0 0
    outer loop
      vertex -35 -35.8636 4.3
      vertex -35 -36.21 2.79159
      vertex -35 -36.0909 2.29569
    endloop
  endfacet
  facet normal 1 0 0
    outer loop
      vertex -35 -35.8636 4.3
      vertex -35 -36.25 3.3
      vertex -35 -36.21 2.79159
    endloop
  endfacet
  facet normal 0 -0.522519 0.852628
    outer loop
      vertex -39.5 -34.4755 6.19577
      vertex -38 -34.9103 5.92931
      vertex -38 -34.4755 6.19577
    endloop
  endfacet
  facet normal 0 -0.522519 0.852628
    outer loop
      vertex -38 -34.9103 5.92931
      vertex -39.5 -34.4755 6.19577
      vertex -39.5 -34.9103 5.92931
    endloop
  endfacet
  facet normal 0 -0.0784553 0.996918
    outer loop
      vertex -39.5 -33 6.55
      vertex -38 -33.5084 6.50999
      vertex -38 -33 6.55
    endloop
  endfacet
  facet normal 0 -0.0784553 0.996918
    outer loop
      vertex -38 -33.5084 6.50999
      vertex -39.5 -33 6.55
      vertex -39.5 -33.5084 6.50999
    endloop
  endfacet
  facet normal 0 0.382658 -0.92389
    outer loop
      vertex -39.5 -31.9957 0.209066
      vertex -36 -31.5245 0.404228
      vertex -36 -31.9957 0.209066
    endloop
  endfacet
  facet normal 0 0.382658 -0.92389
    outer loop
      vertex -36 -31.5245 0.404228
      vertex -39.5 -31.9957 0.209066
      vertex -39.5 -31.5245 0.404228
    endloop
  endfacet
  facet normal 0 0.760418 -0.649434
    outer loop
      vertex -36 -30.7019 1.0019
      vertex -39.5 -30.3707 1.3897
      vertex -36 -30.3707 1.3897
    endloop
  endfacet
  facet normal 0 0.760418 -0.649434
    outer loop
      vertex -39.5 -30.3707 1.3897
      vertex -36 -30.7019 1.0019
      vertex -39.5 -30.7019 1.0019
    endloop
  endfacet
  facet normal 0 0.522527 -0.852623
    outer loop
      vertex -39.5 -31.5245 0.404228
      vertex -36 -31.0897 0.670694
      vertex -36 -31.5245 0.404228
    endloop
  endfacet
  facet normal 0 0.522527 -0.852623
    outer loop
      vertex -36 -31.0897 0.670694
      vertex -39.5 -31.5245 0.404228
      vertex -39.5 -31.0897 0.670694
    endloop
  endfacet
  facet normal 0 0.923922 -0.382582
    outer loop
      vertex -36 -30.1042 1.82453
      vertex -39.5 -29.9091 2.29569
      vertex -36 -29.9091 2.29569
    endloop
  endfacet
  facet normal 0 0.923922 -0.382582
    outer loop
      vertex -39.5 -29.9091 2.29569
      vertex -36 -30.1042 1.82453
      vertex -39.5 -30.1042 1.82453
    endloop
  endfacet
  facet normal -0 0.382654 0.923892
    outer loop
      vertex -39.5 -31.5245 6.19577
      vertex -38 -31.9957 6.39093
      vertex -38 -31.5245 6.19577
    endloop
  endfacet
  facet normal 0 0.382654 0.923892
    outer loop
      vertex -38 -31.9957 6.39093
      vertex -39.5 -31.5245 6.19577
      vertex -39.5 -31.9957 6.39093
    endloop
  endfacet
  facet normal -0 0.233455 0.972368
    outer loop
      vertex -39.5 -31.9957 6.39093
      vertex -38 -32.4916 6.50999
      vertex -38 -31.9957 6.39093
    endloop
  endfacet
  facet normal 0 0.233455 0.972368
    outer loop
      vertex -38 -32.4916 6.50999
      vertex -39.5 -31.9957 6.39093
      vertex -39.5 -32.4916 6.50999
    endloop
  endfacet
  facet normal 0 -0.07846 -0.996917
    outer loop
      vertex -39.5 -33.5084 0.0900124
      vertex -35.9295 -33 0.05
      vertex -35.854 -33.5084 0.0900124
    endloop
  endfacet
  facet normal -0 -0.07846 -0.996917
    outer loop
      vertex -35.9295 -33 0.05
      vertex -39.5 -33.5084 0.0900124
      vertex -39.5 -33 0.05
    endloop
  endfacet
  facet normal 0 -0.97235 -0.233529
    outer loop
      vertex -39.5 -36.0909 2.29569
      vertex -35 -36.21 2.79159
      vertex -39.5 -36.21 2.79159
    endloop
  endfacet
  facet normal 0 -0.97235 -0.233529
    outer loop
      vertex -35 -36.21 2.79159
      vertex -39.5 -36.0909 2.29569
      vertex -35 -36.0909 2.29569
    endloop
  endfacet
  facet normal -0 -0.760418 -0.649434
    outer loop
      vertex -35.2791 -35.2981 1.0019
      vertex -39.5 -35.6293 1.3897
      vertex -39.5 -35.2981 1.0019
    endloop
  endfacet
  facet normal 0 -0.760418 -0.649434
    outer loop
      vertex -39.5 -35.6293 1.3897
      vertex -35.2791 -35.2981 1.0019
      vertex -35.1225 -35.6293 1.3897
    endloop
  endfacet
  facet normal 0 -0.649497 -0.760364
    outer loop
      vertex -39.5 -35.2981 1.0019
      vertex -35.391 -35.0615 0.799798
      vertex -35.2791 -35.2981 1.0019
    endloop
  endfacet
  facet normal -1.41715e-05 -0.649355 -0.760485
    outer loop
      vertex -39.5 -35.2981 1.0019
      vertex -35.4451 -34.9103 0.670694
      vertex -35.391 -35.0615 0.799798
    endloop
  endfacet
  facet normal -0 -0.649441 -0.760412
    outer loop
      vertex -35.4451 -34.9103 0.670694
      vertex -39.5 -35.2981 1.0019
      vertex -39.5 -34.9103 0.670694
    endloop
  endfacet
  facet normal 0 -0.923922 0.382582
    outer loop
      vertex -39.5 -36.0909 4.30431
      vertex -38 -35.8958 4.77547
      vertex -39.5 -35.8958 4.77547
    endloop
  endfacet
  facet normal 0 -0.923922 0.382582
    outer loop
      vertex -38 -35.8958 4.77547
      vertex -39.5 -36.0909 4.30431
      vertex -38 -36.0909 4.30431
    endloop
  endfacet
  facet normal 0 -0.968941 0.247293
    outer loop
      vertex -39.5 -36.0909 4.30431
      vertex -38 -36.092 4.3
      vertex -38 -36.0909 4.30431
    endloop
  endfacet
  facet normal -4.20508e-05 -0.97235 0.233529
    outer loop
      vertex -39.5 -36.21 3.80841
      vertex -38 -36.092 4.3
      vertex -39.5 -36.0909 4.30431
    endloop
  endfacet
  facet normal 0 -0.972379 0.233407
    outer loop
      vertex -35 -36.21 3.80841
      vertex -38 -36.092 4.3
      vertex -39.5 -36.21 3.80841
    endloop
  endfacet
  facet normal 0 -0.972379 0.233407
    outer loop
      vertex -38 -36.092 4.3
      vertex -35 -36.21 3.80841
      vertex -35 -36.092 4.3
    endloop
  endfacet
  facet normal 0 -0.233455 0.972368
    outer loop
      vertex -39.5 -33.5084 6.50999
      vertex -38 -34.0043 6.39093
      vertex -38 -33.5084 6.50999
    endloop
  endfacet
  facet normal 0 -0.233455 0.972368
    outer loop
      vertex -38 -34.0043 6.39093
      vertex -39.5 -33.5084 6.50999
      vertex -39.5 -34.0043 6.39093
    endloop
  endfacet
  facet normal 0 0.649441 -0.760412
    outer loop
      vertex -39.5 -31.0897 0.670694
      vertex -36 -30.7019 1.0019
      vertex -36 -31.0897 0.670694
    endloop
  endfacet
  facet normal 0 0.649441 -0.760412
    outer loop
      vertex -36 -30.7019 1.0019
      vertex -39.5 -31.0897 0.670694
      vertex -39.5 -30.7019 1.0019
    endloop
  endfacet
  facet normal 0 0.97235 -0.233529
    outer loop
      vertex -36 -29.9091 2.29569
      vertex -39.5 -29.79 2.79159
      vertex -36 -29.79 2.79159
    endloop
  endfacet
  facet normal 0 0.97235 -0.233529
    outer loop
      vertex -39.5 -29.79 2.79159
      vertex -36 -29.9091 2.29569
      vertex -39.5 -29.9091 2.29569
    endloop
  endfacet
  facet normal 0 -0.382655 -0.923891
    outer loop
      vertex -39.5 -34.4755 0.404228
      vertex -35.6555 -34.3223 0.340776
      vertex -35.6007 -34.4755 0.404228
    endloop
  endfacet
  facet normal 1.76583e-07 -0.382659 -0.92389
    outer loop
      vertex -39.5 -34.4755 0.404228
      vertex -35.7352 -34.0043 0.209066
      vertex -35.6555 -34.3223 0.340776
    endloop
  endfacet
  facet normal -0 -0.382658 -0.92389
    outer loop
      vertex -35.7352 -34.0043 0.209066
      vertex -39.5 -34.4755 0.404228
      vertex -39.5 -34.0043 0.209066
    endloop
  endfacet
  facet normal 0 -0.923922 -0.382582
    outer loop
      vertex -39.5 -35.8958 1.82453
      vertex -35 -36.0909 2.29569
      vertex -39.5 -36.0909 2.29569
    endloop
  endfacet
  facet normal 0 -0.923922 -0.382582
    outer loop
      vertex -35 -36.0909 2.29569
      vertex -39.5 -35.8958 1.82453
      vertex -35 -35.8958 1.82453
    endloop
  endfacet
  facet normal 0 -0.522527 -0.852623
    outer loop
      vertex -39.5 -34.9103 0.670694
      vertex -35.6007 -34.4755 0.404228
      vertex -35.4451 -34.9103 0.670694
    endloop
  endfacet
  facet normal -0 -0.522527 -0.852623
    outer loop
      vertex -35.6007 -34.4755 0.404228
      vertex -39.5 -34.9103 0.670694
      vertex -39.5 -34.4755 0.404228
    endloop
  endfacet
  facet normal 0 0.0784584 -0.996917
    outer loop
      vertex -39.5 -1.49159 0.0900124
      vertex -35.413 -2 0.05
      vertex -39.5 -2 0.05
    endloop
  endfacet
  facet normal 2.58022e-07 0.0784605 -0.996917
    outer loop
      vertex -35.413 -2 0.05
      vertex -39.5 -1.49159 0.0900124
      vertex -35.391 -1.93854 0.0548371
    endloop
  endfacet
  facet normal 0 0.0784581 -0.996917
    outer loop
      vertex -35.391 -1.93854 0.0548371
      vertex -39.5 -1.49159 0.0900124
      vertex -35.1796 -1.49159 0.0900124
    endloop
  endfacet
  facet normal -0 0.0784464 0.996918
    outer loop
      vertex -39.5 -1.49159 6.50999
      vertex -35.391 -1.93854 6.54516
      vertex -35.1796 -1.49159 6.50999
    endloop
  endfacet
  facet normal 6.4206e-06 0.0785051 0.996914
    outer loop
      vertex -39.5 -1.49159 6.50999
      vertex -35.413 -2 6.55
      vertex -35.391 -1.93854 6.54516
    endloop
  endfacet
  facet normal 0 0.0784538 0.996918
    outer loop
      vertex -35.413 -2 6.55
      vertex -39.5 -1.49159 6.50999
      vertex -39.5 -2 6.55
    endloop
  endfacet
  facet normal 0 -0.996918 0.0784538
    outer loop
      vertex -39.5 -5.25 3.3
      vertex -36 -5.20999 3.80841
      vertex -39.5 -5.20999 3.80841
    endloop
  endfacet
  facet normal 0 -0.996918 0.0784538
    outer loop
      vertex -36 -5.20999 3.80841
      vertex -39.5 -5.25 3.3
      vertex -36 -5.25 3.3
    endloop
  endfacet
  facet normal 0 -0.649446 0.760408
    outer loop
      vertex -39.5 -3.9103 5.92931
      vertex -35.9615 -4.21587 5.66833
      vertex -35.9161 -3.9103 5.92931
    endloop
  endfacet
  facet normal 1.13211e-07 -0.649445 0.760408
    outer loop
      vertex -39.5 -4.2981 5.5981
      vertex -35.9615 -4.21587 5.66833
      vertex -39.5 -3.9103 5.92931
    endloop
  endfacet
  facet normal 0 -0.649442 0.760411
    outer loop
      vertex -35.9615 -4.21587 5.66833
      vertex -39.5 -4.2981 5.5981
      vertex -35.9655 -4.2981 5.5981
    endloop
  endfacet
  facet normal 0 0.76041 0.649443
    outer loop
      vertex -35 0.629305 5.2103
      vertex -39.5 0.298097 5.5981
      vertex -35 0.298097 5.5981
    endloop
  endfacet
  facet normal 0 0.76041 0.649443
    outer loop
      vertex -39.5 0.298097 5.5981
      vertex -35 0.629305 5.2103
      vertex -39.5 0.629305 5.2103
    endloop
  endfacet
  facet normal 0 0.923881 0.38268
    outer loop
      vertex -35 1.09093 4.30431
      vertex -39.5 0.895771 4.77547
      vertex -35 0.895771 4.77547
    endloop
  endfacet
  facet normal 0 0.923881 0.38268
    outer loop
      vertex -39.5 0.895771 4.77547
      vertex -35 1.09093 4.30431
      vertex -39.5 1.09093 4.30431
    endloop
  endfacet
  facet normal -1 0 0
    outer loop
      vertex -39.5 -0.599999 3.3
      vertex -39.5 1.25 3.3
      vertex -39.5 1.20999 2.79159
    endloop
  endfacet
  facet normal -1 0 0
    outer loop
      vertex -39.5 -0.6269 3.02687
      vertex -39.5 1.20999 2.79159
      vertex -39.5 1.09093 2.29569
    endloop
  endfacet
  facet normal -1 0 0
    outer loop
      vertex -39.5 1.25 3.3
      vertex -39.5 -0.599999 3.3
      vertex -39.5 1.20999 3.80841
    endloop
  endfacet
  facet normal -1 0 0
    outer loop
      vertex -39.5 -0.706568 2.76424
      vertex -39.5 1.09093 2.29569
      vertex -39.5 0.895771 1.82453
    endloop
  endfacet
  facet normal -1 0 0
    outer loop
      vertex -39.5 -0.6269 3.57313
      vertex -39.5 1.20999 3.80841
      vertex -39.5 -0.599999 3.3
    endloop
  endfacet
  facet normal -1 0 0
    outer loop
      vertex -39.5 -0.835942 2.5222
      vertex -39.5 0.895771 1.82453
      vertex -39.5 0.629305 1.3897
    endloop
  endfacet
  facet normal -1 -0 0
    outer loop
      vertex -39.5 1.20999 3.80841
      vertex -39.5 -0.6269 3.57313
      vertex -39.5 1.09093 4.30431
    endloop
  endfacet
  facet normal -1 0 0
    outer loop
      vertex -39.5 -1.01005 2.31005
      vertex -39.5 0.629305 1.3897
      vertex -39.5 0.298097 1.0019
    endloop
  endfacet
  facet normal -1 0 0
    outer loop
      vertex -39.5 -0.706568 3.83576
      vertex -39.5 1.09093 4.30431
      vertex -39.5 -0.6269 3.57313
    endloop
  endfacet
  facet normal -1 0 0
    outer loop
      vertex -39.5 -1.01005 2.31005
      vertex -39.5 0.298097 1.0019
      vertex -39.5 -0.0896978 0.670694
    endloop
  endfacet
  facet normal -1 -0 0
    outer loop
      vertex -39.5 1.09093 4.30431
      vertex -39.5 -0.706568 3.83576
      vertex -39.5 0.895771 4.77547
    endloop
  endfacet
  facet normal -1 0 0
    outer loop
      vertex -39.5 -1.2222 2.13594
      vertex -39.5 -0.0896978 0.670694
      vertex -39.5 -0.52453 0.404228
    endloop
  endfacet
  facet normal -1 0 0
    outer loop
      vertex -39.5 -0.835942 4.0778
      vertex -39.5 0.895771 4.77547
      vertex -39.5 -0.706568 3.83576
    endloop
  endfacet
  facet normal -1 -0 0
    outer loop
      vertex -39.5 0.895771 4.77547
      vertex -39.5 -0.835942 4.0778
      vertex -39.5 0.629305 5.2103
    endloop
  endfacet
  facet normal -1 0 0
    outer loop
      vertex -39.5 1.20999 2.79159
      vertex -39.5 -0.6269 3.02687
      vertex -39.5 -0.599999 3.3
    endloop
  endfacet
  facet normal -1 0 0
    outer loop
      vertex -39.5 1.09093 2.29569
      vertex -39.5 -0.706568 2.76424
      vertex -39.5 -0.6269 3.02687
    endloop
  endfacet
  facet normal -1 0 0
    outer loop
      vertex -39.5 0.895771 1.82453
      vertex -39.5 -0.835942 2.5222
      vertex -39.5 -0.706568 2.76424
    endloop
  endfacet
  facet normal -1 0 0
    outer loop
      vertex -39.5 -1.46424 2.00657
      vertex -39.5 -0.52453 0.404228
      vertex -39.5 -0.995694 0.209066
    endloop
  endfacet
  facet normal -1 0 0
    outer loop
      vertex -39.5 0.629305 1.3897
      vertex -39.5 -1.01005 2.31005
      vertex -39.5 -0.835942 2.5222
    endloop
  endfacet
  facet normal -1 0 0
    outer loop
      vertex -39.5 -0.0896978 0.670694
      vertex -39.5 -1.2222 2.13594
      vertex -39.5 -1.01005 2.31005
    endloop
  endfacet
  facet normal -1 0 0
    outer loop
      vertex -39.5 -0.52453 0.404228
      vertex -39.5 -1.46424 2.00657
      vertex -39.5 -1.2222 2.13594
    endloop
  endfacet
  facet normal -1 0 0
    outer loop
      vertex -39.5 -1.72687 1.9269
      vertex -39.5 -0.995694 0.209066
      vertex -39.5 -1.49159 0.0900124
    endloop
  endfacet
  facet normal -1 0 0
    outer loop
      vertex -39.5 -0.995694 0.209066
      vertex -39.5 -1.72687 1.9269
      vertex -39.5 -1.46424 2.00657
    endloop
  endfacet
  facet normal -1 0 0
    outer loop
      vertex -39.5 -2 1.9
      vertex -39.5 -1.49159 0.0900124
      vertex -39.5 -2 0.05
    endloop
  endfacet
  facet normal -1 0 0
    outer loop
      vertex -39.5 -1.49159 0.0900124
      vertex -39.5 -2 1.9
      vertex -39.5 -1.72687 1.9269
    endloop
  endfacet
  facet normal -1 0 0
    outer loop
      vertex -39.5 -2.50841 0.0900124
      vertex -39.5 -2 1.9
      vertex -39.5 -2 0.05
    endloop
  endfacet
  facet normal -1 -0 0
    outer loop
      vertex -39.5 -2 1.9
      vertex -39.5 -2.50841 0.0900124
      vertex -39.5 -2.27313 1.9269
    endloop
  endfacet
  facet normal -1 0 0
    outer loop
      vertex -39.5 -3.0043 0.209066
      vertex -39.5 -2.27313 1.9269
      vertex -39.5 -2.50841 0.0900124
    endloop
  endfacet
  facet normal -1 -0 0
    outer loop
      vertex -39.5 -2.27313 1.9269
      vertex -39.5 -3.0043 0.209066
      vertex -39.5 -2.53576 2.00657
    endloop
  endfacet
  facet normal -1 0 0
    outer loop
      vertex -39.5 -3.47547 0.404228
      vertex -39.5 -2.53576 2.00657
      vertex -39.5 -3.0043 0.209066
    endloop
  endfacet
  facet normal -1 -0 0
    outer loop
      vertex -39.5 -2.53576 2.00657
      vertex -39.5 -3.47547 0.404228
      vertex -39.5 -2.7778 2.13594
    endloop
  endfacet
  facet normal -1 0 0
    outer loop
      vertex -39.5 -3.9103 0.670694
      vertex -39.5 -2.7778 2.13594
      vertex -39.5 -3.47547 0.404228
    endloop
  endfacet
  facet normal -1 -0 0
    outer loop
      vertex -39.5 -2.7778 2.13594
      vertex -39.5 -3.9103 0.670694
      vertex -39.5 -2.98995 2.31005
    endloop
  endfacet
  facet normal -1 0 0
    outer loop
      vertex -39.5 -4.2981 1.0019
      vertex -39.5 -2.98995 2.31005
      vertex -39.5 -3.9103 0.670694
    endloop
  endfacet
  facet normal -1 -0 0
    outer loop
      vertex -39.5 -2.98995 2.31005
      vertex -39.5 -4.6293 1.3897
      vertex -39.5 -3.16406 2.5222
    endloop
  endfacet
  facet normal -1 0 0
    outer loop
      vertex -39.5 -4.6293 1.3897
      vertex -39.5 -2.98995 2.31005
      vertex -39.5 -4.2981 1.0019
    endloop
  endfacet
  facet normal -1 0 0
    outer loop
      vertex -39.5 -1.01005 4.28995
      vertex -39.5 0.629305 5.2103
      vertex -39.5 -0.835942 4.0778
    endloop
  endfacet
  facet normal -1 -0 0
    outer loop
      vertex -39.5 0.629305 5.2103
      vertex -39.5 -1.01005 4.28995
      vertex -39.5 0.298097 5.5981
    endloop
  endfacet
  facet normal -1 -0 0
    outer loop
      vertex -39.5 0.298097 5.5981
      vertex -39.5 -1.01005 4.28995
      vertex -39.5 -0.0896978 5.92931
    endloop
  endfacet
  facet normal -1 0 0
    outer loop
      vertex -39.5 -1.2222 4.46406
      vertex -39.5 -0.0896978 5.92931
      vertex -39.5 -1.01005 4.28995
    endloop
  endfacet
  facet normal -1 -0 0
    outer loop
      vertex -39.5 -0.0896978 5.92931
      vertex -39.5 -1.2222 4.46406
      vertex -39.5 -0.52453 6.19577
    endloop
  endfacet
  facet normal -1 0 0
    outer loop
      vertex -39.5 -1.46424 4.59343
      vertex -39.5 -0.52453 6.19577
      vertex -39.5 -1.2222 4.46406
    endloop
  endfacet
  facet normal -1 -0 0
    outer loop
      vertex -39.5 -0.52453 6.19577
      vertex -39.5 -1.46424 4.59343
      vertex -39.5 -0.995694 6.39093
    endloop
  endfacet
  facet normal -1 0 0
    outer loop
      vertex -39.5 -1.72687 4.6731
      vertex -39.5 -0.995694 6.39093
      vertex -39.5 -1.46424 4.59343
    endloop
  endfacet
  facet normal -1 -0 0
    outer loop
      vertex -39.5 -0.995694 6.39093
      vertex -39.5 -1.72687 4.6731
      vertex -39.5 -1.49159 6.50999
    endloop
  endfacet
  facet normal -1 0 0
    outer loop
      vertex -39.5 -2 4.7
      vertex -39.5 -1.49159 6.50999
      vertex -39.5 -1.72687 4.6731
    endloop
  endfacet
  facet normal -1 0 0
    outer loop
      vertex -39.5 -2 4.7
      vertex -39.5 -2 6.55
      vertex -39.5 -1.49159 6.50999
    endloop
  endfacet
  facet normal -1 0 0
    outer loop
      vertex -39.5 -2.50841 6.50999
      vertex -39.5 -2 4.7
      vertex -39.5 -2.27313 4.6731
    endloop
  endfacet
  facet normal -1 0 0
    outer loop
      vertex -39.5 -2 4.7
      vertex -39.5 -2.50841 6.50999
      vertex -39.5 -2 6.55
    endloop
  endfacet
  facet normal -1 0 0
    outer loop
      vertex -39.5 -3.0043 6.39093
      vertex -39.5 -2.27313 4.6731
      vertex -39.5 -2.53576 4.59343
    endloop
  endfacet
  facet normal -1 0 0
    outer loop
      vertex -39.5 -3.47547 6.19577
      vertex -39.5 -2.53576 4.59343
      vertex -39.5 -2.7778 4.46406
    endloop
  endfacet
  facet normal -1 0 0
    outer loop
      vertex -39.5 -3.9103 5.92931
      vertex -39.5 -2.7778 4.46406
      vertex -39.5 -2.98995 4.28995
    endloop
  endfacet
  facet normal -1 0 0
    outer loop
      vertex -39.5 -2.27313 4.6731
      vertex -39.5 -3.0043 6.39093
      vertex -39.5 -2.50841 6.50999
    endloop
  endfacet
  facet normal -1 0 0
    outer loop
      vertex -39.5 -4.6293 5.2103
      vertex -39.5 -2.98995 4.28995
      vertex -39.5 -3.16406 4.0778
    endloop
  endfacet
  facet normal -1 0 0
    outer loop
      vertex -39.5 -4.89577 4.77547
      vertex -39.5 -3.16406 4.0778
      vertex -39.5 -3.29343 3.83576
    endloop
  endfacet
  facet normal -1 0 0
    outer loop
      vertex -39.5 -5.09093 4.30431
      vertex -39.5 -3.29343 3.83576
      vertex -39.5 -3.3731 3.57313
    endloop
  endfacet
  facet normal -1 0 0
    outer loop
      vertex -39.5 -2.53576 4.59343
      vertex -39.5 -3.47547 6.19577
      vertex -39.5 -3.0043 6.39093
    endloop
  endfacet
  facet normal -1 0 0
    outer loop
      vertex -39.5 -5.20999 3.80841
      vertex -39.5 -3.3731 3.57313
      vertex -39.5 -3.4 3.3
    endloop
  endfacet
  facet normal -1 0 0
    outer loop
      vertex -39.5 -4.89577 1.82453
      vertex -39.5 -3.16406 2.5222
      vertex -39.5 -4.6293 1.3897
    endloop
  endfacet
  facet normal -1 -0 0
    outer loop
      vertex -39.5 -3.16406 2.5222
      vertex -39.5 -4.89577 1.82453
      vertex -39.5 -3.29343 2.76424
    endloop
  endfacet
  facet normal -1 0 0
    outer loop
      vertex -39.5 -2.7778 4.46406
      vertex -39.5 -3.9103 5.92931
      vertex -39.5 -3.47547 6.19577
    endloop
  endfacet
  facet normal -1 0 0
    outer loop
      vertex -39.5 -5.09093 2.29569
      vertex -39.5 -3.29343 2.76424
      vertex -39.5 -4.89577 1.82453
    endloop
  endfacet
  facet normal -1 0 0
    outer loop
      vertex -39.5 -2.98995 4.28995
      vertex -39.5 -4.2981 5.5981
      vertex -39.5 -3.9103 5.92931
    endloop
  endfacet
  facet normal -1 -0 0
    outer loop
      vertex -39.5 -3.29343 2.76424
      vertex -39.5 -5.09093 2.29569
      vertex -39.5 -3.3731 3.02687
    endloop
  endfacet
  facet normal -1 0 0
    outer loop
      vertex -39.5 -2.98995 4.28995
      vertex -39.5 -4.6293 5.2103
      vertex -39.5 -4.2981 5.5981
    endloop
  endfacet
  facet normal -1 0 0
    outer loop
      vertex -39.5 -5.20999 2.79159
      vertex -39.5 -3.3731 3.02687
      vertex -39.5 -5.09093 2.29569
    endloop
  endfacet
  facet normal -1 0 0
    outer loop
      vertex -39.5 -3.16406 4.0778
      vertex -39.5 -4.89577 4.77547
      vertex -39.5 -4.6293 5.2103
    endloop
  endfacet
  facet normal -1 -0 0
    outer loop
      vertex -39.5 -3.3731 3.02687
      vertex -39.5 -5.20999 2.79159
      vertex -39.5 -3.4 3.3
    endloop
  endfacet
  facet normal -1 0 0
    outer loop
      vertex -39.5 -3.29343 3.83576
      vertex -39.5 -5.09093 4.30431
      vertex -39.5 -4.89577 4.77547
    endloop
  endfacet
  facet normal -1 0 0
    outer loop
      vertex -39.5 -5.25 3.3
      vertex -39.5 -3.4 3.3
      vertex -39.5 -5.20999 2.79159
    endloop
  endfacet
  facet normal -1 0 0
    outer loop
      vertex -39.5 -3.3731 3.57313
      vertex -39.5 -5.20999 3.80841
      vertex -39.5 -5.09093 4.30431
    endloop
  endfacet
  facet normal -1 0 0
    outer loop
      vertex -39.5 -3.4 3.3
      vertex -39.5 -5.25 3.3
      vertex -39.5 -5.20999 3.80841
    endloop
  endfacet
  facet normal 0 -0.522501 -0.852639
    outer loop
      vertex -39.5 -3.47547 0.404228
      vertex -35.9161 -3.9103 0.670694
      vertex -39.5 -3.9103 0.670694
    endloop
  endfacet
  facet normal 0 -0.522501 -0.852639
    outer loop
      vertex -35.9161 -3.9103 0.670694
      vertex -39.5 -3.47547 0.404228
      vertex -35.8517 -3.47547 0.404228
    endloop
  endfacet
  facet normal 0 -0.233458 0.972367
    outer loop
      vertex -39.5 -2.50841 6.50999
      vertex -35.6555 -2.67772 6.46934
      vertex -35.5949 -2.50841 6.50999
    endloop
  endfacet
  facet normal -9.19982e-08 -0.23346 0.972366
    outer loop
      vertex -39.5 -2.50841 6.50999
      vertex -35.7373 -3.0043 6.39093
      vertex -35.6555 -2.67772 6.46934
    endloop
  endfacet
  facet normal 0 -0.233459 0.972367
    outer loop
      vertex -35.7373 -3.0043 6.39093
      vertex -39.5 -2.50841 6.50999
      vertex -39.5 -3.0043 6.39093
    endloop
  endfacet
  facet normal -3.00848e-05 0.233454 -0.972368
    outer loop
      vertex -35.0554 -1.22882 0.153097
      vertex -35 -0.995694 0.209066
      vertex -35 -1.13643 0.175277
    endloop
  endfacet
  facet normal -2.11855e-05 0.233452 -0.972368
    outer loop
      vertex -35.1796 -1.49159 0.0900124
      vertex -35 -0.995694 0.209066
      vertex -35.0554 -1.22882 0.153097
    endloop
  endfacet
  facet normal 0 0.233444 -0.97237
    outer loop
      vertex -39.5 -0.995694 0.209066
      vertex -35.1796 -1.49159 0.0900124
      vertex -39.5 -1.49159 0.0900124
    endloop
  endfacet
  facet normal 0 0.233444 -0.97237
    outer loop
      vertex -35.1796 -1.49159 0.0900124
      vertex -39.5 -0.995694 0.209066
      vertex -35 -0.995694 0.209066
    endloop
  endfacet
  facet normal 0 0.522499 -0.85264
    outer loop
      vertex -39.5 -0.52453 0.404228
      vertex -35 -0.0896978 0.670694
      vertex -35 -0.52453 0.404228
    endloop
  endfacet
  facet normal 0 0.522499 -0.85264
    outer loop
      vertex -35 -0.0896978 0.670694
      vertex -39.5 -0.52453 0.404228
      vertex -39.5 -0.0896978 0.670694
    endloop
  endfacet
  facet normal 0 0.76041 -0.649443
    outer loop
      vertex -35 0.298097 1.0019
      vertex -39.5 0.629305 1.3897
      vertex -35 0.629305 1.3897
    endloop
  endfacet
  facet normal 0 0.76041 -0.649443
    outer loop
      vertex -39.5 0.629305 1.3897
      vertex -35 0.298097 1.0019
      vertex -39.5 0.298097 1.0019
    endloop
  endfacet
  facet normal -0 0.522491 0.852645
    outer loop
      vertex -39.5 -0.0896978 5.92931
      vertex -35 -0.52453 6.19577
      vertex -35 -0.0896978 5.92931
    endloop
  endfacet
  facet normal 0 0.522491 0.852645
    outer loop
      vertex -35 -0.52453 6.19577
      vertex -39.5 -0.0896978 5.92931
      vertex -39.5 -0.52453 6.19577
    endloop
  endfacet
  facet normal -0 0.64945 0.760404
    outer loop
      vertex -39.5 0.298097 5.5981
      vertex -35 -0.0896978 5.92931
      vertex -35 0.298097 5.5981
    endloop
  endfacet
  facet normal 0 0.64945 0.760404
    outer loop
      vertex -35 -0.0896978 5.92931
      vertex -39.5 0.298097 5.5981
      vertex -39.5 -0.0896978 5.92931
    endloop
  endfacet
  facet normal 0 0.852639 0.522501
    outer loop
      vertex -35 0.895771 4.77547
      vertex -39.5 0.629305 5.2103
      vertex -35 0.629305 5.2103
    endloop
  endfacet
  facet normal 0 0.852639 0.522501
    outer loop
      vertex -39.5 0.629305 5.2103
      vertex -35 0.895771 4.77547
      vertex -39.5 0.895771 4.77547
    endloop
  endfacet
  facet normal 0 0.996918 0.0784538
    outer loop
      vertex -35 1.25 3.3
      vertex -39.5 1.20999 3.80841
      vertex -35 1.20999 3.80841
    endloop
  endfacet
  facet normal 0 0.996918 0.0784538
    outer loop
      vertex -39.5 1.20999 3.80841
      vertex -35 1.25 3.3
      vertex -39.5 1.25 3.3
    endloop
  endfacet
  facet normal 0 -0.972368 -0.233455
    outer loop
      vertex -39.5 -5.09093 2.29569
      vertex -36 -5.20999 2.79159
      vertex -39.5 -5.20999 2.79159
    endloop
  endfacet
  facet normal 0 -0.972368 -0.233455
    outer loop
      vertex -36 -5.20999 2.79159
      vertex -39.5 -5.09093 2.29569
      vertex -36 -5.09093 2.29569
    endloop
  endfacet
  facet normal 0 -0.996918 -0.0784538
    outer loop
      vertex -39.5 -5.20999 2.79159
      vertex -36 -5.25 3.3
      vertex -39.5 -5.25 3.3
    endloop
  endfacet
  facet normal 0 -0.996918 -0.0784538
    outer loop
      vertex -36 -5.25 3.3
      vertex -39.5 -5.20999 2.79159
      vertex -36 -5.20999 2.79159
    endloop
  endfacet
  facet normal 0 -0.852635 -0.522507
    outer loop
      vertex -39.5 -4.6293 1.3897
      vertex -35.9949 -4.89577 1.82453
      vertex -39.5 -4.89577 1.82453
    endloop
  endfacet
  facet normal 0 -0.852635 -0.522507
    outer loop
      vertex -35.9949 -4.89577 1.82453
      vertex -39.5 -4.6293 1.3897
      vertex -35.9818 -4.6293 1.3897
    endloop
  endfacet
  facet normal 0 -0.852635 0.522507
    outer loop
      vertex -35.9949 -4.89577 4.77547
      vertex -39.5 -4.6293 5.2103
      vertex -39.5 -4.89577 4.77547
    endloop
  endfacet
  facet normal 0 -0.852635 0.522507
    outer loop
      vertex -39.5 -4.6293 5.2103
      vertex -35.9949 -4.89577 4.77547
      vertex -35.9818 -4.6293 5.2103
    endloop
  endfacet
  facet normal 0 -0.760418 0.649434
    outer loop
      vertex -35.9818 -4.6293 5.2103
      vertex -39.5 -4.2981 5.5981
      vertex -39.5 -4.6293 5.2103
    endloop
  endfacet
  facet normal 0 -0.760418 0.649434
    outer loop
      vertex -39.5 -4.2981 5.5981
      vertex -35.9818 -4.6293 5.2103
      vertex -35.9655 -4.2981 5.5981
    endloop
  endfacet
  facet normal 0 -0.923878 0.382688
    outer loop
      vertex -39.5 -4.89577 4.77547
      vertex -36 -5 4.52384
      vertex -35.9949 -4.89577 4.77547
    endloop
  endfacet
  facet normal -5.01981e-07 -0.92388 0.382682
    outer loop
      vertex -39.5 -5.09093 4.30431
      vertex -36 -5 4.52384
      vertex -39.5 -4.89577 4.77547
    endloop
  endfacet
  facet normal 0 -0.923883 0.382675
    outer loop
      vertex -36 -5 4.52384
      vertex -39.5 -5.09093 4.30431
      vertex -36 -5.09093 4.30431
    endloop
  endfacet
  facet normal 1 0 0
    outer loop
      vertex -35 -0.599999 3.3
      vertex -35 1.25 3.3
      vertex -35 1.20999 3.80841
    endloop
  endfacet
  facet normal 1 0 0
    outer loop
      vertex -35 -0.6269 3.57313
      vertex -35 1.20999 3.80841
      vertex -35 1.09093 4.30431
    endloop
  endfacet
  facet normal 1 0 0
    outer loop
      vertex -35 1.25 3.3
      vertex -35 -0.599999 3.3
      vertex -35 1.20999 2.79159
    endloop
  endfacet
  facet normal 1 0 0
    outer loop
      vertex -35 -0.706568 3.83576
      vertex -35 1.09093 4.30431
      vertex -35 0.895771 4.77547
    endloop
  endfacet
  facet normal 1 -0 0
    outer loop
      vertex -35 -0.6269 3.02687
      vertex -35 1.20999 2.79159
      vertex -35 -0.599999 3.3
    endloop
  endfacet
  facet normal 1 0 0
    outer loop
      vertex -35 -0.835942 4.0778
      vertex -35 0.895771 4.77547
      vertex -35 0.629305 5.2103
    endloop
  endfacet
  facet normal 1 0 0
    outer loop
      vertex -35 1.20999 2.79159
      vertex -35 -0.6269 3.02687
      vertex -35 1.09093 2.29569
    endloop
  endfacet
  facet normal 1 0 0
    outer loop
      vertex -35 -1.01005 4.28995
      vertex -35 0.629305 5.2103
      vertex -35 0.298097 5.5981
    endloop
  endfacet
  facet normal 1 -0 0
    outer loop
      vertex -35 -0.706568 2.76424
      vertex -35 1.09093 2.29569
      vertex -35 -0.6269 3.02687
    endloop
  endfacet
  facet normal 1 0 0
    outer loop
      vertex -35 -1.13643 4.39367
      vertex -35 0.298097 5.5981
      vertex -35 -0.0896978 5.92931
    endloop
  endfacet
  facet normal 1 0 0
    outer loop
      vertex -35 1.09093 2.29569
      vertex -35 -0.706568 2.76424
      vertex -35 0.895771 1.82453
    endloop
  endfacet
  facet normal 1 0 0
    outer loop
      vertex -35 -1.13643 4.39367
      vertex -35 -0.0896978 5.92931
      vertex -35 -0.52453 6.19577
    endloop
  endfacet
  facet normal 1 -0 0
    outer loop
      vertex -35 -0.835942 2.5222
      vertex -35 0.895771 1.82453
      vertex -35 -0.706568 2.76424
    endloop
  endfacet
  facet normal 1 0 0
    outer loop
      vertex -35 0.895771 1.82453
      vertex -35 -0.835942 2.5222
      vertex -35 0.629305 1.3897
    endloop
  endfacet
  facet normal 1 0 0
    outer loop
      vertex -35 1.20999 3.80841
      vertex -35 -0.6269 3.57313
      vertex -35 -0.599999 3.3
    endloop
  endfacet
  facet normal 1 0 0
    outer loop
      vertex -35 1.09093 4.30431
      vertex -35 -0.706568 3.83576
      vertex -35 -0.6269 3.57313
    endloop
  endfacet
  facet normal 1 0 0
    outer loop
      vertex -35 0.895771 4.77547
      vertex -35 -0.835942 4.0778
      vertex -35 -0.706568 3.83576
    endloop
  endfacet
  facet normal 1 0 0
    outer loop
      vertex -35 -1.13643 4.39367
      vertex -35 -0.52453 6.19577
      vertex -35 -0.995694 6.39093
    endloop
  endfacet
  facet normal 1 0 0
    outer loop
      vertex -35 0.629305 5.2103
      vertex -35 -1.01005 4.28995
      vertex -35 -0.835942 4.0778
    endloop
  endfacet
  facet normal 1 0 0
    outer loop
      vertex -35 -1.13643 4.39367
      vertex -35 -0.995694 6.39093
      vertex -35 -1.13643 6.42472
    endloop
  endfacet
  facet normal 1 0 0
    outer loop
      vertex -35 0.298097 5.5981
      vertex -35 -1.13643 4.39367
      vertex -35 -1.01005 4.28995
    endloop
  endfacet
  facet normal 1 -0 0
    outer loop
      vertex -35 -1.01005 2.31005
      vertex -35 0.629305 1.3897
      vertex -35 -0.835942 2.5222
    endloop
  endfacet
  facet normal 1 0 0
    outer loop
      vertex -35 0.629305 1.3897
      vertex -35 -1.01005 2.31005
      vertex -35 0.298097 1.0019
    endloop
  endfacet
  facet normal 1 -0 0
    outer loop
      vertex -35 -1.13643 2.20633
      vertex -35 0.298097 1.0019
      vertex -35 -1.01005 2.31005
    endloop
  endfacet
  facet normal 1 0 0
    outer loop
      vertex -35 0.298097 1.0019
      vertex -35 -1.13643 2.20633
      vertex -35 -0.0896978 0.670694
    endloop
  endfacet
  facet normal 1 0 0
    outer loop
      vertex -35 -0.0896978 0.670694
      vertex -35 -1.13643 2.20633
      vertex -35 -0.52453 0.404228
    endloop
  endfacet
  facet normal 1 0 0
    outer loop
      vertex -35 -0.52453 0.404228
      vertex -35 -1.13643 2.20633
      vertex -35 -0.995694 0.209066
    endloop
  endfacet
  facet normal 1 0 0
    outer loop
      vertex -35 -0.995694 0.209066
      vertex -35 -1.13643 2.20633
      vertex -35 -1.13643 0.175277
    endloop
  endfacet
  facet normal 0 -0.0784538 0.996918
    outer loop
      vertex -39.5 -2 6.55
      vertex -35.5949 -2.50841 6.50999
      vertex -35.413 -2 6.55
    endloop
  endfacet
  facet normal 0 -0.0784538 0.996918
    outer loop
      vertex -35.5949 -2.50841 6.50999
      vertex -39.5 -2 6.55
      vertex -39.5 -2.50841 6.50999
    endloop
  endfacet
  facet normal 0 0.382683 -0.92388
    outer loop
      vertex -39.5 -0.995694 0.209066
      vertex -35 -0.52453 0.404228
      vertex -35 -0.995694 0.209066
    endloop
  endfacet
  facet normal 0 0.382683 -0.92388
    outer loop
      vertex -35 -0.52453 0.404228
      vertex -39.5 -0.995694 0.209066
      vertex -39.5 -0.52453 0.404228
    endloop
  endfacet
  facet normal 0 0.649446 -0.760408
    outer loop
      vertex -39.5 -0.0896978 0.670694
      vertex -35 0.298097 1.0019
      vertex -35 -0.0896978 0.670694
    endloop
  endfacet
  facet normal 0 0.649446 -0.760408
    outer loop
      vertex -35 0.298097 1.0019
      vertex -39.5 -0.0896978 0.670694
      vertex -39.5 0.298097 1.0019
    endloop
  endfacet
  facet normal 0 0.972368 -0.233455
    outer loop
      vertex -35 1.09093 2.29569
      vertex -39.5 1.20999 2.79159
      vertex -35 1.20999 2.79159
    endloop
  endfacet
  facet normal 0 0.972368 -0.233455
    outer loop
      vertex -39.5 1.20999 2.79159
      vertex -35 1.09093 2.29569
      vertex -39.5 1.09093 2.29569
    endloop
  endfacet
  facet normal 0 0.923881 -0.38268
    outer loop
      vertex -35 0.895771 1.82453
      vertex -39.5 1.09093 2.29569
      vertex -35 1.09093 2.29569
    endloop
  endfacet
  facet normal 0 0.923881 -0.38268
    outer loop
      vertex -39.5 1.09093 2.29569
      vertex -35 0.895771 1.82453
      vertex -39.5 0.895771 1.82453
    endloop
  endfacet
  facet normal 0 0.996918 -0.0784538
    outer loop
      vertex -35 1.20999 2.79159
      vertex -39.5 1.25 3.3
      vertex -35 1.25 3.3
    endloop
  endfacet
  facet normal 0 0.996918 -0.0784538
    outer loop
      vertex -39.5 1.25 3.3
      vertex -35 1.20999 2.79159
      vertex -39.5 1.20999 2.79159
    endloop
  endfacet
  facet normal 0 0.852639 -0.522501
    outer loop
      vertex -35 0.629305 1.3897
      vertex -39.5 0.895771 1.82453
      vertex -35 0.895771 1.82453
    endloop
  endfacet
  facet normal 0 0.852639 -0.522501
    outer loop
      vertex -39.5 0.895771 1.82453
      vertex -35 0.629305 1.3897
      vertex -39.5 0.629305 1.3897
    endloop
  endfacet
  facet normal -0 0.382679 0.923881
    outer loop
      vertex -39.5 -0.52453 6.19577
      vertex -35 -0.995694 6.39093
      vertex -35 -0.52453 6.19577
    endloop
  endfacet
  facet normal 0 0.382679 0.923881
    outer loop
      vertex -35 -0.995694 6.39093
      vertex -39.5 -0.52453 6.19577
      vertex -39.5 -0.995694 6.39093
    endloop
  endfacet
  facet normal -4.16071e-05 0.23346 0.972366
    outer loop
      vertex -35 -0.995694 6.39093
      vertex -35.0554 -1.22882 6.4469
      vertex -35 -1.13643 6.42472
    endloop
  endfacet
  facet normal 4.60926e-05 0.233441 0.972371
    outer loop
      vertex -35 -0.995694 6.39093
      vertex -35.1796 -1.49159 6.50999
      vertex -35.0554 -1.22882 6.4469
    endloop
  endfacet
  facet normal -0 0.233456 0.972367
    outer loop
      vertex -39.5 -0.995694 6.39093
      vertex -35.1796 -1.49159 6.50999
      vertex -35 -0.995694 6.39093
    endloop
  endfacet
  facet normal 0 0.233456 0.972367
    outer loop
      vertex -35.1796 -1.49159 6.50999
      vertex -39.5 -0.995694 6.39093
      vertex -39.5 -1.49159 6.50999
    endloop
  endfacet
  facet normal 0 -0.0784584 -0.996917
    outer loop
      vertex -39.5 -2 0.05
      vertex -35.5949 -2.50841 0.0900124
      vertex -39.5 -2.50841 0.0900124
    endloop
  endfacet
  facet normal 0 -0.0784584 -0.996917
    outer loop
      vertex -35.5949 -2.50841 0.0900124
      vertex -39.5 -2 0.05
      vertex -35.413 -2 0.05
    endloop
  endfacet
  facet normal 0 -0.233447 -0.97237
    outer loop
      vertex -39.5 -2.50841 0.0900124
      vertex -35.7373 -3.0043 0.209066
      vertex -39.5 -3.0043 0.209066
    endloop
  endfacet
  facet normal -1.73619e-07 -0.233448 -0.972369
    outer loop
      vertex -35.7373 -3.0043 0.209066
      vertex -39.5 -2.50841 0.0900124
      vertex -35.6555 -2.67772 0.13066
    endloop
  endfacet
  facet normal 0 -0.233445 -0.97237
    outer loop
      vertex -35.6555 -2.67772 0.13066
      vertex -39.5 -2.50841 0.0900124
      vertex -35.5949 -2.50841 0.0900124
    endloop
  endfacet
  facet normal 0 -0.760418 -0.649434
    outer loop
      vertex -39.5 -4.2981 1.0019
      vertex -35.9818 -4.6293 1.3897
      vertex -39.5 -4.6293 1.3897
    endloop
  endfacet
  facet normal 0 -0.760418 -0.649434
    outer loop
      vertex -35.9818 -4.6293 1.3897
      vertex -39.5 -4.2981 1.0019
      vertex -35.9655 -4.2981 1.0019
    endloop
  endfacet
  facet normal 0 -0.649437 -0.760415
    outer loop
      vertex -39.5 -4.2981 1.0019
      vertex -35.9615 -4.21587 0.931671
      vertex -35.9655 -4.2981 1.0019
    endloop
  endfacet
  facet normal 1.45839e-07 -0.649441 -0.760412
    outer loop
      vertex -39.5 -3.9103 0.670694
      vertex -35.9615 -4.21587 0.931671
      vertex -39.5 -4.2981 1.0019
    endloop
  endfacet
  facet normal 0 -0.649442 -0.760411
    outer loop
      vertex -35.9615 -4.21587 0.931671
      vertex -39.5 -3.9103 0.670694
      vertex -35.9161 -3.9103 0.670694
    endloop
  endfacet
  facet normal 0 -0.972368 0.233455
    outer loop
      vertex -39.5 -5.20999 3.80841
      vertex -36 -5.09093 4.30431
      vertex -39.5 -5.09093 4.30431
    endloop
  endfacet
  facet normal 0 -0.972368 0.233455
    outer loop
      vertex -36 -5.09093 4.30431
      vertex -39.5 -5.20999 3.80841
      vertex -36 -5.20999 3.80841
    endloop
  endfacet
  facet normal 0 -0.522493 0.852644
    outer loop
      vertex -39.5 -3.47547 6.19577
      vertex -35.9161 -3.9103 5.92931
      vertex -35.8517 -3.47547 6.19577
    endloop
  endfacet
  facet normal 0 -0.522493 0.852644
    outer loop
      vertex -35.9161 -3.9103 5.92931
      vertex -39.5 -3.47547 6.19577
      vertex -39.5 -3.9103 5.92931
    endloop
  endfacet
  facet normal 0 -0.382683 0.92388
    outer loop
      vertex -39.5 -3.0043 6.39093
      vertex -35.8463 -3.43927 6.21076
      vertex -35.7373 -3.0043 6.39093
    endloop
  endfacet
  facet normal 1.34093e-05 -0.382586 0.92392
    outer loop
      vertex -39.5 -3.0043 6.39093
      vertex -35.8517 -3.47547 6.19577
      vertex -35.8463 -3.43927 6.21076
    endloop
  endfacet
  facet normal 0 -0.382675 0.923883
    outer loop
      vertex -35.8517 -3.47547 6.19577
      vertex -39.5 -3.0043 6.39093
      vertex -39.5 -3.47547 6.19577
    endloop
  endfacet
  facet normal 0 0.972368 0.233455
    outer loop
      vertex -35 1.20999 3.80841
      vertex -39.5 1.09093 4.30431
      vertex -35 1.09093 4.30431
    endloop
  endfacet
  facet normal 0 0.972368 0.233455
    outer loop
      vertex -39.5 1.09093 4.30431
      vertex -35 1.20999 3.80841
      vertex -39.5 1.20999 3.80841
    endloop
  endfacet
  facet normal 0 -0.382678 -0.923882
    outer loop
      vertex -39.5 -3.0043 0.209066
      vertex -35.8517 -3.47547 0.404228
      vertex -39.5 -3.47547 0.404228
    endloop
  endfacet
  facet normal 9.70604e-07 -0.382672 -0.923884
    outer loop
      vertex -35.8517 -3.47547 0.404228
      vertex -39.5 -3.0043 0.209066
      vertex -35.8463 -3.43927 0.389234
    endloop
  endfacet
  facet normal 0 -0.382679 -0.923881
    outer loop
      vertex -35.8463 -3.43927 0.389234
      vertex -39.5 -3.0043 0.209066
      vertex -35.7373 -3.0043 0.209066
    endloop
  endfacet
  facet normal 0 -0.923883 -0.382675
    outer loop
      vertex -39.5 -5.09093 2.29569
      vertex -36 -5 2.07616
      vertex -36 -5.09093 2.29569
    endloop
  endfacet
  facet normal -5.01981e-07 -0.92388 -0.382682
    outer loop
      vertex -39.5 -4.89577 1.82453
      vertex -36 -5 2.07616
      vertex -39.5 -5.09093 2.29569
    endloop
  endfacet
  facet normal 0 -0.923878 -0.382688
    outer loop
      vertex -36 -5 2.07616
      vertex -39.5 -4.89577 1.82453
      vertex -35.9949 -4.89577 1.82453
    endloop
  endfacet
  facet normal 8.70717e-07 0.07846 -0.996917
    outer loop
      vertex 35.9615 -32.7841 0.0669888
      vertex 39.5 -32.4916 0.0900124
      vertex 39.5 -33 0.05
    endloop
  endfacet
  facet normal 0 0.0784704 -0.996916
    outer loop
      vertex 39.5 -32.4916 0.0900124
      vertex 35.9615 -32.7841 0.0669888
      vertex 35.9758 -32.4916 0.0900124
    endloop
  endfacet
  facet normal 0 0.0784458 -0.996918
    outer loop
      vertex 35.9615 -32.7841 0.0669888
      vertex 39.5 -33 0.05
      vertex 35.9295 -33 0.05
    endloop
  endfacet
  facet normal -0 0.0784553 0.996918
    outer loop
      vertex 38 -32.4916 6.50999
      vertex 39.5 -33 6.55
      vertex 39.5 -32.4916 6.50999
    endloop
  endfacet
  facet normal 0 0.0784553 0.996918
    outer loop
      vertex 39.5 -33 6.55
      vertex 38 -32.4916 6.50999
      vertex 38 -33 6.55
    endloop
  endfacet
  facet normal 0 0.996919 0.0784343
    outer loop
      vertex 39.5 -29.75 3.3
      vertex 36 -29.79 3.80841
      vertex 39.5 -29.79 3.80841
    endloop
  endfacet
  facet normal 0 0.996919 0.0784343
    outer loop
      vertex 36 -29.79 3.80841
      vertex 39.5 -29.75 3.3
      vertex 36 -29.75 3.3
    endloop
  endfacet
  facet normal 0 -0.996919 0.0784343
    outer loop
      vertex 35 -36.25 3.3
      vertex 39.5 -36.21 3.80841
      vertex 35 -36.21 3.80841
    endloop
  endfacet
  facet normal 0 -0.996919 0.0784343
    outer loop
      vertex 39.5 -36.21 3.80841
      vertex 35 -36.25 3.3
      vertex 39.5 -36.25 3.3
    endloop
  endfacet
  facet normal 0 -0.649445 0.760408
    outer loop
      vertex 38 -34.9103 5.92931
      vertex 39.5 -35.2981 5.5981
      vertex 39.5 -34.9103 5.92931
    endloop
  endfacet
  facet normal 0 -0.649445 0.760408
    outer loop
      vertex 39.5 -35.2981 5.5981
      vertex 38 -34.9103 5.92931
      vertex 38 -35.2981 5.5981
    endloop
  endfacet
  facet normal 0 0.760418 0.649434
    outer loop
      vertex 39.5 -30.3707 5.2103
      vertex 38 -30.7019 5.5981
      vertex 39.5 -30.7019 5.5981
    endloop
  endfacet
  facet normal 0 0.760418 0.649434
    outer loop
      vertex 38 -30.7019 5.5981
      vertex 39.5 -30.3707 5.2103
      vertex 38 -30.3707 5.2103
    endloop
  endfacet
  facet normal 0 0.923922 0.382582
    outer loop
      vertex 39.5 -29.9091 4.30431
      vertex 38 -30.1042 4.77547
      vertex 39.5 -30.1042 4.77547
    endloop
  endfacet
  facet normal 0 0.923922 0.382582
    outer loop
      vertex 38 -30.1042 4.77547
      vertex 39.5 -29.9091 4.30431
      vertex 38 -29.9091 4.30431
    endloop
  endfacet
  facet normal -1 0 0
    outer loop
      vertex 35 -36.0909 2.29569
      vertex 35 -35.8636 1.77198
      vertex 35 -35.8958 1.82453
    endloop
  endfacet
  facet normal -1 0 0
    outer loop
      vertex 35 -35.8636 1.77198
      vertex 35 -36.0909 2.29569
      vertex 35 -35.8636 4.3
    endloop
  endfacet
  facet normal -1 0 0
    outer loop
      vertex 35 -36.21 2.79159
      vertex 35 -35.8636 4.3
      vertex 35 -36.0909 2.29569
    endloop
  endfacet
  facet normal -1 0 0
    outer loop
      vertex 35 -36.25 3.3
      vertex 35 -35.8636 4.3
      vertex 35 -36.21 2.79159
    endloop
  endfacet
  facet normal -1 -0 0
    outer loop
      vertex 35 -35.8636 4.3
      vertex 35 -36.21 3.80841
      vertex 35 -36.092 4.3
    endloop
  endfacet
  facet normal -1 0 0
    outer loop
      vertex 35 -35.8636 4.3
      vertex 35 -36.25 3.3
      vertex 35 -36.21 3.80841
    endloop
  endfacet
  facet normal 0 -0.522527 -0.852623
    outer loop
      vertex 39.5 -34.9103 0.670694
      vertex 35.6007 -34.4755 0.404228
      vertex 39.5 -34.4755 0.404228
    endloop
  endfacet
  facet normal 0 -0.522527 -0.852623
    outer loop
      vertex 35.6007 -34.4755 0.404228
      vertex 39.5 -34.9103 0.670694
      vertex 35.4451 -34.9103 0.670694
    endloop
  endfacet
  facet normal 4.65062e-07 0.233443 -0.972371
    outer loop
      vertex 39.5 -32.4916 0.0900124
      vertex 36 -32 0.208032
      vertex 39.5 -31.9957 0.209066
    endloop
  endfacet
  facet normal 0 0.23344 -0.972371
    outer loop
      vertex 36 -32 0.208032
      vertex 39.5 -32.4916 0.0900124
      vertex 35.9758 -32.4916 0.0900124
    endloop
  endfacet
  facet normal 0 0.233801 -0.972285
    outer loop
      vertex 39.5 -31.9957 0.209066
      vertex 36 -32 0.208032
      vertex 36 -31.9957 0.209066
    endloop
  endfacet
  facet normal 0 0.996919 -0.0784343
    outer loop
      vertex 39.5 -29.79 2.79159
      vertex 36 -29.75 3.3
      vertex 39.5 -29.75 3.3
    endloop
  endfacet
  facet normal 0 0.996919 -0.0784343
    outer loop
      vertex 36 -29.75 3.3
      vertex 39.5 -29.79 2.79159
      vertex 36 -29.79 2.79159
    endloop
  endfacet
  facet normal 0 0.97235 -0.233529
    outer loop
      vertex 39.5 -29.9091 2.29569
      vertex 36 -29.79 2.79159
      vertex 39.5 -29.79 2.79159
    endloop
  endfacet
  facet normal 0 0.97235 -0.233529
    outer loop
      vertex 36 -29.79 2.79159
      vertex 39.5 -29.9091 2.29569
      vertex 36 -29.9091 2.29569
    endloop
  endfacet
  facet normal 0 0.852609 -0.52255
    outer loop
      vertex 39.5 -30.3707 1.3897
      vertex 36 -30.1042 1.82453
      vertex 39.5 -30.1042 1.82453
    endloop
  endfacet
  facet normal 0 0.852609 -0.52255
    outer loop
      vertex 36 -30.1042 1.82453
      vertex 39.5 -30.3707 1.3897
      vertex 36 -30.3707 1.3897
    endloop
  endfacet
  facet normal -0 0.522519 0.852628
    outer loop
      vertex 38 -31.0897 5.92931
      vertex 39.5 -31.5245 6.19577
      vertex 39.5 -31.0897 5.92931
    endloop
  endfacet
  facet normal 0 0.522519 0.852628
    outer loop
      vertex 39.5 -31.5245 6.19577
      vertex 38 -31.0897 5.92931
      vertex 38 -31.5245 6.19577
    endloop
  endfacet
  facet normal -0 0.649445 0.760408
    outer loop
      vertex 38 -30.7019 5.5981
      vertex 39.5 -31.0897 5.92931
      vertex 39.5 -30.7019 5.5981
    endloop
  endfacet
  facet normal 0 0.649445 0.760408
    outer loop
      vertex 39.5 -31.0897 5.92931
      vertex 38 -30.7019 5.5981
      vertex 38 -31.0897 5.92931
    endloop
  endfacet
  facet normal -0 0.233455 0.972368
    outer loop
      vertex 38 -31.9957 6.39093
      vertex 39.5 -32.4916 6.50999
      vertex 39.5 -31.9957 6.39093
    endloop
  endfacet
  facet normal 0 0.233455 0.972368
    outer loop
      vertex 39.5 -32.4916 6.50999
      vertex 38 -31.9957 6.39093
      vertex 38 -32.4916 6.50999
    endloop
  endfacet
  facet normal 0 0.852609 0.52255
    outer loop
      vertex 39.5 -30.1042 4.77547
      vertex 38 -30.3707 5.2103
      vertex 39.5 -30.3707 5.2103
    endloop
  endfacet
  facet normal 0 0.852609 0.52255
    outer loop
      vertex 38 -30.3707 5.2103
      vertex 39.5 -30.1042 4.77547
      vertex 38 -30.1042 4.77547
    endloop
  endfacet
  facet normal 0 0.968941 0.247293
    outer loop
      vertex 39.5 -29.9091 4.30431
      vertex 38 -29.908 4.3
      vertex 38 -29.9091 4.30431
    endloop
  endfacet
  facet normal 4.20508e-05 0.97235 0.233529
    outer loop
      vertex 39.5 -29.79 3.80841
      vertex 38 -29.908 4.3
      vertex 39.5 -29.9091 4.30431
    endloop
  endfacet
  facet normal -0 0.972379 0.233407
    outer loop
      vertex 36 -29.79 3.80841
      vertex 38 -29.908 4.3
      vertex 39.5 -29.79 3.80841
    endloop
  endfacet
  facet normal 0 0.972379 0.233407
    outer loop
      vertex 38 -29.908 4.3
      vertex 36 -29.79 3.80841
      vertex 36 -29.908 4.3
    endloop
  endfacet
  facet normal 0 -0.97235 -0.233529
    outer loop
      vertex 35 -36.0909 2.29569
      vertex 39.5 -36.21 2.79159
      vertex 35 -36.21 2.79159
    endloop
  endfacet
  facet normal 0 -0.97235 -0.233529
    outer loop
      vertex 39.5 -36.21 2.79159
      vertex 35 -36.0909 2.29569
      vertex 39.5 -36.0909 2.29569
    endloop
  endfacet
  facet normal 0 -0.996919 -0.0784343
    outer loop
      vertex 35 -36.21 2.79159
      vertex 39.5 -36.25 3.3
      vertex 35 -36.25 3.3
    endloop
  endfacet
  facet normal 0 -0.996919 -0.0784343
    outer loop
      vertex 39.5 -36.25 3.3
      vertex 35 -36.21 2.79159
      vertex 39.5 -36.21 2.79159
    endloop
  endfacet
  facet normal 0.000336229 -0.852659 -0.522467
    outer loop
      vertex 35.0554 -35.7712 1.62122
      vertex 35 -35.8958 1.82453
      vertex 35 -35.8636 1.77198
    endloop
  endfacet
  facet normal 0 -0.852619 -0.522534
    outer loop
      vertex 35 -35.8958 1.82453
      vertex 35.0554 -35.7712 1.62122
      vertex 39.5 -35.8958 1.82453
    endloop
  endfacet
  facet normal 1.8783e-06 -0.8526 -0.522563
    outer loop
      vertex 35.1225 -35.6293 1.3897
      vertex 39.5 -35.8958 1.82453
      vertex 35.0554 -35.7712 1.62122
    endloop
  endfacet
  facet normal 0 -0.852609 -0.52255
    outer loop
      vertex 39.5 -35.8958 1.82453
      vertex 35.1225 -35.6293 1.3897
      vertex 39.5 -35.6293 1.3897
    endloop
  endfacet
  facet normal 0 -0.852609 0.52255
    outer loop
      vertex 38 -35.8958 4.77547
      vertex 39.5 -35.6293 5.2103
      vertex 38 -35.6293 5.2103
    endloop
  endfacet
  facet normal 0 -0.852609 0.52255
    outer loop
      vertex 39.5 -35.6293 5.2103
      vertex 38 -35.8958 4.77547
      vertex 39.5 -35.8958 4.77547
    endloop
  endfacet
  facet normal 0 -0.760418 0.649434
    outer loop
      vertex 38 -35.6293 5.2103
      vertex 39.5 -35.2981 5.5981
      vertex 38 -35.2981 5.5981
    endloop
  endfacet
  facet normal 0 -0.760418 0.649434
    outer loop
      vertex 39.5 -35.2981 5.5981
      vertex 38 -35.6293 5.2103
      vertex 39.5 -35.6293 5.2103
    endloop
  endfacet
  facet normal 0 -0.923922 0.382582
    outer loop
      vertex 38 -36.0909 4.30431
      vertex 39.5 -35.8958 4.77547
      vertex 38 -35.8958 4.77547
    endloop
  endfacet
  facet normal 0 -0.923922 0.382582
    outer loop
      vertex 39.5 -35.8958 4.77547
      vertex 38 -36.0909 4.30431
      vertex 39.5 -36.0909 4.30431
    endloop
  endfacet
  facet normal 0 -0.0784553 0.996918
    outer loop
      vertex 38 -33 6.55
      vertex 39.5 -33.5084 6.50999
      vertex 39.5 -33 6.55
    endloop
  endfacet
  facet normal 0 -0.0784553 0.996918
    outer loop
      vertex 39.5 -33.5084 6.50999
      vertex 38 -33 6.55
      vertex 38 -33.5084 6.50999
    endloop
  endfacet
  facet normal 0 0.382658 -0.92389
    outer loop
      vertex 36 -31.9957 0.209066
      vertex 39.5 -31.5245 0.404228
      vertex 39.5 -31.9957 0.209066
    endloop
  endfacet
  facet normal 0 0.382658 -0.92389
    outer loop
      vertex 39.5 -31.5245 0.404228
      vertex 36 -31.9957 0.209066
      vertex 36 -31.5245 0.404228
    endloop
  endfacet
  facet normal 0 0.522527 -0.852623
    outer loop
      vertex 36 -31.5245 0.404228
      vertex 39.5 -31.0897 0.670694
      vertex 39.5 -31.5245 0.404228
    endloop
  endfacet
  facet normal 0 0.522527 -0.852623
    outer loop
      vertex 39.5 -31.0897 0.670694
      vertex 36 -31.5245 0.404228
      vertex 36 -31.0897 0.670694
    endloop
  endfacet
  facet normal 0 0.760418 -0.649434
    outer loop
      vertex 39.5 -30.7019 1.0019
      vertex 36 -30.3707 1.3897
      vertex 39.5 -30.3707 1.3897
    endloop
  endfacet
  facet normal 0 0.760418 -0.649434
    outer loop
      vertex 36 -30.3707 1.3897
      vertex 39.5 -30.7019 1.0019
      vertex 36 -30.7019 1.0019
    endloop
  endfacet
  facet normal 0 0.923922 -0.382582
    outer loop
      vertex 39.5 -30.1042 1.82453
      vertex 36 -29.9091 2.29569
      vertex 39.5 -29.9091 2.29569
    endloop
  endfacet
  facet normal 0 0.923922 -0.382582
    outer loop
      vertex 36 -29.9091 2.29569
      vertex 39.5 -30.1042 1.82453
      vertex 36 -30.1042 1.82453
    endloop
  endfacet
  facet normal -0 0.382654 0.923892
    outer loop
      vertex 38 -31.5245 6.19577
      vertex 39.5 -31.9957 6.39093
      vertex 39.5 -31.5245 6.19577
    endloop
  endfacet
  facet normal 0 0.382654 0.923892
    outer loop
      vertex 39.5 -31.9957 6.39093
      vertex 38 -31.5245 6.19577
      vertex 38 -31.9957 6.39093
    endloop
  endfacet
  facet normal 0 -0.07846 -0.996917
    outer loop
      vertex 39.5 -33.5084 0.0900124
      vertex 35.9295 -33 0.05
      vertex 39.5 -33 0.05
    endloop
  endfacet
  facet normal 0 -0.07846 -0.996917
    outer loop
      vertex 35.9295 -33 0.05
      vertex 39.5 -33.5084 0.0900124
      vertex 35.854 -33.5084 0.0900124
    endloop
  endfacet
  facet normal 0 -0.760418 -0.649434
    outer loop
      vertex 35.2791 -35.2981 1.0019
      vertex 39.5 -35.6293 1.3897
      vertex 35.1225 -35.6293 1.3897
    endloop
  endfacet
  facet normal 0 -0.760418 -0.649434
    outer loop
      vertex 39.5 -35.6293 1.3897
      vertex 35.2791 -35.2981 1.0019
      vertex 39.5 -35.2981 1.0019
    endloop
  endfacet
  facet normal 0 -0.649441 -0.760412
    outer loop
      vertex 39.5 -35.2981 1.0019
      vertex 35.4451 -34.9103 0.670694
      vertex 39.5 -34.9103 0.670694
    endloop
  endfacet
  facet normal 1.41715e-05 -0.649355 -0.760485
    outer loop
      vertex 39.5 -35.2981 1.0019
      vertex 35.391 -35.0615 0.799798
      vertex 35.4451 -34.9103 0.670694
    endloop
  endfacet
  facet normal 0 -0.649497 -0.760364
    outer loop
      vertex 35.391 -35.0615 0.799798
      vertex 39.5 -35.2981 1.0019
      vertex 35.2791 -35.2981 1.0019
    endloop
  endfacet
  facet normal 0 -0.972379 0.233407
    outer loop
      vertex 35 -36.092 4.3
      vertex 35 -36.21 3.80841
      vertex 38 -36.092 4.3
    endloop
  endfacet
  facet normal 0 -0.968941 0.247293
    outer loop
      vertex 38 -36.092 4.3
      vertex 39.5 -36.0909 4.30431
      vertex 38 -36.0909 4.30431
    endloop
  endfacet
  facet normal 0 -0.972379 0.233407
    outer loop
      vertex 39.5 -36.21 3.80841
      vertex 38 -36.092 4.3
      vertex 35 -36.21 3.80841
    endloop
  endfacet
  facet normal 4.20508e-05 -0.97235 0.233529
    outer loop
      vertex 38 -36.092 4.3
      vertex 39.5 -36.21 3.80841
      vertex 39.5 -36.0909 4.30431
    endloop
  endfacet
  facet normal 1 0 0
    outer loop
      vertex 39.5 -31.6 3.3
      vertex 39.5 -29.75 3.3
      vertex 39.5 -29.79 3.80841
    endloop
  endfacet
  facet normal 1 0 0
    outer loop
      vertex 39.5 -31.6269 3.57313
      vertex 39.5 -29.79 3.80841
      vertex 39.5 -29.9091 4.30431
    endloop
  endfacet
  facet normal 1 0 0
    outer loop
      vertex 39.5 -29.75 3.3
      vertex 39.5 -31.6 3.3
      vertex 39.5 -29.79 2.79159
    endloop
  endfacet
  facet normal 1 0 0
    outer loop
      vertex 39.5 -31.7066 3.83576
      vertex 39.5 -29.9091 4.30431
      vertex 39.5 -30.1042 4.77547
    endloop
  endfacet
  facet normal 1 -0 0
    outer loop
      vertex 39.5 -31.6269 3.02687
      vertex 39.5 -29.79 2.79159
      vertex 39.5 -31.6 3.3
    endloop
  endfacet
  facet normal 1 0 0
    outer loop
      vertex 39.5 -31.8359 4.0778
      vertex 39.5 -30.1042 4.77547
      vertex 39.5 -30.3707 5.2103
    endloop
  endfacet
  facet normal 1 0 0
    outer loop
      vertex 39.5 -29.79 2.79159
      vertex 39.5 -31.6269 3.02687
      vertex 39.5 -29.9091 2.29569
    endloop
  endfacet
  facet normal 1 0 0
    outer loop
      vertex 39.5 -32.01 4.28995
      vertex 39.5 -30.3707 5.2103
      vertex 39.5 -30.7019 5.5981
    endloop
  endfacet
  facet normal 1 -0 0
    outer loop
      vertex 39.5 -31.7066 2.76424
      vertex 39.5 -29.9091 2.29569
      vertex 39.5 -31.6269 3.02687
    endloop
  endfacet
  facet normal 1 0 0
    outer loop
      vertex 39.5 -32.01 4.28995
      vertex 39.5 -30.7019 5.5981
      vertex 39.5 -31.0897 5.92931
    endloop
  endfacet
  facet normal 1 0 0
    outer loop
      vertex 39.5 -29.9091 2.29569
      vertex 39.5 -31.7066 2.76424
      vertex 39.5 -30.1042 1.82453
    endloop
  endfacet
  facet normal 1 0 0
    outer loop
      vertex 39.5 -32.2222 4.46406
      vertex 39.5 -31.0897 5.92931
      vertex 39.5 -31.5245 6.19577
    endloop
  endfacet
  facet normal 1 -0 0
    outer loop
      vertex 39.5 -31.8359 2.5222
      vertex 39.5 -30.1042 1.82453
      vertex 39.5 -31.7066 2.76424
    endloop
  endfacet
  facet normal 1 0 0
    outer loop
      vertex 39.5 -30.1042 1.82453
      vertex 39.5 -31.8359 2.5222
      vertex 39.5 -30.3707 1.3897
    endloop
  endfacet
  facet normal 1 0 0
    outer loop
      vertex 39.5 -29.79 3.80841
      vertex 39.5 -31.6269 3.57313
      vertex 39.5 -31.6 3.3
    endloop
  endfacet
  facet normal 1 0 0
    outer loop
      vertex 39.5 -29.9091 4.30431
      vertex 39.5 -31.7066 3.83576
      vertex 39.5 -31.6269 3.57313
    endloop
  endfacet
  facet normal 1 0 0
    outer loop
      vertex 39.5 -30.1042 4.77547
      vertex 39.5 -31.8359 4.0778
      vertex 39.5 -31.7066 3.83576
    endloop
  endfacet
  facet normal 1 0 0
    outer loop
      vertex 39.5 -32.4642 4.59343
      vertex 39.5 -31.5245 6.19577
      vertex 39.5 -31.9957 6.39093
    endloop
  endfacet
  facet normal 1 0 0
    outer loop
      vertex 39.5 -30.3707 5.2103
      vertex 39.5 -32.01 4.28995
      vertex 39.5 -31.8359 4.0778
    endloop
  endfacet
  facet normal 1 0 0
    outer loop
      vertex 39.5 -31.0897 5.92931
      vertex 39.5 -32.2222 4.46406
      vertex 39.5 -32.01 4.28995
    endloop
  endfacet
  facet normal 1 0 0
    outer loop
      vertex 39.5 -31.5245 6.19577
      vertex 39.5 -32.4642 4.59343
      vertex 39.5 -32.2222 4.46406
    endloop
  endfacet
  facet normal 1 0 0
    outer loop
      vertex 39.5 -32.7269 4.6731
      vertex 39.5 -31.9957 6.39093
      vertex 39.5 -32.4916 6.50999
    endloop
  endfacet
  facet normal 1 0 0
    outer loop
      vertex 39.5 -31.9957 6.39093
      vertex 39.5 -32.7269 4.6731
      vertex 39.5 -32.4642 4.59343
    endloop
  endfacet
  facet normal 1 0 0
    outer loop
      vertex 39.5 -33 4.7
      vertex 39.5 -32.4916 6.50999
      vertex 39.5 -33 6.55
    endloop
  endfacet
  facet normal 1 0 0
    outer loop
      vertex 39.5 -32.4916 6.50999
      vertex 39.5 -33 4.7
      vertex 39.5 -32.7269 4.6731
    endloop
  endfacet
  facet normal 1 -0 0
    outer loop
      vertex 39.5 -33.5084 6.50999
      vertex 39.5 -33 4.7
      vertex 39.5 -33 6.55
    endloop
  endfacet
  facet normal 1 0 0
    outer loop
      vertex 39.5 -33 4.7
      vertex 39.5 -33.5084 6.50999
      vertex 39.5 -33.2731 4.6731
    endloop
  endfacet
  facet normal 1 -0 0
    outer loop
      vertex 39.5 -34.0043 6.39093
      vertex 39.5 -33.2731 4.6731
      vertex 39.5 -33.5084 6.50999
    endloop
  endfacet
  facet normal 1 0 0
    outer loop
      vertex 39.5 -33.2731 4.6731
      vertex 39.5 -34.0043 6.39093
      vertex 39.5 -33.5358 4.59343
    endloop
  endfacet
  facet normal 1 -0 0
    outer loop
      vertex 39.5 -34.4755 6.19577
      vertex 39.5 -33.5358 4.59343
      vertex 39.5 -34.0043 6.39093
    endloop
  endfacet
  facet normal 1 0 0
    outer loop
      vertex 39.5 -33.5358 4.59343
      vertex 39.5 -34.4755 6.19577
      vertex 39.5 -33.7778 4.46406
    endloop
  endfacet
  facet normal 1 -0 0
    outer loop
      vertex 39.5 -34.9103 5.92931
      vertex 39.5 -33.7778 4.46406
      vertex 39.5 -34.4755 6.19577
    endloop
  endfacet
  facet normal 1 0 0
    outer loop
      vertex 39.5 -33.7778 4.46406
      vertex 39.5 -34.9103 5.92931
      vertex 39.5 -33.9899 4.28995
    endloop
  endfacet
  facet normal 1 -0 0
    outer loop
      vertex 39.5 -35.2981 5.5981
      vertex 39.5 -33.9899 4.28995
      vertex 39.5 -34.9103 5.92931
    endloop
  endfacet
  facet normal 1 0 0
    outer loop
      vertex 39.5 -33.9899 4.28995
      vertex 39.5 -35.6293 5.2103
      vertex 39.5 -34.1641 4.0778
    endloop
  endfacet
  facet normal 1 -0 0
    outer loop
      vertex 39.5 -35.6293 5.2103
      vertex 39.5 -33.9899 4.28995
      vertex 39.5 -35.2981 5.5981
    endloop
  endfacet
  facet normal 1 -0 0
    outer loop
      vertex 39.5 -32.01 2.31005
      vertex 39.5 -30.3707 1.3897
      vertex 39.5 -31.8359 2.5222
    endloop
  endfacet
  facet normal 1 0 0
    outer loop
      vertex 39.5 -30.3707 1.3897
      vertex 39.5 -32.01 2.31005
      vertex 39.5 -30.7019 1.0019
    endloop
  endfacet
  facet normal 1 0 0
    outer loop
      vertex 39.5 -30.7019 1.0019
      vertex 39.5 -32.01 2.31005
      vertex 39.5 -31.0897 0.670694
    endloop
  endfacet
  facet normal 1 -0 0
    outer loop
      vertex 39.5 -32.2222 2.13594
      vertex 39.5 -31.0897 0.670694
      vertex 39.5 -32.01 2.31005
    endloop
  endfacet
  facet normal 1 0 0
    outer loop
      vertex 39.5 -31.0897 0.670694
      vertex 39.5 -32.2222 2.13594
      vertex 39.5 -31.5245 0.404228
    endloop
  endfacet
  facet normal 1 -0 0
    outer loop
      vertex 39.5 -32.4642 2.00657
      vertex 39.5 -31.5245 0.404228
      vertex 39.5 -32.2222 2.13594
    endloop
  endfacet
  facet normal 1 0 0
    outer loop
      vertex 39.5 -31.5245 0.404228
      vertex 39.5 -32.4642 2.00657
      vertex 39.5 -31.9957 0.209066
    endloop
  endfacet
  facet normal 1 -0 0
    outer loop
      vertex 39.5 -32.7269 1.9269
      vertex 39.5 -31.9957 0.209066
      vertex 39.5 -32.4642 2.00657
    endloop
  endfacet
  facet normal 1 0 0
    outer loop
      vertex 39.5 -31.9957 0.209066
      vertex 39.5 -32.7269 1.9269
      vertex 39.5 -32.4916 0.0900124
    endloop
  endfacet
  facet normal 1 -0 0
    outer loop
      vertex 39.5 -33 1.9
      vertex 39.5 -32.4916 0.0900124
      vertex 39.5 -32.7269 1.9269
    endloop
  endfacet
  facet normal 1 0 0
    outer loop
      vertex 39.5 -33 1.9
      vertex 39.5 -33 0.05
      vertex 39.5 -32.4916 0.0900124
    endloop
  endfacet
  facet normal 1 0 0
    outer loop
      vertex 39.5 -33.5084 0.0900124
      vertex 39.5 -33 1.9
      vertex 39.5 -33.2731 1.9269
    endloop
  endfacet
  facet normal 1 0 0
    outer loop
      vertex 39.5 -33 1.9
      vertex 39.5 -33.5084 0.0900124
      vertex 39.5 -33 0.05
    endloop
  endfacet
  facet normal 1 0 0
    outer loop
      vertex 39.5 -34.0043 0.209066
      vertex 39.5 -33.2731 1.9269
      vertex 39.5 -33.5358 2.00657
    endloop
  endfacet
  facet normal 1 0 0
    outer loop
      vertex 39.5 -34.4755 0.404228
      vertex 39.5 -33.5358 2.00657
      vertex 39.5 -33.7778 2.13594
    endloop
  endfacet
  facet normal 1 0 0
    outer loop
      vertex 39.5 -34.9103 0.670694
      vertex 39.5 -33.7778 2.13594
      vertex 39.5 -33.9899 2.31005
    endloop
  endfacet
  facet normal 1 0 0
    outer loop
      vertex 39.5 -33.2731 1.9269
      vertex 39.5 -34.0043 0.209066
      vertex 39.5 -33.5084 0.0900124
    endloop
  endfacet
  facet normal 1 0 0
    outer loop
      vertex 39.5 -35.6293 1.3897
      vertex 39.5 -33.9899 2.31005
      vertex 39.5 -34.1641 2.5222
    endloop
  endfacet
  facet normal 1 0 0
    outer loop
      vertex 39.5 -35.8958 1.82453
      vertex 39.5 -34.1641 2.5222
      vertex 39.5 -34.2934 2.76424
    endloop
  endfacet
  facet normal 1 0 0
    outer loop
      vertex 39.5 -36.0909 2.29569
      vertex 39.5 -34.2934 2.76424
      vertex 39.5 -34.3731 3.02687
    endloop
  endfacet
  facet normal 1 0 0
    outer loop
      vertex 39.5 -33.5358 2.00657
      vertex 39.5 -34.4755 0.404228
      vertex 39.5 -34.0043 0.209066
    endloop
  endfacet
  facet normal 1 0 0
    outer loop
      vertex 39.5 -36.21 2.79159
      vertex 39.5 -34.3731 3.02687
      vertex 39.5 -34.4 3.3
    endloop
  endfacet
  facet normal 1 -0 0
    outer loop
      vertex 39.5 -35.8958 4.77547
      vertex 39.5 -34.1641 4.0778
      vertex 39.5 -35.6293 5.2103
    endloop
  endfacet
  facet normal 1 0 0
    outer loop
      vertex 39.5 -34.1641 4.0778
      vertex 39.5 -35.8958 4.77547
      vertex 39.5 -34.2934 3.83576
    endloop
  endfacet
  facet normal 1 0 0
    outer loop
      vertex 39.5 -33.7778 2.13594
      vertex 39.5 -34.9103 0.670694
      vertex 39.5 -34.4755 0.404228
    endloop
  endfacet
  facet normal 1 -0 0
    outer loop
      vertex 39.5 -36.0909 4.30431
      vertex 39.5 -34.2934 3.83576
      vertex 39.5 -35.8958 4.77547
    endloop
  endfacet
  facet normal 1 0 0
    outer loop
      vertex 39.5 -33.9899 2.31005
      vertex 39.5 -35.2981 1.0019
      vertex 39.5 -34.9103 0.670694
    endloop
  endfacet
  facet normal 1 0 0
    outer loop
      vertex 39.5 -34.2934 3.83576
      vertex 39.5 -36.0909 4.30431
      vertex 39.5 -34.3731 3.57313
    endloop
  endfacet
  facet normal 1 0 0
    outer loop
      vertex 39.5 -33.9899 2.31005
      vertex 39.5 -35.6293 1.3897
      vertex 39.5 -35.2981 1.0019
    endloop
  endfacet
  facet normal 1 -0 0
    outer loop
      vertex 39.5 -36.21 3.80841
      vertex 39.5 -34.3731 3.57313
      vertex 39.5 -36.0909 4.30431
    endloop
  endfacet
  facet normal 1 0 0
    outer loop
      vertex 39.5 -34.1641 2.5222
      vertex 39.5 -35.8958 1.82453
      vertex 39.5 -35.6293 1.3897
    endloop
  endfacet
  facet normal 1 0 0
    outer loop
      vertex 39.5 -34.3731 3.57313
      vertex 39.5 -36.21 3.80841
      vertex 39.5 -34.4 3.3
    endloop
  endfacet
  facet normal 1 0 0
    outer loop
      vertex 39.5 -34.2934 2.76424
      vertex 39.5 -36.0909 2.29569
      vertex 39.5 -35.8958 1.82453
    endloop
  endfacet
  facet normal 1 0 0
    outer loop
      vertex 39.5 -36.25 3.3
      vertex 39.5 -34.4 3.3
      vertex 39.5 -36.21 3.80841
    endloop
  endfacet
  facet normal 1 0 0
    outer loop
      vertex 39.5 -34.3731 3.02687
      vertex 39.5 -36.21 2.79159
      vertex 39.5 -36.0909 2.29569
    endloop
  endfacet
  facet normal 1 0 0
    outer loop
      vertex 39.5 -34.4 3.3
      vertex 39.5 -36.25 3.3
      vertex 39.5 -36.21 2.79159
    endloop
  endfacet
  facet normal 0 -0.522519 0.852628
    outer loop
      vertex 38 -34.4755 6.19577
      vertex 39.5 -34.9103 5.92931
      vertex 39.5 -34.4755 6.19577
    endloop
  endfacet
  facet normal 0 -0.522519 0.852628
    outer loop
      vertex 39.5 -34.9103 5.92931
      vertex 38 -34.4755 6.19577
      vertex 38 -34.9103 5.92931
    endloop
  endfacet
  facet normal 0 -0.233455 0.972368
    outer loop
      vertex 38 -33.5084 6.50999
      vertex 39.5 -34.0043 6.39093
      vertex 39.5 -33.5084 6.50999
    endloop
  endfacet
  facet normal 0 -0.233455 0.972368
    outer loop
      vertex 39.5 -34.0043 6.39093
      vertex 38 -33.5084 6.50999
      vertex 38 -34.0043 6.39093
    endloop
  endfacet
  facet normal 0 -0.382654 0.923892
    outer loop
      vertex 38 -34.0043 6.39093
      vertex 39.5 -34.4755 6.19577
      vertex 39.5 -34.0043 6.39093
    endloop
  endfacet
  facet normal 0 -0.382654 0.923892
    outer loop
      vertex 39.5 -34.4755 6.19577
      vertex 38 -34.0043 6.39093
      vertex 38 -34.4755 6.19577
    endloop
  endfacet
  facet normal 0 0.649441 -0.760412
    outer loop
      vertex 36 -31.0897 0.670694
      vertex 39.5 -30.7019 1.0019
      vertex 39.5 -31.0897 0.670694
    endloop
  endfacet
  facet normal 0 0.649441 -0.760412
    outer loop
      vertex 39.5 -30.7019 1.0019
      vertex 36 -31.0897 0.670694
      vertex 36 -30.7019 1.0019
    endloop
  endfacet
  facet normal 0 -0.382658 -0.92389
    outer loop
      vertex 39.5 -34.4755 0.404228
      vertex 35.7352 -34.0043 0.209066
      vertex 39.5 -34.0043 0.209066
    endloop
  endfacet
  facet normal -1.76583e-07 -0.382659 -0.92389
    outer loop
      vertex 39.5 -34.4755 0.404228
      vertex 35.6555 -34.3223 0.340776
      vertex 35.7352 -34.0043 0.209066
    endloop
  endfacet
  facet normal 0 -0.382655 -0.923891
    outer loop
      vertex 35.6555 -34.3223 0.340776
      vertex 39.5 -34.4755 0.404228
      vertex 35.6007 -34.4755 0.404228
    endloop
  endfacet
  facet normal 0 -0.923922 -0.382582
    outer loop
      vertex 35 -35.8958 1.82453
      vertex 39.5 -36.0909 2.29569
      vertex 35 -36.0909 2.29569
    endloop
  endfacet
  facet normal 0 -0.923922 -0.382582
    outer loop
      vertex 39.5 -36.0909 2.29569
      vertex 35 -35.8958 1.82453
      vertex 39.5 -35.8958 1.82453
    endloop
  endfacet
  facet normal 0 -0.233443 -0.972371
    outer loop
      vertex 39.5 -34.0043 0.209066
      vertex 35.854 -33.5084 0.0900124
      vertex 39.5 -33.5084 0.0900124
    endloop
  endfacet
  facet normal -1.14893e-05 -0.233523 -0.972351
    outer loop
      vertex 39.5 -34.0043 0.209066
      vertex 35.8463 -33.5607 0.102573
      vertex 35.854 -33.5084 0.0900124
    endloop
  endfacet
  facet normal 0 -0.233433 -0.972373
    outer loop
      vertex 35.8463 -33.5607 0.102573
      vertex 39.5 -34.0043 0.209066
      vertex 35.7352 -34.0043 0.209066
    endloop
  endfacet
  facet normal 0 0.76041 -0.649443
    outer loop
      vertex 39.5 0.298097 1.0019
      vertex 35 0.629305 1.3897
      vertex 39.5 0.629305 1.3897
    endloop
  endfacet
  facet normal 0 0.76041 -0.649443
    outer loop
      vertex 35 0.629305 1.3897
      vertex 39.5 0.298097 1.0019
      vertex 35 0.298097 1.0019
    endloop
  endfacet
  facet normal 0 -0.233447 -0.97237
    outer loop
      vertex 35.7373 -3.0043 0.209066
      vertex 39.5 -2.50841 0.0900124
      vertex 39.5 -3.0043 0.209066
    endloop
  endfacet
  facet normal 1.73619e-07 -0.233448 -0.972369
    outer loop
      vertex 35.6555 -2.67772 0.13066
      vertex 39.5 -2.50841 0.0900124
      vertex 35.7373 -3.0043 0.209066
    endloop
  endfacet
  facet normal -0 -0.233445 -0.97237
    outer loop
      vertex 39.5 -2.50841 0.0900124
      vertex 35.6555 -2.67772 0.13066
      vertex 35.5949 -2.50841 0.0900124
    endloop
  endfacet
  facet normal 0 0.923881 0.38268
    outer loop
      vertex 39.5 1.09093 4.30431
      vertex 35 0.895771 4.77547
      vertex 39.5 0.895771 4.77547
    endloop
  endfacet
  facet normal 0 0.923881 0.38268
    outer loop
      vertex 35 0.895771 4.77547
      vertex 39.5 1.09093 4.30431
      vertex 35 1.09093 4.30431
    endloop
  endfacet
  facet normal -0 0.522491 0.852645
    outer loop
      vertex 35 -0.0896978 5.92931
      vertex 39.5 -0.52453 6.19577
      vertex 39.5 -0.0896978 5.92931
    endloop
  endfacet
  facet normal 0 0.522491 0.852645
    outer loop
      vertex 39.5 -0.52453 6.19577
      vertex 35 -0.0896978 5.92931
      vertex 35 -0.52453 6.19577
    endloop
  endfacet
  facet normal 0 -0.0784584 -0.996917
    outer loop
      vertex 35.5949 -2.50841 0.0900124
      vertex 39.5 -2 0.05
      vertex 39.5 -2.50841 0.0900124
    endloop
  endfacet
  facet normal -0 -0.0784584 -0.996917
    outer loop
      vertex 39.5 -2 0.05
      vertex 35.5949 -2.50841 0.0900124
      vertex 35.413 -2 0.05
    endloop
  endfacet
  facet normal 0 -0.382675 0.923883
    outer loop
      vertex 39.5 -3.0043 6.39093
      vertex 35.8517 -3.47547 6.19577
      vertex 39.5 -3.47547 6.19577
    endloop
  endfacet
  facet normal -1.34093e-05 -0.382586 0.92392
    outer loop
      vertex 39.5 -3.0043 6.39093
      vertex 35.8463 -3.43927 6.21076
      vertex 35.8517 -3.47547 6.19577
    endloop
  endfacet
  facet normal 0 -0.382683 0.92388
    outer loop
      vertex 35.8463 -3.43927 6.21076
      vertex 39.5 -3.0043 6.39093
      vertex 35.7373 -3.0043 6.39093
    endloop
  endfacet
  facet normal 0 -0.852635 0.522507
    outer loop
      vertex 35.9949 -4.89577 4.77547
      vertex 39.5 -4.6293 5.2103
      vertex 35.9818 -4.6293 5.2103
    endloop
  endfacet
  facet normal 0 -0.852635 0.522507
    outer loop
      vertex 39.5 -4.6293 5.2103
      vertex 35.9949 -4.89577 4.77547
      vertex 39.5 -4.89577 4.77547
    endloop
  endfacet
  facet normal 0 0.382683 -0.92388
    outer loop
      vertex 35 -0.995694 0.209066
      vertex 39.5 -0.52453 0.404228
      vertex 39.5 -0.995694 0.209066
    endloop
  endfacet
  facet normal 0 0.382683 -0.92388
    outer loop
      vertex 39.5 -0.52453 0.404228
      vertex 35 -0.995694 0.209066
      vertex 35 -0.52453 0.404228
    endloop
  endfacet
  facet normal 0 0.233444 -0.97237
    outer loop
      vertex 35.1796 -1.49159 0.0900124
      vertex 39.5 -0.995694 0.209066
      vertex 39.5 -1.49159 0.0900124
    endloop
  endfacet
  facet normal 2.11855e-05 0.233452 -0.972368
    outer loop
      vertex 35 -0.995694 0.209066
      vertex 35.1796 -1.49159 0.0900124
      vertex 35.0554 -1.22882 0.153097
    endloop
  endfacet
  facet normal 3.00848e-05 0.233454 -0.972368
    outer loop
      vertex 35 -0.995694 0.209066
      vertex 35.0554 -1.22882 0.153097
      vertex 35 -1.13643 0.175277
    endloop
  endfacet
  facet normal 0 0.233444 -0.97237
    outer loop
      vertex 35.1796 -1.49159 0.0900124
      vertex 35 -0.995694 0.209066
      vertex 39.5 -0.995694 0.209066
    endloop
  endfacet
  facet normal 0 0.522499 -0.85264
    outer loop
      vertex 35 -0.52453 0.404228
      vertex 39.5 -0.0896978 0.670694
      vertex 39.5 -0.52453 0.404228
    endloop
  endfacet
  facet normal 0 0.522499 -0.85264
    outer loop
      vertex 39.5 -0.0896978 0.670694
      vertex 35 -0.52453 0.404228
      vertex 35 -0.0896978 0.670694
    endloop
  endfacet
  facet normal 0 0.996918 -0.0784538
    outer loop
      vertex 39.5 1.20999 2.79159
      vertex 35 1.25 3.3
      vertex 39.5 1.25 3.3
    endloop
  endfacet
  facet normal 0 0.996918 -0.0784538
    outer loop
      vertex 35 1.25 3.3
      vertex 39.5 1.20999 2.79159
      vertex 35 1.20999 2.79159
    endloop
  endfacet
  facet normal 0 0.0784538 0.996918
    outer loop
      vertex 39.5 -1.49159 6.50999
      vertex 35.413 -2 6.55
      vertex 39.5 -2 6.55
    endloop
  endfacet
  facet normal -6.4206e-06 0.0785051 0.996914
    outer loop
      vertex 39.5 -1.49159 6.50999
      vertex 35.391 -1.93854 6.54516
      vertex 35.413 -2 6.55
    endloop
  endfacet
  facet normal 0 0.0784464 0.996918
    outer loop
      vertex 35.391 -1.93854 6.54516
      vertex 39.5 -1.49159 6.50999
      vertex 35.1796 -1.49159 6.50999
    endloop
  endfacet
  facet normal -0 0.64945 0.760404
    outer loop
      vertex 35 0.298097 5.5981
      vertex 39.5 -0.0896978 5.92931
      vertex 39.5 0.298097 5.5981
    endloop
  endfacet
  facet normal 0 0.64945 0.760404
    outer loop
      vertex 39.5 -0.0896978 5.92931
      vertex 35 0.298097 5.5981
      vertex 35 -0.0896978 5.92931
    endloop
  endfacet
  facet normal 0 0.852639 0.522501
    outer loop
      vertex 39.5 0.895771 4.77547
      vertex 35 0.629305 5.2103
      vertex 39.5 0.629305 5.2103
    endloop
  endfacet
  facet normal 0 0.852639 0.522501
    outer loop
      vertex 35 0.629305 5.2103
      vertex 39.5 0.895771 4.77547
      vertex 35 0.895771 4.77547
    endloop
  endfacet
  facet normal 0 0.996918 0.0784538
    outer loop
      vertex 39.5 1.25 3.3
      vertex 35 1.20999 3.80841
      vertex 39.5 1.20999 3.80841
    endloop
  endfacet
  facet normal 0 0.996918 0.0784538
    outer loop
      vertex 35 1.20999 3.80841
      vertex 39.5 1.25 3.3
      vertex 35 1.25 3.3
    endloop
  endfacet
  facet normal 0 0.76041 0.649443
    outer loop
      vertex 39.5 0.629305 5.2103
      vertex 35 0.298097 5.5981
      vertex 39.5 0.298097 5.5981
    endloop
  endfacet
  facet normal 0 0.76041 0.649443
    outer loop
      vertex 35 0.298097 5.5981
      vertex 39.5 0.629305 5.2103
      vertex 35 0.629305 5.2103
    endloop
  endfacet
  facet normal 0 -0.996918 -0.0784538
    outer loop
      vertex 36 -5.20999 2.79159
      vertex 39.5 -5.25 3.3
      vertex 36 -5.25 3.3
    endloop
  endfacet
  facet normal 0 -0.996918 -0.0784538
    outer loop
      vertex 39.5 -5.25 3.3
      vertex 36 -5.20999 2.79159
      vertex 39.5 -5.20999 2.79159
    endloop
  endfacet
  facet normal -1 0 0
    outer loop
      vertex 35 -0.599999 3.3
      vertex 35 1.25 3.3
      vertex 35 1.20999 2.79159
    endloop
  endfacet
  facet normal -1 0 0
    outer loop
      vertex 35 -0.6269 3.02687
      vertex 35 1.20999 2.79159
      vertex 35 1.09093 2.29569
    endloop
  endfacet
  facet normal -1 0 0
    outer loop
      vertex 35 1.25 3.3
      vertex 35 -0.599999 3.3
      vertex 35 1.20999 3.80841
    endloop
  endfacet
  facet normal -1 0 0
    outer loop
      vertex 35 -0.706568 2.76424
      vertex 35 1.09093 2.29569
      vertex 35 0.895771 1.82453
    endloop
  endfacet
  facet normal -1 0 0
    outer loop
      vertex 35 -0.6269 3.57313
      vertex 35 1.20999 3.80841
      vertex 35 -0.599999 3.3
    endloop
  endfacet
  facet normal -1 0 0
    outer loop
      vertex 35 -0.835942 2.5222
      vertex 35 0.895771 1.82453
      vertex 35 0.629305 1.3897
    endloop
  endfacet
  facet normal -1 -0 0
    outer loop
      vertex 35 1.20999 3.80841
      vertex 35 -0.6269 3.57313
      vertex 35 1.09093 4.30431
    endloop
  endfacet
  facet normal -1 0 0
    outer loop
      vertex 35 -1.01005 2.31005
      vertex 35 0.629305 1.3897
      vertex 35 0.298097 1.0019
    endloop
  endfacet
  facet normal -1 0 0
    outer loop
      vertex 35 -0.706568 3.83576
      vertex 35 1.09093 4.30431
      vertex 35 -0.6269 3.57313
    endloop
  endfacet
  facet normal -1 0 0
    outer loop
      vertex 35 -1.13643 2.20633
      vertex 35 0.298097 1.0019
      vertex 35 -0.0896978 0.670694
    endloop
  endfacet
  facet normal -1 -0 0
    outer loop
      vertex 35 1.09093 4.30431
      vertex 35 -0.706568 3.83576
      vertex 35 0.895771 4.77547
    endloop
  endfacet
  facet normal -1 0 0
    outer loop
      vertex 35 -1.13643 2.20633
      vertex 35 -0.0896978 0.670694
      vertex 35 -0.52453 0.404228
    endloop
  endfacet
  facet normal -1 0 0
    outer loop
      vertex 35 -0.835942 4.0778
      vertex 35 0.895771 4.77547
      vertex 35 -0.706568 3.83576
    endloop
  endfacet
  facet normal -1 -0 0
    outer loop
      vertex 35 0.895771 4.77547
      vertex 35 -0.835942 4.0778
      vertex 35 0.629305 5.2103
    endloop
  endfacet
  facet normal -1 0 0
    outer loop
      vertex 35 1.20999 2.79159
      vertex 35 -0.6269 3.02687
      vertex 35 -0.599999 3.3
    endloop
  endfacet
  facet normal -1 0 0
    outer loop
      vertex 35 1.09093 2.29569
      vertex 35 -0.706568 2.76424
      vertex 35 -0.6269 3.02687
    endloop
  endfacet
  facet normal -1 0 0
    outer loop
      vertex 35 0.895771 1.82453
      vertex 35 -0.835942 2.5222
      vertex 35 -0.706568 2.76424
    endloop
  endfacet
  facet normal -1 0 0
    outer loop
      vertex 35 -1.13643 2.20633
      vertex 35 -0.52453 0.404228
      vertex 35 -0.995694 0.209066
    endloop
  endfacet
  facet normal -1 0 0
    outer loop
      vertex 35 0.629305 1.3897
      vertex 35 -1.01005 2.31005
      vertex 35 -0.835942 2.5222
    endloop
  endfacet
  facet normal -1 0 0
    outer loop
      vertex 35 -1.13643 2.20633
      vertex 35 -0.995694 0.209066
      vertex 35 -1.13643 0.175277
    endloop
  endfacet
  facet normal -1 0 0
    outer loop
      vertex 35 0.298097 1.0019
      vertex 35 -1.13643 2.20633
      vertex 35 -1.01005 2.31005
    endloop
  endfacet
  facet normal -1 0 0
    outer loop
      vertex 35 -1.01005 4.28995
      vertex 35 0.629305 5.2103
      vertex 35 -0.835942 4.0778
    endloop
  endfacet
  facet normal -1 -0 0
    outer loop
      vertex 35 0.629305 5.2103
      vertex 35 -1.01005 4.28995
      vertex 35 0.298097 5.5981
    endloop
  endfacet
  facet normal -1 0 0
    outer loop
      vertex 35 -1.13643 4.39367
      vertex 35 0.298097 5.5981
      vertex 35 -1.01005 4.28995
    endloop
  endfacet
  facet normal -1 -0 0
    outer loop
      vertex 35 0.298097 5.5981
      vertex 35 -1.13643 4.39367
      vertex 35 -0.0896978 5.92931
    endloop
  endfacet
  facet normal -1 -0 0
    outer loop
      vertex 35 -0.0896978 5.92931
      vertex 35 -1.13643 4.39367
      vertex 35 -0.52453 6.19577
    endloop
  endfacet
  facet normal -1 -0 0
    outer loop
      vertex 35 -0.52453 6.19577
      vertex 35 -1.13643 4.39367
      vertex 35 -0.995694 6.39093
    endloop
  endfacet
  facet normal -1 -0 0
    outer loop
      vertex 35 -0.995694 6.39093
      vertex 35 -1.13643 4.39367
      vertex 35 -1.13643 6.42472
    endloop
  endfacet
  facet normal 0 -0.649437 -0.760415
    outer loop
      vertex 35.9615 -4.21587 0.931671
      vertex 39.5 -4.2981 1.0019
      vertex 35.9655 -4.2981 1.0019
    endloop
  endfacet
  facet normal -1.45839e-07 -0.649441 -0.760412
    outer loop
      vertex 39.5 -4.2981 1.0019
      vertex 35.9615 -4.21587 0.931671
      vertex 39.5 -3.9103 0.670694
    endloop
  endfacet
  facet normal -0 -0.649442 -0.760411
    outer loop
      vertex 39.5 -3.9103 0.670694
      vertex 35.9615 -4.21587 0.931671
      vertex 35.9161 -3.9103 0.670694
    endloop
  endfacet
  facet normal 0 -0.382678 -0.923882
    outer loop
      vertex 35.8517 -3.47547 0.404228
      vertex 39.5 -3.0043 0.209066
      vertex 39.5 -3.47547 0.404228
    endloop
  endfacet
  facet normal -9.70604e-07 -0.382672 -0.923884
    outer loop
      vertex 35.8463 -3.43927 0.389234
      vertex 39.5 -3.0043 0.209066
      vertex 35.8517 -3.47547 0.404228
    endloop
  endfacet
  facet normal -0 -0.382679 -0.923881
    outer loop
      vertex 39.5 -3.0043 0.209066
      vertex 35.8463 -3.43927 0.389234
      vertex 35.7373 -3.0043 0.209066
    endloop
  endfacet
  facet normal 0 -0.923883 -0.382675
    outer loop
      vertex 36 -5 2.07616
      vertex 39.5 -5.09093 2.29569
      vertex 36 -5.09093 2.29569
    endloop
  endfacet
  facet normal -0 -0.923878 -0.382688
    outer loop
      vertex 39.5 -4.89577 1.82453
      vertex 36 -5 2.07616
      vertex 35.9949 -4.89577 1.82453
    endloop
  endfacet
  facet normal 5.01981e-07 -0.92388 -0.382682
    outer loop
      vertex 36 -5 2.07616
      vertex 39.5 -4.89577 1.82453
      vertex 39.5 -5.09093 2.29569
    endloop
  endfacet
  facet normal -0 -0.852635 -0.522507
    outer loop
      vertex 39.5 -4.6293 1.3897
      vertex 35.9949 -4.89577 1.82453
      vertex 35.9818 -4.6293 1.3897
    endloop
  endfacet
  facet normal 0 -0.852635 -0.522507
    outer loop
      vertex 35.9949 -4.89577 1.82453
      vertex 39.5 -4.6293 1.3897
      vertex 39.5 -4.89577 1.82453
    endloop
  endfacet
  facet normal 0 -0.996918 0.0784538
    outer loop
      vertex 36 -5.25 3.3
      vertex 39.5 -5.20999 3.80841
      vertex 36 -5.20999 3.80841
    endloop
  endfacet
  facet normal 0 -0.996918 0.0784538
    outer loop
      vertex 39.5 -5.20999 3.80841
      vertex 36 -5.25 3.3
      vertex 39.5 -5.25 3.3
    endloop
  endfacet
  facet normal 0 -0.760418 0.649434
    outer loop
      vertex 35.9818 -4.6293 5.2103
      vertex 39.5 -4.2981 5.5981
      vertex 35.9655 -4.2981 5.5981
    endloop
  endfacet
  facet normal 0 -0.760418 0.649434
    outer loop
      vertex 39.5 -4.2981 5.5981
      vertex 35.9818 -4.6293 5.2103
      vertex 39.5 -4.6293 5.2103
    endloop
  endfacet
  facet normal 0 -0.522493 0.852644
    outer loop
      vertex 39.5 -3.47547 6.19577
      vertex 35.9161 -3.9103 5.92931
      vertex 39.5 -3.9103 5.92931
    endloop
  endfacet
  facet normal 0 -0.522493 0.852644
    outer loop
      vertex 35.9161 -3.9103 5.92931
      vertex 39.5 -3.47547 6.19577
      vertex 35.8517 -3.47547 6.19577
    endloop
  endfacet
  facet normal 0 -0.0784538 0.996918
    outer loop
      vertex 39.5 -2 6.55
      vertex 35.5949 -2.50841 6.50999
      vertex 39.5 -2.50841 6.50999
    endloop
  endfacet
  facet normal 0 -0.0784538 0.996918
    outer loop
      vertex 35.5949 -2.50841 6.50999
      vertex 39.5 -2 6.55
      vertex 35.413 -2 6.55
    endloop
  endfacet
  facet normal -1.13211e-07 -0.649445 0.760408
    outer loop
      vertex 35.9615 -4.21587 5.66833
      vertex 39.5 -4.2981 5.5981
      vertex 39.5 -3.9103 5.92931
    endloop
  endfacet
  facet normal 0 -0.649442 0.760411
    outer loop
      vertex 39.5 -4.2981 5.5981
      vertex 35.9615 -4.21587 5.66833
      vertex 35.9655 -4.2981 5.5981
    endloop
  endfacet
  facet normal 0 -0.649446 0.760408
    outer loop
      vertex 35.9615 -4.21587 5.66833
      vertex 39.5 -3.9103 5.92931
      vertex 35.9161 -3.9103 5.92931
    endloop
  endfacet
  facet normal 0 0.649446 -0.760408
    outer loop
      vertex 35 -0.0896978 0.670694
      vertex 39.5 0.298097 1.0019
      vertex 39.5 -0.0896978 0.670694
    endloop
  endfacet
  facet normal 0 0.649446 -0.760408
    outer loop
      vertex 39.5 0.298097 1.0019
      vertex 35 -0.0896978 0.670694
      vertex 35 0.298097 1.0019
    endloop
  endfacet
  facet normal 0 0.852639 -0.522501
    outer loop
      vertex 39.5 0.629305 1.3897
      vertex 35 0.895771 1.82453
      vertex 39.5 0.895771 1.82453
    endloop
  endfacet
  facet normal 0 0.852639 -0.522501
    outer loop
      vertex 35 0.895771 1.82453
      vertex 39.5 0.629305 1.3897
      vertex 35 0.629305 1.3897
    endloop
  endfacet
  facet normal 0 0.923881 -0.38268
    outer loop
      vertex 39.5 0.895771 1.82453
      vertex 35 1.09093 2.29569
      vertex 39.5 1.09093 2.29569
    endloop
  endfacet
  facet normal 0 0.923881 -0.38268
    outer loop
      vertex 35 1.09093 2.29569
      vertex 39.5 0.895771 1.82453
      vertex 35 0.895771 1.82453
    endloop
  endfacet
  facet normal -0 0.382679 0.923881
    outer loop
      vertex 35 -0.52453 6.19577
      vertex 39.5 -0.995694 6.39093
      vertex 39.5 -0.52453 6.19577
    endloop
  endfacet
  facet normal 0 0.382679 0.923881
    outer loop
      vertex 39.5 -0.995694 6.39093
      vertex 35 -0.52453 6.19577
      vertex 35 -0.995694 6.39093
    endloop
  endfacet
  facet normal 0 0.233456 0.972367
    outer loop
      vertex 39.5 -0.995694 6.39093
      vertex 35.1796 -1.49159 6.50999
      vertex 39.5 -1.49159 6.50999
    endloop
  endfacet
  facet normal -0 0.233456 0.972367
    outer loop
      vertex 35 -0.995694 6.39093
      vertex 35.1796 -1.49159 6.50999
      vertex 39.5 -0.995694 6.39093
    endloop
  endfacet
  facet normal -4.60926e-05 0.233441 0.972371
    outer loop
      vertex 35.1796 -1.49159 6.50999
      vertex 35 -0.995694 6.39093
      vertex 35.0554 -1.22882 6.4469
    endloop
  endfacet
  facet normal 4.16071e-05 0.23346 0.972366
    outer loop
      vertex 35.0554 -1.22882 6.4469
      vertex 35 -0.995694 6.39093
      vertex 35 -1.13643 6.42472
    endloop
  endfacet
  facet normal 0 0.972368 0.233455
    outer loop
      vertex 39.5 1.20999 3.80841
      vertex 35 1.09093 4.30431
      vertex 39.5 1.09093 4.30431
    endloop
  endfacet
  facet normal 0 0.972368 0.233455
    outer loop
      vertex 35 1.09093 4.30431
      vertex 39.5 1.20999 3.80841
      vertex 35 1.20999 3.80841
    endloop
  endfacet
  facet normal 0 0.0784584 -0.996917
    outer loop
      vertex 35.413 -2 0.05
      vertex 39.5 -1.49159 0.0900124
      vertex 39.5 -2 0.05
    endloop
  endfacet
  facet normal -2.58022e-07 0.0784605 -0.996917
    outer loop
      vertex 35.391 -1.93854 0.0548371
      vertex 39.5 -1.49159 0.0900124
      vertex 35.413 -2 0.05
    endloop
  endfacet
  facet normal 0 0.0784581 -0.996917
    outer loop
      vertex 39.5 -1.49159 0.0900124
      vertex 35.391 -1.93854 0.0548371
      vertex 35.1796 -1.49159 0.0900124
    endloop
  endfacet
  facet normal 0 -0.972368 -0.233455
    outer loop
      vertex 36 -5.09093 2.29569
      vertex 39.5 -5.20999 2.79159
      vertex 36 -5.20999 2.79159
    endloop
  endfacet
  facet normal 0 -0.972368 -0.233455
    outer loop
      vertex 39.5 -5.20999 2.79159
      vertex 36 -5.09093 2.29569
      vertex 39.5 -5.09093 2.29569
    endloop
  endfacet
  facet normal -0 -0.760418 -0.649434
    outer loop
      vertex 39.5 -4.2981 1.0019
      vertex 35.9818 -4.6293 1.3897
      vertex 35.9655 -4.2981 1.0019
    endloop
  endfacet
  facet normal 0 -0.760418 -0.649434
    outer loop
      vertex 35.9818 -4.6293 1.3897
      vertex 39.5 -4.2981 1.0019
      vertex 39.5 -4.6293 1.3897
    endloop
  endfacet
  facet normal 1 0 0
    outer loop
      vertex 39.5 -0.599999 3.3
      vertex 39.5 1.25 3.3
      vertex 39.5 1.20999 3.80841
    endloop
  endfacet
  facet normal 1 0 0
    outer loop
      vertex 39.5 -0.6269 3.57313
      vertex 39.5 1.20999 3.80841
      vertex 39.5 1.09093 4.30431
    endloop
  endfacet
  facet normal 1 0 0
    outer loop
      vertex 39.5 1.25 3.3
      vertex 39.5 -0.599999 3.3
      vertex 39.5 1.20999 2.79159
    endloop
  endfacet
  facet normal 1 0 0
    outer loop
      vertex 39.5 -0.706568 3.83576
      vertex 39.5 1.09093 4.30431
      vertex 39.5 0.895771 4.77547
    endloop
  endfacet
  facet normal 1 -0 0
    outer loop
      vertex 39.5 -0.6269 3.02687
      vertex 39.5 1.20999 2.79159
      vertex 39.5 -0.599999 3.3
    endloop
  endfacet
  facet normal 1 0 0
    outer loop
      vertex 39.5 -0.835942 4.0778
      vertex 39.5 0.895771 4.77547
      vertex 39.5 0.629305 5.2103
    endloop
  endfacet
  facet normal 1 0 0
    outer loop
      vertex 39.5 1.20999 2.79159
      vertex 39.5 -0.6269 3.02687
      vertex 39.5 1.09093 2.29569
    endloop
  endfacet
  facet normal 1 0 0
    outer loop
      vertex 39.5 -1.01005 4.28995
      vertex 39.5 0.629305 5.2103
      vertex 39.5 0.298097 5.5981
    endloop
  endfacet
  facet normal 1 -0 0
    outer loop
      vertex 39.5 -0.706568 2.76424
      vertex 39.5 1.09093 2.29569
      vertex 39.5 -0.6269 3.02687
    endloop
  endfacet
  facet normal 1 0 0
    outer loop
      vertex 39.5 -1.01005 4.28995
      vertex 39.5 0.298097 5.5981
      vertex 39.5 -0.0896978 5.92931
    endloop
  endfacet
  facet normal 1 0 0
    outer loop
      vertex 39.5 1.09093 2.29569
      vertex 39.5 -0.706568 2.76424
      vertex 39.5 0.895771 1.82453
    endloop
  endfacet
  facet normal 1 0 0
    outer loop
      vertex 39.5 -1.2222 4.46406
      vertex 39.5 -0.0896978 5.92931
      vertex 39.5 -0.52453 6.19577
    endloop
  endfacet
  facet normal 1 -0 0
    outer loop
      vertex 39.5 -0.835942 2.5222
      vertex 39.5 0.895771 1.82453
      vertex 39.5 -0.706568 2.76424
    endloop
  endfacet
  facet normal 1 0 0
    outer loop
      vertex 39.5 0.895771 1.82453
      vertex 39.5 -0.835942 2.5222
      vertex 39.5 0.629305 1.3897
    endloop
  endfacet
  facet normal 1 0 0
    outer loop
      vertex 39.5 1.20999 3.80841
      vertex 39.5 -0.6269 3.57313
      vertex 39.5 -0.599999 3.3
    endloop
  endfacet
  facet normal 1 0 0
    outer loop
      vertex 39.5 1.09093 4.30431
      vertex 39.5 -0.706568 3.83576
      vertex 39.5 -0.6269 3.57313
    endloop
  endfacet
  facet normal 1 0 0
    outer loop
      vertex 39.5 0.895771 4.77547
      vertex 39.5 -0.835942 4.0778
      vertex 39.5 -0.706568 3.83576
    endloop
  endfacet
  facet normal 1 0 0
    outer loop
      vertex 39.5 -1.46424 4.59343
      vertex 39.5 -0.52453 6.19577
      vertex 39.5 -0.995694 6.39093
    endloop
  endfacet
  facet normal 1 0 0
    outer loop
      vertex 39.5 0.629305 5.2103
      vertex 39.5 -1.01005 4.28995
      vertex 39.5 -0.835942 4.0778
    endloop
  endfacet
  facet normal 1 0 0
    outer loop
      vertex 39.5 -0.0896978 5.92931
      vertex 39.5 -1.2222 4.46406
      vertex 39.5 -1.01005 4.28995
    endloop
  endfacet
  facet normal 1 0 0
    outer loop
      vertex 39.5 -0.52453 6.19577
      vertex 39.5 -1.46424 4.59343
      vertex 39.5 -1.2222 4.46406
    endloop
  endfacet
  facet normal 1 0 0
    outer loop
      vertex 39.5 -1.72687 4.6731
      vertex 39.5 -0.995694 6.39093
      vertex 39.5 -1.49159 6.50999
    endloop
  endfacet
  facet normal 1 0 0
    outer loop
      vertex 39.5 -0.995694 6.39093
      vertex 39.5 -1.72687 4.6731
      vertex 39.5 -1.46424 4.59343
    endloop
  endfacet
  facet normal 1 0 0
    outer loop
      vertex 39.5 -2 4.7
      vertex 39.5 -1.49159 6.50999
      vertex 39.5 -2 6.55
    endloop
  endfacet
  facet normal 1 0 0
    outer loop
      vertex 39.5 -1.49159 6.50999
      vertex 39.5 -2 4.7
      vertex 39.5 -1.72687 4.6731
    endloop
  endfacet
  facet normal 1 -0 0
    outer loop
      vertex 39.5 -2.50841 6.50999
      vertex 39.5 -2 4.7
      vertex 39.5 -2 6.55
    endloop
  endfacet
  facet normal 1 0 0
    outer loop
      vertex 39.5 -2 4.7
      vertex 39.5 -2.50841 6.50999
      vertex 39.5 -2.27313 4.6731
    endloop
  endfacet
  facet normal 1 -0 0
    outer loop
      vertex 39.5 -3.0043 6.39093
      vertex 39.5 -2.27313 4.6731
      vertex 39.5 -2.50841 6.50999
    endloop
  endfacet
  facet normal 1 0 0
    outer loop
      vertex 39.5 -2.27313 4.6731
      vertex 39.5 -3.0043 6.39093
      vertex 39.5 -2.53576 4.59343
    endloop
  endfacet
  facet normal 1 -0 0
    outer loop
      vertex 39.5 -3.47547 6.19577
      vertex 39.5 -2.53576 4.59343
      vertex 39.5 -3.0043 6.39093
    endloop
  endfacet
  facet normal 1 0 0
    outer loop
      vertex 39.5 -2.53576 4.59343
      vertex 39.5 -3.47547 6.19577
      vertex 39.5 -2.7778 4.46406
    endloop
  endfacet
  facet normal 1 -0 0
    outer loop
      vertex 39.5 -3.9103 5.92931
      vertex 39.5 -2.7778 4.46406
      vertex 39.5 -3.47547 6.19577
    endloop
  endfacet
  facet normal 1 0 0
    outer loop
      vertex 39.5 -2.7778 4.46406
      vertex 39.5 -3.9103 5.92931
      vertex 39.5 -2.98995 4.28995
    endloop
  endfacet
  facet normal 1 -0 0
    outer loop
      vertex 39.5 -4.2981 5.5981
      vertex 39.5 -2.98995 4.28995
      vertex 39.5 -3.9103 5.92931
    endloop
  endfacet
  facet normal 1 0 0
    outer loop
      vertex 39.5 -2.98995 4.28995
      vertex 39.5 -4.6293 5.2103
      vertex 39.5 -3.16406 4.0778
    endloop
  endfacet
  facet normal 1 -0 0
    outer loop
      vertex 39.5 -4.6293 5.2103
      vertex 39.5 -2.98995 4.28995
      vertex 39.5 -4.2981 5.5981
    endloop
  endfacet
  facet normal 1 -0 0
    outer loop
      vertex 39.5 -1.01005 2.31005
      vertex 39.5 0.629305 1.3897
      vertex 39.5 -0.835942 2.5222
    endloop
  endfacet
  facet normal 1 0 0
    outer loop
      vertex 39.5 0.629305 1.3897
      vertex 39.5 -1.01005 2.31005
      vertex 39.5 0.298097 1.0019
    endloop
  endfacet
  facet normal 1 0 0
    outer loop
      vertex 39.5 0.298097 1.0019
      vertex 39.5 -1.01005 2.31005
      vertex 39.5 -0.0896978 0.670694
    endloop
  endfacet
  facet normal 1 -0 0
    outer loop
      vertex 39.5 -1.2222 2.13594
      vertex 39.5 -0.0896978 0.670694
      vertex 39.5 -1.01005 2.31005
    endloop
  endfacet
  facet normal 1 0 0
    outer loop
      vertex 39.5 -0.0896978 0.670694
      vertex 39.5 -1.2222 2.13594
      vertex 39.5 -0.52453 0.404228
    endloop
  endfacet
  facet normal 1 -0 0
    outer loop
      vertex 39.5 -1.46424 2.00657
      vertex 39.5 -0.52453 0.404228
      vertex 39.5 -1.2222 2.13594
    endloop
  endfacet
  facet normal 1 0 0
    outer loop
      vertex 39.5 -0.52453 0.404228
      vertex 39.5 -1.46424 2.00657
      vertex 39.5 -0.995694 0.209066
    endloop
  endfacet
  facet normal 1 -0 0
    outer loop
      vertex 39.5 -1.72687 1.9269
      vertex 39.5 -0.995694 0.209066
      vertex 39.5 -1.46424 2.00657
    endloop
  endfacet
  facet normal 1 0 0
    outer loop
      vertex 39.5 -0.995694 0.209066
      vertex 39.5 -1.72687 1.9269
      vertex 39.5 -1.49159 0.0900124
    endloop
  endfacet
  facet normal 1 -0 0
    outer loop
      vertex 39.5 -2 1.9
      vertex 39.5 -1.49159 0.0900124
      vertex 39.5 -1.72687 1.9269
    endloop
  endfacet
  facet normal 1 0 0
    outer loop
      vertex 39.5 -2 1.9
      vertex 39.5 -2 0.05
      vertex 39.5 -1.49159 0.0900124
    endloop
  endfacet
  facet normal 1 0 0
    outer loop
      vertex 39.5 -2.50841 0.0900124
      vertex 39.5 -2 1.9
      vertex 39.5 -2.27313 1.9269
    endloop
  endfacet
  facet normal 1 0 0
    outer loop
      vertex 39.5 -2 1.9
      vertex 39.5 -2.50841 0.0900124
      vertex 39.5 -2 0.05
    endloop
  endfacet
  facet normal 1 0 0
    outer loop
      vertex 39.5 -3.0043 0.209066
      vertex 39.5 -2.27313 1.9269
      vertex 39.5 -2.53576 2.00657
    endloop
  endfacet
  facet normal 1 0 0
    outer loop
      vertex 39.5 -3.47547 0.404228
      vertex 39.5 -2.53576 2.00657
      vertex 39.5 -2.7778 2.13594
    endloop
  endfacet
  facet normal 1 0 0
    outer loop
      vertex 39.5 -3.9103 0.670694
      vertex 39.5 -2.7778 2.13594
      vertex 39.5 -2.98995 2.31005
    endloop
  endfacet
  facet normal 1 0 0
    outer loop
      vertex 39.5 -2.27313 1.9269
      vertex 39.5 -3.0043 0.209066
      vertex 39.5 -2.50841 0.0900124
    endloop
  endfacet
  facet normal 1 0 0
    outer loop
      vertex 39.5 -4.6293 1.3897
      vertex 39.5 -2.98995 2.31005
      vertex 39.5 -3.16406 2.5222
    endloop
  endfacet
  facet normal 1 0 0
    outer loop
      vertex 39.5 -4.89577 1.82453
      vertex 39.5 -3.16406 2.5222
      vertex 39.5 -3.29343 2.76424
    endloop
  endfacet
  facet normal 1 0 0
    outer loop
      vertex 39.5 -5.09093 2.29569
      vertex 39.5 -3.29343 2.76424
      vertex 39.5 -3.3731 3.02687
    endloop
  endfacet
  facet normal 1 0 0
    outer loop
      vertex 39.5 -2.53576 2.00657
      vertex 39.5 -3.47547 0.404228
      vertex 39.5 -3.0043 0.209066
    endloop
  endfacet
  facet normal 1 0 0
    outer loop
      vertex 39.5 -5.20999 2.79159
      vertex 39.5 -3.3731 3.02687
      vertex 39.5 -3.4 3.3
    endloop
  endfacet
  facet normal 1 -0 0
    outer loop
      vertex 39.5 -4.89577 4.77547
      vertex 39.5 -3.16406 4.0778
      vertex 39.5 -4.6293 5.2103
    endloop
  endfacet
  facet normal 1 0 0
    outer loop
      vertex 39.5 -3.16406 4.0778
      vertex 39.5 -4.89577 4.77547
      vertex 39.5 -3.29343 3.83576
    endloop
  endfacet
  facet normal 1 0 0
    outer loop
      vertex 39.5 -2.7778 2.13594
      vertex 39.5 -3.9103 0.670694
      vertex 39.5 -3.47547 0.404228
    endloop
  endfacet
  facet normal 1 -0 0
    outer loop
      vertex 39.5 -5.09093 4.30431
      vertex 39.5 -3.29343 3.83576
      vertex 39.5 -4.89577 4.77547
    endloop
  endfacet
  facet normal 1 0 0
    outer loop
      vertex 39.5 -2.98995 2.31005
      vertex 39.5 -4.2981 1.0019
      vertex 39.5 -3.9103 0.670694
    endloop
  endfacet
  facet normal 1 0 0
    outer loop
      vertex 39.5 -3.29343 3.83576
      vertex 39.5 -5.09093 4.30431
      vertex 39.5 -3.3731 3.57313
    endloop
  endfacet
  facet normal 1 0 0
    outer loop
      vertex 39.5 -2.98995 2.31005
      vertex 39.5 -4.6293 1.3897
      vertex 39.5 -4.2981 1.0019
    endloop
  endfacet
  facet normal 1 -0 0
    outer loop
      vertex 39.5 -5.20999 3.80841
      vertex 39.5 -3.3731 3.57313
      vertex 39.5 -5.09093 4.30431
    endloop
  endfacet
  facet normal 1 0 0
    outer loop
      vertex 39.5 -3.16406 2.5222
      vertex 39.5 -4.89577 1.82453
      vertex 39.5 -4.6293 1.3897
    endloop
  endfacet
  facet normal 1 0 0
    outer loop
      vertex 39.5 -3.3731 3.57313
      vertex 39.5 -5.20999 3.80841
      vertex 39.5 -3.4 3.3
    endloop
  endfacet
  facet normal 1 0 0
    outer loop
      vertex 39.5 -3.29343 2.76424
      vertex 39.5 -5.09093 2.29569
      vertex 39.5 -4.89577 1.82453
    endloop
  endfacet
  facet normal 1 0 0
    outer loop
      vertex 39.5 -5.25 3.3
      vertex 39.5 -3.4 3.3
      vertex 39.5 -5.20999 3.80841
    endloop
  endfacet
  facet normal 1 0 0
    outer loop
      vertex 39.5 -3.3731 3.02687
      vertex 39.5 -5.20999 2.79159
      vertex 39.5 -5.09093 2.29569
    endloop
  endfacet
  facet normal 1 0 0
    outer loop
      vertex 39.5 -3.4 3.3
      vertex 39.5 -5.25 3.3
      vertex 39.5 -5.20999 2.79159
    endloop
  endfacet
  facet normal 0 -0.923878 0.382688
    outer loop
      vertex 36 -5 4.52384
      vertex 39.5 -4.89577 4.77547
      vertex 35.9949 -4.89577 4.77547
    endloop
  endfacet
  facet normal 0 -0.923883 0.382675
    outer loop
      vertex 39.5 -5.09093 4.30431
      vertex 36 -5 4.52384
      vertex 36 -5.09093 4.30431
    endloop
  endfacet
  facet normal 5.01981e-07 -0.92388 0.382682
    outer loop
      vertex 36 -5 4.52384
      vertex 39.5 -5.09093 4.30431
      vertex 39.5 -4.89577 4.77547
    endloop
  endfacet
  facet normal 0 -0.972368 0.233455
    outer loop
      vertex 36 -5.20999 3.80841
      vertex 39.5 -5.09093 4.30431
      vertex 36 -5.09093 4.30431
    endloop
  endfacet
  facet normal 0 -0.972368 0.233455
    outer loop
      vertex 39.5 -5.09093 4.30431
      vertex 36 -5.20999 3.80841
      vertex 39.5 -5.20999 3.80841
    endloop
  endfacet
  facet normal 0 -0.233459 0.972367
    outer loop
      vertex 39.5 -2.50841 6.50999
      vertex 35.7373 -3.0043 6.39093
      vertex 39.5 -3.0043 6.39093
    endloop
  endfacet
  facet normal 9.19982e-08 -0.23346 0.972366
    outer loop
      vertex 39.5 -2.50841 6.50999
      vertex 35.6555 -2.67772 6.46934
      vertex 35.7373 -3.0043 6.39093
    endloop
  endfacet
  facet normal 0 -0.233458 0.972367
    outer loop
      vertex 35.6555 -2.67772 6.46934
      vertex 39.5 -2.50841 6.50999
      vertex 35.5949 -2.50841 6.50999
    endloop
  endfacet
  facet normal 0 0.972368 -0.233455
    outer loop
      vertex 39.5 1.09093 2.29569
      vertex 35 1.20999 2.79159
      vertex 39.5 1.20999 2.79159
    endloop
  endfacet
  facet normal 0 0.972368 -0.233455
    outer loop
      vertex 35 1.20999 2.79159
      vertex 39.5 1.09093 2.29569
      vertex 35 1.09093 2.29569
    endloop
  endfacet
  facet normal 0 -0.522501 -0.852639
    outer loop
      vertex 35.9161 -3.9103 0.670694
      vertex 39.5 -3.47547 0.404228
      vertex 39.5 -3.9103 0.670694
    endloop
  endfacet
  facet normal -0 -0.522501 -0.852639
    outer loop
      vertex 39.5 -3.47547 0.404228
      vertex 35.9161 -3.9103 0.670694
      vertex 35.8517 -3.47547 0.404228
    endloop
  endfacet
  facet normal 0.24289 -0.970054 0
    outer loop
      vertex 30 -39.7362 -1.90735e-07
      vertex 30.3223 -39.6555 4.3
      vertex 30 -39.7362 4.3
    endloop
  endfacet
  facet normal 0.24289 -0.970054 0
    outer loop
      vertex 30.3223 -39.6555 4.3
      vertex 30 -39.7362 -1.90735e-07
      vertex 30.3223 -39.6555 -1.90735e-07
    endloop
  endfacet
  facet normal -0.998797 0.0490399 0
    outer loop
      vertex -36 -5 -1.90735e-07
      vertex -35.9615 -4.21587 0.931671
      vertex -35.9615 -4.21587 -1.90735e-07
    endloop
  endfacet
  facet normal -0.99881 0.0487762 0.00022251
    outer loop
      vertex -35.9615 -4.21587 0.931671
      vertex -36 -5 -1.90735e-07
      vertex -35.9655 -4.2981 1.0019
    endloop
  endfacet
  facet normal -0.998793 0.0491273 -2.40923e-05
    outer loop
      vertex -35.9655 -4.2981 1.0019
      vertex -36 -5 -1.90735e-07
      vertex -35.9818 -4.6293 1.3897
    endloop
  endfacet
  facet normal -0.998795 0.0490823 -1.20568e-05
    outer loop
      vertex -35.9818 -4.6293 1.3897
      vertex -36 -5 -1.90735e-07
      vertex -35.9949 -4.89577 1.82453
    endloop
  endfacet
  facet normal -0.998805 0.0488718 0
    outer loop
      vertex -35.9949 -4.89577 1.82453
      vertex -36 -5 -1.90735e-07
      vertex -36 -5 2.07616
    endloop
  endfacet
  facet normal -0.998818 0.0486068 -2.37526e-05
    outer loop
      vertex -36 -5 20
      vertex -35.9615 -4.21587 5.66833
      vertex -35.9655 -4.2981 5.5981
    endloop
  endfacet
  facet normal -0.998791 0.0491521 2.88617e-06
    outer loop
      vertex -36 -5 20
      vertex -35.9655 -4.2981 5.5981
      vertex -35.9818 -4.6293 5.2103
    endloop
  endfacet
  facet normal -0.998794 0.0490994 1.56215e-06
    outer loop
      vertex -36 -5 20
      vertex -35.9818 -4.6293 5.2103
      vertex -35.9949 -4.89577 4.77547
    endloop
  endfacet
  facet normal -0.998805 0.0488718 0
    outer loop
      vertex -36 -5 20
      vertex -35.9949 -4.89577 4.77547
      vertex -36 -5 4.52384
    endloop
  endfacet
  facet normal -0.998797 0.0490399 0
    outer loop
      vertex -35.9615 -4.21587 5.66833
      vertex -36 -5 20
      vertex -35.9615 -4.21587 20
    endloop
  endfacet
  facet normal 0.514093 0.857734 -0
    outer loop
      vertex 32.4446 1.65176 -1.90735e-07
      vertex 31.7712 2.05537 20
      vertex 32.4446 1.65176 20
    endloop
  endfacet
  facet normal 0.514093 0.857734 0
    outer loop
      vertex 31.7712 2.05537 20
      vertex 32.4446 1.65176 -1.90735e-07
      vertex 31.7712 2.05537 -1.90735e-07
    endloop
  endfacet
  facet normal 0.989176 0.146733 0
    outer loop
      vertex 35.9615 -4.21587 20
      vertex 35.8463 -3.43927 6.21076
      vertex 35.8463 -3.43927 20
    endloop
  endfacet
  facet normal 0.989059 0.14752 4.53082e-05
    outer loop
      vertex 35.8463 -3.43927 6.21076
      vertex 35.9615 -4.21587 20
      vertex 35.8517 -3.47547 6.19577
    endloop
  endfacet
  facet normal 0.989209 0.146512 -9.98402e-06
    outer loop
      vertex 35.8517 -3.47547 6.19577
      vertex 35.9615 -4.21587 20
      vertex 35.9161 -3.9103 5.92931
    endloop
  endfacet
  facet normal 0.989142 0.146962 0
    outer loop
      vertex 35.9161 -3.9103 5.92931
      vertex 35.9615 -4.21587 20
      vertex 35.9615 -4.21587 5.66833
    endloop
  endfacet
  facet normal 0.989056 0.147539 0
    outer loop
      vertex 35.8517 -3.47547 0.404228
      vertex 35.8463 -3.43927 -1.90735e-07
      vertex 35.8463 -3.43927 0.389234
    endloop
  endfacet
  facet normal 0.989195 0.146605 0.000165919
    outer loop
      vertex 35.9615 -4.21587 -1.90735e-07
      vertex 35.8517 -3.47547 0.404228
      vertex 35.9161 -3.9103 0.670694
    endloop
  endfacet
  facet normal 0.989142 0.146962 -0
    outer loop
      vertex 35.9615 -4.21587 -1.90735e-07
      vertex 35.9161 -3.9103 0.670694
      vertex 35.9615 -4.21587 0.931671
    endloop
  endfacet
  facet normal 0.989176 0.146733 -7.37336e-05
    outer loop
      vertex 35.8517 -3.47547 0.404228
      vertex 35.9615 -4.21587 -1.90735e-07
      vertex 35.8463 -3.43927 -1.90735e-07
    endloop
  endfacet
  facet normal -1 0 0
    outer loop
      vertex -36 -5 -1.90735e-07
      vertex -36 -5.09093 2.29569
      vertex -36 -5 2.07616
    endloop
  endfacet
  facet normal -1 0 0
    outer loop
      vertex -36 -9.5 4.3
      vertex -36 -5.09093 2.29569
      vertex -36 -5 -1.90735e-07
    endloop
  endfacet
  facet normal -1 0 0
    outer loop
      vertex -36 -5.09093 2.29569
      vertex -36 -9.5 4.3
      vertex -36 -5.20999 2.79159
    endloop
  endfacet
  facet normal -1 0 0
    outer loop
      vertex -36 -5.20999 2.79159
      vertex -36 -9.5 4.3
      vertex -36 -5.25 3.3
    endloop
  endfacet
  facet normal -1 0 0
    outer loop
      vertex -36 -30.3707 1.3897
      vertex -36 -9.5 4.3
      vertex -36 -5 -1.90735e-07
    endloop
  endfacet
  facet normal -1 0 0
    outer loop
      vertex -36 -9.5 4.3
      vertex -36 -29.79 2.79159
      vertex -36 -29.75 3.3
    endloop
  endfacet
  facet normal -1 0 0
    outer loop
      vertex -36 -9.5 4.3
      vertex -36 -29.9091 2.29569
      vertex -36 -29.79 2.79159
    endloop
  endfacet
  facet normal -1 0 0
    outer loop
      vertex -36 -9.5 4.3
      vertex -36 -30.1042 1.82453
      vertex -36 -29.9091 2.29569
    endloop
  endfacet
  facet normal -1 0 0
    outer loop
      vertex -36 -9.5 4.3
      vertex -36 -30.3707 1.3897
      vertex -36 -30.1042 1.82453
    endloop
  endfacet
  facet normal -1 0 0
    outer loop
      vertex -36 -5 -1.90735e-07
      vertex -36 -30.7019 1.0019
      vertex -36 -30.3707 1.3897
    endloop
  endfacet
  facet normal -1 0 0
    outer loop
      vertex -36 -5 -1.90735e-07
      vertex -36 -31.0897 0.670694
      vertex -36 -30.7019 1.0019
    endloop
  endfacet
  facet normal -1 0 0
    outer loop
      vertex -36 -32 -1.90735e-07
      vertex -36 -31.0897 0.670694
      vertex -36 -5 -1.90735e-07
    endloop
  endfacet
  facet normal -1 0 0
    outer loop
      vertex -36 -31.0897 0.670694
      vertex -36 -32 -1.90735e-07
      vertex -36 -31.5245 0.404228
    endloop
  endfacet
  facet normal -1 0 0
    outer loop
      vertex -36 -31.5245 0.404228
      vertex -36 -32 -1.90735e-07
      vertex -36 -31.9957 0.209066
    endloop
  endfacet
  facet normal -1 0 0
    outer loop
      vertex -36 -31.9957 0.209066
      vertex -36 -32 -1.90735e-07
      vertex -36 -32 0.208032
    endloop
  endfacet
  facet normal -1 0 0
    outer loop
      vertex -36 -9.5 4.3
      vertex -36 -5 4.52384
      vertex -36 -5.09093 4.30431
    endloop
  endfacet
  facet normal -1 0 0
    outer loop
      vertex -36 -9.5 4.3
      vertex -36 -5.09093 4.30431
      vertex -36 -5.20999 3.80841
    endloop
  endfacet
  facet normal -1 0 0
    outer loop
      vertex -36 -9.5 4.3
      vertex -36 -5.20999 3.80841
      vertex -36 -5.25 3.3
    endloop
  endfacet
  facet normal -1 0 0
    outer loop
      vertex -36 -9.5 20
      vertex -36 -5 4.52384
      vertex -36 -9.5 4.3
    endloop
  endfacet
  facet normal -1 0 0
    outer loop
      vertex -36 -5 4.52384
      vertex -36 -9.5 20
      vertex -36 -5 20
    endloop
  endfacet
  facet normal -1 0 0
    outer loop
      vertex -36 -29.79 3.80841
      vertex -36 -9.5 4.3
      vertex -36 -29.75 3.3
    endloop
  endfacet
  facet normal -1 -0 0
    outer loop
      vertex -36 -9.5 4.3
      vertex -36 -29.79 3.80841
      vertex -36 -29.908 4.3
    endloop
  endfacet
  facet normal -0.67148 -0.741023 0
    outer loop
      vertex -33.6569 -37.6569 -1.90735e-07
      vertex -33.0751 -38.1841 4.3
      vertex -33.6569 -37.6569 4.3
    endloop
  endfacet
  facet normal -0.67148 -0.741023 -0
    outer loop
      vertex -33.0751 -38.1841 4.3
      vertex -33.6569 -37.6569 -1.90735e-07
      vertex -33.0751 -38.1841 -1.90735e-07
    endloop
  endfacet
  facet normal -0.514084 -0.85774 0
    outer loop
      vertex -32.4446 -38.6518 -1.90735e-07
      vertex -31.7712 -39.0554 4.3
      vertex -32.4446 -38.6518 4.3
    endloop
  endfacet
  facet normal -0.514084 -0.85774 -0
    outer loop
      vertex -31.7712 -39.0554 4.3
      vertex -32.4446 -38.6518 -1.90735e-07
      vertex -31.7712 -39.0554 -1.90735e-07
    endloop
  endfacet
  facet normal -0.427489 -0.90402 0
    outer loop
      vertex -31.7712 -39.0554 -1.90735e-07
      vertex -31.0615 -39.391 4.3
      vertex -31.7712 -39.0554 4.3
    endloop
  endfacet
  facet normal -0.427489 -0.90402 -0
    outer loop
      vertex -31.0615 -39.391 4.3
      vertex -31.7712 -39.0554 -1.90735e-07
      vertex -31.0615 -39.391 -1.90735e-07
    endloop
  endfacet
  facet normal -0.24289 -0.970054 0
    outer loop
      vertex -30.3223 -39.6555 -1.90735e-07
      vertex -30 -39.7362 4.3
      vertex -30.3223 -39.6555 4.3
    endloop
  endfacet
  facet normal -0.24289 -0.970054 -0
    outer loop
      vertex -30 -39.7362 4.3
      vertex -30.3223 -39.6555 -1.90735e-07
      vertex -30 -39.7362 -1.90735e-07
    endloop
  endfacet
  facet normal 0.427562 0.903986 -0
    outer loop
      vertex 31.7712 2.05537 -1.90735e-07
      vertex 31.0615 2.39104 20
      vertex 31.7712 2.05537 20
    endloop
  endfacet
  facet normal 0.427562 0.903986 0
    outer loop
      vertex 31.0615 2.39104 20
      vertex 31.7712 2.05537 -1.90735e-07
      vertex 31.0615 2.39104 -1.90735e-07
    endloop
  endfacet
  facet normal 0.242975 0.970033 -0
    outer loop
      vertex 30.3223 2.65552 -1.90735e-07
      vertex 30 2.73625 20
      vertex 30.3223 2.65552 20
    endloop
  endfacet
  facet normal 0.242975 0.970033 0
    outer loop
      vertex 30 2.73625 20
      vertex 30.3223 2.65552 -1.90735e-07
      vertex 30 2.73625 -1.90735e-07
    endloop
  endfacet
  facet normal 0.989194 -0.146615 0
    outer loop
      vertex 35.9295 -33 0.05
      vertex 35.9615 -32.7841 -1.90735e-07
      vertex 35.9615 -32.7841 0.0669888
    endloop
  endfacet
  facet normal 0.98916 -0.14684 0.000702157
    outer loop
      vertex 35.8463 -33.5607 -1.90735e-07
      vertex 35.9295 -33 0.05
      vertex 35.854 -33.5084 0.0900124
    endloop
  endfacet
  facet normal 0.989176 -0.146733 -0.000521716
    outer loop
      vertex 35.9295 -33 0.05
      vertex 35.8463 -33.5607 -1.90735e-07
      vertex 35.9615 -32.7841 -1.90735e-07
    endloop
  endfacet
  facet normal 0.989335 -0.145657 0
    outer loop
      vertex 35.8463 -33.5607 -1.90735e-07
      vertex 35.854 -33.5084 0.0900124
      vertex 35.8463 -33.5607 0.102573
    endloop
  endfacet
  facet normal 0.998791 -0.0491675 0
    outer loop
      vertex 35.9758 -32.4916 0.0900124
      vertex 36 -32 -1.90735e-07
      vertex 36 -32 0.208032
    endloop
  endfacet
  facet normal 0.998807 -0.0488306 0
    outer loop
      vertex 35.9615 -32.7841 -1.90735e-07
      vertex 35.9758 -32.4916 0.0900124
      vertex 35.9615 -32.7841 0.0669888
    endloop
  endfacet
  facet normal 0.998796 -0.0490418 0.000688046
    outer loop
      vertex 35.9758 -32.4916 0.0900124
      vertex 35.9615 -32.7841 -1.90735e-07
      vertex 36 -32 -1.90735e-07
    endloop
  endfacet
  facet normal -0.857784 0.514011 0
    outer loop
      vertex -34.8 -0.802752 4.0157
      vertex -34.6518 -0.555435 -1.90735e-07
      vertex -34.8 -0.802752 2.5843
    endloop
  endfacet
  facet normal -0.857672 0.514196 2.41728e-05
    outer loop
      vertex -34.6518 -0.555435 -1.90735e-07
      vertex -34.8199 -0.835942 2.5222
      vertex -34.8 -0.802752 2.5843
    endloop
  endfacet
  facet normal -0.857841 0.513915 -1.83642e-05
    outer loop
      vertex -34.6518 -0.555435 -1.90735e-07
      vertex -34.9242 -1.01005 2.31005
      vertex -34.8199 -0.835942 2.5222
    endloop
  endfacet
  facet normal -0.857751 0.514065 0
    outer loop
      vertex -35 -1.13643 2.20633
      vertex -34.6518 -0.555435 -1.90735e-07
      vertex -35 -1.13643 0.175277
    endloop
  endfacet
  facet normal -0.857735 0.514092 0.000122997
    outer loop
      vertex -35.0554 -1.22882 -1.90735e-07
      vertex -35 -1.13643 0.175277
      vertex -34.6518 -0.555435 -1.90735e-07
    endloop
  endfacet
  facet normal -0.857632 0.514264 0
    outer loop
      vertex -35 -1.13643 0.175277
      vertex -35.0554 -1.22882 -1.90735e-07
      vertex -35.0554 -1.22882 0.153097
    endloop
  endfacet
  facet normal -0.857784 0.514011 0
    outer loop
      vertex -34.6518 -0.555435 -1.90735e-07
      vertex -34.8 -0.802752 4.0157
      vertex -34.6518 -0.555435 20
    endloop
  endfacet
  facet normal -0.857626 0.514273 3.174e-05
    outer loop
      vertex -35 -1.13643 6.42472
      vertex -34.8 -0.802752 4.0157
      vertex -34.8199 -0.835942 4.0778
    endloop
  endfacet
  facet normal -0.857872 0.513863 -3.96821e-05
    outer loop
      vertex -35 -1.13643 6.42472
      vertex -34.8199 -0.835942 4.0778
      vertex -34.9242 -1.01005 4.28995
    endloop
  endfacet
  facet normal -0.857577 0.514356 0
    outer loop
      vertex -35 -1.13643 6.42472
      vertex -34.9242 -1.01005 4.28995
      vertex -35 -1.13643 4.39367
    endloop
  endfacet
  facet normal -0.857733 0.514095 -1.78224e-06
    outer loop
      vertex -34.8 -0.802752 4.0157
      vertex -35 -1.13643 6.42472
      vertex -34.6518 -0.555435 20
    endloop
  endfacet
  facet normal -0.857633 0.514262 -1.14556e-05
    outer loop
      vertex -35.0554 -1.22882 6.4469
      vertex -34.6518 -0.555435 20
      vertex -35 -1.13643 6.42472
    endloop
  endfacet
  facet normal -0.857735 0.514092 0
    outer loop
      vertex -34.6518 -0.555435 20
      vertex -35.0554 -1.22882 6.4469
      vertex -35.0554 -1.22882 20
    endloop
  endfacet
  facet normal -0.857608 0.514304 8.57489e-05
    outer loop
      vertex -34.6518 -0.555435 -1.90735e-07
      vertex -35 -1.13643 2.20633
      vertex -34.9242 -1.01005 2.31005
    endloop
  endfacet
  facet normal 0 0 -1
    outer loop
      vertex -30.3223 -39.6555 -1.90735e-07
      vertex -30 -37.6492 -1.90735e-07
      vertex -30 -39.7362 -1.90735e-07
    endloop
  endfacet
  facet normal 0 0 -1
    outer loop
      vertex -31.0615 -39.391 -1.90735e-07
      vertex -30 -37.6492 -1.90735e-07
      vertex -30.3223 -39.6555 -1.90735e-07
    endloop
  endfacet
  facet normal -0 0 -1
    outer loop
      vertex -30 -37.6492 -1.90735e-07
      vertex -31.0615 -39.391 -1.90735e-07
      vertex -30.2961 -37.5433 -1.90735e-07
    endloop
  endfacet
  facet normal -0 0 -1
    outer loop
      vertex -30.2961 -37.5433 -1.90735e-07
      vertex -31.0615 -39.391 -1.90735e-07
      vertex -30.8284 -37.2915 -1.90735e-07
    endloop
  endfacet
  facet normal 0 0 -1
    outer loop
      vertex -31.7712 -39.0554 -1.90735e-07
      vertex -30.8284 -37.2915 -1.90735e-07
      vertex -31.0615 -39.391 -1.90735e-07
    endloop
  endfacet
  facet normal -0 0 -1
    outer loop
      vertex -30.8284 -37.2915 -1.90735e-07
      vertex -31.7712 -39.0554 -1.90735e-07
      vertex -31.3334 -36.9888 -1.90735e-07
    endloop
  endfacet
  facet normal 0 0 -1
    outer loop
      vertex -32.4446 -38.6518 -1.90735e-07
      vertex -31.3334 -36.9888 -1.90735e-07
      vertex -31.7712 -39.0554 -1.90735e-07
    endloop
  endfacet
  facet normal -0 0 -1
    outer loop
      vertex -31.3334 -36.9888 -1.90735e-07
      vertex -32.4446 -38.6518 -1.90735e-07
      vertex -31.8064 -36.6381 -1.90735e-07
    endloop
  endfacet
  facet normal 0 0 -1
    outer loop
      vertex -33.0751 -38.1841 -1.90735e-07
      vertex -31.8064 -36.6381 -1.90735e-07
      vertex -32.4446 -38.6518 -1.90735e-07
    endloop
  endfacet
  facet normal -0 0 -1
    outer loop
      vertex -31.8064 -36.6381 -1.90735e-07
      vertex -33.0751 -38.1841 -1.90735e-07
      vertex -32.2426 -36.2426 -1.90735e-07
    endloop
  endfacet
  facet normal 0 0 -1
    outer loop
      vertex -33.6569 -37.6569 -1.90735e-07
      vertex -32.2426 -36.2426 -1.90735e-07
      vertex -33.0751 -38.1841 -1.90735e-07
    endloop
  endfacet
  facet normal -0 0 -1
    outer loop
      vertex -32.2426 -36.2426 -1.90735e-07
      vertex -33.6569 -37.6569 -1.90735e-07
      vertex -32.6381 -35.8064 -1.90735e-07
    endloop
  endfacet
  facet normal 0 0 -1
    outer loop
      vertex -34.1841 -37.0751 -1.90735e-07
      vertex -32.6381 -35.8064 -1.90735e-07
      vertex -33.6569 -37.6569 -1.90735e-07
    endloop
  endfacet
  facet normal -0 0 -1
    outer loop
      vertex -32.6381 -35.8064 -1.90735e-07
      vertex -34.1841 -37.0751 -1.90735e-07
      vertex -32.9888 -35.3334 -1.90735e-07
    endloop
  endfacet
  facet normal 0 0 -1
    outer loop
      vertex -34.6518 -36.4446 -1.90735e-07
      vertex -32.9888 -35.3334 -1.90735e-07
      vertex -34.1841 -37.0751 -1.90735e-07
    endloop
  endfacet
  facet normal -0 0 -1
    outer loop
      vertex -32.9888 -35.3334 -1.90735e-07
      vertex -34.6518 -36.4446 -1.90735e-07
      vertex -33.2915 -34.8284 -1.90735e-07
    endloop
  endfacet
  facet normal 0 0 -1
    outer loop
      vertex -35.0554 -35.7712 -1.90735e-07
      vertex -33.2915 -34.8284 -1.90735e-07
      vertex -34.6518 -36.4446 -1.90735e-07
    endloop
  endfacet
  facet normal -0 0 -1
    outer loop
      vertex -33.2915 -34.8284 -1.90735e-07
      vertex -35.0554 -35.7712 -1.90735e-07
      vertex -33.5433 -34.2961 -1.90735e-07
    endloop
  endfacet
  facet normal 0 0 -1
    outer loop
      vertex -35.6555 -34.3223 -1.90735e-07
      vertex -33.7416 -33.7417 -1.90735e-07
      vertex -35.391 -35.0615 -1.90735e-07
    endloop
  endfacet
  facet normal -0 0 -1
    outer loop
      vertex -33.5433 -34.2961 -1.90735e-07
      vertex -35.391 -35.0615 -1.90735e-07
      vertex -33.7416 -33.7417 -1.90735e-07
    endloop
  endfacet
  facet normal 0 0 -1
    outer loop
      vertex -35.391 -35.0615 -1.90735e-07
      vertex -33.5433 -34.2961 -1.90735e-07
      vertex -35.0554 -35.7712 -1.90735e-07
    endloop
  endfacet
  facet normal 0 0 -1
    outer loop
      vertex -31.0615 2.39104 -1.90735e-07
      vertex -30 0.649221 -1.90735e-07
      vertex -30.2961 0.543274 -1.90735e-07
    endloop
  endfacet
  facet normal 0 0 -1
    outer loop
      vertex -30 0.649221 -1.90735e-07
      vertex -30.3223 2.65552 -1.90735e-07
      vertex -30 2.73625 -1.90735e-07
    endloop
  endfacet
  facet normal 0 0 -1
    outer loop
      vertex -31.0615 2.39104 -1.90735e-07
      vertex -30.2961 0.543274 -1.90735e-07
      vertex -30.8284 0.291534 -1.90735e-07
    endloop
  endfacet
  facet normal 0 0 -1
    outer loop
      vertex -30 0.649221 -1.90735e-07
      vertex -31.0615 2.39104 -1.90735e-07
      vertex -30.3223 2.65552 -1.90735e-07
    endloop
  endfacet
  facet normal 0 0 -1
    outer loop
      vertex -31.7712 2.05537 -1.90735e-07
      vertex -30.8284 0.291534 -1.90735e-07
      vertex -31.3334 -0.0111847 -1.90735e-07
    endloop
  endfacet
  facet normal 0 0 -1
    outer loop
      vertex -30.8284 0.291534 -1.90735e-07
      vertex -31.7712 2.05537 -1.90735e-07
      vertex -31.0615 2.39104 -1.90735e-07
    endloop
  endfacet
  facet normal 0 0 -1
    outer loop
      vertex -32.4446 1.65176 -1.90735e-07
      vertex -31.3334 -0.0111847 -1.90735e-07
      vertex -31.8064 -0.361938 -1.90735e-07
    endloop
  endfacet
  facet normal 0 0 -1
    outer loop
      vertex -33.0751 1.18408 -1.90735e-07
      vertex -31.8064 -0.361938 -1.90735e-07
      vertex -32.2426 -0.757355 -1.90735e-07
    endloop
  endfacet
  facet normal 0 0 -1
    outer loop
      vertex -31.3334 -0.0111847 -1.90735e-07
      vertex -32.4446 1.65176 -1.90735e-07
      vertex -31.7712 2.05537 -1.90735e-07
    endloop
  endfacet
  facet normal 0 0 -1
    outer loop
      vertex -33.6569 0.65686 -1.90735e-07
      vertex -32.2426 -0.757355 -1.90735e-07
      vertex -32.6381 -1.19363 -1.90735e-07
    endloop
  endfacet
  facet normal 0 0 -1
    outer loop
      vertex -34.1841 0.0751495 -1.90735e-07
      vertex -32.6381 -1.19363 -1.90735e-07
      vertex -32.9888 -1.66658 -1.90735e-07
    endloop
  endfacet
  facet normal 0 0 -1
    outer loop
      vertex -31.8064 -0.361938 -1.90735e-07
      vertex -33.0751 1.18408 -1.90735e-07
      vertex -32.4446 1.65176 -1.90735e-07
    endloop
  endfacet
  facet normal 0 0 -1
    outer loop
      vertex -34.6518 -0.555435 -1.90735e-07
      vertex -32.9888 -1.66658 -1.90735e-07
      vertex -33.2915 -2.17162 -1.90735e-07
    endloop
  endfacet
  facet normal 0 0 -1
    outer loop
      vertex -35.0554 -1.22882 -1.90735e-07
      vertex -33.2915 -2.17162 -1.90735e-07
      vertex -33.5433 -2.7039 -1.90735e-07
    endloop
  endfacet
  facet normal 0 0 -1
    outer loop
      vertex -32.2426 -0.757355 -1.90735e-07
      vertex -33.6569 0.65686 -1.90735e-07
      vertex -33.0751 1.18408 -1.90735e-07
    endloop
  endfacet
  facet normal 0 0 -1
    outer loop
      vertex -35.391 -1.93854 -1.90735e-07
      vertex -33.5433 -2.7039 -1.90735e-07
      vertex -33.7416 -3.25829 -1.90735e-07
    endloop
  endfacet
  facet normal 0 0 -1
    outer loop
      vertex -35.6555 -2.67772 -1.90735e-07
      vertex -33.7416 -3.25829 -1.90735e-07
      vertex -33.8847 -3.82945 -1.90735e-07
    endloop
  endfacet
  facet normal 0 0 -1
    outer loop
      vertex -35.8463 -3.43927 -1.90735e-07
      vertex -33.8847 -3.82945 -1.90735e-07
      vertex -33.9711 -4.4119 -1.90735e-07
    endloop
  endfacet
  facet normal 0 0 -1
    outer loop
      vertex -32.6381 -1.19363 -1.90735e-07
      vertex -34.1841 0.0751495 -1.90735e-07
      vertex -33.6569 0.65686 -1.90735e-07
    endloop
  endfacet
  facet normal 0 0 -1
    outer loop
      vertex -35.9615 -4.21587 -1.90735e-07
      vertex -33.9711 -4.4119 -1.90735e-07
      vertex -34 -5 -1.90735e-07
    endloop
  endfacet
  facet normal 0 0 -1
    outer loop
      vertex -34 -32 -1.90735e-07
      vertex -36 -32 -1.90735e-07
      vertex -34 -5 -1.90735e-07
    endloop
  endfacet
  facet normal -0 0 -1
    outer loop
      vertex -33.7416 -33.7417 -1.90735e-07
      vertex -35.6555 -34.3223 -1.90735e-07
      vertex -33.8847 -33.1705 -1.90735e-07
    endloop
  endfacet
  facet normal 0 0 -1
    outer loop
      vertex -36 -5 -1.90735e-07
      vertex -34 -5 -1.90735e-07
      vertex -36 -32 -1.90735e-07
    endloop
  endfacet
  facet normal 0 0 -1
    outer loop
      vertex -35.8463 -33.5607 -1.90735e-07
      vertex -33.8847 -33.1705 -1.90735e-07
      vertex -35.6555 -34.3223 -1.90735e-07
    endloop
  endfacet
  facet normal 0 -0 -1
    outer loop
      vertex -35.9615 -4.21587 -1.90735e-07
      vertex -34 -5 -1.90735e-07
      vertex -36 -5 -1.90735e-07
    endloop
  endfacet
  facet normal -0 0 -1
    outer loop
      vertex -33.8847 -33.1705 -1.90735e-07
      vertex -35.8463 -33.5607 -1.90735e-07
      vertex -33.9711 -32.5881 -1.90735e-07
    endloop
  endfacet
  facet normal 0 0 -1
    outer loop
      vertex -32.9888 -1.66658 -1.90735e-07
      vertex -34.6518 -0.555435 -1.90735e-07
      vertex -34.1841 0.0751495 -1.90735e-07
    endloop
  endfacet
  facet normal 0 0 -1
    outer loop
      vertex -35.9615 -32.7841 -1.90735e-07
      vertex -33.9711 -32.5881 -1.90735e-07
      vertex -35.8463 -33.5607 -1.90735e-07
    endloop
  endfacet
  facet normal 0 0 -1
    outer loop
      vertex -33.2915 -2.17162 -1.90735e-07
      vertex -35.0554 -1.22882 -1.90735e-07
      vertex -34.6518 -0.555435 -1.90735e-07
    endloop
  endfacet
  facet normal -0 0 -1
    outer loop
      vertex -33.9711 -32.5881 -1.90735e-07
      vertex -35.9615 -32.7841 -1.90735e-07
      vertex -34 -32 -1.90735e-07
    endloop
  endfacet
  facet normal 0 0 -1
    outer loop
      vertex -33.5433 -2.7039 -1.90735e-07
      vertex -35.391 -1.93854 -1.90735e-07
      vertex -35.0554 -1.22882 -1.90735e-07
    endloop
  endfacet
  facet normal -0 0 -1
    outer loop
      vertex -34 -32 -1.90735e-07
      vertex -35.9615 -32.7841 -1.90735e-07
      vertex -36 -32 -1.90735e-07
    endloop
  endfacet
  facet normal 0 0 -1
    outer loop
      vertex -33.7416 -3.25829 -1.90735e-07
      vertex -35.6555 -2.67772 -1.90735e-07
      vertex -35.391 -1.93854 -1.90735e-07
    endloop
  endfacet
  facet normal 0 0 -1
    outer loop
      vertex -33.8847 -3.82945 -1.90735e-07
      vertex -35.8463 -3.43927 -1.90735e-07
      vertex -35.6555 -2.67772 -1.90735e-07
    endloop
  endfacet
  facet normal 0 0 -1
    outer loop
      vertex -33.9711 -4.4119 -1.90735e-07
      vertex -35.9615 -4.21587 -1.90735e-07
      vertex -35.8463 -3.43927 -1.90735e-07
    endloop
  endfacet
  facet normal 0 0 -1
    outer loop
      vertex 34 -32 -1.90735e-07
      vertex 36 -32 -1.90735e-07
      vertex 35.9615 -32.7841 -1.90735e-07
    endloop
  endfacet
  facet normal 0 0 -1
    outer loop
      vertex 36 -32 -1.90735e-07
      vertex 34 -32 -1.90735e-07
      vertex 36 -5 -1.90735e-07
    endloop
  endfacet
  facet normal 0 0 -1
    outer loop
      vertex 33.9711 -32.5881 -1.90735e-07
      vertex 35.9615 -32.7841 -1.90735e-07
      vertex 35.8463 -33.5607 -1.90735e-07
    endloop
  endfacet
  facet normal 0 0 -1
    outer loop
      vertex 34 -5 -1.90735e-07
      vertex 36 -5 -1.90735e-07
      vertex 34 -32 -1.90735e-07
    endloop
  endfacet
  facet normal 0 0 -1
    outer loop
      vertex 33.8847 -33.1705 -1.90735e-07
      vertex 35.8463 -33.5607 -1.90735e-07
      vertex 35.6555 -34.3223 -1.90735e-07
    endloop
  endfacet
  facet normal 0 0 -1
    outer loop
      vertex 36 -5 -1.90735e-07
      vertex 34 -5 -1.90735e-07
      vertex 35.9615 -4.21587 -1.90735e-07
    endloop
  endfacet
  facet normal 0 0 -1
    outer loop
      vertex 33.7416 -33.7417 -1.90735e-07
      vertex 35.6555 -34.3223 -1.90735e-07
      vertex 35.391 -35.0615 -1.90735e-07
    endloop
  endfacet
  facet normal 0 0 -1
    outer loop
      vertex 33.9711 -4.4119 -1.90735e-07
      vertex 35.9615 -4.21587 -1.90735e-07
      vertex 34 -5 -1.90735e-07
    endloop
  endfacet
  facet normal 0 0 -1
    outer loop
      vertex 33.5433 -34.2961 -1.90735e-07
      vertex 35.391 -35.0615 -1.90735e-07
      vertex 35.0554 -35.7712 -1.90735e-07
    endloop
  endfacet
  facet normal -0 0 -1
    outer loop
      vertex 35.9615 -4.21587 -1.90735e-07
      vertex 33.9711 -4.4119 -1.90735e-07
      vertex 35.8463 -3.43927 -1.90735e-07
    endloop
  endfacet
  facet normal 0 0 -1
    outer loop
      vertex 33.2915 -34.8284 -1.90735e-07
      vertex 35.0554 -35.7712 -1.90735e-07
      vertex 34.6518 -36.4446 -1.90735e-07
    endloop
  endfacet
  facet normal 0 0 -1
    outer loop
      vertex 33.8847 -3.82945 -1.90735e-07
      vertex 35.8463 -3.43927 -1.90735e-07
      vertex 33.9711 -4.4119 -1.90735e-07
    endloop
  endfacet
  facet normal 0 0 -1
    outer loop
      vertex 32.9888 -35.3334 -1.90735e-07
      vertex 34.6518 -36.4446 -1.90735e-07
      vertex 34.1841 -37.0751 -1.90735e-07
    endloop
  endfacet
  facet normal -0 0 -1
    outer loop
      vertex 35.8463 -3.43927 -1.90735e-07
      vertex 33.8847 -3.82945 -1.90735e-07
      vertex 35.6555 -2.67772 -1.90735e-07
    endloop
  endfacet
  facet normal 0 0 -1
    outer loop
      vertex 33.7416 -3.25829 -1.90735e-07
      vertex 35.6555 -2.67772 -1.90735e-07
      vertex 33.8847 -3.82945 -1.90735e-07
    endloop
  endfacet
  facet normal 0 0 -1
    outer loop
      vertex 35.9615 -32.7841 -1.90735e-07
      vertex 33.9711 -32.5881 -1.90735e-07
      vertex 34 -32 -1.90735e-07
    endloop
  endfacet
  facet normal 0 0 -1
    outer loop
      vertex 35.8463 -33.5607 -1.90735e-07
      vertex 33.8847 -33.1705 -1.90735e-07
      vertex 33.9711 -32.5881 -1.90735e-07
    endloop
  endfacet
  facet normal 0 0 -1
    outer loop
      vertex 35.6555 -34.3223 -1.90735e-07
      vertex 33.7416 -33.7417 -1.90735e-07
      vertex 33.8847 -33.1705 -1.90735e-07
    endloop
  endfacet
  facet normal 0 0 -1
    outer loop
      vertex 32.6381 -35.8064 -1.90735e-07
      vertex 34.1841 -37.0751 -1.90735e-07
      vertex 33.6569 -37.6569 -1.90735e-07
    endloop
  endfacet
  facet normal 0 0 -1
    outer loop
      vertex 35.391 -35.0615 -1.90735e-07
      vertex 33.5433 -34.2961 -1.90735e-07
      vertex 33.7416 -33.7417 -1.90735e-07
    endloop
  endfacet
  facet normal 0 0 -1
    outer loop
      vertex 35.0554 -35.7712 -1.90735e-07
      vertex 33.2915 -34.8284 -1.90735e-07
      vertex 33.5433 -34.2961 -1.90735e-07
    endloop
  endfacet
  facet normal 0 0 -1
    outer loop
      vertex 32.2426 -36.2426 -1.90735e-07
      vertex 33.6569 -37.6569 -1.90735e-07
      vertex 33.0751 -38.1841 -1.90735e-07
    endloop
  endfacet
  facet normal 0 0 -1
    outer loop
      vertex 34.6518 -36.4446 -1.90735e-07
      vertex 32.9888 -35.3334 -1.90735e-07
      vertex 33.2915 -34.8284 -1.90735e-07
    endloop
  endfacet
  facet normal 0 0 -1
    outer loop
      vertex 34.1841 -37.0751 -1.90735e-07
      vertex 32.6381 -35.8064 -1.90735e-07
      vertex 32.9888 -35.3334 -1.90735e-07
    endloop
  endfacet
  facet normal 0 0 -1
    outer loop
      vertex 31.8064 -36.6381 -1.90735e-07
      vertex 33.0751 -38.1841 -1.90735e-07
      vertex 32.4446 -38.6518 -1.90735e-07
    endloop
  endfacet
  facet normal 0 0 -1
    outer loop
      vertex 33.6569 -37.6569 -1.90735e-07
      vertex 32.2426 -36.2426 -1.90735e-07
      vertex 32.6381 -35.8064 -1.90735e-07
    endloop
  endfacet
  facet normal 0 0 -1
    outer loop
      vertex 33.0751 -38.1841 -1.90735e-07
      vertex 31.8064 -36.6381 -1.90735e-07
      vertex 32.2426 -36.2426 -1.90735e-07
    endloop
  endfacet
  facet normal 0 0 -1
    outer loop
      vertex 31.3334 -36.9888 -1.90735e-07
      vertex 32.4446 -38.6518 -1.90735e-07
      vertex 31.7712 -39.0554 -1.90735e-07
    endloop
  endfacet
  facet normal 0 0 -1
    outer loop
      vertex 32.4446 -38.6518 -1.90735e-07
      vertex 31.3334 -36.9888 -1.90735e-07
      vertex 31.8064 -36.6381 -1.90735e-07
    endloop
  endfacet
  facet normal 0 0 -1
    outer loop
      vertex 30.8284 -37.2915 -1.90735e-07
      vertex 31.7712 -39.0554 -1.90735e-07
      vertex 31.0615 -39.391 -1.90735e-07
    endloop
  endfacet
  facet normal 0 0 -1
    outer loop
      vertex 31.7712 -39.0554 -1.90735e-07
      vertex 30.8284 -37.2915 -1.90735e-07
      vertex 31.3334 -36.9888 -1.90735e-07
    endloop
  endfacet
  facet normal 0 0 -1
    outer loop
      vertex 30 -37.6492 -1.90735e-07
      vertex 31.0615 -39.391 -1.90735e-07
      vertex 30.3223 -39.6555 -1.90735e-07
    endloop
  endfacet
  facet normal 0 0 -1
    outer loop
      vertex 31.0615 -39.391 -1.90735e-07
      vertex 30.2961 -37.5433 -1.90735e-07
      vertex 30.8284 -37.2915 -1.90735e-07
    endloop
  endfacet
  facet normal 0 0 -1
    outer loop
      vertex 30 -37.6492 -1.90735e-07
      vertex 30.3223 -39.6555 -1.90735e-07
      vertex 30 -39.7362 -1.90735e-07
    endloop
  endfacet
  facet normal 0 0 -1
    outer loop
      vertex 31.0615 -39.391 -1.90735e-07
      vertex 30 -37.6492 -1.90735e-07
      vertex 30.2961 -37.5433 -1.90735e-07
    endloop
  endfacet
  facet normal -0 0 -1
    outer loop
      vertex 35.6555 -2.67772 -1.90735e-07
      vertex 33.7416 -3.25829 -1.90735e-07
      vertex 35.391 -1.93854 -1.90735e-07
    endloop
  endfacet
  facet normal 0 0 -1
    outer loop
      vertex 33.5433 -2.7039 -1.90735e-07
      vertex 35.391 -1.93854 -1.90735e-07
      vertex 33.7416 -3.25829 -1.90735e-07
    endloop
  endfacet
  facet normal -0 0 -1
    outer loop
      vertex 35.391 -1.93854 -1.90735e-07
      vertex 33.5433 -2.7039 -1.90735e-07
      vertex 35.0554 -1.22882 -1.90735e-07
    endloop
  endfacet
  facet normal 0 0 -1
    outer loop
      vertex 33.2915 -2.17162 -1.90735e-07
      vertex 35.0554 -1.22882 -1.90735e-07
      vertex 33.5433 -2.7039 -1.90735e-07
    endloop
  endfacet
  facet normal -0 0 -1
    outer loop
      vertex 35.0554 -1.22882 -1.90735e-07
      vertex 33.2915 -2.17162 -1.90735e-07
      vertex 34.6518 -0.555435 -1.90735e-07
    endloop
  endfacet
  facet normal 0 0 -1
    outer loop
      vertex 32.9888 -1.66658 -1.90735e-07
      vertex 34.6518 -0.555435 -1.90735e-07
      vertex 33.2915 -2.17162 -1.90735e-07
    endloop
  endfacet
  facet normal -0 0 -1
    outer loop
      vertex 34.6518 -0.555435 -1.90735e-07
      vertex 32.9888 -1.66658 -1.90735e-07
      vertex 34.1841 0.0751495 -1.90735e-07
    endloop
  endfacet
  facet normal 0 0 -1
    outer loop
      vertex 32.6381 -1.19363 -1.90735e-07
      vertex 34.1841 0.0751495 -1.90735e-07
      vertex 32.9888 -1.66658 -1.90735e-07
    endloop
  endfacet
  facet normal -0 0 -1
    outer loop
      vertex 34.1841 0.0751495 -1.90735e-07
      vertex 32.6381 -1.19363 -1.90735e-07
      vertex 33.6569 0.65686 -1.90735e-07
    endloop
  endfacet
  facet normal 0 0 -1
    outer loop
      vertex 32.2426 -0.757355 -1.90735e-07
      vertex 33.6569 0.65686 -1.90735e-07
      vertex 32.6381 -1.19363 -1.90735e-07
    endloop
  endfacet
  facet normal -0 0 -1
    outer loop
      vertex 33.6569 0.65686 -1.90735e-07
      vertex 32.2426 -0.757355 -1.90735e-07
      vertex 33.0751 1.18408 -1.90735e-07
    endloop
  endfacet
  facet normal 0 0 -1
    outer loop
      vertex 31.8064 -0.361938 -1.90735e-07
      vertex 33.0751 1.18408 -1.90735e-07
      vertex 32.2426 -0.757355 -1.90735e-07
    endloop
  endfacet
  facet normal -0 0 -1
    outer loop
      vertex 33.0751 1.18408 -1.90735e-07
      vertex 31.8064 -0.361938 -1.90735e-07
      vertex 32.4446 1.65176 -1.90735e-07
    endloop
  endfacet
  facet normal 0 0 -1
    outer loop
      vertex 31.3334 -0.0111847 -1.90735e-07
      vertex 32.4446 1.65176 -1.90735e-07
      vertex 31.8064 -0.361938 -1.90735e-07
    endloop
  endfacet
  facet normal -0 0 -1
    outer loop
      vertex 32.4446 1.65176 -1.90735e-07
      vertex 31.3334 -0.0111847 -1.90735e-07
      vertex 31.7712 2.05537 -1.90735e-07
    endloop
  endfacet
  facet normal 0 0 -1
    outer loop
      vertex 30.8284 0.291534 -1.90735e-07
      vertex 31.7712 2.05537 -1.90735e-07
      vertex 31.3334 -0.0111847 -1.90735e-07
    endloop
  endfacet
  facet normal -0 0 -1
    outer loop
      vertex 31.7712 2.05537 -1.90735e-07
      vertex 30.8284 0.291534 -1.90735e-07
      vertex 31.0615 2.39104 -1.90735e-07
    endloop
  endfacet
  facet normal 0 0 -1
    outer loop
      vertex 30.2961 0.543274 -1.90735e-07
      vertex 31.0615 2.39104 -1.90735e-07
      vertex 30.8284 0.291534 -1.90735e-07
    endloop
  endfacet
  facet normal 0 0 -1
    outer loop
      vertex 30 0.649221 -1.90735e-07
      vertex 31.0615 2.39104 -1.90735e-07
      vertex 30.2961 0.543274 -1.90735e-07
    endloop
  endfacet
  facet normal -0 0 -1
    outer loop
      vertex 31.0615 2.39104 -1.90735e-07
      vertex 30 0.649221 -1.90735e-07
      vertex 30.3223 2.65552 -1.90735e-07
    endloop
  endfacet
  facet normal -0 0 -1
    outer loop
      vertex 30.3223 2.65552 -1.90735e-07
      vertex 30 0.649221 -1.90735e-07
      vertex 30 2.73625 -1.90735e-07
    endloop
  endfacet
  facet normal -0.741023 -0.67148 0
    outer loop
      vertex -33.6569 -37.6569 -1.90735e-07
      vertex -34.1841 -37.0751 4.3
      vertex -34.1841 -37.0751 -1.90735e-07
    endloop
  endfacet
  facet normal -0.741023 -0.67148 0
    outer loop
      vertex -34.1841 -37.0751 4.3
      vertex -33.6569 -37.6569 -1.90735e-07
      vertex -33.6569 -37.6569 4.3
    endloop
  endfacet
  facet normal 0.336879 0.941548 -0
    outer loop
      vertex 31.0615 2.39104 -1.90735e-07
      vertex 30.3223 2.65552 20
      vertex 31.0615 2.39104 20
    endloop
  endfacet
  facet normal 0.336879 0.941548 0
    outer loop
      vertex 30.3223 2.65552 20
      vertex 31.0615 2.39104 -1.90735e-07
      vertex 30.3223 2.65552 -1.90735e-07
    endloop
  endfacet
  facet normal 0.803153 -0.595773 0
    outer loop
      vertex 34.1841 -37.0751 4.3
      vertex 34.6518 -36.4446 -1.90735e-07
      vertex 34.6518 -36.4446 4.3
    endloop
  endfacet
  facet normal 0.803153 -0.595773 0
    outer loop
      vertex 34.6518 -36.4446 -1.90735e-07
      vertex 34.1841 -37.0751 4.3
      vertex 34.1841 -37.0751 -1.90735e-07
    endloop
  endfacet
  facet normal 0.741023 -0.67148 0
    outer loop
      vertex 33.6569 -37.6569 4.3
      vertex 34.1841 -37.0751 -1.90735e-07
      vertex 34.1841 -37.0751 4.3
    endloop
  endfacet
  facet normal 0.741023 -0.67148 0
    outer loop
      vertex 34.1841 -37.0751 -1.90735e-07
      vertex 33.6569 -37.6569 4.3
      vertex 33.6569 -37.6569 -1.90735e-07
    endloop
  endfacet
  facet normal 1 -0 0
    outer loop
      vertex 36 -9.5 20
      vertex 36 -5 4.52384
      vertex 36 -5 20
    endloop
  endfacet
  facet normal 1 0 0
    outer loop
      vertex 36 -5 4.52384
      vertex 36 -9.5 4.3
      vertex 36 -5.09093 4.30431
    endloop
  endfacet
  facet normal 1 0 0
    outer loop
      vertex 36 -5.09093 4.30431
      vertex 36 -9.5 4.3
      vertex 36 -5.20999 3.80841
    endloop
  endfacet
  facet normal 1 0 0
    outer loop
      vertex 36 -5 4.52384
      vertex 36 -9.5 20
      vertex 36 -9.5 4.3
    endloop
  endfacet
  facet normal 1 0 0
    outer loop
      vertex 36 -5.09093 2.29569
      vertex 36 -5 -1.90735e-07
      vertex 36 -5 2.07616
    endloop
  endfacet
  facet normal 1 0 0
    outer loop
      vertex 36 -9.5 4.3
      vertex 36 -5.09093 2.29569
      vertex 36 -5.20999 2.79159
    endloop
  endfacet
  facet normal 1 0 0
    outer loop
      vertex 36 -9.5 4.3
      vertex 36 -5.20999 2.79159
      vertex 36 -5.25 3.3
    endloop
  endfacet
  facet normal 1 0 0
    outer loop
      vertex 36 -5.20999 3.80841
      vertex 36 -9.5 4.3
      vertex 36 -5.25 3.3
    endloop
  endfacet
  facet normal 1 0 0
    outer loop
      vertex 36 -5.09093 2.29569
      vertex 36 -9.5 4.3
      vertex 36 -5 -1.90735e-07
    endloop
  endfacet
  facet normal 1 0 0
    outer loop
      vertex 36 -29.79 2.79159
      vertex 36 -9.5 4.3
      vertex 36 -29.75 3.3
    endloop
  endfacet
  facet normal 1 0 0
    outer loop
      vertex 36 -29.9091 2.29569
      vertex 36 -9.5 4.3
      vertex 36 -29.79 2.79159
    endloop
  endfacet
  facet normal 1 0 0
    outer loop
      vertex 36 -30.1042 1.82453
      vertex 36 -9.5 4.3
      vertex 36 -29.9091 2.29569
    endloop
  endfacet
  facet normal 1 0 0
    outer loop
      vertex 36 -30.3707 1.3897
      vertex 36 -9.5 4.3
      vertex 36 -30.1042 1.82453
    endloop
  endfacet
  facet normal 1 0 0
    outer loop
      vertex 36 -9.5 4.3
      vertex 36 -30.3707 1.3897
      vertex 36 -5 -1.90735e-07
    endloop
  endfacet
  facet normal 1 -0 0
    outer loop
      vertex 36 -30.7019 1.0019
      vertex 36 -5 -1.90735e-07
      vertex 36 -30.3707 1.3897
    endloop
  endfacet
  facet normal 1 -0 0
    outer loop
      vertex 36 -31.0897 0.670694
      vertex 36 -5 -1.90735e-07
      vertex 36 -30.7019 1.0019
    endloop
  endfacet
  facet normal 1 0 0
    outer loop
      vertex 36 -32 -1.90735e-07
      vertex 36 -31.0897 0.670694
      vertex 36 -31.5245 0.404228
    endloop
  endfacet
  facet normal 1 0 0
    outer loop
      vertex 36 -32 -1.90735e-07
      vertex 36 -31.5245 0.404228
      vertex 36 -31.9957 0.209066
    endloop
  endfacet
  facet normal 1 0 0
    outer loop
      vertex 36 -32 -1.90735e-07
      vertex 36 -31.9957 0.209066
      vertex 36 -32 0.208032
    endloop
  endfacet
  facet normal 1 0 0
    outer loop
      vertex 36 -31.0897 0.670694
      vertex 36 -32 -1.90735e-07
      vertex 36 -5 -1.90735e-07
    endloop
  endfacet
  facet normal 1 0 0
    outer loop
      vertex 36 -9.5 4.3
      vertex 36 -29.79 3.80841
      vertex 36 -29.75 3.3
    endloop
  endfacet
  facet normal 1 0 -0
    outer loop
      vertex 36 -29.79 3.80841
      vertex 36 -9.5 4.3
      vertex 36 -29.908 4.3
    endloop
  endfacet
  facet normal 0.998797 0.0490399 0
    outer loop
      vertex 36 -5 20
      vertex 35.9615 -4.21587 5.66833
      vertex 35.9615 -4.21587 20
    endloop
  endfacet
  facet normal 0.998818 0.0486068 -2.37526e-05
    outer loop
      vertex 35.9615 -4.21587 5.66833
      vertex 36 -5 20
      vertex 35.9655 -4.2981 5.5981
    endloop
  endfacet
  facet normal 0.998791 0.0491521 2.88617e-06
    outer loop
      vertex 35.9655 -4.2981 5.5981
      vertex 36 -5 20
      vertex 35.9818 -4.6293 5.2103
    endloop
  endfacet
  facet normal 0.998794 0.0490994 1.56215e-06
    outer loop
      vertex 35.9818 -4.6293 5.2103
      vertex 36 -5 20
      vertex 35.9949 -4.89577 4.77547
    endloop
  endfacet
  facet normal 0.998805 0.0488718 0
    outer loop
      vertex 35.9949 -4.89577 4.77547
      vertex 36 -5 20
      vertex 36 -5 4.52384
    endloop
  endfacet
  facet normal 0.99881 0.0487762 0.00022251
    outer loop
      vertex 36 -5 -1.90735e-07
      vertex 35.9615 -4.21587 0.931671
      vertex 35.9655 -4.2981 1.0019
    endloop
  endfacet
  facet normal 0.998793 0.0491273 -2.40923e-05
    outer loop
      vertex 36 -5 -1.90735e-07
      vertex 35.9655 -4.2981 1.0019
      vertex 35.9818 -4.6293 1.3897
    endloop
  endfacet
  facet normal 0.998795 0.0490823 -1.20568e-05
    outer loop
      vertex 36 -5 -1.90735e-07
      vertex 35.9818 -4.6293 1.3897
      vertex 35.9949 -4.89577 1.82453
    endloop
  endfacet
  facet normal 0.998805 0.0488718 -0
    outer loop
      vertex 36 -5 -1.90735e-07
      vertex 35.9949 -4.89577 1.82453
      vertex 36 -5 2.07616
    endloop
  endfacet
  facet normal 0.998797 0.0490399 0
    outer loop
      vertex 35.9615 -4.21587 0.931671
      vertex 36 -5 -1.90735e-07
      vertex 35.9615 -4.21587 -1.90735e-07
    endloop
  endfacet
  facet normal 0.904097 0.427327 0
    outer loop
      vertex 35.1796 -1.49159 0.0900124
      vertex 35.0554 -1.22882 -1.90735e-07
      vertex 35.0554 -1.22882 0.153097
    endloop
  endfacet
  facet normal 0.903983 0.427569 -0
    outer loop
      vertex 35.391 -1.93854 -1.90735e-07
      vertex 35.1796 -1.49159 0.0900124
      vertex 35.391 -1.93854 0.0548371
    endloop
  endfacet
  facet normal 0.904025 0.427479 0.000543232
    outer loop
      vertex 35.1796 -1.49159 0.0900124
      vertex 35.391 -1.93854 -1.90735e-07
      vertex 35.0554 -1.22882 -1.90735e-07
    endloop
  endfacet
  facet normal 0.904097 0.427327 0
    outer loop
      vertex 35.0554 -1.22882 20
      vertex 35.1796 -1.49159 6.50999
      vertex 35.0554 -1.22882 6.4469
    endloop
  endfacet
  facet normal 0.904025 0.42748 -0
    outer loop
      vertex 35.391 -1.93854 6.54516
      vertex 35.0554 -1.22882 20
      vertex 35.391 -1.93854 20
    endloop
  endfacet
  facet normal 0.903983 0.427569 -5.74671e-06
    outer loop
      vertex 35.0554 -1.22882 20
      vertex 35.391 -1.93854 6.54516
      vertex 35.1796 -1.49159 6.50999
    endloop
  endfacet
  facet normal 0.671494 0.74101 -0
    outer loop
      vertex 33.6569 0.65686 -1.90735e-07
      vertex 33.0751 1.18408 20
      vertex 33.6569 0.65686 20
    endloop
  endfacet
  facet normal 0.671494 0.74101 0
    outer loop
      vertex 33.0751 1.18408 20
      vertex 33.6569 0.65686 -1.90735e-07
      vertex 33.0751 1.18408 -1.90735e-07
    endloop
  endfacet
  facet normal -0.595773 -0.803153 0
    outer loop
      vertex -33.0751 -38.1841 -1.90735e-07
      vertex -32.4446 -38.6518 4.3
      vertex -33.0751 -38.1841 4.3
    endloop
  endfacet
  facet normal -0.595773 -0.803153 -0
    outer loop
      vertex -32.4446 -38.6518 4.3
      vertex -33.0751 -38.1841 -1.90735e-07
      vertex -32.4446 -38.6518 -1.90735e-07
    endloop
  endfacet
  facet normal -0.998791 -0.0491675 0
    outer loop
      vertex -36 -32 -1.90735e-07
      vertex -35.9758 -32.4916 0.0900124
      vertex -36 -32 0.208032
    endloop
  endfacet
  facet normal -0.998796 -0.0490418 0.000688046
    outer loop
      vertex -35.9615 -32.7841 -1.90735e-07
      vertex -35.9758 -32.4916 0.0900124
      vertex -36 -32 -1.90735e-07
    endloop
  endfacet
  facet normal -0.998807 -0.0488306 0
    outer loop
      vertex -35.9758 -32.4916 0.0900124
      vertex -35.9615 -32.7841 -1.90735e-07
      vertex -35.9615 -32.7841 0.0669888
    endloop
  endfacet
  facet normal 0 0 1
    outer loop
      vertex -30 2.73625 20
      vertex -30.3223 2.65552 20
      vertex -30 0 20
    endloop
  endfacet
  facet normal 0 0 1
    outer loop
      vertex 30 0 20
      vertex 36 -5 20
      vertex 35.9615 -4.21587 20
    endloop
  endfacet
  facet normal 0 0 1
    outer loop
      vertex 30 0 20
      vertex 35.9615 -4.21587 20
      vertex 35.8463 -3.43927 20
    endloop
  endfacet
  facet normal 0 0 1
    outer loop
      vertex 30 0 20
      vertex 35.8463 -3.43927 20
      vertex 35.6555 -2.67772 20
    endloop
  endfacet
  facet normal 0 0 1
    outer loop
      vertex 30 0 20
      vertex 35.6555 -2.67772 20
      vertex 35.391 -1.93854 20
    endloop
  endfacet
  facet normal 0 0 1
    outer loop
      vertex 30 0 20
      vertex 35.391 -1.93854 20
      vertex 35.0554 -1.22882 20
    endloop
  endfacet
  facet normal 0 0 1
    outer loop
      vertex 30 0 20
      vertex 35.0554 -1.22882 20
      vertex 34.6518 -0.555435 20
    endloop
  endfacet
  facet normal -0 0 1
    outer loop
      vertex 30 0 20
      vertex 34.6518 -0.555435 20
      vertex 34.1841 0.0751495 20
    endloop
  endfacet
  facet normal 0 0 1
    outer loop
      vertex 30 0 20
      vertex 34.1841 0.0751495 20
      vertex 33.6569 0.65686 20
    endloop
  endfacet
  facet normal 0 0 1
    outer loop
      vertex 30 0 20
      vertex 33.6569 0.65686 20
      vertex 33.0751 1.18408 20
    endloop
  endfacet
  facet normal 0 0 1
    outer loop
      vertex 30 0 20
      vertex 33.0751 1.18408 20
      vertex 32.4446 1.65176 20
    endloop
  endfacet
  facet normal 0 0 1
    outer loop
      vertex 30 0 20
      vertex 32.4446 1.65176 20
      vertex 31.7712 2.05537 20
    endloop
  endfacet
  facet normal 0 0 1
    outer loop
      vertex 30 0 20
      vertex 31.7712 2.05537 20
      vertex 31.0615 2.39104 20
    endloop
  endfacet
  facet normal 0 0 1
    outer loop
      vertex 30 0 20
      vertex 31.0615 2.39104 20
      vertex 30.3223 2.65552 20
    endloop
  endfacet
  facet normal 0 0 1
    outer loop
      vertex 30 0 20
      vertex 30.3223 2.65552 20
      vertex 30 2.73625 20
    endloop
  endfacet
  facet normal 0 0 1
    outer loop
      vertex 36 -5 20
      vertex 30 0 20
      vertex 36 -9.5 20
    endloop
  endfacet
  facet normal -0 0 1
    outer loop
      vertex -30 0 20
      vertex 36 -9.5 20
      vertex 30 0 20
    endloop
  endfacet
  facet normal -0 0 1
    outer loop
      vertex -31.0615 2.39104 20
      vertex -30 0 20
      vertex -30.3223 2.65552 20
    endloop
  endfacet
  facet normal -0 0 1
    outer loop
      vertex -31.7712 2.05537 20
      vertex -30 0 20
      vertex -31.0615 2.39104 20
    endloop
  endfacet
  facet normal -0 0 1
    outer loop
      vertex -32.4446 1.65176 20
      vertex -30 0 20
      vertex -31.7712 2.05537 20
    endloop
  endfacet
  facet normal -0 0 1
    outer loop
      vertex -33.0751 1.18408 20
      vertex -30 0 20
      vertex -32.4446 1.65176 20
    endloop
  endfacet
  facet normal -0 0 1
    outer loop
      vertex -33.6569 0.65686 20
      vertex -30 0 20
      vertex -33.0751 1.18408 20
    endloop
  endfacet
  facet normal -0 0 1
    outer loop
      vertex -34.1841 0.0751495 20
      vertex -30 0 20
      vertex -33.6569 0.65686 20
    endloop
  endfacet
  facet normal 0 0 1
    outer loop
      vertex -34.6518 -0.555435 20
      vertex -30 0 20
      vertex -34.1841 0.0751495 20
    endloop
  endfacet
  facet normal 0 0 1
    outer loop
      vertex -35.0554 -1.22882 20
      vertex -30 0 20
      vertex -34.6518 -0.555435 20
    endloop
  endfacet
  facet normal 0 0 1
    outer loop
      vertex -35.391 -1.93854 20
      vertex -30 0 20
      vertex -35.0554 -1.22882 20
    endloop
  endfacet
  facet normal 0 0 1
    outer loop
      vertex -35.6555 -2.67772 20
      vertex -30 0 20
      vertex -35.391 -1.93854 20
    endloop
  endfacet
  facet normal 0 0 1
    outer loop
      vertex -35.8463 -3.43927 20
      vertex -30 0 20
      vertex -35.6555 -2.67772 20
    endloop
  endfacet
  facet normal 0 0 1
    outer loop
      vertex -35.9615 -4.21587 20
      vertex -30 0 20
      vertex -35.8463 -3.43927 20
    endloop
  endfacet
  facet normal 0 0 1
    outer loop
      vertex -30 0 20
      vertex -35.9615 -4.21587 20
      vertex -36 -5 20
    endloop
  endfacet
  facet normal 0 0 1
    outer loop
      vertex -30 0 20
      vertex -36 -5 20
      vertex -36 -9.5 20
    endloop
  endfacet
  facet normal 0 0 1
    outer loop
      vertex -30 0 20
      vertex -36 -9.5 20
      vertex 36 -9.5 20
    endloop
  endfacet
  facet normal -0.989194 -0.146615 0
    outer loop
      vertex -35.9615 -32.7841 -1.90735e-07
      vertex -35.9295 -33 0.05
      vertex -35.9615 -32.7841 0.0669888
    endloop
  endfacet
  facet normal -0.989176 -0.146733 -0.000521716
    outer loop
      vertex -35.8463 -33.5607 -1.90735e-07
      vertex -35.9295 -33 0.05
      vertex -35.9615 -32.7841 -1.90735e-07
    endloop
  endfacet
  facet normal -0.98916 -0.14684 0.000702157
    outer loop
      vertex -35.9295 -33 0.05
      vertex -35.8463 -33.5607 -1.90735e-07
      vertex -35.854 -33.5084 0.0900124
    endloop
  endfacet
  facet normal -0.989335 -0.145657 0
    outer loop
      vertex -35.854 -33.5084 0.0900124
      vertex -35.8463 -33.5607 -1.90735e-07
      vertex -35.8463 -33.5607 0.102573
    endloop
  endfacet
  facet normal -0.97004 -0.242947 0
    outer loop
      vertex -35.8463 -33.5607 -1.90735e-07
      vertex -35.7352 -34.0043 0.209066
      vertex -35.8463 -33.5607 0.102573
    endloop
  endfacet
  facet normal -0.970022 -0.243015 -0.000153035
    outer loop
      vertex -35.6555 -34.3223 -1.90735e-07
      vertex -35.7352 -34.0043 0.209066
      vertex -35.8463 -33.5607 -1.90735e-07
    endloop
  endfacet
  facet normal -0.969999 -0.24311 0
    outer loop
      vertex -35.7352 -34.0043 0.209066
      vertex -35.6555 -34.3223 -1.90735e-07
      vertex -35.6555 -34.3223 0.340776
    endloop
  endfacet
  facet normal -0.941575 -0.336804 0
    outer loop
      vertex -35.6555 -34.3223 -1.90735e-07
      vertex -35.6007 -34.4755 0.404228
      vertex -35.6555 -34.3223 0.340776
    endloop
  endfacet
  facet normal -0.94154 -0.336901 -4.17194e-05
    outer loop
      vertex -35.391 -35.0615 -1.90735e-07
      vertex -35.6007 -34.4755 0.404228
      vertex -35.6555 -34.3223 -1.90735e-07
    endloop
  endfacet
  facet normal -0.941528 -0.336934 1.14603e-05
    outer loop
      vertex -35.6007 -34.4755 0.404228
      vertex -35.391 -35.0615 -1.90735e-07
      vertex -35.4451 -34.9103 0.670694
    endloop
  endfacet
  facet normal -0.941545 -0.336889 0
    outer loop
      vertex -35.4451 -34.9103 0.670694
      vertex -35.391 -35.0615 -1.90735e-07
      vertex -35.391 -35.0615 0.799798
    endloop
  endfacet
  facet normal -0.85774 -0.514084 0
    outer loop
      vertex -34.6518 -36.4446 -1.90735e-07
      vertex -35.0554 -35.7712 1.62122
      vertex -35.0554 -35.7712 -1.90735e-07
    endloop
  endfacet
  facet normal -0.85769 -0.514167 4.68224e-05
    outer loop
      vertex -35.0554 -35.7712 1.62122
      vertex -34.6518 -36.4446 -1.90735e-07
      vertex -35 -35.8636 1.77198
    endloop
  endfacet
  facet normal -0.857753 -0.514061 -0
    outer loop
      vertex -34.6518 -36.4446 4.3
      vertex -35 -35.8636 1.77198
      vertex -34.6518 -36.4446 -1.90735e-07
    endloop
  endfacet
  facet normal -0.857753 -0.514061 0
    outer loop
      vertex -35 -35.8636 1.77198
      vertex -34.6518 -36.4446 4.3
      vertex -35 -35.8636 4.3
    endloop
  endfacet
  facet normal -0.336901 -0.94154 0
    outer loop
      vertex -31.0615 -39.391 -1.90735e-07
      vertex -30.3223 -39.6555 4.3
      vertex -31.0615 -39.391 4.3
    endloop
  endfacet
  facet normal -0.336901 -0.94154 -0
    outer loop
      vertex -30.3223 -39.6555 4.3
      vertex -31.0615 -39.391 -1.90735e-07
      vertex -30.3223 -39.6555 -1.90735e-07
    endloop
  endfacet
  facet normal 0.857753 -0.514061 0
    outer loop
      vertex 35 -35.8636 4.3
      vertex 34.6518 -36.4446 4.3
      vertex 35 -35.8636 1.77198
    endloop
  endfacet
  facet normal 0.85769 -0.514167 4.68224e-05
    outer loop
      vertex 34.6518 -36.4446 -1.90735e-07
      vertex 35.0554 -35.7712 1.62122
      vertex 35 -35.8636 1.77198
    endloop
  endfacet
  facet normal 0.857753 -0.514061 0
    outer loop
      vertex 34.6518 -36.4446 -1.90735e-07
      vertex 35 -35.8636 1.77198
      vertex 34.6518 -36.4446 4.3
    endloop
  endfacet
  facet normal 0.85774 -0.514084 0
    outer loop
      vertex 35.0554 -35.7712 1.62122
      vertex 34.6518 -36.4446 -1.90735e-07
      vertex 35.0554 -35.7712 -1.90735e-07
    endloop
  endfacet
  facet normal 0.941575 -0.336804 0
    outer loop
      vertex 35.6007 -34.4755 0.404228
      vertex 35.6555 -34.3223 -1.90735e-07
      vertex 35.6555 -34.3223 0.340776
    endloop
  endfacet
  facet normal 0.941528 -0.336934 1.14603e-05
    outer loop
      vertex 35.391 -35.0615 -1.90735e-07
      vertex 35.6007 -34.4755 0.404228
      vertex 35.4451 -34.9103 0.670694
    endloop
  endfacet
  facet normal 0.941545 -0.336889 0
    outer loop
      vertex 35.391 -35.0615 -1.90735e-07
      vertex 35.4451 -34.9103 0.670694
      vertex 35.391 -35.0615 0.799798
    endloop
  endfacet
  facet normal 0.94154 -0.336901 -4.17194e-05
    outer loop
      vertex 35.6007 -34.4755 0.404228
      vertex 35.391 -35.0615 -1.90735e-07
      vertex 35.6555 -34.3223 -1.90735e-07
    endloop
  endfacet
  facet normal 0.595773 -0.803153 0
    outer loop
      vertex 32.4446 -38.6518 -1.90735e-07
      vertex 33.0751 -38.1841 4.3
      vertex 32.4446 -38.6518 4.3
    endloop
  endfacet
  facet normal 0.595773 -0.803153 0
    outer loop
      vertex 33.0751 -38.1841 4.3
      vertex 32.4446 -38.6518 -1.90735e-07
      vertex 33.0751 -38.1841 -1.90735e-07
    endloop
  endfacet
  facet normal 0.514084 -0.85774 0
    outer loop
      vertex 31.7712 -39.0554 -1.90735e-07
      vertex 32.4446 -38.6518 4.3
      vertex 31.7712 -39.0554 4.3
    endloop
  endfacet
  facet normal 0.514084 -0.85774 0
    outer loop
      vertex 32.4446 -38.6518 4.3
      vertex 31.7712 -39.0554 -1.90735e-07
      vertex 32.4446 -38.6518 -1.90735e-07
    endloop
  endfacet
  facet normal 0.336901 -0.94154 0
    outer loop
      vertex 30.3223 -39.6555 -1.90735e-07
      vertex 31.0615 -39.391 4.3
      vertex 30.3223 -39.6555 4.3
    endloop
  endfacet
  facet normal 0.336901 -0.94154 0
    outer loop
      vertex 31.0615 -39.391 4.3
      vertex 30.3223 -39.6555 -1.90735e-07
      vertex 31.0615 -39.391 -1.90735e-07
    endloop
  endfacet
  facet normal 0.970019 0.24303 0
    outer loop
      vertex 35.8463 -3.43927 20
      vertex 35.6555 -2.67772 6.46934
      vertex 35.6555 -2.67772 20
    endloop
  endfacet
  facet normal 0.970034 0.24297 -3.61151e-06
    outer loop
      vertex 35.6555 -2.67772 6.46934
      vertex 35.8463 -3.43927 20
      vertex 35.7373 -3.0043 6.39093
    endloop
  endfacet
  facet normal 0.970007 0.243076 0
    outer loop
      vertex 35.7373 -3.0043 6.39093
      vertex 35.8463 -3.43927 20
      vertex 35.8463 -3.43927 6.21076
    endloop
  endfacet
  facet normal 0.970034 0.242969 0
    outer loop
      vertex 35.7373 -3.0043 0.209066
      vertex 35.6555 -2.67772 -1.90735e-07
      vertex 35.6555 -2.67772 0.13066
    endloop
  endfacet
  facet normal 0.970007 0.243076 -0
    outer loop
      vertex 35.8463 -3.43927 -1.90735e-07
      vertex 35.7373 -3.0043 0.209066
      vertex 35.8463 -3.43927 0.389234
    endloop
  endfacet
  facet normal 0.970019 0.24303 0.000101587
    outer loop
      vertex 35.7373 -3.0043 0.209066
      vertex 35.8463 -3.43927 -1.90735e-07
      vertex 35.6555 -2.67772 -1.90735e-07
    endloop
  endfacet
  facet normal 0.595756 0.803165 -0
    outer loop
      vertex 33.0751 1.18408 -1.90735e-07
      vertex 32.4446 1.65176 20
      vertex 33.0751 1.18408 20
    endloop
  endfacet
  facet normal 0.595756 0.803165 0
    outer loop
      vertex 32.4446 1.65176 20
      vertex 33.0751 1.18408 -1.90735e-07
      vertex 32.4446 1.65176 -1.90735e-07
    endloop
  endfacet
  facet normal 0.941499 0.337016 0
    outer loop
      vertex 35.413 -2 0.05
      vertex 35.391 -1.93854 -1.90735e-07
      vertex 35.391 -1.93854 0.0548371
    endloop
  endfacet
  facet normal 0.941557 0.336855 -0.000223319
    outer loop
      vertex 35.5949 -2.50841 0.0900124
      vertex 35.391 -1.93854 -1.90735e-07
      vertex 35.413 -2 0.05
    endloop
  endfacet
  facet normal 0.941537 0.336909 0.000167165
    outer loop
      vertex 35.5949 -2.50841 0.0900124
      vertex 35.6555 -2.67772 -1.90735e-07
      vertex 35.391 -1.93854 -1.90735e-07
    endloop
  endfacet
  facet normal 0.941509 0.336988 -0
    outer loop
      vertex 35.6555 -2.67772 -1.90735e-07
      vertex 35.5949 -2.50841 0.0900124
      vertex 35.6555 -2.67772 0.13066
    endloop
  endfacet
  facet normal 0.941499 0.337016 0
    outer loop
      vertex 35.391 -1.93854 20
      vertex 35.413 -2 6.55
      vertex 35.391 -1.93854 6.54516
    endloop
  endfacet
  facet normal 0.941537 0.336909 5.48332e-07
    outer loop
      vertex 35.6555 -2.67772 20
      vertex 35.413 -2 6.55
      vertex 35.391 -1.93854 20
    endloop
  endfacet
  facet normal 0.941551 0.33687 -1.66731e-06
    outer loop
      vertex 35.413 -2 6.55
      vertex 35.6555 -2.67772 20
      vertex 35.5949 -2.50841 6.50999
    endloop
  endfacet
  facet normal 0.941509 0.336988 0
    outer loop
      vertex 35.5949 -2.50841 6.50999
      vertex 35.6555 -2.67772 20
      vertex 35.6555 -2.67772 6.46934
    endloop
  endfacet
  facet normal 0.857784 0.514011 0
    outer loop
      vertex 34.6518 -0.555435 20
      vertex 34.8 -0.802752 4.0157
      vertex 34.6518 -0.555435 -1.90735e-07
    endloop
  endfacet
  facet normal 0.857733 0.514095 -1.78224e-06
    outer loop
      vertex 35 -1.13643 6.42472
      vertex 34.8 -0.802752 4.0157
      vertex 34.6518 -0.555435 20
    endloop
  endfacet
  facet normal 0.857626 0.514273 3.174e-05
    outer loop
      vertex 34.8 -0.802752 4.0157
      vertex 35 -1.13643 6.42472
      vertex 34.8199 -0.835942 4.0778
    endloop
  endfacet
  facet normal 0.857872 0.513863 -3.96821e-05
    outer loop
      vertex 34.8199 -0.835942 4.0778
      vertex 35 -1.13643 6.42472
      vertex 34.9242 -1.01005 4.28995
    endloop
  endfacet
  facet normal 0.857735 0.514092 -0
    outer loop
      vertex 35.0554 -1.22882 6.4469
      vertex 34.6518 -0.555435 20
      vertex 35.0554 -1.22882 20
    endloop
  endfacet
  facet normal 0.857633 0.514262 -1.14556e-05
    outer loop
      vertex 34.6518 -0.555435 20
      vertex 35.0554 -1.22882 6.4469
      vertex 35 -1.13643 6.42472
    endloop
  endfacet
  facet normal 0.857784 0.514011 -0
    outer loop
      vertex 34.8 -0.802752 2.5843
      vertex 34.6518 -0.555435 -1.90735e-07
      vertex 34.8 -0.802752 4.0157
    endloop
  endfacet
  facet normal 0.857672 0.514196 2.41728e-05
    outer loop
      vertex 34.8199 -0.835942 2.5222
      vertex 34.6518 -0.555435 -1.90735e-07
      vertex 34.8 -0.802752 2.5843
    endloop
  endfacet
  facet normal 0.857841 0.513915 -1.83642e-05
    outer loop
      vertex 34.9242 -1.01005 2.31005
      vertex 34.6518 -0.555435 -1.90735e-07
      vertex 34.8199 -0.835942 2.5222
    endloop
  endfacet
  facet normal 0.857608 0.514304 8.57489e-05
    outer loop
      vertex 35 -1.13643 2.20633
      vertex 34.6518 -0.555435 -1.90735e-07
      vertex 34.9242 -1.01005 2.31005
    endloop
  endfacet
  facet normal 0.857751 0.514065 -0
    outer loop
      vertex 35 -1.13643 0.175277
      vertex 34.6518 -0.555435 -1.90735e-07
      vertex 35 -1.13643 2.20633
    endloop
  endfacet
  facet normal 0.857632 0.514264 -0
    outer loop
      vertex 35.0554 -1.22882 -1.90735e-07
      vertex 35 -1.13643 0.175277
      vertex 35.0554 -1.22882 0.153097
    endloop
  endfacet
  facet normal 0.857735 0.514092 0.000122997
    outer loop
      vertex 35 -1.13643 0.175277
      vertex 35.0554 -1.22882 -1.90735e-07
      vertex 34.6518 -0.555435 -1.90735e-07
    endloop
  endfacet
  facet normal 0.857577 0.514356 0
    outer loop
      vertex 34.9242 -1.01005 4.28995
      vertex 35 -1.13643 6.42472
      vertex 35 -1.13643 4.39367
    endloop
  endfacet
  facet normal 0.740971 0.671537 0
    outer loop
      vertex 34.1841 0.0751495 20
      vertex 33.6569 0.65686 -1.90735e-07
      vertex 33.6569 0.65686 20
    endloop
  endfacet
  facet normal 0.740971 0.671537 0
    outer loop
      vertex 33.6569 0.65686 -1.90735e-07
      vertex 34.1841 0.0751495 20
      vertex 34.1841 0.0751495 -1.90735e-07
    endloop
  endfacet
  facet normal -0.671494 0.74101 0
    outer loop
      vertex -33.0751 1.18408 -1.90735e-07
      vertex -33.6569 0.65686 20
      vertex -33.0751 1.18408 20
    endloop
  endfacet
  facet normal -0.671494 0.74101 0
    outer loop
      vertex -33.6569 0.65686 20
      vertex -33.0751 1.18408 -1.90735e-07
      vertex -33.6569 0.65686 -1.90735e-07
    endloop
  endfacet
  facet normal -0.595756 0.803165 0
    outer loop
      vertex -32.4446 1.65176 -1.90735e-07
      vertex -33.0751 1.18408 20
      vertex -32.4446 1.65176 20
    endloop
  endfacet
  facet normal -0.595756 0.803165 0
    outer loop
      vertex -33.0751 1.18408 20
      vertex -32.4446 1.65176 -1.90735e-07
      vertex -33.0751 1.18408 -1.90735e-07
    endloop
  endfacet
  facet normal -0.427562 0.903986 0
    outer loop
      vertex -31.0615 2.39104 -1.90735e-07
      vertex -31.7712 2.05537 20
      vertex -31.0615 2.39104 20
    endloop
  endfacet
  facet normal -0.427562 0.903986 0
    outer loop
      vertex -31.7712 2.05537 20
      vertex -31.0615 2.39104 -1.90735e-07
      vertex -31.7712 2.05537 -1.90735e-07
    endloop
  endfacet
  facet normal -0.989056 0.147539 0
    outer loop
      vertex -35.8463 -3.43927 -1.90735e-07
      vertex -35.8517 -3.47547 0.404228
      vertex -35.8463 -3.43927 0.389234
    endloop
  endfacet
  facet normal -0.989176 0.146733 -7.37336e-05
    outer loop
      vertex -35.9615 -4.21587 -1.90735e-07
      vertex -35.8517 -3.47547 0.404228
      vertex -35.8463 -3.43927 -1.90735e-07
    endloop
  endfacet
  facet normal -0.989195 0.146605 0.000165919
    outer loop
      vertex -35.8517 -3.47547 0.404228
      vertex -35.9615 -4.21587 -1.90735e-07
      vertex -35.9161 -3.9103 0.670694
    endloop
  endfacet
  facet normal -0.989142 0.146962 0
    outer loop
      vertex -35.9161 -3.9103 0.670694
      vertex -35.9615 -4.21587 -1.90735e-07
      vertex -35.9615 -4.21587 0.931671
    endloop
  endfacet
  facet normal -0.989059 0.14752 4.53082e-05
    outer loop
      vertex -35.9615 -4.21587 20
      vertex -35.8463 -3.43927 6.21076
      vertex -35.8517 -3.47547 6.19577
    endloop
  endfacet
  facet normal -0.989209 0.146512 -9.98402e-06
    outer loop
      vertex -35.9615 -4.21587 20
      vertex -35.8517 -3.47547 6.19577
      vertex -35.9161 -3.9103 5.92931
    endloop
  endfacet
  facet normal -0.989142 0.146962 0
    outer loop
      vertex -35.9615 -4.21587 20
      vertex -35.9161 -3.9103 5.92931
      vertex -35.9615 -4.21587 5.66833
    endloop
  endfacet
  facet normal -0.989176 0.146733 0
    outer loop
      vertex -35.8463 -3.43927 6.21076
      vertex -35.9615 -4.21587 20
      vertex -35.8463 -3.43927 20
    endloop
  endfacet
  facet normal -0.970034 0.242969 0
    outer loop
      vertex -35.6555 -2.67772 -1.90735e-07
      vertex -35.7373 -3.0043 0.209066
      vertex -35.6555 -2.67772 0.13066
    endloop
  endfacet
  facet normal -0.970019 0.24303 0.000101587
    outer loop
      vertex -35.8463 -3.43927 -1.90735e-07
      vertex -35.7373 -3.0043 0.209066
      vertex -35.6555 -2.67772 -1.90735e-07
    endloop
  endfacet
  facet normal -0.970007 0.243076 0
    outer loop
      vertex -35.7373 -3.0043 0.209066
      vertex -35.8463 -3.43927 -1.90735e-07
      vertex -35.8463 -3.43927 0.389234
    endloop
  endfacet
  facet normal -0.970034 0.24297 -3.61151e-06
    outer loop
      vertex -35.8463 -3.43927 20
      vertex -35.6555 -2.67772 6.46934
      vertex -35.7373 -3.0043 6.39093
    endloop
  endfacet
  facet normal -0.970007 0.243076 0
    outer loop
      vertex -35.8463 -3.43927 20
      vertex -35.7373 -3.0043 6.39093
      vertex -35.8463 -3.43927 6.21076
    endloop
  endfacet
  facet normal -0.970019 0.24303 0
    outer loop
      vertex -35.6555 -2.67772 6.46934
      vertex -35.8463 -3.43927 20
      vertex -35.6555 -2.67772 20
    endloop
  endfacet
  facet normal -0.941499 0.337016 0
    outer loop
      vertex -35.391 -1.93854 -1.90735e-07
      vertex -35.413 -2 0.05
      vertex -35.391 -1.93854 0.0548371
    endloop
  endfacet
  facet normal -0.941557 0.336855 -0.000223319
    outer loop
      vertex -35.391 -1.93854 -1.90735e-07
      vertex -35.5949 -2.50841 0.0900124
      vertex -35.413 -2 0.05
    endloop
  endfacet
  facet normal -0.941537 0.336909 0.000167165
    outer loop
      vertex -35.6555 -2.67772 -1.90735e-07
      vertex -35.5949 -2.50841 0.0900124
      vertex -35.391 -1.93854 -1.90735e-07
    endloop
  endfacet
  facet normal -0.941509 0.336988 0
    outer loop
      vertex -35.5949 -2.50841 0.0900124
      vertex -35.6555 -2.67772 -1.90735e-07
      vertex -35.6555 -2.67772 0.13066
    endloop
  endfacet
  facet normal -0.941499 0.337016 0
    outer loop
      vertex -35.413 -2 6.55
      vertex -35.391 -1.93854 20
      vertex -35.391 -1.93854 6.54516
    endloop
  endfacet
  facet normal -0.941551 0.33687 -1.66731e-06
    outer loop
      vertex -35.6555 -2.67772 20
      vertex -35.413 -2 6.55
      vertex -35.5949 -2.50841 6.50999
    endloop
  endfacet
  facet normal -0.941509 0.336988 0
    outer loop
      vertex -35.6555 -2.67772 20
      vertex -35.5949 -2.50841 6.50999
      vertex -35.6555 -2.67772 6.46934
    endloop
  endfacet
  facet normal -0.941537 0.336909 5.48332e-07
    outer loop
      vertex -35.413 -2 6.55
      vertex -35.6555 -2.67772 20
      vertex -35.391 -1.93854 20
    endloop
  endfacet
  facet normal -0.904097 0.427327 0
    outer loop
      vertex -35.0554 -1.22882 -1.90735e-07
      vertex -35.1796 -1.49159 0.0900124
      vertex -35.0554 -1.22882 0.153097
    endloop
  endfacet
  facet normal -0.904025 0.427479 0.000543232
    outer loop
      vertex -35.391 -1.93854 -1.90735e-07
      vertex -35.1796 -1.49159 0.0900124
      vertex -35.0554 -1.22882 -1.90735e-07
    endloop
  endfacet
  facet normal -0.903983 0.427569 0
    outer loop
      vertex -35.1796 -1.49159 0.0900124
      vertex -35.391 -1.93854 -1.90735e-07
      vertex -35.391 -1.93854 0.0548371
    endloop
  endfacet
  facet normal -0.904097 0.427327 0
    outer loop
      vertex -35.1796 -1.49159 6.50999
      vertex -35.0554 -1.22882 20
      vertex -35.0554 -1.22882 6.4469
    endloop
  endfacet
  facet normal -0.903983 0.427569 -5.74671e-06
    outer loop
      vertex -35.391 -1.93854 6.54516
      vertex -35.0554 -1.22882 20
      vertex -35.1796 -1.49159 6.50999
    endloop
  endfacet
  facet normal -0.904025 0.42748 0
    outer loop
      vertex -35.0554 -1.22882 20
      vertex -35.391 -1.93854 6.54516
      vertex -35.391 -1.93854 20
    endloop
  endfacet
  facet normal -0.90402 -0.427489 0
    outer loop
      vertex -35.0554 -35.7712 -1.90735e-07
      vertex -35.391 -35.0615 0.799798
      vertex -35.391 -35.0615 -1.90735e-07
    endloop
  endfacet
  facet normal -0.904006 -0.427521 3.38869e-05
    outer loop
      vertex -35.391 -35.0615 0.799798
      vertex -35.0554 -35.7712 -1.90735e-07
      vertex -35.2791 -35.2981 1.0019
    endloop
  endfacet
  facet normal -0.904036 -0.427456 -3.47371e-06
    outer loop
      vertex -35.2791 -35.2981 1.0019
      vertex -35.0554 -35.7712 -1.90735e-07
      vertex -35.1225 -35.6293 1.3897
    endloop
  endfacet
  facet normal -0.904023 -0.427484 0
    outer loop
      vertex -35.1225 -35.6293 1.3897
      vertex -35.0554 -35.7712 -1.90735e-07
      vertex -35.0554 -35.7712 1.62122
    endloop
  endfacet
  facet normal -0.803153 -0.595773 0
    outer loop
      vertex -34.1841 -37.0751 -1.90735e-07
      vertex -34.6518 -36.4446 4.3
      vertex -34.6518 -36.4446 -1.90735e-07
    endloop
  endfacet
  facet normal -0.803153 -0.595773 0
    outer loop
      vertex -34.6518 -36.4446 4.3
      vertex -34.1841 -37.0751 -1.90735e-07
      vertex -34.1841 -37.0751 4.3
    endloop
  endfacet
  facet normal 0.904006 -0.427521 3.38869e-05
    outer loop
      vertex 35.0554 -35.7712 -1.90735e-07
      vertex 35.391 -35.0615 0.799798
      vertex 35.2791 -35.2981 1.0019
    endloop
  endfacet
  facet normal 0.904036 -0.427456 -3.47371e-06
    outer loop
      vertex 35.0554 -35.7712 -1.90735e-07
      vertex 35.2791 -35.2981 1.0019
      vertex 35.1225 -35.6293 1.3897
    endloop
  endfacet
  facet normal 0.904023 -0.427484 0
    outer loop
      vertex 35.0554 -35.7712 -1.90735e-07
      vertex 35.1225 -35.6293 1.3897
      vertex 35.0554 -35.7712 1.62122
    endloop
  endfacet
  facet normal 0.90402 -0.427489 0
    outer loop
      vertex 35.391 -35.0615 0.799798
      vertex 35.0554 -35.7712 -1.90735e-07
      vertex 35.391 -35.0615 -1.90735e-07
    endloop
  endfacet
  facet normal 0.97004 -0.242947 0
    outer loop
      vertex 35.7352 -34.0043 0.209066
      vertex 35.8463 -33.5607 -1.90735e-07
      vertex 35.8463 -33.5607 0.102573
    endloop
  endfacet
  facet normal 0.969999 -0.24311 0
    outer loop
      vertex 35.6555 -34.3223 -1.90735e-07
      vertex 35.7352 -34.0043 0.209066
      vertex 35.6555 -34.3223 0.340776
    endloop
  endfacet
  facet normal 0.970022 -0.243015 -0.000153035
    outer loop
      vertex 35.7352 -34.0043 0.209066
      vertex 35.6555 -34.3223 -1.90735e-07
      vertex 35.8463 -33.5607 -1.90735e-07
    endloop
  endfacet
  facet normal 0.67148 -0.741023 0
    outer loop
      vertex 33.0751 -38.1841 -1.90735e-07
      vertex 33.6569 -37.6569 4.3
      vertex 33.0751 -38.1841 4.3
    endloop
  endfacet
  facet normal 0.67148 -0.741023 0
    outer loop
      vertex 33.6569 -37.6569 4.3
      vertex 33.0751 -38.1841 -1.90735e-07
      vertex 33.6569 -37.6569 -1.90735e-07
    endloop
  endfacet
  facet normal 0.427489 -0.90402 0
    outer loop
      vertex 31.0615 -39.391 -1.90735e-07
      vertex 31.7712 -39.0554 4.3
      vertex 31.0615 -39.391 4.3
    endloop
  endfacet
  facet normal 0.427489 -0.90402 0
    outer loop
      vertex 31.7712 -39.0554 4.3
      vertex 31.0615 -39.391 -1.90735e-07
      vertex 31.7712 -39.0554 -1.90735e-07
    endloop
  endfacet
  facet normal 0.803191 0.595721 0
    outer loop
      vertex 34.6518 -0.555435 20
      vertex 34.1841 0.0751495 -1.90735e-07
      vertex 34.1841 0.0751495 20
    endloop
  endfacet
  facet normal 0.803191 0.595721 0
    outer loop
      vertex 34.1841 0.0751495 -1.90735e-07
      vertex 34.6518 -0.555435 20
      vertex 34.6518 -0.555435 -1.90735e-07
    endloop
  endfacet
  facet normal -0.740971 0.671537 0
    outer loop
      vertex -34.1841 0.0751495 -1.90735e-07
      vertex -33.6569 0.65686 20
      vertex -33.6569 0.65686 -1.90735e-07
    endloop
  endfacet
  facet normal -0.740971 0.671537 0
    outer loop
      vertex -33.6569 0.65686 20
      vertex -34.1841 0.0751495 -1.90735e-07
      vertex -34.1841 0.0751495 20
    endloop
  endfacet
  facet normal -0.803191 0.595721 0
    outer loop
      vertex -34.6518 -0.555435 -1.90735e-07
      vertex -34.1841 0.0751495 20
      vertex -34.1841 0.0751495 -1.90735e-07
    endloop
  endfacet
  facet normal -0.803191 0.595721 0
    outer loop
      vertex -34.1841 0.0751495 20
      vertex -34.6518 -0.555435 -1.90735e-07
      vertex -34.6518 -0.555435 20
    endloop
  endfacet
  facet normal -0.514093 0.857734 0
    outer loop
      vertex -31.7712 2.05537 -1.90735e-07
      vertex -32.4446 1.65176 20
      vertex -31.7712 2.05537 20
    endloop
  endfacet
  facet normal -0.514093 0.857734 0
    outer loop
      vertex -32.4446 1.65176 20
      vertex -31.7712 2.05537 -1.90735e-07
      vertex -32.4446 1.65176 -1.90735e-07
    endloop
  endfacet
  facet normal -0.336879 0.941548 0
    outer loop
      vertex -30.3223 2.65552 -1.90735e-07
      vertex -31.0615 2.39104 20
      vertex -30.3223 2.65552 20
    endloop
  endfacet
  facet normal -0.336879 0.941548 0
    outer loop
      vertex -31.0615 2.39104 20
      vertex -30.3223 2.65552 -1.90735e-07
      vertex -31.0615 2.39104 -1.90735e-07
    endloop
  endfacet
  facet normal -0.242975 0.970033 0
    outer loop
      vertex -30 2.73625 -1.90735e-07
      vertex -30.3223 2.65552 20
      vertex -30 2.73625 20
    endloop
  endfacet
  facet normal -0.242975 0.970033 0
    outer loop
      vertex -30.3223 2.65552 20
      vertex -30 2.73625 -1.90735e-07
      vertex -30.3223 2.65552 -1.90735e-07
    endloop
  endfacet
  facet normal 0 -0.0980244 0.995184
    outer loop
      vertex -39.5 -32.7269 1.9269
      vertex -34.8 -33 1.9
      vertex -34.8 -32.7269 1.9269
    endloop
  endfacet
  facet normal 0 -0.0980244 0.995184
    outer loop
      vertex -34.8 -33 1.9
      vertex -39.5 -32.7269 1.9269
      vertex -39.5 -33 1.9
    endloop
  endfacet
  facet normal 0 -0.0980244 -0.995184
    outer loop
      vertex -39.5 -33 4.7
      vertex -38 -32.7269 4.6731
      vertex -38 -33 4.7
    endloop
  endfacet
  facet normal -0 -0.0980244 -0.995184
    outer loop
      vertex -38 -32.7269 4.6731
      vertex -39.5 -33 4.7
      vertex -39.5 -32.7269 4.6731
    endloop
  endfacet
  facet normal 0 -0.995185 -0.0980137
    outer loop
      vertex -39.5 -31.6 3.3
      vertex -34.8 -31.6269 3.57313
      vertex -39.5 -31.6269 3.57313
    endloop
  endfacet
  facet normal 0 -0.995185 -0.0980137
    outer loop
      vertex -34.8 -31.6269 3.57313
      vertex -39.5 -31.6 3.3
      vertex -34.8 -31.6 3.3
    endloop
  endfacet
  facet normal 0 0.995185 0.0980137
    outer loop
      vertex -34.8 -34.3731 3.02687
      vertex -39.5 -34.4 3.3
      vertex -34.8 -34.4 3.3
    endloop
  endfacet
  facet normal 0 0.995185 0.0980137
    outer loop
      vertex -39.5 -34.4 3.3
      vertex -34.8 -34.3731 3.02687
      vertex -39.5 -34.3731 3.02687
    endloop
  endfacet
  facet normal 0 -0.773023 -0.634378
    outer loop
      vertex -39.5 -31.8359 4.0778
      vertex -34.8 -32.01 4.28995
      vertex -39.5 -32.01 4.28995
    endloop
  endfacet
  facet normal 0 -0.773023 -0.634378
    outer loop
      vertex -34.8 -32.01 4.28995
      vertex -39.5 -31.8359 4.0778
      vertex -34.8 -31.8359 4.0778
    endloop
  endfacet
  facet normal 0 -0.956908 -0.290392
    outer loop
      vertex -39.5 -31.6269 3.57313
      vertex -34.8 -31.7066 3.83576
      vertex -39.5 -31.7066 3.83576
    endloop
  endfacet
  facet normal 0 -0.956908 -0.290392
    outer loop
      vertex -34.8 -31.7066 3.83576
      vertex -39.5 -31.6269 3.57313
      vertex -34.8 -31.6269 3.57313
    endloop
  endfacet
  facet normal -0 0.471449 0.881894
    outer loop
      vertex -39.5 -33.5358 2.00657
      vertex -34.8 -33.7778 2.13594
      vertex -34.8 -33.5358 2.00657
    endloop
  endfacet
  facet normal 0 0.471449 0.881894
    outer loop
      vertex -34.8 -33.7778 2.13594
      vertex -39.5 -33.5358 2.00657
      vertex -39.5 -33.7778 2.13594
    endloop
  endfacet
  facet normal 0 -0.290221 0.95696
    outer loop
      vertex -39.5 -32.4642 2.00657
      vertex -34.8 -32.7269 1.9269
      vertex -34.8 -32.4642 2.00657
    endloop
  endfacet
  facet normal 0 -0.290221 0.95696
    outer loop
      vertex -34.8 -32.7269 1.9269
      vertex -39.5 -32.4642 2.00657
      vertex -39.5 -32.7269 1.9269
    endloop
  endfacet
  facet normal 0 -0.63431 0.773078
    outer loop
      vertex -39.5 -32.01 2.31005
      vertex -34.8 -32.2222 2.13594
      vertex -34.8 -32.01 2.31005
    endloop
  endfacet
  facet normal 0 -0.63431 0.773078
    outer loop
      vertex -34.8 -32.2222 2.13594
      vertex -39.5 -32.01 2.31005
      vertex -39.5 -32.2222 2.13594
    endloop
  endfacet
  facet normal 0 -0.995185 0.0980137
    outer loop
      vertex -39.5 -31.6269 3.02687
      vertex -34.8 -31.6 3.3
      vertex -39.5 -31.6 3.3
    endloop
  endfacet
  facet normal 0 -0.995185 0.0980137
    outer loop
      vertex -34.8 -31.6 3.3
      vertex -39.5 -31.6269 3.02687
      vertex -34.8 -31.6269 3.02687
    endloop
  endfacet
  facet normal 0 -0.882032 0.47119
    outer loop
      vertex -39.5 -31.8359 2.5222
      vertex -34.8 -31.7066 2.76424
      vertex -39.5 -31.7066 2.76424
    endloop
  endfacet
  facet normal 0 -0.882032 0.47119
    outer loop
      vertex -34.8 -31.7066 2.76424
      vertex -39.5 -31.8359 2.5222
      vertex -34.8 -31.8359 2.5222
    endloop
  endfacet
  facet normal 0 -0.471449 -0.881894
    outer loop
      vertex -39.5 -32.4642 4.59343
      vertex -38 -32.2222 4.46406
      vertex -38 -32.4642 4.59343
    endloop
  endfacet
  facet normal -0 -0.471449 -0.881894
    outer loop
      vertex -38 -32.2222 4.46406
      vertex -39.5 -32.4642 4.59343
      vertex -39.5 -32.2222 4.46406
    endloop
  endfacet
  facet normal -0 -0.634408 -0.772998
    outer loop
      vertex -38 -32.2222 4.46406
      vertex -39.5 -32.2222 4.46406
      vertex -38 -32.0223 4.3
    endloop
  endfacet
  facet normal 0 -0.632723 -0.774378
    outer loop
      vertex -38 -32.0223 4.3
      vertex -34.8 -32.01 4.28995
      vertex -34.8 -32.0223 4.3
    endloop
  endfacet
  facet normal 0 -0.632723 -0.774378
    outer loop
      vertex -38 -32.0223 4.3
      vertex -39.5 -32.01 4.28995
      vertex -34.8 -32.01 4.28995
    endloop
  endfacet
  facet normal -2.17205e-05 -0.63431 -0.773078
    outer loop
      vertex -39.5 -32.01 4.28995
      vertex -38 -32.0223 4.3
      vertex -39.5 -32.2222 4.46406
    endloop
  endfacet
  facet normal 0 -0.290221 -0.95696
    outer loop
      vertex -39.5 -32.7269 4.6731
      vertex -38 -32.4642 4.59343
      vertex -38 -32.7269 4.6731
    endloop
  endfacet
  facet normal -0 -0.290221 -0.95696
    outer loop
      vertex -38 -32.4642 4.59343
      vertex -39.5 -32.7269 4.6731
      vertex -39.5 -32.4642 4.59343
    endloop
  endfacet
  facet normal 0 -0.882032 -0.47119
    outer loop
      vertex -39.5 -31.7066 3.83576
      vertex -34.8 -31.8359 4.0778
      vertex -39.5 -31.8359 4.0778
    endloop
  endfacet
  facet normal 0 -0.882032 -0.47119
    outer loop
      vertex -34.8 -31.8359 4.0778
      vertex -39.5 -31.7066 3.83576
      vertex -34.8 -31.7066 3.83576
    endloop
  endfacet
  facet normal -0 0.0980244 0.995184
    outer loop
      vertex -39.5 -33 1.9
      vertex -34.8 -33.2731 1.9269
      vertex -34.8 -33 1.9
    endloop
  endfacet
  facet normal 0 0.0980244 0.995184
    outer loop
      vertex -34.8 -33.2731 1.9269
      vertex -39.5 -33 1.9
      vertex -39.5 -33.2731 1.9269
    endloop
  endfacet
  facet normal 0 0.956908 0.290392
    outer loop
      vertex -34.8 -34.2934 2.76424
      vertex -39.5 -34.3731 3.02687
      vertex -34.8 -34.3731 3.02687
    endloop
  endfacet
  facet normal 0 0.956908 0.290392
    outer loop
      vertex -39.5 -34.3731 3.02687
      vertex -34.8 -34.2934 2.76424
      vertex -39.5 -34.2934 2.76424
    endloop
  endfacet
  facet normal 0 -0.471449 0.881894
    outer loop
      vertex -39.5 -32.2222 2.13594
      vertex -34.8 -32.4642 2.00657
      vertex -34.8 -32.2222 2.13594
    endloop
  endfacet
  facet normal 0 -0.471449 0.881894
    outer loop
      vertex -34.8 -32.4642 2.00657
      vertex -39.5 -32.2222 2.13594
      vertex -39.5 -32.4642 2.00657
    endloop
  endfacet
  facet normal 0 -0.773023 0.634378
    outer loop
      vertex -39.5 -32.01 2.31005
      vertex -34.8 -31.8359 2.5222
      vertex -39.5 -31.8359 2.5222
    endloop
  endfacet
  facet normal 0 -0.773023 0.634378
    outer loop
      vertex -34.8 -31.8359 2.5222
      vertex -39.5 -32.01 2.31005
      vertex -34.8 -32.01 2.31005
    endloop
  endfacet
  facet normal 0 -0.956908 0.290392
    outer loop
      vertex -39.5 -31.7066 2.76424
      vertex -34.8 -31.6269 3.02687
      vertex -39.5 -31.6269 3.02687
    endloop
  endfacet
  facet normal 0 -0.956908 0.290392
    outer loop
      vertex -34.8 -31.6269 3.02687
      vertex -39.5 -31.7066 2.76424
      vertex -34.8 -31.7066 2.76424
    endloop
  endfacet
  facet normal 0 0.772844 0.634596
    outer loop
      vertex -34.8 -33.9899 2.31005
      vertex -39.5 -34.1641 2.5222
      vertex -34.8 -34.1641 2.5222
    endloop
  endfacet
  facet normal 0 0.772844 0.634596
    outer loop
      vertex -39.5 -34.1641 2.5222
      vertex -34.8 -33.9899 2.31005
      vertex -39.5 -33.9899 2.31005
    endloop
  endfacet
  facet normal -0 0.634489 0.772932
    outer loop
      vertex -39.5 -33.7778 2.13594
      vertex -34.8 -33.9899 2.31005
      vertex -34.8 -33.7778 2.13594
    endloop
  endfacet
  facet normal 0 0.634489 0.772932
    outer loop
      vertex -34.8 -33.9899 2.31005
      vertex -39.5 -33.7778 2.13594
      vertex -39.5 -33.9899 2.31005
    endloop
  endfacet
  facet normal -0 0.290221 0.95696
    outer loop
      vertex -39.5 -33.2731 1.9269
      vertex -34.8 -33.5358 2.00657
      vertex -34.8 -33.2731 1.9269
    endloop
  endfacet
  facet normal 0 0.290221 0.95696
    outer loop
      vertex -34.8 -33.5358 2.00657
      vertex -39.5 -33.2731 1.9269
      vertex -39.5 -33.5358 2.00657
    endloop
  endfacet
  facet normal 0 0.772844 -0.634596
    outer loop
      vertex -34.8 -34.1641 4.0778
      vertex -39.5 -33.9899 4.28995
      vertex -34.8 -33.9899 4.28995
    endloop
  endfacet
  facet normal 0 0.772844 -0.634596
    outer loop
      vertex -39.5 -33.9899 4.28995
      vertex -34.8 -34.1641 4.0778
      vertex -39.5 -34.1641 4.0778
    endloop
  endfacet
  facet normal 0 0.635818 -0.771839
    outer loop
      vertex -34.8 -33.9899 4.28995
      vertex -38 -33.9777 4.3
      vertex -34.8 -33.9777 4.3
    endloop
  endfacet
  facet normal 0 0.635818 -0.771839
    outer loop
      vertex -39.5 -33.9899 4.28995
      vertex -38 -33.9777 4.3
      vertex -34.8 -33.9899 4.28995
    endloop
  endfacet
  facet normal 1.92392e-05 0.634408 -0.772998
    outer loop
      vertex -39.5 -33.9899 4.28995
      vertex -38 -33.7778 4.46406
      vertex -38 -33.9777 4.3
    endloop
  endfacet
  facet normal 0 0.634489 -0.772932
    outer loop
      vertex -38 -33.7778 4.46406
      vertex -39.5 -33.9899 4.28995
      vertex -39.5 -33.7778 4.46406
    endloop
  endfacet
  facet normal 0 0.882032 0.47119
    outer loop
      vertex -34.8 -34.1641 2.5222
      vertex -39.5 -34.2934 2.76424
      vertex -34.8 -34.2934 2.76424
    endloop
  endfacet
  facet normal 0 0.882032 0.47119
    outer loop
      vertex -39.5 -34.2934 2.76424
      vertex -34.8 -34.1641 2.5222
      vertex -39.5 -34.1641 2.5222
    endloop
  endfacet
  facet normal 0 0.956908 -0.290392
    outer loop
      vertex -34.8 -34.3731 3.57313
      vertex -39.5 -34.2934 3.83576
      vertex -34.8 -34.2934 3.83576
    endloop
  endfacet
  facet normal 0 0.956908 -0.290392
    outer loop
      vertex -39.5 -34.2934 3.83576
      vertex -34.8 -34.3731 3.57313
      vertex -39.5 -34.3731 3.57313
    endloop
  endfacet
  facet normal -1 0 0
    outer loop
      vertex -34.8 -31.6269 3.02687
      vertex -34.8 -31.6269 3.57313
      vertex -34.8 -31.6 3.3
    endloop
  endfacet
  facet normal -1 0 0
    outer loop
      vertex -34.8 -31.7066 2.76424
      vertex -34.8 -31.6269 3.57313
      vertex -34.8 -31.6269 3.02687
    endloop
  endfacet
  facet normal -1 0 0
    outer loop
      vertex -34.8 -31.7066 2.76424
      vertex -34.8 -31.7066 3.83576
      vertex -34.8 -31.6269 3.57313
    endloop
  endfacet
  facet normal -1 0 0
    outer loop
      vertex -34.8 -31.8359 2.5222
      vertex -34.8 -31.7066 3.83576
      vertex -34.8 -31.7066 2.76424
    endloop
  endfacet
  facet normal -1 0 0
    outer loop
      vertex -34.8 -31.8359 2.5222
      vertex -34.8 -31.8359 4.0778
      vertex -34.8 -31.7066 3.83576
    endloop
  endfacet
  facet normal -1 0 0
    outer loop
      vertex -34.8 -32.01 2.31005
      vertex -34.8 -31.8359 4.0778
      vertex -34.8 -31.8359 2.5222
    endloop
  endfacet
  facet normal -1 0 0
    outer loop
      vertex -34.8 -32.0223 4.3
      vertex -34.8 -31.8359 4.0778
      vertex -34.8 -32.01 2.31005
    endloop
  endfacet
  facet normal -1 0 0
    outer loop
      vertex -34.8 -31.8359 4.0778
      vertex -34.8 -32.0223 4.3
      vertex -34.8 -32.01 4.28995
    endloop
  endfacet
  facet normal -1 0 0
    outer loop
      vertex -34.8 -32.2222 2.13594
      vertex -34.8 -32.0223 4.3
      vertex -34.8 -32.01 2.31005
    endloop
  endfacet
  facet normal -1 0 0
    outer loop
      vertex -34.8 -32.4642 2.00657
      vertex -34.8 -32.0223 4.3
      vertex -34.8 -32.2222 2.13594
    endloop
  endfacet
  facet normal -1 0 0
    outer loop
      vertex -34.8 -32.7269 1.9269
      vertex -34.8 -32.0223 4.3
      vertex -34.8 -32.4642 2.00657
    endloop
  endfacet
  facet normal -1 0 0
    outer loop
      vertex -34.8 -33 1.9
      vertex -34.8 -32.0223 4.3
      vertex -34.8 -32.7269 1.9269
    endloop
  endfacet
  facet normal -1 0 0
    outer loop
      vertex -34.8 -33.2731 1.9269
      vertex -34.8 -32.0223 4.3
      vertex -34.8 -33 1.9
    endloop
  endfacet
  facet normal -1 0 0
    outer loop
      vertex -34.8 -33.5358 2.00657
      vertex -34.8 -32.0223 4.3
      vertex -34.8 -33.2731 1.9269
    endloop
  endfacet
  facet normal -1 0 0
    outer loop
      vertex -34.8 -33.7778 2.13594
      vertex -34.8 -32.0223 4.3
      vertex -34.8 -33.5358 2.00657
    endloop
  endfacet
  facet normal -1 0 0
    outer loop
      vertex -34.8 -33.7778 2.13594
      vertex -34.8 -33.9777 4.3
      vertex -34.8 -32.0223 4.3
    endloop
  endfacet
  facet normal -1 0 0
    outer loop
      vertex -34.8 -33.9899 2.31005
      vertex -34.8 -33.9777 4.3
      vertex -34.8 -33.7778 2.13594
    endloop
  endfacet
  facet normal -1 0 0
    outer loop
      vertex -34.8 -34.1641 2.5222
      vertex -34.8 -33.9777 4.3
      vertex -34.8 -33.9899 2.31005
    endloop
  endfacet
  facet normal -1 0 0
    outer loop
      vertex -34.8 -34.1641 4.0778
      vertex -34.8 -33.9777 4.3
      vertex -34.8 -34.1641 2.5222
    endloop
  endfacet
  facet normal -1 0 0
    outer loop
      vertex -34.8 -33.9777 4.3
      vertex -34.8 -34.1641 4.0778
      vertex -34.8 -33.9899 4.28995
    endloop
  endfacet
  facet normal -1 0 0
    outer loop
      vertex -34.8 -34.2934 2.76424
      vertex -34.8 -34.1641 4.0778
      vertex -34.8 -34.1641 2.5222
    endloop
  endfacet
  facet normal -1 0 0
    outer loop
      vertex -34.8 -34.2934 2.76424
      vertex -34.8 -34.2934 3.83576
      vertex -34.8 -34.1641 4.0778
    endloop
  endfacet
  facet normal -1 0 0
    outer loop
      vertex -34.8 -34.3731 3.02687
      vertex -34.8 -34.2934 3.83576
      vertex -34.8 -34.2934 2.76424
    endloop
  endfacet
  facet normal -1 0 0
    outer loop
      vertex -34.8 -34.3731 3.02687
      vertex -34.8 -34.3731 3.57313
      vertex -34.8 -34.2934 3.83576
    endloop
  endfacet
  facet normal -1 0 -0
    outer loop
      vertex -34.8 -34.3731 3.57313
      vertex -34.8 -34.3731 3.02687
      vertex -34.8 -34.4 3.3
    endloop
  endfacet
  facet normal 0 0.882032 -0.47119
    outer loop
      vertex -34.8 -34.2934 3.83576
      vertex -39.5 -34.1641 4.0778
      vertex -34.8 -34.1641 4.0778
    endloop
  endfacet
  facet normal 0 0.882032 -0.47119
    outer loop
      vertex -39.5 -34.1641 4.0778
      vertex -34.8 -34.2934 3.83576
      vertex -39.5 -34.2934 3.83576
    endloop
  endfacet
  facet normal 0 0.471449 -0.881894
    outer loop
      vertex -39.5 -33.7778 4.46406
      vertex -38 -33.5358 4.59343
      vertex -38 -33.7778 4.46406
    endloop
  endfacet
  facet normal 0 0.471449 -0.881894
    outer loop
      vertex -38 -33.5358 4.59343
      vertex -39.5 -33.7778 4.46406
      vertex -39.5 -33.5358 4.59343
    endloop
  endfacet
  facet normal 0 0.290221 -0.95696
    outer loop
      vertex -39.5 -33.5358 4.59343
      vertex -38 -33.2731 4.6731
      vertex -38 -33.5358 4.59343
    endloop
  endfacet
  facet normal 0 0.290221 -0.95696
    outer loop
      vertex -38 -33.2731 4.6731
      vertex -39.5 -33.5358 4.59343
      vertex -39.5 -33.2731 4.6731
    endloop
  endfacet
  facet normal 0 0.0980244 -0.995184
    outer loop
      vertex -39.5 -33.2731 4.6731
      vertex -38 -33 4.7
      vertex -38 -33.2731 4.6731
    endloop
  endfacet
  facet normal 0 0.0980244 -0.995184
    outer loop
      vertex -38 -33 4.7
      vertex -39.5 -33.2731 4.6731
      vertex -39.5 -33 4.7
    endloop
  endfacet
  facet normal 0 0.995185 -0.0980137
    outer loop
      vertex -34.8 -34.4 3.3
      vertex -39.5 -34.3731 3.57313
      vertex -34.8 -34.3731 3.57313
    endloop
  endfacet
  facet normal 0 0.995185 -0.0980137
    outer loop
      vertex -39.5 -34.3731 3.57313
      vertex -34.8 -34.4 3.3
      vertex -39.5 -34.4 3.3
    endloop
  endfacet
  facet normal 0 -0.634403 0.773003
    outer loop
      vertex -35 -1.01005 2.31005
      vertex -39.5 -1.01005 2.31005
      vertex -35 -1.13643 2.20633
    endloop
  endfacet
  facet normal 0 -0.6344 0.773005
    outer loop
      vertex -34.9242 -1.01005 2.31005
      vertex -34.8 -1.2222 2.13594
      vertex -34.8 -1.01005 2.31005
    endloop
  endfacet
  facet normal -4.28617e-06 -0.634401 0.773004
    outer loop
      vertex -35 -1.13643 2.20633
      vertex -34.8 -1.2222 2.13594
      vertex -34.9242 -1.01005 2.31005
    endloop
  endfacet
  facet normal 1.4267e-07 -0.6344 0.773005
    outer loop
      vertex -39.5 -1.2222 2.13594
      vertex -35 -1.13643 2.20633
      vertex -39.5 -1.01005 2.31005
    endloop
  endfacet
  facet normal 0 -0.634395 0.773009
    outer loop
      vertex -35 -1.13643 2.20633
      vertex -39.5 -1.2222 2.13594
      vertex -34.8 -1.2222 2.13594
    endloop
  endfacet
  facet normal 0 -0.995185 0.0980173
    outer loop
      vertex -39.5 -0.6269 3.02687
      vertex -35 -0.599999 3.3
      vertex -39.5 -0.599999 3.3
    endloop
  endfacet
  facet normal 0 -0.995185 0.0980173
    outer loop
      vertex -35 -0.599999 3.3
      vertex -39.5 -0.6269 3.02687
      vertex -35 -0.6269 3.02687
    endloop
  endfacet
  facet normal 0 -0.95694 0.290285
    outer loop
      vertex -39.5 -0.706568 2.76424
      vertex -35 -0.6269 3.02687
      vertex -39.5 -0.6269 3.02687
    endloop
  endfacet
  facet normal 0 -0.95694 0.290285
    outer loop
      vertex -35 -0.6269 3.02687
      vertex -39.5 -0.706568 2.76424
      vertex -35 -0.706568 2.76424
    endloop
  endfacet
  facet normal 0 -0.95694 -0.290285
    outer loop
      vertex -39.5 -0.6269 3.57313
      vertex -35 -0.706568 3.83576
      vertex -39.5 -0.706568 3.83576
    endloop
  endfacet
  facet normal 0 -0.95694 -0.290285
    outer loop
      vertex -35 -0.706568 3.83576
      vertex -39.5 -0.6269 3.57313
      vertex -35 -0.6269 3.57313
    endloop
  endfacet
  facet normal 0 -0.471388 -0.881926
    outer loop
      vertex -39.5 -1.46424 4.59343
      vertex -34.8 -1.2222 4.46406
      vertex -34.8 -1.46424 4.59343
    endloop
  endfacet
  facet normal -0 -0.471388 -0.881926
    outer loop
      vertex -34.8 -1.2222 4.46406
      vertex -39.5 -1.46424 4.59343
      vertex -39.5 -1.2222 4.46406
    endloop
  endfacet
  facet normal -0 0.0980137 0.995185
    outer loop
      vertex -39.5 -2 1.9
      vertex -34.8 -2.27313 1.9269
      vertex -34.8 -2 1.9
    endloop
  endfacet
  facet normal 0 0.0980137 0.995185
    outer loop
      vertex -34.8 -2.27313 1.9269
      vertex -39.5 -2 1.9
      vertex -39.5 -2.27313 1.9269
    endloop
  endfacet
  facet normal 0 -0.290292 0.956938
    outer loop
      vertex -39.5 -1.46424 2.00657
      vertex -34.8 -1.72687 1.9269
      vertex -34.8 -1.46424 2.00657
    endloop
  endfacet
  facet normal 0 -0.290292 0.956938
    outer loop
      vertex -34.8 -1.72687 1.9269
      vertex -39.5 -1.46424 2.00657
      vertex -39.5 -1.72687 1.9269
    endloop
  endfacet
  facet normal 0 -0.471388 0.881926
    outer loop
      vertex -39.5 -1.2222 2.13594
      vertex -34.8 -1.46424 2.00657
      vertex -34.8 -1.2222 2.13594
    endloop
  endfacet
  facet normal 0 -0.471388 0.881926
    outer loop
      vertex -34.8 -1.46424 2.00657
      vertex -39.5 -1.2222 2.13594
      vertex -39.5 -1.46424 2.00657
    endloop
  endfacet
  facet normal 0 -0.995185 -0.0980173
    outer loop
      vertex -39.5 -0.599999 3.3
      vertex -35 -0.6269 3.57313
      vertex -39.5 -0.6269 3.57313
    endloop
  endfacet
  facet normal 0 -0.995185 -0.0980173
    outer loop
      vertex -35 -0.6269 3.57313
      vertex -39.5 -0.599999 3.3
      vertex -35 -0.599999 3.3
    endloop
  endfacet
  facet normal 0 -0.88194 0.471362
    outer loop
      vertex -34.8 -0.835942 2.5222
      vertex -34.8 -0.802752 2.5843
      vertex -34.8199 -0.835942 2.5222
    endloop
  endfacet
  facet normal 0 -0.88192 0.471399
    outer loop
      vertex -39.5 -0.835942 2.5222
      vertex -35 -0.706568 2.76424
      vertex -39.5 -0.706568 2.76424
    endloop
  endfacet
  facet normal 0 -0.88192 0.471399
    outer loop
      vertex -35 -0.706568 2.76424
      vertex -39.5 -0.835942 2.5222
      vertex -35 -0.835942 2.5222
    endloop
  endfacet
  facet normal 0 -0.0980137 -0.995185
    outer loop
      vertex -39.5 -2 4.7
      vertex -34.8 -1.72687 4.6731
      vertex -34.8 -2 4.7
    endloop
  endfacet
  facet normal -0 -0.0980137 -0.995185
    outer loop
      vertex -34.8 -1.72687 4.6731
      vertex -39.5 -2 4.7
      vertex -39.5 -1.72687 4.6731
    endloop
  endfacet
  facet normal 0 -0.6344 -0.773005
    outer loop
      vertex -34.8 -1.2222 4.46406
      vertex -34.9242 -1.01005 4.28995
      vertex -34.8 -1.01005 4.28995
    endloop
  endfacet
  facet normal -4.28617e-06 -0.634401 -0.773004
    outer loop
      vertex -34.8 -1.2222 4.46406
      vertex -35 -1.13643 4.39367
      vertex -34.9242 -1.01005 4.28995
    endloop
  endfacet
  facet normal 0 -0.634395 -0.773009
    outer loop
      vertex -39.5 -1.2222 4.46406
      vertex -35 -1.13643 4.39367
      vertex -34.8 -1.2222 4.46406
    endloop
  endfacet
  facet normal 1.4267e-07 -0.6344 -0.773005
    outer loop
      vertex -39.5 -1.01005 4.28995
      vertex -35 -1.13643 4.39367
      vertex -39.5 -1.2222 4.46406
    endloop
  endfacet
  facet normal 0 -0.634403 -0.773003
    outer loop
      vertex -35 -1.13643 4.39367
      vertex -39.5 -1.01005 4.28995
      vertex -35 -1.01005 4.28995
    endloop
  endfacet
  facet normal 0 -0.88194 -0.471362
    outer loop
      vertex -34.8 -0.802752 4.0157
      vertex -34.8 -0.835942 4.0778
      vertex -34.8199 -0.835942 4.0778
    endloop
  endfacet
  facet normal 0 -0.88192 -0.471399
    outer loop
      vertex -39.5 -0.706568 3.83576
      vertex -35 -0.835942 4.0778
      vertex -39.5 -0.835942 4.0778
    endloop
  endfacet
  facet normal 0 -0.88192 -0.471399
    outer loop
      vertex -35 -0.835942 4.0778
      vertex -39.5 -0.706568 3.83576
      vertex -35 -0.706568 3.83576
    endloop
  endfacet
  facet normal 0 -0.773009 -0.634395
    outer loop
      vertex -34.8199 -0.835942 4.0778
      vertex -34.8 -1.01005 4.28995
      vertex -34.9242 -1.01005 4.28995
    endloop
  endfacet
  facet normal 0 -0.773009 -0.634395
    outer loop
      vertex -34.8 -1.01005 4.28995
      vertex -34.8199 -0.835942 4.0778
      vertex -34.8 -0.835942 4.0778
    endloop
  endfacet
  facet normal 0 -0.773009 -0.634395
    outer loop
      vertex -39.5 -0.835942 4.0778
      vertex -35 -1.01005 4.28995
      vertex -39.5 -1.01005 4.28995
    endloop
  endfacet
  facet normal 0 -0.773009 -0.634395
    outer loop
      vertex -35 -1.01005 4.28995
      vertex -39.5 -0.835942 4.0778
      vertex -35 -0.835942 4.0778
    endloop
  endfacet
  facet normal 0 -0.0980137 0.995185
    outer loop
      vertex -39.5 -1.72687 1.9269
      vertex -34.8 -2 1.9
      vertex -34.8 -1.72687 1.9269
    endloop
  endfacet
  facet normal 0 -0.0980137 0.995185
    outer loop
      vertex -34.8 -2 1.9
      vertex -39.5 -1.72687 1.9269
      vertex -39.5 -2 1.9
    endloop
  endfacet
  facet normal 0 0.773005 0.6344
    outer loop
      vertex -34.8 -2.98995 2.31005
      vertex -39.5 -3.16406 2.5222
      vertex -34.8 -3.16406 2.5222
    endloop
  endfacet
  facet normal 0 0.773005 0.6344
    outer loop
      vertex -39.5 -3.16406 2.5222
      vertex -34.8 -2.98995 2.31005
      vertex -39.5 -2.98995 2.31005
    endloop
  endfacet
  facet normal -0 0.290292 0.956938
    outer loop
      vertex -39.5 -2.27313 1.9269
      vertex -34.8 -2.53576 2.00657
      vertex -34.8 -2.27313 1.9269
    endloop
  endfacet
  facet normal 0 0.290292 0.956938
    outer loop
      vertex -34.8 -2.53576 2.00657
      vertex -39.5 -2.27313 1.9269
      vertex -39.5 -2.53576 2.00657
    endloop
  endfacet
  facet normal 0 0.773005 -0.6344
    outer loop
      vertex -34.8 -3.16406 4.0778
      vertex -39.5 -2.98995 4.28995
      vertex -34.8 -2.98995 4.28995
    endloop
  endfacet
  facet normal 0 0.773005 -0.6344
    outer loop
      vertex -39.5 -2.98995 4.28995
      vertex -34.8 -3.16406 4.0778
      vertex -39.5 -3.16406 4.0778
    endloop
  endfacet
  facet normal 0 -0.773009 0.634395
    outer loop
      vertex -34.8 -1.01005 2.31005
      vertex -34.8199 -0.835942 2.5222
      vertex -34.9242 -1.01005 2.31005
    endloop
  endfacet
  facet normal 0 -0.773009 0.634395
    outer loop
      vertex -34.8199 -0.835942 2.5222
      vertex -34.8 -1.01005 2.31005
      vertex -34.8 -0.835942 2.5222
    endloop
  endfacet
  facet normal 0 -0.773009 0.634395
    outer loop
      vertex -39.5 -1.01005 2.31005
      vertex -35 -0.835942 2.5222
      vertex -39.5 -0.835942 2.5222
    endloop
  endfacet
  facet normal 0 -0.773009 0.634395
    outer loop
      vertex -35 -0.835942 2.5222
      vertex -39.5 -1.01005 2.31005
      vertex -35 -1.01005 2.31005
    endloop
  endfacet
  facet normal 0 -0.290292 -0.956938
    outer loop
      vertex -39.5 -1.72687 4.6731
      vertex -34.8 -1.46424 4.59343
      vertex -34.8 -1.72687 4.6731
    endloop
  endfacet
  facet normal -0 -0.290292 -0.956938
    outer loop
      vertex -34.8 -1.46424 4.59343
      vertex -39.5 -1.72687 4.6731
      vertex -39.5 -1.46424 4.59343
    endloop
  endfacet
  facet normal -0 0.471388 0.881926
    outer loop
      vertex -39.5 -2.53576 2.00657
      vertex -34.8 -2.7778 2.13594
      vertex -34.8 -2.53576 2.00657
    endloop
  endfacet
  facet normal 0 0.471388 0.881926
    outer loop
      vertex -34.8 -2.7778 2.13594
      vertex -39.5 -2.53576 2.00657
      vertex -39.5 -2.7778 2.13594
    endloop
  endfacet
  facet normal 0 0.0980137 -0.995185
    outer loop
      vertex -39.5 -2.27313 4.6731
      vertex -34.8 -2 4.7
      vertex -34.8 -2.27313 4.6731
    endloop
  endfacet
  facet normal 0 0.0980137 -0.995185
    outer loop
      vertex -34.8 -2 4.7
      vertex -39.5 -2.27313 4.6731
      vertex -39.5 -2 4.7
    endloop
  endfacet
  facet normal 0 0.6344 -0.773005
    outer loop
      vertex -39.5 -2.98995 4.28995
      vertex -34.8 -2.7778 4.46406
      vertex -34.8 -2.98995 4.28995
    endloop
  endfacet
  facet normal 0 0.6344 -0.773005
    outer loop
      vertex -34.8 -2.7778 4.46406
      vertex -39.5 -2.98995 4.28995
      vertex -39.5 -2.7778 4.46406
    endloop
  endfacet
  facet normal 0 0.956938 0.290292
    outer loop
      vertex -34.8 -3.29343 2.76424
      vertex -39.5 -3.3731 3.02687
      vertex -34.8 -3.3731 3.02687
    endloop
  endfacet
  facet normal 0 0.956938 0.290292
    outer loop
      vertex -39.5 -3.3731 3.02687
      vertex -34.8 -3.29343 2.76424
      vertex -39.5 -3.29343 2.76424
    endloop
  endfacet
  facet normal 0 0.881926 0.471388
    outer loop
      vertex -34.8 -3.16406 2.5222
      vertex -39.5 -3.29343 2.76424
      vertex -34.8 -3.29343 2.76424
    endloop
  endfacet
  facet normal 0 0.881926 0.471388
    outer loop
      vertex -39.5 -3.29343 2.76424
      vertex -34.8 -3.16406 2.5222
      vertex -39.5 -3.16406 2.5222
    endloop
  endfacet
  facet normal -0 0.6344 0.773005
    outer loop
      vertex -39.5 -2.7778 2.13594
      vertex -34.8 -2.98995 2.31005
      vertex -34.8 -2.7778 2.13594
    endloop
  endfacet
  facet normal 0 0.6344 0.773005
    outer loop
      vertex -34.8 -2.98995 2.31005
      vertex -39.5 -2.7778 2.13594
      vertex -39.5 -2.98995 2.31005
    endloop
  endfacet
  facet normal 0 0.881926 -0.471388
    outer loop
      vertex -34.8 -3.29343 3.83576
      vertex -39.5 -3.16406 4.0778
      vertex -34.8 -3.16406 4.0778
    endloop
  endfacet
  facet normal 0 0.881926 -0.471388
    outer loop
      vertex -39.5 -3.16406 4.0778
      vertex -34.8 -3.29343 3.83576
      vertex -39.5 -3.29343 3.83576
    endloop
  endfacet
  facet normal 0 0.956938 -0.290292
    outer loop
      vertex -34.8 -3.3731 3.57313
      vertex -39.5 -3.29343 3.83576
      vertex -34.8 -3.29343 3.83576
    endloop
  endfacet
  facet normal 0 0.956938 -0.290292
    outer loop
      vertex -39.5 -3.29343 3.83576
      vertex -34.8 -3.3731 3.57313
      vertex -39.5 -3.3731 3.57313
    endloop
  endfacet
  facet normal 0 0.290292 -0.956938
    outer loop
      vertex -39.5 -2.53576 4.59343
      vertex -34.8 -2.27313 4.6731
      vertex -34.8 -2.53576 4.59343
    endloop
  endfacet
  facet normal 0 0.290292 -0.956938
    outer loop
      vertex -34.8 -2.27313 4.6731
      vertex -39.5 -2.53576 4.59343
      vertex -39.5 -2.27313 4.6731
    endloop
  endfacet
  facet normal 0 0.471388 -0.881926
    outer loop
      vertex -39.5 -2.7778 4.46406
      vertex -34.8 -2.53576 4.59343
      vertex -34.8 -2.7778 4.46406
    endloop
  endfacet
  facet normal 0 0.471388 -0.881926
    outer loop
      vertex -34.8 -2.53576 4.59343
      vertex -39.5 -2.7778 4.46406
      vertex -39.5 -2.53576 4.59343
    endloop
  endfacet
  facet normal 0 0.995185 0.0980137
    outer loop
      vertex -34.8 -3.3731 3.02687
      vertex -39.5 -3.4 3.3
      vertex -34.8 -3.4 3.3
    endloop
  endfacet
  facet normal 0 0.995185 0.0980137
    outer loop
      vertex -39.5 -3.4 3.3
      vertex -34.8 -3.3731 3.02687
      vertex -39.5 -3.3731 3.02687
    endloop
  endfacet
  facet normal 0 0.995185 -0.0980137
    outer loop
      vertex -34.8 -3.4 3.3
      vertex -39.5 -3.3731 3.57313
      vertex -34.8 -3.3731 3.57313
    endloop
  endfacet
  facet normal 0 0.995185 -0.0980137
    outer loop
      vertex -39.5 -3.3731 3.57313
      vertex -34.8 -3.4 3.3
      vertex -39.5 -3.4 3.3
    endloop
  endfacet
  facet normal -1 0 0
    outer loop
      vertex -34.8 -1.01005 2.31005
      vertex -34.8 -0.802752 2.5843
      vertex -34.8 -0.835942 2.5222
    endloop
  endfacet
  facet normal -1 0 0
    outer loop
      vertex -34.8 -1.2222 2.13594
      vertex -34.8 -0.802752 2.5843
      vertex -34.8 -1.01005 2.31005
    endloop
  endfacet
  facet normal -1 -0 0
    outer loop
      vertex -34.8 -0.802752 2.5843
      vertex -34.8 -1.2222 2.13594
      vertex -34.8 -0.802752 4.0157
    endloop
  endfacet
  facet normal -1 0 0
    outer loop
      vertex -34.8 -0.802752 4.0157
      vertex -34.8 -1.01005 4.28995
      vertex -34.8 -0.835942 4.0778
    endloop
  endfacet
  facet normal -1 0 0
    outer loop
      vertex -34.8 -1.46424 2.00657
      vertex -34.8 -0.802752 4.0157
      vertex -34.8 -1.2222 2.13594
    endloop
  endfacet
  facet normal -1 0 0
    outer loop
      vertex -34.8 -0.802752 4.0157
      vertex -34.8 -1.2222 4.46406
      vertex -34.8 -1.01005 4.28995
    endloop
  endfacet
  facet normal -1 -0 0
    outer loop
      vertex -34.8 -0.802752 4.0157
      vertex -34.8 -1.46424 2.00657
      vertex -34.8 -1.2222 4.46406
    endloop
  endfacet
  facet normal -1 0 0
    outer loop
      vertex -34.8 -1.46424 2.00657
      vertex -34.8 -1.46424 4.59343
      vertex -34.8 -1.2222 4.46406
    endloop
  endfacet
  facet normal -1 0 0
    outer loop
      vertex -34.8 -1.72687 1.9269
      vertex -34.8 -1.46424 4.59343
      vertex -34.8 -1.46424 2.00657
    endloop
  endfacet
  facet normal -1 0 0
    outer loop
      vertex -34.8 -1.72687 1.9269
      vertex -34.8 -1.72687 4.6731
      vertex -34.8 -1.46424 4.59343
    endloop
  endfacet
  facet normal -1 0 0
    outer loop
      vertex -34.8 -2 1.9
      vertex -34.8 -1.72687 4.6731
      vertex -34.8 -1.72687 1.9269
    endloop
  endfacet
  facet normal -1 0 0
    outer loop
      vertex -34.8 -2 1.9
      vertex -34.8 -2 4.7
      vertex -34.8 -1.72687 4.6731
    endloop
  endfacet
  facet normal -1 0 0
    outer loop
      vertex -34.8 -2.27313 1.9269
      vertex -34.8 -2 4.7
      vertex -34.8 -2 1.9
    endloop
  endfacet
  facet normal -1 0 0
    outer loop
      vertex -34.8 -2.27313 1.9269
      vertex -34.8 -2.27313 4.6731
      vertex -34.8 -2 4.7
    endloop
  endfacet
  facet normal -1 0 0
    outer loop
      vertex -34.8 -2.53576 2.00657
      vertex -34.8 -2.27313 4.6731
      vertex -34.8 -2.27313 1.9269
    endloop
  endfacet
  facet normal -1 0 0
    outer loop
      vertex -34.8 -2.53576 2.00657
      vertex -34.8 -2.53576 4.59343
      vertex -34.8 -2.27313 4.6731
    endloop
  endfacet
  facet normal -1 0 0
    outer loop
      vertex -34.8 -2.7778 2.13594
      vertex -34.8 -2.53576 4.59343
      vertex -34.8 -2.53576 2.00657
    endloop
  endfacet
  facet normal -1 0 0
    outer loop
      vertex -34.8 -2.7778 2.13594
      vertex -34.8 -2.7778 4.46406
      vertex -34.8 -2.53576 4.59343
    endloop
  endfacet
  facet normal -1 0 0
    outer loop
      vertex -34.8 -2.98995 2.31005
      vertex -34.8 -2.7778 4.46406
      vertex -34.8 -2.7778 2.13594
    endloop
  endfacet
  facet normal -1 0 0
    outer loop
      vertex -34.8 -2.98995 2.31005
      vertex -34.8 -2.98995 4.28995
      vertex -34.8 -2.7778 4.46406
    endloop
  endfacet
  facet normal -1 0 0
    outer loop
      vertex -34.8 -3.16406 2.5222
      vertex -34.8 -2.98995 4.28995
      vertex -34.8 -2.98995 2.31005
    endloop
  endfacet
  facet normal -1 0 0
    outer loop
      vertex -34.8 -3.16406 2.5222
      vertex -34.8 -3.16406 4.0778
      vertex -34.8 -2.98995 4.28995
    endloop
  endfacet
  facet normal -1 0 0
    outer loop
      vertex -34.8 -3.29343 2.76424
      vertex -34.8 -3.16406 4.0778
      vertex -34.8 -3.16406 2.5222
    endloop
  endfacet
  facet normal -1 0 0
    outer loop
      vertex -34.8 -3.29343 2.76424
      vertex -34.8 -3.29343 3.83576
      vertex -34.8 -3.16406 4.0778
    endloop
  endfacet
  facet normal -1 0 0
    outer loop
      vertex -34.8 -3.3731 3.02687
      vertex -34.8 -3.29343 3.83576
      vertex -34.8 -3.29343 2.76424
    endloop
  endfacet
  facet normal -1 0 0
    outer loop
      vertex -34.8 -3.3731 3.02687
      vertex -34.8 -3.3731 3.57313
      vertex -34.8 -3.29343 3.83576
    endloop
  endfacet
  facet normal -1 0 -0
    outer loop
      vertex -34.8 -3.3731 3.57313
      vertex -34.8 -3.3731 3.02687
      vertex -34.8 -3.4 3.3
    endloop
  endfacet
  facet normal 0 -0.290221 -0.95696
    outer loop
      vertex 38 -32.7269 4.6731
      vertex 39.5 -32.4642 4.59343
      vertex 39.5 -32.7269 4.6731
    endloop
  endfacet
  facet normal -0 -0.290221 -0.95696
    outer loop
      vertex 39.5 -32.4642 4.59343
      vertex 38 -32.7269 4.6731
      vertex 38 -32.4642 4.59343
    endloop
  endfacet
  facet normal 0 -0.63431 0.773078
    outer loop
      vertex 34.8 -32.01 2.31005
      vertex 39.5 -32.2222 2.13594
      vertex 39.5 -32.01 2.31005
    endloop
  endfacet
  facet normal 0 -0.63431 0.773078
    outer loop
      vertex 39.5 -32.2222 2.13594
      vertex 34.8 -32.01 2.31005
      vertex 34.8 -32.2222 2.13594
    endloop
  endfacet
  facet normal 0 -0.995185 0.0980137
    outer loop
      vertex 34.8 -31.6269 3.02687
      vertex 39.5 -31.6 3.3
      vertex 34.8 -31.6 3.3
    endloop
  endfacet
  facet normal 0 -0.995185 0.0980137
    outer loop
      vertex 39.5 -31.6 3.3
      vertex 34.8 -31.6269 3.02687
      vertex 39.5 -31.6269 3.02687
    endloop
  endfacet
  facet normal 0 -0.956908 -0.290392
    outer loop
      vertex 34.8 -31.6269 3.57313
      vertex 39.5 -31.7066 3.83576
      vertex 34.8 -31.7066 3.83576
    endloop
  endfacet
  facet normal 0 -0.956908 -0.290392
    outer loop
      vertex 39.5 -31.7066 3.83576
      vertex 34.8 -31.6269 3.57313
      vertex 39.5 -31.6269 3.57313
    endloop
  endfacet
  facet normal 0 -0.471449 -0.881894
    outer loop
      vertex 38 -32.4642 4.59343
      vertex 39.5 -32.2222 4.46406
      vertex 39.5 -32.4642 4.59343
    endloop
  endfacet
  facet normal -0 -0.471449 -0.881894
    outer loop
      vertex 39.5 -32.2222 4.46406
      vertex 38 -32.4642 4.59343
      vertex 38 -32.2222 4.46406
    endloop
  endfacet
  facet normal -0 0.0980244 0.995184
    outer loop
      vertex 34.8 -33 1.9
      vertex 39.5 -33.2731 1.9269
      vertex 39.5 -33 1.9
    endloop
  endfacet
  facet normal 0 0.0980244 0.995184
    outer loop
      vertex 39.5 -33.2731 1.9269
      vertex 34.8 -33 1.9
      vertex 34.8 -33.2731 1.9269
    endloop
  endfacet
  facet normal 0 -0.290221 0.95696
    outer loop
      vertex 34.8 -32.4642 2.00657
      vertex 39.5 -32.7269 1.9269
      vertex 39.5 -32.4642 2.00657
    endloop
  endfacet
  facet normal 0 -0.290221 0.95696
    outer loop
      vertex 39.5 -32.7269 1.9269
      vertex 34.8 -32.4642 2.00657
      vertex 34.8 -32.7269 1.9269
    endloop
  endfacet
  facet normal 0 -0.471449 0.881894
    outer loop
      vertex 34.8 -32.2222 2.13594
      vertex 39.5 -32.4642 2.00657
      vertex 39.5 -32.2222 2.13594
    endloop
  endfacet
  facet normal 0 -0.471449 0.881894
    outer loop
      vertex 39.5 -32.4642 2.00657
      vertex 34.8 -32.2222 2.13594
      vertex 34.8 -32.4642 2.00657
    endloop
  endfacet
  facet normal 0 -0.995185 -0.0980137
    outer loop
      vertex 34.8 -31.6 3.3
      vertex 39.5 -31.6269 3.57313
      vertex 34.8 -31.6269 3.57313
    endloop
  endfacet
  facet normal 0 -0.995185 -0.0980137
    outer loop
      vertex 39.5 -31.6269 3.57313
      vertex 34.8 -31.6 3.3
      vertex 39.5 -31.6 3.3
    endloop
  endfacet
  facet normal 0 -0.882032 0.47119
    outer loop
      vertex 34.8 -31.8359 2.5222
      vertex 39.5 -31.7066 2.76424
      vertex 34.8 -31.7066 2.76424
    endloop
  endfacet
  facet normal 0 -0.882032 0.47119
    outer loop
      vertex 39.5 -31.7066 2.76424
      vertex 34.8 -31.8359 2.5222
      vertex 39.5 -31.8359 2.5222
    endloop
  endfacet
  facet normal 0 -0.0980244 -0.995184
    outer loop
      vertex 38 -33 4.7
      vertex 39.5 -32.7269 4.6731
      vertex 39.5 -33 4.7
    endloop
  endfacet
  facet normal -0 -0.0980244 -0.995184
    outer loop
      vertex 39.5 -32.7269 4.6731
      vertex 38 -33 4.7
      vertex 38 -32.7269 4.6731
    endloop
  endfacet
  facet normal 0 -0.63431 -0.773078
    outer loop
      vertex 38 -32.2222 4.46406
      vertex 39.5 -32.01 4.28995
      vertex 39.5 -32.2222 4.46406
    endloop
  endfacet
  facet normal 2.30546e-05 -0.634408 -0.772998
    outer loop
      vertex 38 -32.0223 4.3
      vertex 39.5 -32.01 4.28995
      vertex 38 -32.2222 4.46406
    endloop
  endfacet
  facet normal 0 -0.632723 -0.774378
    outer loop
      vertex 34.8 -32.01 4.28995
      vertex 38 -32.0223 4.3
      vertex 34.8 -32.0223 4.3
    endloop
  endfacet
  facet normal 0 -0.632723 -0.774378
    outer loop
      vertex 38 -32.0223 4.3
      vertex 34.8 -32.01 4.28995
      vertex 39.5 -32.01 4.28995
    endloop
  endfacet
  facet normal 0 -0.882032 -0.47119
    outer loop
      vertex 34.8 -31.7066 3.83576
      vertex 39.5 -31.8359 4.0778
      vertex 34.8 -31.8359 4.0778
    endloop
  endfacet
  facet normal 0 -0.882032 -0.47119
    outer loop
      vertex 39.5 -31.8359 4.0778
      vertex 34.8 -31.7066 3.83576
      vertex 39.5 -31.7066 3.83576
    endloop
  endfacet
  facet normal 0 -0.773023 -0.634378
    outer loop
      vertex 34.8 -31.8359 4.0778
      vertex 39.5 -32.01 4.28995
      vertex 34.8 -32.01 4.28995
    endloop
  endfacet
  facet normal 0 -0.773023 -0.634378
    outer loop
      vertex 39.5 -32.01 4.28995
      vertex 34.8 -31.8359 4.0778
      vertex 39.5 -31.8359 4.0778
    endloop
  endfacet
  facet normal 0 -0.0980244 0.995184
    outer loop
      vertex 34.8 -32.7269 1.9269
      vertex 39.5 -33 1.9
      vertex 39.5 -32.7269 1.9269
    endloop
  endfacet
  facet normal 0 -0.0980244 0.995184
    outer loop
      vertex 39.5 -33 1.9
      vertex 34.8 -32.7269 1.9269
      vertex 34.8 -33 1.9
    endloop
  endfacet
  facet normal 0 0.772844 0.634596
    outer loop
      vertex 39.5 -33.9899 2.31005
      vertex 34.8 -34.1641 2.5222
      vertex 39.5 -34.1641 2.5222
    endloop
  endfacet
  facet normal 0 0.772844 0.634596
    outer loop
      vertex 34.8 -34.1641 2.5222
      vertex 39.5 -33.9899 2.31005
      vertex 34.8 -33.9899 2.31005
    endloop
  endfacet
  facet normal -0 0.290221 0.95696
    outer loop
      vertex 34.8 -33.2731 1.9269
      vertex 39.5 -33.5358 2.00657
      vertex 39.5 -33.2731 1.9269
    endloop
  endfacet
  facet normal 0 0.290221 0.95696
    outer loop
      vertex 39.5 -33.5358 2.00657
      vertex 34.8 -33.2731 1.9269
      vertex 34.8 -33.5358 2.00657
    endloop
  endfacet
  facet normal 0 0.772844 -0.634596
    outer loop
      vertex 39.5 -34.1641 4.0778
      vertex 34.8 -33.9899 4.28995
      vertex 39.5 -33.9899 4.28995
    endloop
  endfacet
  facet normal 0 0.772844 -0.634596
    outer loop
      vertex 34.8 -33.9899 4.28995
      vertex 39.5 -34.1641 4.0778
      vertex 34.8 -34.1641 4.0778
    endloop
  endfacet
  facet normal 0 -0.773023 0.634378
    outer loop
      vertex 34.8 -32.01 2.31005
      vertex 39.5 -31.8359 2.5222
      vertex 34.8 -31.8359 2.5222
    endloop
  endfacet
  facet normal 0 -0.773023 0.634378
    outer loop
      vertex 39.5 -31.8359 2.5222
      vertex 34.8 -32.01 2.31005
      vertex 39.5 -32.01 2.31005
    endloop
  endfacet
  facet normal 0 -0.956908 0.290392
    outer loop
      vertex 34.8 -31.7066 2.76424
      vertex 39.5 -31.6269 3.02687
      vertex 34.8 -31.6269 3.02687
    endloop
  endfacet
  facet normal 0 -0.956908 0.290392
    outer loop
      vertex 39.5 -31.6269 3.02687
      vertex 34.8 -31.7066 2.76424
      vertex 39.5 -31.7066 2.76424
    endloop
  endfacet
  facet normal 0 0.0980244 -0.995184
    outer loop
      vertex 38 -33.2731 4.6731
      vertex 39.5 -33 4.7
      vertex 39.5 -33.2731 4.6731
    endloop
  endfacet
  facet normal 0 0.0980244 -0.995184
    outer loop
      vertex 39.5 -33 4.7
      vertex 38 -33.2731 4.6731
      vertex 38 -33 4.7
    endloop
  endfacet
  facet normal -1.8131e-05 0.634489 -0.772932
    outer loop
      vertex 39.5 -33.9899 4.28995
      vertex 38 -33.9777 4.3
      vertex 39.5 -33.7778 4.46406
    endloop
  endfacet
  facet normal 0 0.635818 -0.771839
    outer loop
      vertex 34.8 -33.9899 4.28995
      vertex 38 -33.9777 4.3
      vertex 39.5 -33.9899 4.28995
    endloop
  endfacet
  facet normal 0 0.635818 -0.771839
    outer loop
      vertex 38 -33.9777 4.3
      vertex 34.8 -33.9899 4.28995
      vertex 34.8 -33.9777 4.3
    endloop
  endfacet
  facet normal 0 0.634408 -0.772998
    outer loop
      vertex 39.5 -33.7778 4.46406
      vertex 38 -33.9777 4.3
      vertex 38 -33.7778 4.46406
    endloop
  endfacet
  facet normal 0 0.956908 0.290392
    outer loop
      vertex 39.5 -34.2934 2.76424
      vertex 34.8 -34.3731 3.02687
      vertex 39.5 -34.3731 3.02687
    endloop
  endfacet
  facet normal 0 0.956908 0.290392
    outer loop
      vertex 34.8 -34.3731 3.02687
      vertex 39.5 -34.2934 2.76424
      vertex 34.8 -34.2934 2.76424
    endloop
  endfacet
  facet normal 0 0.882032 0.47119
    outer loop
      vertex 39.5 -34.1641 2.5222
      vertex 34.8 -34.2934 2.76424
      vertex 39.5 -34.2934 2.76424
    endloop
  endfacet
  facet normal 0 0.882032 0.47119
    outer loop
      vertex 34.8 -34.2934 2.76424
      vertex 39.5 -34.1641 2.5222
      vertex 34.8 -34.1641 2.5222
    endloop
  endfacet
  facet normal -0 0.634489 0.772932
    outer loop
      vertex 34.8 -33.7778 2.13594
      vertex 39.5 -33.9899 2.31005
      vertex 39.5 -33.7778 2.13594
    endloop
  endfacet
  facet normal 0 0.634489 0.772932
    outer loop
      vertex 39.5 -33.9899 2.31005
      vertex 34.8 -33.7778 2.13594
      vertex 34.8 -33.9899 2.31005
    endloop
  endfacet
  facet normal -0 0.471449 0.881894
    outer loop
      vertex 34.8 -33.5358 2.00657
      vertex 39.5 -33.7778 2.13594
      vertex 39.5 -33.5358 2.00657
    endloop
  endfacet
  facet normal 0 0.471449 0.881894
    outer loop
      vertex 39.5 -33.7778 2.13594
      vertex 34.8 -33.5358 2.00657
      vertex 34.8 -33.7778 2.13594
    endloop
  endfacet
  facet normal 0 0.882032 -0.47119
    outer loop
      vertex 39.5 -34.2934 3.83576
      vertex 34.8 -34.1641 4.0778
      vertex 39.5 -34.1641 4.0778
    endloop
  endfacet
  facet normal 0 0.882032 -0.47119
    outer loop
      vertex 34.8 -34.1641 4.0778
      vertex 39.5 -34.2934 3.83576
      vertex 34.8 -34.2934 3.83576
    endloop
  endfacet
  facet normal 1 0 0
    outer loop
      vertex 34.8 -31.6269 3.57313
      vertex 34.8 -31.6269 3.02687
      vertex 34.8 -31.6 3.3
    endloop
  endfacet
  facet normal 1 0 0
    outer loop
      vertex 34.8 -31.7066 3.83576
      vertex 34.8 -31.6269 3.02687
      vertex 34.8 -31.6269 3.57313
    endloop
  endfacet
  facet normal 1 0 0
    outer loop
      vertex 34.8 -31.7066 3.83576
      vertex 34.8 -31.7066 2.76424
      vertex 34.8 -31.6269 3.02687
    endloop
  endfacet
  facet normal 1 0 0
    outer loop
      vertex 34.8 -31.8359 4.0778
      vertex 34.8 -31.7066 2.76424
      vertex 34.8 -31.7066 3.83576
    endloop
  endfacet
  facet normal 1 0 0
    outer loop
      vertex 34.8 -31.8359 4.0778
      vertex 34.8 -31.8359 2.5222
      vertex 34.8 -31.7066 2.76424
    endloop
  endfacet
  facet normal 1 0 0
    outer loop
      vertex 34.8 -32.0223 4.3
      vertex 34.8 -31.8359 4.0778
      vertex 34.8 -32.01 4.28995
    endloop
  endfacet
  facet normal 1 0 0
    outer loop
      vertex 34.8 -31.8359 4.0778
      vertex 34.8 -32.0223 4.3
      vertex 34.8 -31.8359 2.5222
    endloop
  endfacet
  facet normal 1 0 0
    outer loop
      vertex 34.8 -31.8359 2.5222
      vertex 34.8 -32.0223 4.3
      vertex 34.8 -32.01 2.31005
    endloop
  endfacet
  facet normal 1 0 0
    outer loop
      vertex 34.8 -32.0223 4.3
      vertex 34.8 -32.2222 2.13594
      vertex 34.8 -32.01 2.31005
    endloop
  endfacet
  facet normal 1 0 0
    outer loop
      vertex 34.8 -32.0223 4.3
      vertex 34.8 -32.4642 2.00657
      vertex 34.8 -32.2222 2.13594
    endloop
  endfacet
  facet normal 1 0 0
    outer loop
      vertex 34.8 -32.0223 4.3
      vertex 34.8 -32.7269 1.9269
      vertex 34.8 -32.4642 2.00657
    endloop
  endfacet
  facet normal 1 0 0
    outer loop
      vertex 34.8 -32.0223 4.3
      vertex 34.8 -33 1.9
      vertex 34.8 -32.7269 1.9269
    endloop
  endfacet
  facet normal 1 0 0
    outer loop
      vertex 34.8 -32.0223 4.3
      vertex 34.8 -33.2731 1.9269
      vertex 34.8 -33 1.9
    endloop
  endfacet
  facet normal 1 0 0
    outer loop
      vertex 34.8 -32.0223 4.3
      vertex 34.8 -33.5358 2.00657
      vertex 34.8 -33.2731 1.9269
    endloop
  endfacet
  facet normal 1 0 0
    outer loop
      vertex 34.8 -32.0223 4.3
      vertex 34.8 -33.7778 2.13594
      vertex 34.8 -33.5358 2.00657
    endloop
  endfacet
  facet normal 1 -0 0
    outer loop
      vertex 34.8 -33.9777 4.3
      vertex 34.8 -33.7778 2.13594
      vertex 34.8 -32.0223 4.3
    endloop
  endfacet
  facet normal 1 0 0
    outer loop
      vertex 34.8 -34.1641 4.0778
      vertex 34.8 -33.9777 4.3
      vertex 34.8 -33.9899 4.28995
    endloop
  endfacet
  facet normal 1 0 0
    outer loop
      vertex 34.8 -33.9777 4.3
      vertex 34.8 -33.9899 2.31005
      vertex 34.8 -33.7778 2.13594
    endloop
  endfacet
  facet normal 1 0 0
    outer loop
      vertex 34.8 -33.9777 4.3
      vertex 34.8 -34.1641 4.0778
      vertex 34.8 -33.9899 2.31005
    endloop
  endfacet
  facet normal 1 0 0
    outer loop
      vertex 34.8 -34.1641 4.0778
      vertex 34.8 -34.1641 2.5222
      vertex 34.8 -33.9899 2.31005
    endloop
  endfacet
  facet normal 1 -0 0
    outer loop
      vertex 34.8 -34.2934 3.83576
      vertex 34.8 -34.1641 2.5222
      vertex 34.8 -34.1641 4.0778
    endloop
  endfacet
  facet normal 1 0 0
    outer loop
      vertex 34.8 -34.2934 3.83576
      vertex 34.8 -34.2934 2.76424
      vertex 34.8 -34.1641 2.5222
    endloop
  endfacet
  facet normal 1 -0 0
    outer loop
      vertex 34.8 -34.3731 3.57313
      vertex 34.8 -34.2934 2.76424
      vertex 34.8 -34.2934 3.83576
    endloop
  endfacet
  facet normal 1 0 0
    outer loop
      vertex 34.8 -34.3731 3.57313
      vertex 34.8 -34.3731 3.02687
      vertex 34.8 -34.2934 2.76424
    endloop
  endfacet
  facet normal 1 0 -0
    outer loop
      vertex 34.8 -34.3731 3.02687
      vertex 34.8 -34.3731 3.57313
      vertex 34.8 -34.4 3.3
    endloop
  endfacet
  facet normal 0 0.956908 -0.290392
    outer loop
      vertex 39.5 -34.3731 3.57313
      vertex 34.8 -34.2934 3.83576
      vertex 39.5 -34.2934 3.83576
    endloop
  endfacet
  facet normal 0 0.956908 -0.290392
    outer loop
      vertex 34.8 -34.2934 3.83576
      vertex 39.5 -34.3731 3.57313
      vertex 34.8 -34.3731 3.57313
    endloop
  endfacet
  facet normal 0 0.290221 -0.95696
    outer loop
      vertex 38 -33.5358 4.59343
      vertex 39.5 -33.2731 4.6731
      vertex 39.5 -33.5358 4.59343
    endloop
  endfacet
  facet normal 0 0.290221 -0.95696
    outer loop
      vertex 39.5 -33.2731 4.6731
      vertex 38 -33.5358 4.59343
      vertex 38 -33.2731 4.6731
    endloop
  endfacet
  facet normal 0 0.471449 -0.881894
    outer loop
      vertex 38 -33.7778 4.46406
      vertex 39.5 -33.5358 4.59343
      vertex 39.5 -33.7778 4.46406
    endloop
  endfacet
  facet normal 0 0.471449 -0.881894
    outer loop
      vertex 39.5 -33.5358 4.59343
      vertex 38 -33.7778 4.46406
      vertex 38 -33.5358 4.59343
    endloop
  endfacet
  facet normal 0 0.995185 0.0980137
    outer loop
      vertex 39.5 -34.3731 3.02687
      vertex 34.8 -34.4 3.3
      vertex 39.5 -34.4 3.3
    endloop
  endfacet
  facet normal 0 0.995185 0.0980137
    outer loop
      vertex 34.8 -34.4 3.3
      vertex 39.5 -34.3731 3.02687
      vertex 34.8 -34.3731 3.02687
    endloop
  endfacet
  facet normal 0 0.995185 -0.0980137
    outer loop
      vertex 39.5 -34.4 3.3
      vertex 34.8 -34.3731 3.57313
      vertex 39.5 -34.3731 3.57313
    endloop
  endfacet
  facet normal 0 0.995185 -0.0980137
    outer loop
      vertex 34.8 -34.3731 3.57313
      vertex 39.5 -34.4 3.3
      vertex 34.8 -34.4 3.3
    endloop
  endfacet
  facet normal 0 -0.634403 0.773003
    outer loop
      vertex 35 -1.13643 2.20633
      vertex 39.5 -1.01005 2.31005
      vertex 35 -1.01005 2.31005
    endloop
  endfacet
  facet normal -1.4267e-07 -0.6344 0.773005
    outer loop
      vertex 39.5 -1.01005 2.31005
      vertex 35 -1.13643 2.20633
      vertex 39.5 -1.2222 2.13594
    endloop
  endfacet
  facet normal 0 -0.6344 0.773005
    outer loop
      vertex 34.8 -1.2222 2.13594
      vertex 34.9242 -1.01005 2.31005
      vertex 34.8 -1.01005 2.31005
    endloop
  endfacet
  facet normal 0 -0.634395 0.773009
    outer loop
      vertex 35 -1.13643 2.20633
      vertex 34.8 -1.2222 2.13594
      vertex 39.5 -1.2222 2.13594
    endloop
  endfacet
  facet normal 4.28617e-06 -0.634401 0.773004
    outer loop
      vertex 34.9242 -1.01005 2.31005
      vertex 34.8 -1.2222 2.13594
      vertex 35 -1.13643 2.20633
    endloop
  endfacet
  facet normal 0 -0.995185 0.0980173
    outer loop
      vertex 35 -0.6269 3.02687
      vertex 39.5 -0.599999 3.3
      vertex 35 -0.599999 3.3
    endloop
  endfacet
  facet normal 0 -0.995185 0.0980173
    outer loop
      vertex 39.5 -0.599999 3.3
      vertex 35 -0.6269 3.02687
      vertex 39.5 -0.6269 3.02687
    endloop
  endfacet
  facet normal 0 -0.95694 0.290285
    outer loop
      vertex 35 -0.706568 2.76424
      vertex 39.5 -0.6269 3.02687
      vertex 35 -0.6269 3.02687
    endloop
  endfacet
  facet normal 0 -0.95694 0.290285
    outer loop
      vertex 39.5 -0.6269 3.02687
      vertex 35 -0.706568 2.76424
      vertex 39.5 -0.706568 2.76424
    endloop
  endfacet
  facet normal 0 -0.95694 -0.290285
    outer loop
      vertex 35 -0.6269 3.57313
      vertex 39.5 -0.706568 3.83576
      vertex 35 -0.706568 3.83576
    endloop
  endfacet
  facet normal 0 -0.95694 -0.290285
    outer loop
      vertex 39.5 -0.706568 3.83576
      vertex 35 -0.6269 3.57313
      vertex 39.5 -0.6269 3.57313
    endloop
  endfacet
  facet normal 0 -0.471388 -0.881926
    outer loop
      vertex 34.8 -1.46424 4.59343
      vertex 39.5 -1.2222 4.46406
      vertex 39.5 -1.46424 4.59343
    endloop
  endfacet
  facet normal -0 -0.471388 -0.881926
    outer loop
      vertex 39.5 -1.2222 4.46406
      vertex 34.8 -1.46424 4.59343
      vertex 34.8 -1.2222 4.46406
    endloop
  endfacet
  facet normal -0 0.0980137 0.995185
    outer loop
      vertex 34.8 -2 1.9
      vertex 39.5 -2.27313 1.9269
      vertex 39.5 -2 1.9
    endloop
  endfacet
  facet normal 0 0.0980137 0.995185
    outer loop
      vertex 39.5 -2.27313 1.9269
      vertex 34.8 -2 1.9
      vertex 34.8 -2.27313 1.9269
    endloop
  endfacet
  facet normal 0 -0.290292 0.956938
    outer loop
      vertex 34.8 -1.46424 2.00657
      vertex 39.5 -1.72687 1.9269
      vertex 39.5 -1.46424 2.00657
    endloop
  endfacet
  facet normal 0 -0.290292 0.956938
    outer loop
      vertex 39.5 -1.72687 1.9269
      vertex 34.8 -1.46424 2.00657
      vertex 34.8 -1.72687 1.9269
    endloop
  endfacet
  facet normal 0 -0.471388 0.881926
    outer loop
      vertex 34.8 -1.2222 2.13594
      vertex 39.5 -1.46424 2.00657
      vertex 39.5 -1.2222 2.13594
    endloop
  endfacet
  facet normal 0 -0.471388 0.881926
    outer loop
      vertex 39.5 -1.46424 2.00657
      vertex 34.8 -1.2222 2.13594
      vertex 34.8 -1.46424 2.00657
    endloop
  endfacet
  facet normal 0 -0.995185 -0.0980173
    outer loop
      vertex 35 -0.599999 3.3
      vertex 39.5 -0.6269 3.57313
      vertex 35 -0.6269 3.57313
    endloop
  endfacet
  facet normal 0 -0.995185 -0.0980173
    outer loop
      vertex 39.5 -0.6269 3.57313
      vertex 35 -0.599999 3.3
      vertex 39.5 -0.599999 3.3
    endloop
  endfacet
  facet normal 0 -0.88194 0.471362
    outer loop
      vertex 34.8199 -0.835942 2.5222
      vertex 34.8 -0.802752 2.5843
      vertex 34.8 -0.835942 2.5222
    endloop
  endfacet
  facet normal 0 -0.88192 0.471399
    outer loop
      vertex 35 -0.835942 2.5222
      vertex 39.5 -0.706568 2.76424
      vertex 35 -0.706568 2.76424
    endloop
  endfacet
  facet normal 0 -0.88192 0.471399
    outer loop
      vertex 39.5 -0.706568 2.76424
      vertex 35 -0.835942 2.5222
      vertex 39.5 -0.835942 2.5222
    endloop
  endfacet
  facet normal 0 -0.0980137 -0.995185
    outer loop
      vertex 34.8 -2 4.7
      vertex 39.5 -1.72687 4.6731
      vertex 39.5 -2 4.7
    endloop
  endfacet
  facet normal -0 -0.0980137 -0.995185
    outer loop
      vertex 39.5 -1.72687 4.6731
      vertex 34.8 -2 4.7
      vertex 34.8 -1.72687 4.6731
    endloop
  endfacet
  facet normal -1.4267e-07 -0.6344 -0.773005
    outer loop
      vertex 39.5 -1.2222 4.46406
      vertex 35 -1.13643 4.39367
      vertex 39.5 -1.01005 4.28995
    endloop
  endfacet
  facet normal 0 -0.634395 -0.773009
    outer loop
      vertex 34.8 -1.2222 4.46406
      vertex 35 -1.13643 4.39367
      vertex 39.5 -1.2222 4.46406
    endloop
  endfacet
  facet normal 4.28617e-06 -0.634401 -0.773004
    outer loop
      vertex 34.8 -1.2222 4.46406
      vertex 34.9242 -1.01005 4.28995
      vertex 35 -1.13643 4.39367
    endloop
  endfacet
  facet normal -0 -0.6344 -0.773005
    outer loop
      vertex 34.9242 -1.01005 4.28995
      vertex 34.8 -1.2222 4.46406
      vertex 34.8 -1.01005 4.28995
    endloop
  endfacet
  facet normal -0 -0.634403 -0.773003
    outer loop
      vertex 39.5 -1.01005 4.28995
      vertex 35 -1.13643 4.39367
      vertex 35 -1.01005 4.28995
    endloop
  endfacet
  facet normal 0 -0.88194 -0.471362
    outer loop
      vertex 34.8 -0.802752 4.0157
      vertex 34.8199 -0.835942 4.0778
      vertex 34.8 -0.835942 4.0778
    endloop
  endfacet
  facet normal 0 -0.88192 -0.471399
    outer loop
      vertex 35 -0.706568 3.83576
      vertex 39.5 -0.835942 4.0778
      vertex 35 -0.835942 4.0778
    endloop
  endfacet
  facet normal 0 -0.88192 -0.471399
    outer loop
      vertex 39.5 -0.835942 4.0778
      vertex 35 -0.706568 3.83576
      vertex 39.5 -0.706568 3.83576
    endloop
  endfacet
  facet normal -0 -0.773009 -0.634395
    outer loop
      vertex 34.8199 -0.835942 4.0778
      vertex 34.8 -1.01005 4.28995
      vertex 34.8 -0.835942 4.0778
    endloop
  endfacet
  facet normal 0 -0.773009 -0.634395
    outer loop
      vertex 34.8 -1.01005 4.28995
      vertex 34.8199 -0.835942 4.0778
      vertex 34.9242 -1.01005 4.28995
    endloop
  endfacet
  facet normal 0 -0.773009 -0.634395
    outer loop
      vertex 35 -0.835942 4.0778
      vertex 39.5 -1.01005 4.28995
      vertex 35 -1.01005 4.28995
    endloop
  endfacet
  facet normal 0 -0.773009 -0.634395
    outer loop
      vertex 39.5 -1.01005 4.28995
      vertex 35 -0.835942 4.0778
      vertex 39.5 -0.835942 4.0778
    endloop
  endfacet
  facet normal 0 -0.0980137 0.995185
    outer loop
      vertex 34.8 -1.72687 1.9269
      vertex 39.5 -2 1.9
      vertex 39.5 -1.72687 1.9269
    endloop
  endfacet
  facet normal 0 -0.0980137 0.995185
    outer loop
      vertex 39.5 -2 1.9
      vertex 34.8 -1.72687 1.9269
      vertex 34.8 -2 1.9
    endloop
  endfacet
  facet normal -0 0.290292 0.956938
    outer loop
      vertex 34.8 -2.27313 1.9269
      vertex 39.5 -2.53576 2.00657
      vertex 39.5 -2.27313 1.9269
    endloop
  endfacet
  facet normal 0 0.290292 0.956938
    outer loop
      vertex 39.5 -2.53576 2.00657
      vertex 34.8 -2.27313 1.9269
      vertex 34.8 -2.53576 2.00657
    endloop
  endfacet
  facet normal 0 0.773005 -0.6344
    outer loop
      vertex 39.5 -3.16406 4.0778
      vertex 34.8 -2.98995 4.28995
      vertex 39.5 -2.98995 4.28995
    endloop
  endfacet
  facet normal 0 0.773005 -0.6344
    outer loop
      vertex 34.8 -2.98995 4.28995
      vertex 39.5 -3.16406 4.0778
      vertex 34.8 -3.16406 4.0778
    endloop
  endfacet
  facet normal 0 -0.773009 0.634395
    outer loop
      vertex 34.8 -1.01005 2.31005
      vertex 34.8199 -0.835942 2.5222
      vertex 34.8 -0.835942 2.5222
    endloop
  endfacet
  facet normal 0 -0.773009 0.634395
    outer loop
      vertex 34.8199 -0.835942 2.5222
      vertex 34.8 -1.01005 2.31005
      vertex 34.9242 -1.01005 2.31005
    endloop
  endfacet
  facet normal 0 -0.773009 0.634395
    outer loop
      vertex 35 -1.01005 2.31005
      vertex 39.5 -0.835942 2.5222
      vertex 35 -0.835942 2.5222
    endloop
  endfacet
  facet normal 0 -0.773009 0.634395
    outer loop
      vertex 39.5 -0.835942 2.5222
      vertex 35 -1.01005 2.31005
      vertex 39.5 -1.01005 2.31005
    endloop
  endfacet
  facet normal 0 -0.290292 -0.956938
    outer loop
      vertex 34.8 -1.72687 4.6731
      vertex 39.5 -1.46424 4.59343
      vertex 39.5 -1.72687 4.6731
    endloop
  endfacet
  facet normal -0 -0.290292 -0.956938
    outer loop
      vertex 39.5 -1.46424 4.59343
      vertex 34.8 -1.72687 4.6731
      vertex 34.8 -1.46424 4.59343
    endloop
  endfacet
  facet normal 0 0.290292 -0.956938
    outer loop
      vertex 34.8 -2.53576 4.59343
      vertex 39.5 -2.27313 4.6731
      vertex 39.5 -2.53576 4.59343
    endloop
  endfacet
  facet normal 0 0.290292 -0.956938
    outer loop
      vertex 39.5 -2.27313 4.6731
      vertex 34.8 -2.53576 4.59343
      vertex 34.8 -2.27313 4.6731
    endloop
  endfacet
  facet normal 0 0.0980137 -0.995185
    outer loop
      vertex 34.8 -2.27313 4.6731
      vertex 39.5 -2 4.7
      vertex 39.5 -2.27313 4.6731
    endloop
  endfacet
  facet normal 0 0.0980137 -0.995185
    outer loop
      vertex 39.5 -2 4.7
      vertex 34.8 -2.27313 4.6731
      vertex 34.8 -2 4.7
    endloop
  endfacet
  facet normal 0 0.6344 -0.773005
    outer loop
      vertex 34.8 -2.98995 4.28995
      vertex 39.5 -2.7778 4.46406
      vertex 39.5 -2.98995 4.28995
    endloop
  endfacet
  facet normal 0 0.6344 -0.773005
    outer loop
      vertex 39.5 -2.7778 4.46406
      vertex 34.8 -2.98995 4.28995
      vertex 34.8 -2.7778 4.46406
    endloop
  endfacet
  facet normal 0 0.956938 0.290292
    outer loop
      vertex 39.5 -3.29343 2.76424
      vertex 34.8 -3.3731 3.02687
      vertex 39.5 -3.3731 3.02687
    endloop
  endfacet
  facet normal 0 0.956938 0.290292
    outer loop
      vertex 34.8 -3.3731 3.02687
      vertex 39.5 -3.29343 2.76424
      vertex 34.8 -3.29343 2.76424
    endloop
  endfacet
  facet normal 0 0.881926 0.471388
    outer loop
      vertex 39.5 -3.16406 2.5222
      vertex 34.8 -3.29343 2.76424
      vertex 39.5 -3.29343 2.76424
    endloop
  endfacet
  facet normal 0 0.881926 0.471388
    outer loop
      vertex 34.8 -3.29343 2.76424
      vertex 39.5 -3.16406 2.5222
      vertex 34.8 -3.16406 2.5222
    endloop
  endfacet
  facet normal -0 0.6344 0.773005
    outer loop
      vertex 34.8 -2.7778 2.13594
      vertex 39.5 -2.98995 2.31005
      vertex 39.5 -2.7778 2.13594
    endloop
  endfacet
  facet normal 0 0.6344 0.773005
    outer loop
      vertex 39.5 -2.98995 2.31005
      vertex 34.8 -2.7778 2.13594
      vertex 34.8 -2.98995 2.31005
    endloop
  endfacet
  facet normal 0 0.773005 0.6344
    outer loop
      vertex 39.5 -2.98995 2.31005
      vertex 34.8 -3.16406 2.5222
      vertex 39.5 -3.16406 2.5222
    endloop
  endfacet
  facet normal 0 0.773005 0.6344
    outer loop
      vertex 34.8 -3.16406 2.5222
      vertex 39.5 -2.98995 2.31005
      vertex 34.8 -2.98995 2.31005
    endloop
  endfacet
  facet normal -0 0.471388 0.881926
    outer loop
      vertex 34.8 -2.53576 2.00657
      vertex 39.5 -2.7778 2.13594
      vertex 39.5 -2.53576 2.00657
    endloop
  endfacet
  facet normal 0 0.471388 0.881926
    outer loop
      vertex 39.5 -2.7778 2.13594
      vertex 34.8 -2.53576 2.00657
      vertex 34.8 -2.7778 2.13594
    endloop
  endfacet
  facet normal 0 0.881926 -0.471388
    outer loop
      vertex 39.5 -3.29343 3.83576
      vertex 34.8 -3.16406 4.0778
      vertex 39.5 -3.16406 4.0778
    endloop
  endfacet
  facet normal 0 0.881926 -0.471388
    outer loop
      vertex 34.8 -3.16406 4.0778
      vertex 39.5 -3.29343 3.83576
      vertex 34.8 -3.29343 3.83576
    endloop
  endfacet
  facet normal 1 0 0
    outer loop
      vertex 34.8 -1.01005 4.28995
      vertex 34.8 -0.802752 4.0157
      vertex 34.8 -0.835942 4.0778
    endloop
  endfacet
  facet normal 1 0 0
    outer loop
      vertex 34.8 -1.2222 4.46406
      vertex 34.8 -0.802752 4.0157
      vertex 34.8 -1.01005 4.28995
    endloop
  endfacet
  facet normal 1 0 0
    outer loop
      vertex 34.8 -0.802752 4.0157
      vertex 34.8 -1.2222 4.46406
      vertex 34.8 -0.802752 2.5843
    endloop
  endfacet
  facet normal 1 0 0
    outer loop
      vertex 34.8 -0.802752 2.5843
      vertex 34.8 -1.01005 2.31005
      vertex 34.8 -0.835942 2.5222
    endloop
  endfacet
  facet normal 1 0 0
    outer loop
      vertex 34.8 -1.46424 4.59343
      vertex 34.8 -0.802752 2.5843
      vertex 34.8 -1.2222 4.46406
    endloop
  endfacet
  facet normal 1 0 0
    outer loop
      vertex 34.8 -0.802752 2.5843
      vertex 34.8 -1.2222 2.13594
      vertex 34.8 -1.01005 2.31005
    endloop
  endfacet
  facet normal 1 0 0
    outer loop
      vertex 34.8 -0.802752 2.5843
      vertex 34.8 -1.46424 4.59343
      vertex 34.8 -1.2222 2.13594
    endloop
  endfacet
  facet normal 1 0 0
    outer loop
      vertex 34.8 -1.46424 4.59343
      vertex 34.8 -1.46424 2.00657
      vertex 34.8 -1.2222 2.13594
    endloop
  endfacet
  facet normal 1 0 0
    outer loop
      vertex 34.8 -1.72687 4.6731
      vertex 34.8 -1.46424 2.00657
      vertex 34.8 -1.46424 4.59343
    endloop
  endfacet
  facet normal 1 0 0
    outer loop
      vertex 34.8 -1.72687 4.6731
      vertex 34.8 -1.72687 1.9269
      vertex 34.8 -1.46424 2.00657
    endloop
  endfacet
  facet normal 1 0 0
    outer loop
      vertex 34.8 -2 4.7
      vertex 34.8 -1.72687 1.9269
      vertex 34.8 -1.72687 4.6731
    endloop
  endfacet
  facet normal 1 0 0
    outer loop
      vertex 34.8 -2 4.7
      vertex 34.8 -2 1.9
      vertex 34.8 -1.72687 1.9269
    endloop
  endfacet
  facet normal 1 -0 0
    outer loop
      vertex 34.8 -2.27313 4.6731
      vertex 34.8 -2 1.9
      vertex 34.8 -2 4.7
    endloop
  endfacet
  facet normal 1 0 0
    outer loop
      vertex 34.8 -2.27313 4.6731
      vertex 34.8 -2.27313 1.9269
      vertex 34.8 -2 1.9
    endloop
  endfacet
  facet normal 1 -0 0
    outer loop
      vertex 34.8 -2.53576 4.59343
      vertex 34.8 -2.27313 1.9269
      vertex 34.8 -2.27313 4.6731
    endloop
  endfacet
  facet normal 1 0 0
    outer loop
      vertex 34.8 -2.53576 4.59343
      vertex 34.8 -2.53576 2.00657
      vertex 34.8 -2.27313 1.9269
    endloop
  endfacet
  facet normal 1 -0 0
    outer loop
      vertex 34.8 -2.7778 4.46406
      vertex 34.8 -2.53576 2.00657
      vertex 34.8 -2.53576 4.59343
    endloop
  endfacet
  facet normal 1 0 0
    outer loop
      vertex 34.8 -2.7778 4.46406
      vertex 34.8 -2.7778 2.13594
      vertex 34.8 -2.53576 2.00657
    endloop
  endfacet
  facet normal 1 -0 0
    outer loop
      vertex 34.8 -2.98995 4.28995
      vertex 34.8 -2.7778 2.13594
      vertex 34.8 -2.7778 4.46406
    endloop
  endfacet
  facet normal 1 0 0
    outer loop
      vertex 34.8 -2.98995 4.28995
      vertex 34.8 -2.98995 2.31005
      vertex 34.8 -2.7778 2.13594
    endloop
  endfacet
  facet normal 1 -0 0
    outer loop
      vertex 34.8 -3.16406 4.0778
      vertex 34.8 -2.98995 2.31005
      vertex 34.8 -2.98995 4.28995
    endloop
  endfacet
  facet normal 1 0 0
    outer loop
      vertex 34.8 -3.16406 4.0778
      vertex 34.8 -3.16406 2.5222
      vertex 34.8 -2.98995 2.31005
    endloop
  endfacet
  facet normal 1 -0 0
    outer loop
      vertex 34.8 -3.29343 3.83576
      vertex 34.8 -3.16406 2.5222
      vertex 34.8 -3.16406 4.0778
    endloop
  endfacet
  facet normal 1 0 0
    outer loop
      vertex 34.8 -3.29343 3.83576
      vertex 34.8 -3.29343 2.76424
      vertex 34.8 -3.16406 2.5222
    endloop
  endfacet
  facet normal 1 -0 0
    outer loop
      vertex 34.8 -3.3731 3.57313
      vertex 34.8 -3.29343 2.76424
      vertex 34.8 -3.29343 3.83576
    endloop
  endfacet
  facet normal 1 0 0
    outer loop
      vertex 34.8 -3.3731 3.57313
      vertex 34.8 -3.3731 3.02687
      vertex 34.8 -3.29343 2.76424
    endloop
  endfacet
  facet normal 1 0 -0
    outer loop
      vertex 34.8 -3.3731 3.02687
      vertex 34.8 -3.3731 3.57313
      vertex 34.8 -3.4 3.3
    endloop
  endfacet
  facet normal 0 0.471388 -0.881926
    outer loop
      vertex 34.8 -2.7778 4.46406
      vertex 39.5 -2.53576 4.59343
      vertex 39.5 -2.7778 4.46406
    endloop
  endfacet
  facet normal 0 0.471388 -0.881926
    outer loop
      vertex 39.5 -2.53576 4.59343
      vertex 34.8 -2.7778 4.46406
      vertex 34.8 -2.53576 4.59343
    endloop
  endfacet
  facet normal 0 0.995185 0.0980137
    outer loop
      vertex 39.5 -3.3731 3.02687
      vertex 34.8 -3.4 3.3
      vertex 39.5 -3.4 3.3
    endloop
  endfacet
  facet normal 0 0.995185 0.0980137
    outer loop
      vertex 34.8 -3.4 3.3
      vertex 39.5 -3.3731 3.02687
      vertex 34.8 -3.3731 3.02687
    endloop
  endfacet
  facet normal 0 0.995185 -0.0980137
    outer loop
      vertex 39.5 -3.4 3.3
      vertex 34.8 -3.3731 3.57313
      vertex 39.5 -3.3731 3.57313
    endloop
  endfacet
  facet normal 0 0.995185 -0.0980137
    outer loop
      vertex 34.8 -3.3731 3.57313
      vertex 39.5 -3.4 3.3
      vertex 34.8 -3.4 3.3
    endloop
  endfacet
  facet normal 0 0.956938 -0.290292
    outer loop
      vertex 39.5 -3.3731 3.57313
      vertex 34.8 -3.29343 3.83576
      vertex 39.5 -3.29343 3.83576
    endloop
  endfacet
  facet normal 0 0.956938 -0.290292
    outer loop
      vertex 34.8 -3.29343 3.83576
      vertex 39.5 -3.3731 3.57313
      vertex 34.8 -3.3731 3.57313
    endloop
  endfacet
  facet normal 0.514121 0.857718 -0
    outer loop
      vertex -30.8284 -37.2915 -1.90735e-07
      vertex -31.3334 -36.9888 4.3
      vertex -30.8284 -37.2915 4.3
    endloop
  endfacet
  facet normal 0.514121 0.857718 0
    outer loop
      vertex -31.3334 -36.9888 4.3
      vertex -30.8284 -37.2915 -1.90735e-07
      vertex -31.3334 -36.9888 -1.90735e-07
    endloop
  endfacet
  facet normal 0.989174 0.146746 0
    outer loop
      vertex -33.8847 -33.1705 4.3
      vertex -33.9711 -32.5881 -1.90735e-07
      vertex -33.9711 -32.5881 4.3
    endloop
  endfacet
  facet normal 0.989174 0.146746 0
    outer loop
      vertex -33.9711 -32.5881 -1.90735e-07
      vertex -33.8847 -33.1705 4.3
      vertex -33.8847 -33.1705 -1.90735e-07
    endloop
  endfacet
  facet normal 0 0 -1
    outer loop
      vertex 30 0 18
      vertex 34 -5 18
      vertex 34 -9.5 18
    endloop
  endfacet
  facet normal 0 0 -1
    outer loop
      vertex 34 -5 18
      vertex 30 0 18
      vertex 33.9711 -4.4119 18
    endloop
  endfacet
  facet normal 0 0 -1
    outer loop
      vertex 33.9711 -4.4119 18
      vertex 30 0 18
      vertex 33.8847 -3.82945 18
    endloop
  endfacet
  facet normal 0 0 -1
    outer loop
      vertex 33.8847 -3.82945 18
      vertex 30 0 18
      vertex 33.7416 -3.25829 18
    endloop
  endfacet
  facet normal 0 0 -1
    outer loop
      vertex 33.7416 -3.25829 18
      vertex 30 0 18
      vertex 33.5433 -2.7039 18
    endloop
  endfacet
  facet normal 0 0 -1
    outer loop
      vertex 33.5433 -2.7039 18
      vertex 30 0 18
      vertex 33.2915 -2.17162 18
    endloop
  endfacet
  facet normal 0 0 -1
    outer loop
      vertex 33.2915 -2.17162 18
      vertex 30 0 18
      vertex 32.9888 -1.66658 18
    endloop
  endfacet
  facet normal 0 0 -1
    outer loop
      vertex 32.9888 -1.66658 18
      vertex 30 0 18
      vertex 32.6381 -1.19363 18
    endloop
  endfacet
  facet normal 0 0 -1
    outer loop
      vertex 32.6381 -1.19363 18
      vertex 30 0 18
      vertex 32.2426 -0.757355 18
    endloop
  endfacet
  facet normal 0 0 -1
    outer loop
      vertex 32.2426 -0.757355 18
      vertex 30 0 18
      vertex 31.8064 -0.361938 18
    endloop
  endfacet
  facet normal 0 0 -1
    outer loop
      vertex 31.8064 -0.361938 18
      vertex 30 0 18
      vertex 31.3334 -0.0111847 18
    endloop
  endfacet
  facet normal 0 0 -1
    outer loop
      vertex 31.3334 -0.0111847 18
      vertex 30 0 18
      vertex 30.8284 0.291534 18
    endloop
  endfacet
  facet normal -0 0 -1
    outer loop
      vertex 30.8284 0.291534 18
      vertex 30 0 18
      vertex 30.2961 0.543274 18
    endloop
  endfacet
  facet normal 0 0 -1
    outer loop
      vertex 34 -9.5 18
      vertex -30 0 18
      vertex 30 0 18
    endloop
  endfacet
  facet normal 0 0 -1
    outer loop
      vertex -30 0 18
      vertex -30.2961 0.543274 18
      vertex -30 0.649221 18
    endloop
  endfacet
  facet normal 0 0 -1
    outer loop
      vertex -30 0 18
      vertex -30.8284 0.291534 18
      vertex -30.2961 0.543274 18
    endloop
  endfacet
  facet normal -0 0 -1
    outer loop
      vertex -30 0 18
      vertex -31.3334 -0.0111847 18
      vertex -30.8284 0.291534 18
    endloop
  endfacet
  facet normal 0 0 -1
    outer loop
      vertex -34 -9.5 18
      vertex -30 0 18
      vertex 34 -9.5 18
    endloop
  endfacet
  facet normal 0 0 -1
    outer loop
      vertex -34 -5 18
      vertex -30 0 18
      vertex -34 -9.5 18
    endloop
  endfacet
  facet normal 0 -0 -1
    outer loop
      vertex -33.9711 -4.4119 18
      vertex -30 0 18
      vertex -34 -5 18
    endloop
  endfacet
  facet normal 0 0 -1
    outer loop
      vertex -30 0 18
      vertex -31.8064 -0.361938 18
      vertex -31.3334 -0.0111847 18
    endloop
  endfacet
  facet normal 0 0 -1
    outer loop
      vertex -30 0 18
      vertex -32.2426 -0.757355 18
      vertex -31.8064 -0.361938 18
    endloop
  endfacet
  facet normal 0 0 -1
    outer loop
      vertex -30 0 18
      vertex -32.6381 -1.19363 18
      vertex -32.2426 -0.757355 18
    endloop
  endfacet
  facet normal 0 0 -1
    outer loop
      vertex -30 0 18
      vertex -32.9888 -1.66658 18
      vertex -32.6381 -1.19363 18
    endloop
  endfacet
  facet normal 0 0 -1
    outer loop
      vertex -30 0 18
      vertex -33.2915 -2.17162 18
      vertex -32.9888 -1.66658 18
    endloop
  endfacet
  facet normal 0 0 -1
    outer loop
      vertex -30 0 18
      vertex -33.5433 -2.7039 18
      vertex -33.2915 -2.17162 18
    endloop
  endfacet
  facet normal 0 0 -1
    outer loop
      vertex -30 0 18
      vertex -33.7416 -3.25829 18
      vertex -33.5433 -2.7039 18
    endloop
  endfacet
  facet normal 0 0 -1
    outer loop
      vertex -30 0 18
      vertex -33.8847 -3.82945 18
      vertex -33.7416 -3.25829 18
    endloop
  endfacet
  facet normal 0 0 -1
    outer loop
      vertex -30 0 18
      vertex -33.9711 -4.4119 18
      vertex -33.8847 -3.82945 18
    endloop
  endfacet
  facet normal -0 0 -1
    outer loop
      vertex 30.2961 0.543274 18
      vertex 30 0 18
      vertex 30 0.649221 18
    endloop
  endfacet
  facet normal -0.998795 0.0490821 0
    outer loop
      vertex 33.9711 -32.5881 -1.90735e-07
      vertex 34 -32 4.3
      vertex 34 -32 -1.90735e-07
    endloop
  endfacet
  facet normal -0.998795 0.0490821 0
    outer loop
      vertex 34 -32 4.3
      vertex 33.9711 -32.5881 -1.90735e-07
      vertex 33.9711 -32.5881 4.3
    endloop
  endfacet
  facet normal -0.595647 -0.803246 0
    outer loop
      vertex 31.3334 -0.0111847 -1.90735e-07
      vertex 31.8064 -0.361938 18
      vertex 31.3334 -0.0111847 18
    endloop
  endfacet
  facet normal -0.595647 -0.803246 -0
    outer loop
      vertex 31.8064 -0.361938 18
      vertex 31.3334 -0.0111847 -1.90735e-07
      vertex 31.8064 -0.361938 -1.90735e-07
    endloop
  endfacet
  facet normal 0.941578 -0.336794 0
    outer loop
      vertex -33.7416 -3.25829 18
      vertex -33.5433 -2.7039 -1.90735e-07
      vertex -33.5433 -2.7039 18
    endloop
  endfacet
  facet normal 0.941578 -0.336794 0
    outer loop
      vertex -33.5433 -2.7039 -1.90735e-07
      vertex -33.7416 -3.25829 18
      vertex -33.7416 -3.25829 -1.90735e-07
    endloop
  endfacet
  facet normal 0.998795 0.0490821 0
    outer loop
      vertex -33.9711 -32.5881 4.3
      vertex -34 -32 -1.90735e-07
      vertex -34 -32 4.3
    endloop
  endfacet
  facet normal 0.998795 0.0490821 0
    outer loop
      vertex -34 -32 -1.90735e-07
      vertex -33.9711 -32.5881 4.3
      vertex -33.9711 -32.5881 -1.90735e-07
    endloop
  endfacet
  facet normal 0.998795 -0.0490821 0
    outer loop
      vertex -34 -5 18
      vertex -33.9711 -4.4119 -1.90735e-07
      vertex -33.9711 -4.4119 18
    endloop
  endfacet
  facet normal 0.998795 -0.0490821 0
    outer loop
      vertex -33.9711 -4.4119 -1.90735e-07
      vertex -34 -5 18
      vertex -34 -5 -1.90735e-07
    endloop
  endfacet
  facet normal -0.740823 0.6717 0
    outer loop
      vertex 32.2426 -36.2426 -1.90735e-07
      vertex 32.6381 -35.8064 4.3
      vertex 32.6381 -35.8064 -1.90735e-07
    endloop
  endfacet
  facet normal -0.740823 0.6717 0
    outer loop
      vertex 32.6381 -35.8064 4.3
      vertex 32.2426 -36.2426 -1.90735e-07
      vertex 32.2426 -36.2426 4.3
    endloop
  endfacet
  facet normal -0.903962 0.427612 0
    outer loop
      vertex 33.2915 -34.8284 -1.90735e-07
      vertex 33.5433 -34.2961 4.3
      vertex 33.5433 -34.2961 -1.90735e-07
    endloop
  endfacet
  facet normal -0.903962 0.427612 0
    outer loop
      vertex 33.5433 -34.2961 4.3
      vertex 33.2915 -34.8284 -1.90735e-07
      vertex 33.2915 -34.8284 4.3
    endloop
  endfacet
  facet normal -0.336892 -0.941543 0
    outer loop
      vertex 30 0.649221 -1.90735e-07
      vertex 30.2961 0.543274 18
      vertex 30 0.649221 18
    endloop
  endfacet
  facet normal -0.336892 -0.941543 -0
    outer loop
      vertex 30.2961 0.543274 18
      vertex 30 0.649221 -1.90735e-07
      vertex 30.2961 0.543274 -1.90735e-07
    endloop
  endfacet
  facet normal -0.514144 -0.857704 0
    outer loop
      vertex 30.8284 0.291534 -1.90735e-07
      vertex 31.3334 -0.0111847 18
      vertex 30.8284 0.291534 18
    endloop
  endfacet
  facet normal -0.514144 -0.857704 -0
    outer loop
      vertex 31.3334 -0.0111847 18
      vertex 30.8284 0.291534 -1.90735e-07
      vertex 31.3334 -0.0111847 -1.90735e-07
    endloop
  endfacet
  facet normal 0.514144 -0.857704 0
    outer loop
      vertex -31.3334 -0.0111847 -1.90735e-07
      vertex -30.8284 0.291534 18
      vertex -31.3334 -0.0111847 18
    endloop
  endfacet
  facet normal 0.514144 -0.857704 0
    outer loop
      vertex -30.8284 0.291534 18
      vertex -31.3334 -0.0111847 -1.90735e-07
      vertex -30.8284 0.291534 -1.90735e-07
    endloop
  endfacet
  facet normal 0.336892 -0.941543 0
    outer loop
      vertex -30.2961 0.543274 -1.90735e-07
      vertex -30 0.649221 18
      vertex -30.2961 0.543274 18
    endloop
  endfacet
  facet normal 0.336892 -0.941543 0
    outer loop
      vertex -30 0.649221 18
      vertex -30.2961 0.543274 -1.90735e-07
      vertex -30 0.649221 -1.90735e-07
    endloop
  endfacet
  facet normal 0.989176 -0.146733 0
    outer loop
      vertex -33.9711 -4.4119 18
      vertex -33.8847 -3.82945 -1.90735e-07
      vertex -33.8847 -3.82945 18
    endloop
  endfacet
  facet normal 0.989176 -0.146733 0
    outer loop
      vertex -33.8847 -3.82945 -1.90735e-07
      vertex -33.9711 -4.4119 18
      vertex -33.9711 -4.4119 -1.90735e-07
    endloop
  endfacet
  facet normal 0.903956 -0.427625 0
    outer loop
      vertex -33.5433 -2.7039 18
      vertex -33.2915 -2.17162 -1.90735e-07
      vertex -33.2915 -2.17162 18
    endloop
  endfacet
  facet normal 0.903956 -0.427625 0
    outer loop
      vertex -33.2915 -2.17162 -1.90735e-07
      vertex -33.5433 -2.7039 18
      vertex -33.5433 -2.7039 -1.90735e-07
    endloop
  endfacet
  facet normal 0.970018 -0.243031 0
    outer loop
      vertex -33.8847 -3.82945 18
      vertex -33.7416 -3.25829 -1.90735e-07
      vertex -33.7416 -3.25829 18
    endloop
  endfacet
  facet normal 0.970018 -0.243031 0
    outer loop
      vertex -33.7416 -3.25829 -1.90735e-07
      vertex -33.8847 -3.82945 18
      vertex -33.8847 -3.82945 -1.90735e-07
    endloop
  endfacet
  facet normal 0.427612 0.903962 -0
    outer loop
      vertex -30.2961 -37.5433 -1.90735e-07
      vertex -30.8284 -37.2915 4.3
      vertex -30.2961 -37.5433 4.3
    endloop
  endfacet
  facet normal 0.427612 0.903962 0
    outer loop
      vertex -30.8284 -37.2915 4.3
      vertex -30.2961 -37.5433 -1.90735e-07
      vertex -30.8284 -37.2915 -1.90735e-07
    endloop
  endfacet
  facet normal 0.595589 0.803289 -0
    outer loop
      vertex -31.3334 -36.9888 -1.90735e-07
      vertex -31.8064 -36.6381 4.3
      vertex -31.3334 -36.9888 4.3
    endloop
  endfacet
  facet normal 0.595589 0.803289 0
    outer loop
      vertex -31.8064 -36.6381 4.3
      vertex -31.3334 -36.9888 -1.90735e-07
      vertex -31.8064 -36.6381 -1.90735e-07
    endloop
  endfacet
  facet normal 0.6717 0.740823 -0
    outer loop
      vertex -31.8064 -36.6381 -1.90735e-07
      vertex -32.2426 -36.2426 4.3
      vertex -31.8064 -36.6381 4.3
    endloop
  endfacet
  facet normal 0.6717 0.740823 0
    outer loop
      vertex -32.2426 -36.2426 4.3
      vertex -31.8064 -36.6381 -1.90735e-07
      vertex -32.2426 -36.2426 -1.90735e-07
    endloop
  endfacet
  facet normal 1 0 0
    outer loop
      vertex -34 -9.5 4.3
      vertex -34 -5 18
      vertex -34 -9.5 18
    endloop
  endfacet
  facet normal 1 0 0
    outer loop
      vertex -34 -5 18
      vertex -34 -9.5 4.3
      vertex -34 -5 -1.90735e-07
    endloop
  endfacet
  facet normal 1 0 0
    outer loop
      vertex -34 -32 -1.90735e-07
      vertex -34 -9.5 4.3
      vertex -34 -32 4.3
    endloop
  endfacet
  facet normal 1 0 0
    outer loop
      vertex -34 -9.5 4.3
      vertex -34 -32 -1.90735e-07
      vertex -34 -5 -1.90735e-07
    endloop
  endfacet
  facet normal -0.998795 -0.0490821 0
    outer loop
      vertex 34 -5 -1.90735e-07
      vertex 33.9711 -4.4119 18
      vertex 33.9711 -4.4119 -1.90735e-07
    endloop
  endfacet
  facet normal -0.998795 -0.0490821 0
    outer loop
      vertex 33.9711 -4.4119 18
      vertex 34 -5 -1.90735e-07
      vertex 34 -5 18
    endloop
  endfacet
  facet normal -1 0 0
    outer loop
      vertex 34 -5 -1.90735e-07
      vertex 34 -9.5 4.3
      vertex 34 -5 18
    endloop
  endfacet
  facet normal -1 0 0
    outer loop
      vertex 34 -32 -1.90735e-07
      vertex 34 -9.5 4.3
      vertex 34 -5 -1.90735e-07
    endloop
  endfacet
  facet normal -1 -0 0
    outer loop
      vertex 34 -9.5 4.3
      vertex 34 -32 -1.90735e-07
      vertex 34 -32 4.3
    endloop
  endfacet
  facet normal -1 -0 0
    outer loop
      vertex 34 -5 18
      vertex 34 -9.5 4.3
      vertex 34 -9.5 18
    endloop
  endfacet
  facet normal -0.970023 0.243015 0
    outer loop
      vertex 33.7416 -33.7417 -1.90735e-07
      vertex 33.8847 -33.1705 4.3
      vertex 33.8847 -33.1705 -1.90735e-07
    endloop
  endfacet
  facet normal -0.970023 0.243015 0
    outer loop
      vertex 33.8847 -33.1705 4.3
      vertex 33.7416 -33.7417 -1.90735e-07
      vertex 33.7416 -33.7417 4.3
    endloop
  endfacet
  facet normal -0.514121 0.857718 0
    outer loop
      vertex 31.3334 -36.9888 -1.90735e-07
      vertex 30.8284 -37.2915 4.3
      vertex 31.3334 -36.9888 4.3
    endloop
  endfacet
  facet normal -0.514121 0.857718 0
    outer loop
      vertex 30.8284 -37.2915 4.3
      vertex 31.3334 -36.9888 -1.90735e-07
      vertex 30.8284 -37.2915 -1.90735e-07
    endloop
  endfacet
  facet normal -0.6717 0.740823 0
    outer loop
      vertex 32.2426 -36.2426 -1.90735e-07
      vertex 31.8064 -36.6381 4.3
      vertex 32.2426 -36.2426 4.3
    endloop
  endfacet
  facet normal -0.6717 0.740823 0
    outer loop
      vertex 31.8064 -36.6381 4.3
      vertex 32.2426 -36.2426 -1.90735e-07
      vertex 31.8064 -36.6381 -1.90735e-07
    endloop
  endfacet
  facet normal -0.427529 -0.904002 0
    outer loop
      vertex 30.2961 0.543274 -1.90735e-07
      vertex 30.8284 0.291534 18
      vertex 30.2961 0.543274 18
    endloop
  endfacet
  facet normal -0.427529 -0.904002 -0
    outer loop
      vertex 30.8284 0.291534 18
      vertex 30.2961 0.543274 -1.90735e-07
      vertex 30.8284 0.291534 -1.90735e-07
    endloop
  endfacet
  facet normal 0.857736 -0.514091 0
    outer loop
      vertex -33.2915 -2.17162 18
      vertex -32.9888 -1.66658 -1.90735e-07
      vertex -32.9888 -1.66658 18
    endloop
  endfacet
  facet normal 0.857736 -0.514091 0
    outer loop
      vertex -32.9888 -1.66658 -1.90735e-07
      vertex -33.2915 -2.17162 18
      vertex -33.2915 -2.17162 -1.90735e-07
    endloop
  endfacet
  facet normal 0.427529 -0.904002 0
    outer loop
      vertex -30.8284 0.291534 -1.90735e-07
      vertex -30.2961 0.543274 18
      vertex -30.8284 0.291534 18
    endloop
  endfacet
  facet normal 0.427529 -0.904002 0
    outer loop
      vertex -30.2961 0.543274 18
      vertex -30.8284 0.291534 -1.90735e-07
      vertex -30.2961 0.543274 -1.90735e-07
    endloop
  endfacet
  facet normal 0.336759 0.941591 -0
    outer loop
      vertex -30 -37.6492 -1.90735e-07
      vertex -30.2961 -37.5433 4.3
      vertex -30 -37.6492 4.3
    endloop
  endfacet
  facet normal 0.336759 0.941591 0
    outer loop
      vertex -30.2961 -37.5433 4.3
      vertex -30 -37.6492 -1.90735e-07
      vertex -30.2961 -37.5433 -1.90735e-07
    endloop
  endfacet
  facet normal 0.857718 0.514121 0
    outer loop
      vertex -32.9888 -35.3334 4.3
      vertex -33.2915 -34.8284 -1.90735e-07
      vertex -33.2915 -34.8284 4.3
    endloop
  endfacet
  facet normal 0.857718 0.514121 0
    outer loop
      vertex -33.2915 -34.8284 -1.90735e-07
      vertex -32.9888 -35.3334 4.3
      vertex -32.9888 -35.3334 -1.90735e-07
    endloop
  endfacet
  facet normal 0.903962 0.427612 0
    outer loop
      vertex -33.2915 -34.8284 4.3
      vertex -33.5433 -34.2961 -1.90735e-07
      vertex -33.5433 -34.2961 4.3
    endloop
  endfacet
  facet normal 0.903962 0.427612 0
    outer loop
      vertex -33.5433 -34.2961 -1.90735e-07
      vertex -33.2915 -34.8284 4.3
      vertex -33.2915 -34.8284 -1.90735e-07
    endloop
  endfacet
  facet normal -0.903956 -0.427625 0
    outer loop
      vertex 33.5433 -2.7039 -1.90735e-07
      vertex 33.2915 -2.17162 18
      vertex 33.2915 -2.17162 -1.90735e-07
    endloop
  endfacet
  facet normal -0.903956 -0.427625 0
    outer loop
      vertex 33.2915 -2.17162 18
      vertex 33.5433 -2.7039 -1.90735e-07
      vertex 33.5433 -2.7039 18
    endloop
  endfacet
  facet normal -0.857718 0.514121 0
    outer loop
      vertex 32.9888 -35.3334 -1.90735e-07
      vertex 33.2915 -34.8284 4.3
      vertex 33.2915 -34.8284 -1.90735e-07
    endloop
  endfacet
  facet normal -0.857718 0.514121 0
    outer loop
      vertex 33.2915 -34.8284 4.3
      vertex 32.9888 -35.3334 -1.90735e-07
      vertex 32.9888 -35.3334 4.3
    endloop
  endfacet
  facet normal -0.803289 0.595589 0
    outer loop
      vertex 32.6381 -35.8064 -1.90735e-07
      vertex 32.9888 -35.3334 4.3
      vertex 32.9888 -35.3334 -1.90735e-07
    endloop
  endfacet
  facet normal -0.803289 0.595589 0
    outer loop
      vertex 32.9888 -35.3334 4.3
      vertex 32.6381 -35.8064 -1.90735e-07
      vertex 32.6381 -35.8064 4.3
    endloop
  endfacet
  facet normal -0.989174 0.146746 0
    outer loop
      vertex 33.8847 -33.1705 -1.90735e-07
      vertex 33.9711 -32.5881 4.3
      vertex 33.9711 -32.5881 -1.90735e-07
    endloop
  endfacet
  facet normal -0.989174 0.146746 0
    outer loop
      vertex 33.9711 -32.5881 4.3
      vertex 33.8847 -33.1705 -1.90735e-07
      vertex 33.8847 -33.1705 4.3
    endloop
  endfacet
  facet normal -0.336759 0.941591 0
    outer loop
      vertex 30.2961 -37.5433 -1.90735e-07
      vertex 30 -37.6492 4.3
      vertex 30.2961 -37.5433 4.3
    endloop
  endfacet
  facet normal -0.336759 0.941591 0
    outer loop
      vertex 30 -37.6492 4.3
      vertex 30.2961 -37.5433 -1.90735e-07
      vertex 30 -37.6492 -1.90735e-07
    endloop
  endfacet
  facet normal -0.427612 0.903962 0
    outer loop
      vertex 30.8284 -37.2915 -1.90735e-07
      vertex 30.2961 -37.5433 4.3
      vertex 30.8284 -37.2915 4.3
    endloop
  endfacet
  facet normal -0.427612 0.903962 0
    outer loop
      vertex 30.2961 -37.5433 4.3
      vertex 30.8284 -37.2915 -1.90735e-07
      vertex 30.2961 -37.5433 -1.90735e-07
    endloop
  endfacet
  facet normal 0.740881 -0.671637 0
    outer loop
      vertex -32.6381 -1.19363 18
      vertex -32.2426 -0.757355 -1.90735e-07
      vertex -32.2426 -0.757355 18
    endloop
  endfacet
  facet normal 0.740881 -0.671637 0
    outer loop
      vertex -32.2426 -0.757355 -1.90735e-07
      vertex -32.6381 -1.19363 18
      vertex -32.6381 -1.19363 -1.90735e-07
    endloop
  endfacet
  facet normal 0.671623 -0.740893 0
    outer loop
      vertex -32.2426 -0.757355 -1.90735e-07
      vertex -31.8064 -0.361938 18
      vertex -32.2426 -0.757355 18
    endloop
  endfacet
  facet normal 0.671623 -0.740893 0
    outer loop
      vertex -31.8064 -0.361938 18
      vertex -32.2426 -0.757355 -1.90735e-07
      vertex -31.8064 -0.361938 -1.90735e-07
    endloop
  endfacet
  facet normal 0.595647 -0.803246 0
    outer loop
      vertex -31.8064 -0.361938 -1.90735e-07
      vertex -31.3334 -0.0111847 18
      vertex -31.8064 -0.361938 18
    endloop
  endfacet
  facet normal 0.595647 -0.803246 0
    outer loop
      vertex -31.3334 -0.0111847 18
      vertex -31.8064 -0.361938 -1.90735e-07
      vertex -31.3334 -0.0111847 -1.90735e-07
    endloop
  endfacet
  facet normal 0.740823 0.6717 0
    outer loop
      vertex -32.2426 -36.2426 4.3
      vertex -32.6381 -35.8064 -1.90735e-07
      vertex -32.6381 -35.8064 4.3
    endloop
  endfacet
  facet normal 0.740823 0.6717 0
    outer loop
      vertex -32.6381 -35.8064 -1.90735e-07
      vertex -32.2426 -36.2426 4.3
      vertex -32.2426 -36.2426 -1.90735e-07
    endloop
  endfacet
  facet normal 0.94158 0.336788 0
    outer loop
      vertex -33.5433 -34.2961 4.3
      vertex -33.7416 -33.7417 -1.90735e-07
      vertex -33.7416 -33.7417 4.3
    endloop
  endfacet
  facet normal 0.94158 0.336788 0
    outer loop
      vertex -33.7416 -33.7417 -1.90735e-07
      vertex -33.5433 -34.2961 4.3
      vertex -33.5433 -34.2961 -1.90735e-07
    endloop
  endfacet
  facet normal -0.671623 -0.740893 0
    outer loop
      vertex 31.8064 -0.361938 -1.90735e-07
      vertex 32.2426 -0.757355 18
      vertex 31.8064 -0.361938 18
    endloop
  endfacet
  facet normal -0.671623 -0.740893 -0
    outer loop
      vertex 32.2426 -0.757355 18
      vertex 31.8064 -0.361938 -1.90735e-07
      vertex 32.2426 -0.757355 -1.90735e-07
    endloop
  endfacet
  facet normal -0.740881 -0.671637 0
    outer loop
      vertex 32.6381 -1.19363 -1.90735e-07
      vertex 32.2426 -0.757355 18
      vertex 32.2426 -0.757355 -1.90735e-07
    endloop
  endfacet
  facet normal -0.740881 -0.671637 0
    outer loop
      vertex 32.2426 -0.757355 18
      vertex 32.6381 -1.19363 -1.90735e-07
      vertex 32.6381 -1.19363 18
    endloop
  endfacet
  facet normal -0.970018 -0.243031 0
    outer loop
      vertex 33.8847 -3.82945 -1.90735e-07
      vertex 33.7416 -3.25829 18
      vertex 33.7416 -3.25829 -1.90735e-07
    endloop
  endfacet
  facet normal -0.970018 -0.243031 0
    outer loop
      vertex 33.7416 -3.25829 18
      vertex 33.8847 -3.82945 -1.90735e-07
      vertex 33.8847 -3.82945 18
    endloop
  endfacet
  facet normal -0.989176 -0.146733 0
    outer loop
      vertex 33.9711 -4.4119 -1.90735e-07
      vertex 33.8847 -3.82945 18
      vertex 33.8847 -3.82945 -1.90735e-07
    endloop
  endfacet
  facet normal -0.989176 -0.146733 0
    outer loop
      vertex 33.8847 -3.82945 18
      vertex 33.9711 -4.4119 -1.90735e-07
      vertex 33.9711 -4.4119 18
    endloop
  endfacet
  facet normal -0.941578 -0.336794 0
    outer loop
      vertex 33.7416 -3.25829 -1.90735e-07
      vertex 33.5433 -2.7039 18
      vertex 33.5433 -2.7039 -1.90735e-07
    endloop
  endfacet
  facet normal -0.941578 -0.336794 0
    outer loop
      vertex 33.5433 -2.7039 18
      vertex 33.7416 -3.25829 -1.90735e-07
      vertex 33.7416 -3.25829 18
    endloop
  endfacet
  facet normal -0.94158 0.336788 0
    outer loop
      vertex 33.5433 -34.2961 -1.90735e-07
      vertex 33.7416 -33.7417 4.3
      vertex 33.7416 -33.7417 -1.90735e-07
    endloop
  endfacet
  facet normal -0.94158 0.336788 0
    outer loop
      vertex 33.7416 -33.7417 4.3
      vertex 33.5433 -34.2961 -1.90735e-07
      vertex 33.5433 -34.2961 4.3
    endloop
  endfacet
  facet normal -0.595589 0.803289 0
    outer loop
      vertex 31.8064 -36.6381 -1.90735e-07
      vertex 31.3334 -36.9888 4.3
      vertex 31.8064 -36.6381 4.3
    endloop
  endfacet
  facet normal -0.595589 0.803289 0
    outer loop
      vertex 31.3334 -36.9888 4.3
      vertex 31.8064 -36.6381 -1.90735e-07
      vertex 31.3334 -36.9888 -1.90735e-07
    endloop
  endfacet
  facet normal 0.803259 -0.59563 0
    outer loop
      vertex -32.9888 -1.66658 18
      vertex -32.6381 -1.19363 -1.90735e-07
      vertex -32.6381 -1.19363 18
    endloop
  endfacet
  facet normal 0.803259 -0.59563 0
    outer loop
      vertex -32.6381 -1.19363 -1.90735e-07
      vertex -32.9888 -1.66658 18
      vertex -32.9888 -1.66658 -1.90735e-07
    endloop
  endfacet
  facet normal 0.970023 0.243015 0
    outer loop
      vertex -33.7416 -33.7417 4.3
      vertex -33.8847 -33.1705 -1.90735e-07
      vertex -33.8847 -33.1705 4.3
    endloop
  endfacet
  facet normal 0.970023 0.243015 0
    outer loop
      vertex -33.8847 -33.1705 -1.90735e-07
      vertex -33.7416 -33.7417 4.3
      vertex -33.7416 -33.7417 -1.90735e-07
    endloop
  endfacet
  facet normal 0.803289 0.595589 0
    outer loop
      vertex -32.6381 -35.8064 4.3
      vertex -32.9888 -35.3334 -1.90735e-07
      vertex -32.9888 -35.3334 4.3
    endloop
  endfacet
  facet normal 0.803289 0.595589 0
    outer loop
      vertex -32.9888 -35.3334 -1.90735e-07
      vertex -32.6381 -35.8064 4.3
      vertex -32.6381 -35.8064 -1.90735e-07
    endloop
  endfacet
  facet normal -0.803259 -0.59563 0
    outer loop
      vertex 32.9888 -1.66658 -1.90735e-07
      vertex 32.6381 -1.19363 18
      vertex 32.6381 -1.19363 -1.90735e-07
    endloop
  endfacet
  facet normal -0.803259 -0.59563 0
    outer loop
      vertex 32.6381 -1.19363 18
      vertex 32.9888 -1.66658 -1.90735e-07
      vertex 32.9888 -1.66658 18
    endloop
  endfacet
  facet normal -0.857736 -0.514091 0
    outer loop
      vertex 33.2915 -2.17162 -1.90735e-07
      vertex 32.9888 -1.66658 18
      vertex 32.9888 -1.66658 -1.90735e-07
    endloop
  endfacet
  facet normal -0.857736 -0.514091 0
    outer loop
      vertex 32.9888 -1.66658 18
      vertex 33.2915 -2.17162 -1.90735e-07
      vertex 33.2915 -2.17162 18
    endloop
  endfacet
  facet normal 1 0 0
    outer loop
      vertex -30 2.73625 20
      vertex -30 0.649221 18
      vertex -30 2.73625 -1.90735e-07
    endloop
  endfacet
  facet normal 1 -0 0
    outer loop
      vertex -30 0 20
      vertex -30 0.649221 18
      vertex -30 2.73625 20
    endloop
  endfacet
  facet normal 1 0 0
    outer loop
      vertex -30 0.649221 18
      vertex -30 0 20
      vertex -30 0 18
    endloop
  endfacet
  facet normal 1 0 0
    outer loop
      vertex -30 2.73625 -1.90735e-07
      vertex -30 0.649221 18
      vertex -30 0.649221 -1.90735e-07
    endloop
  endfacet
  facet normal -1 0 0
    outer loop
      vertex 30 0.649221 18
      vertex 30 2.73625 -1.90735e-07
      vertex 30 0.649221 -1.90735e-07
    endloop
  endfacet
  facet normal -1 0 0
    outer loop
      vertex 30 2.73625 -1.90735e-07
      vertex 30 0.649221 18
      vertex 30 2.73625 20
    endloop
  endfacet
  facet normal -1 0 0
    outer loop
      vertex 30 0 20
      vertex 30 0.649221 18
      vertex 30 0 18
    endloop
  endfacet
  facet normal -1 0 0
    outer loop
      vertex 30 0.649221 18
      vertex 30 0 20
      vertex 30 2.73625 20
    endloop
  endfacet
  facet normal 0 1 -0
    outer loop
      vertex 30 0 18
      vertex -30 0 20
      vertex 30 0 20
    endloop
  endfacet
  facet normal 0 1 0
    outer loop
      vertex -30 0 20
      vertex 30 0 18
      vertex -30 0 18
    endloop
  endfacet
  facet normal 1 -0 0
    outer loop
      vertex -30 -39.7362 4.3
      vertex -30 -37.6492 -1.90735e-07
      vertex -30 -37.6492 4.3
    endloop
  endfacet
  facet normal 1 0 0
    outer loop
      vertex -30 -37.6492 -1.90735e-07
      vertex -30 -39.7362 4.3
      vertex -30 -39.7362 -1.90735e-07
    endloop
  endfacet
  facet normal -1 0 0
    outer loop
      vertex 30 -39.7362 -1.90735e-07
      vertex 30 -37.6492 4.3
      vertex 30 -37.6492 -1.90735e-07
    endloop
  endfacet
  facet normal -1 -0 0
    outer loop
      vertex 30 -37.6492 4.3
      vertex 30 -39.7362 -1.90735e-07
      vertex 30 -39.7362 4.3
    endloop
  endfacet
  facet normal 1 0 0
    outer loop
      vertex -38 -32.0223 4.3
      vertex -38 -29.9091 4.30431
      vertex -38 -30.1042 4.77547
    endloop
  endfacet
  facet normal 1 0 0
    outer loop
      vertex -38 -32.0223 4.3
      vertex -38 -30.1042 4.77547
      vertex -38 -30.3707 5.2103
    endloop
  endfacet
  facet normal 1 0 0
    outer loop
      vertex -38 -32.0223 4.3
      vertex -38 -30.3707 5.2103
      vertex -38 -30.7019 5.5981
    endloop
  endfacet
  facet normal 1 0 0
    outer loop
      vertex -38 -32.0223 4.3
      vertex -38 -30.7019 5.5981
      vertex -38 -31.0897 5.92931
    endloop
  endfacet
  facet normal 1 0 0
    outer loop
      vertex -38 -32.2222 4.46406
      vertex -38 -31.0897 5.92931
      vertex -38 -31.5245 6.19577
    endloop
  endfacet
  facet normal 1 0 0
    outer loop
      vertex -38 -32.4642 4.59343
      vertex -38 -31.5245 6.19577
      vertex -38 -31.9957 6.39093
    endloop
  endfacet
  facet normal 1 0 0
    outer loop
      vertex -38 -29.9091 4.30431
      vertex -38 -32.0223 4.3
      vertex -38 -29.908 4.3
    endloop
  endfacet
  facet normal 1 0 0
    outer loop
      vertex -38 -31.0897 5.92931
      vertex -38 -32.2222 4.46406
      vertex -38 -32.0223 4.3
    endloop
  endfacet
  facet normal 1 0 0
    outer loop
      vertex -38 -31.5245 6.19577
      vertex -38 -32.4642 4.59343
      vertex -38 -32.2222 4.46406
    endloop
  endfacet
  facet normal 1 0 0
    outer loop
      vertex -38 -32.7269 4.6731
      vertex -38 -31.9957 6.39093
      vertex -38 -32.4916 6.50999
    endloop
  endfacet
  facet normal 1 0 0
    outer loop
      vertex -38 -31.9957 6.39093
      vertex -38 -32.7269 4.6731
      vertex -38 -32.4642 4.59343
    endloop
  endfacet
  facet normal 1 0 0
    outer loop
      vertex -38 -33 4.7
      vertex -38 -32.4916 6.50999
      vertex -38 -33 6.55
    endloop
  endfacet
  facet normal 1 0 0
    outer loop
      vertex -38 -32.4916 6.50999
      vertex -38 -33 4.7
      vertex -38 -32.7269 4.6731
    endloop
  endfacet
  facet normal 1 -0 0
    outer loop
      vertex -38 -33.5084 6.50999
      vertex -38 -33 4.7
      vertex -38 -33 6.55
    endloop
  endfacet
  facet normal 1 0 0
    outer loop
      vertex -38 -33 4.7
      vertex -38 -33.5084 6.50999
      vertex -38 -33.2731 4.6731
    endloop
  endfacet
  facet normal 1 -0 0
    outer loop
      vertex -38 -34.0043 6.39093
      vertex -38 -33.2731 4.6731
      vertex -38 -33.5084 6.50999
    endloop
  endfacet
  facet normal 1 0 0
    outer loop
      vertex -38 -33.2731 4.6731
      vertex -38 -34.0043 6.39093
      vertex -38 -33.5358 4.59343
    endloop
  endfacet
  facet normal 1 -0 0
    outer loop
      vertex -38 -34.4755 6.19577
      vertex -38 -33.5358 4.59343
      vertex -38 -34.0043 6.39093
    endloop
  endfacet
  facet normal 1 0 0
    outer loop
      vertex -38 -33.5358 4.59343
      vertex -38 -34.4755 6.19577
      vertex -38 -33.7778 4.46406
    endloop
  endfacet
  facet normal 1 -0 0
    outer loop
      vertex -38 -34.9103 5.92931
      vertex -38 -33.7778 4.46406
      vertex -38 -34.4755 6.19577
    endloop
  endfacet
  facet normal 1 0 0
    outer loop
      vertex -38 -33.7778 4.46406
      vertex -38 -34.9103 5.92931
      vertex -38 -33.9777 4.3
    endloop
  endfacet
  facet normal 1 -0 0
    outer loop
      vertex -38 -35.2981 5.5981
      vertex -38 -33.9777 4.3
      vertex -38 -34.9103 5.92931
    endloop
  endfacet
  facet normal 1 -0 0
    outer loop
      vertex -38 -35.6293 5.2103
      vertex -38 -33.9777 4.3
      vertex -38 -35.2981 5.5981
    endloop
  endfacet
  facet normal 1 -0 0
    outer loop
      vertex -38 -35.8958 4.77547
      vertex -38 -33.9777 4.3
      vertex -38 -35.6293 5.2103
    endloop
  endfacet
  facet normal 1 -0 0
    outer loop
      vertex -38 -36.0909 4.30431
      vertex -38 -33.9777 4.3
      vertex -38 -35.8958 4.77547
    endloop
  endfacet
  facet normal 1 0 0
    outer loop
      vertex -38 -33.9777 4.3
      vertex -38 -36.0909 4.30431
      vertex -38 -36.092 4.3
    endloop
  endfacet
  facet normal -1 0 0
    outer loop
      vertex 38 -32.0223 4.3
      vertex 38 -29.9091 4.30431
      vertex 38 -29.908 4.3
    endloop
  endfacet
  facet normal -1 -0 0
    outer loop
      vertex 38 -29.9091 4.30431
      vertex 38 -32.0223 4.3
      vertex 38 -30.1042 4.77547
    endloop
  endfacet
  facet normal -1 -0 0
    outer loop
      vertex 38 -30.1042 4.77547
      vertex 38 -32.0223 4.3
      vertex 38 -30.3707 5.2103
    endloop
  endfacet
  facet normal -1 -0 0
    outer loop
      vertex 38 -30.3707 5.2103
      vertex 38 -32.0223 4.3
      vertex 38 -30.7019 5.5981
    endloop
  endfacet
  facet normal -1 -0 0
    outer loop
      vertex 38 -30.7019 5.5981
      vertex 38 -32.0223 4.3
      vertex 38 -31.0897 5.92931
    endloop
  endfacet
  facet normal -1 0 0
    outer loop
      vertex 38 -32.2222 4.46406
      vertex 38 -31.0897 5.92931
      vertex 38 -32.0223 4.3
    endloop
  endfacet
  facet normal -1 -0 0
    outer loop
      vertex 38 -31.0897 5.92931
      vertex 38 -32.2222 4.46406
      vertex 38 -31.5245 6.19577
    endloop
  endfacet
  facet normal -1 0 0
    outer loop
      vertex 38 -32.4642 4.59343
      vertex 38 -31.5245 6.19577
      vertex 38 -32.2222 4.46406
    endloop
  endfacet
  facet normal -1 -0 0
    outer loop
      vertex 38 -31.5245 6.19577
      vertex 38 -32.4642 4.59343
      vertex 38 -31.9957 6.39093
    endloop
  endfacet
  facet normal -1 0 0
    outer loop
      vertex 38 -32.7269 4.6731
      vertex 38 -31.9957 6.39093
      vertex 38 -32.4642 4.59343
    endloop
  endfacet
  facet normal -1 -0 0
    outer loop
      vertex 38 -31.9957 6.39093
      vertex 38 -32.7269 4.6731
      vertex 38 -32.4916 6.50999
    endloop
  endfacet
  facet normal -1 0 0
    outer loop
      vertex 38 -33 4.7
      vertex 38 -32.4916 6.50999
      vertex 38 -32.7269 4.6731
    endloop
  endfacet
  facet normal -1 0 0
    outer loop
      vertex 38 -33 4.7
      vertex 38 -33 6.55
      vertex 38 -32.4916 6.50999
    endloop
  endfacet
  facet normal -1 0 0
    outer loop
      vertex 38 -33.5084 6.50999
      vertex 38 -33 4.7
      vertex 38 -33.2731 4.6731
    endloop
  endfacet
  facet normal -1 0 0
    outer loop
      vertex 38 -33 4.7
      vertex 38 -33.5084 6.50999
      vertex 38 -33 6.55
    endloop
  endfacet
  facet normal -1 0 0
    outer loop
      vertex 38 -34.0043 6.39093
      vertex 38 -33.2731 4.6731
      vertex 38 -33.5358 4.59343
    endloop
  endfacet
  facet normal -1 0 0
    outer loop
      vertex 38 -34.4755 6.19577
      vertex 38 -33.5358 4.59343
      vertex 38 -33.7778 4.46406
    endloop
  endfacet
  facet normal -1 0 0
    outer loop
      vertex 38 -34.9103 5.92931
      vertex 38 -33.7778 4.46406
      vertex 38 -33.9777 4.3
    endloop
  endfacet
  facet normal -1 0 0
    outer loop
      vertex 38 -33.2731 4.6731
      vertex 38 -34.0043 6.39093
      vertex 38 -33.5084 6.50999
    endloop
  endfacet
  facet normal -1 0 0
    outer loop
      vertex 38 -33.5358 4.59343
      vertex 38 -34.4755 6.19577
      vertex 38 -34.0043 6.39093
    endloop
  endfacet
  facet normal -1 0 0
    outer loop
      vertex 38 -33.7778 4.46406
      vertex 38 -34.9103 5.92931
      vertex 38 -34.4755 6.19577
    endloop
  endfacet
  facet normal -1 0 0
    outer loop
      vertex 38 -33.9777 4.3
      vertex 38 -35.2981 5.5981
      vertex 38 -34.9103 5.92931
    endloop
  endfacet
  facet normal -1 0 0
    outer loop
      vertex 38 -33.9777 4.3
      vertex 38 -35.6293 5.2103
      vertex 38 -35.2981 5.5981
    endloop
  endfacet
  facet normal -1 0 0
    outer loop
      vertex 38 -33.9777 4.3
      vertex 38 -35.8958 4.77547
      vertex 38 -35.6293 5.2103
    endloop
  endfacet
  facet normal -1 0 0
    outer loop
      vertex 38 -33.9777 4.3
      vertex 38 -36.0909 4.30431
      vertex 38 -35.8958 4.77547
    endloop
  endfacet
  facet normal -1 0 -0
    outer loop
      vertex 38 -36.0909 4.30431
      vertex 38 -33.9777 4.3
      vertex 38 -36.092 4.3
    endloop
  endfacet
  facet normal -0 0 1
    outer loop
      vertex -36 -29.908 4.3
      vertex -34 -32 4.3
      vertex -34 -9.5 4.3
    endloop
  endfacet
  facet normal 0 0 1
    outer loop
      vertex -34.8 -33.9777 4.3
      vertex -34 -32 4.3
      vertex -34.8 -32.0223 4.3
    endloop
  endfacet
  facet normal 0 0 1
    outer loop
      vertex -34 -32 4.3
      vertex -34.8 -33.9777 4.3
      vertex -34.1841 -37.0751 4.3
    endloop
  endfacet
  facet normal 0 0 1
    outer loop
      vertex -36 -29.908 4.3
      vertex -34 -9.5 4.3
      vertex -36 -9.5 4.3
    endloop
  endfacet
  facet normal 0 0 1
    outer loop
      vertex -34 -32 4.3
      vertex -36 -29.908 4.3
      vertex -34.8 -32.0223 4.3
    endloop
  endfacet
  facet normal 0 0 1
    outer loop
      vertex -38 -32.0223 4.3
      vertex -36 -29.908 4.3
      vertex -38 -29.908 4.3
    endloop
  endfacet
  facet normal 0 0 1
    outer loop
      vertex -36 -29.908 4.3
      vertex -38 -32.0223 4.3
      vertex -34.8 -32.0223 4.3
    endloop
  endfacet
  facet normal 0 0 1
    outer loop
      vertex -31.0615 -39.391 4.3
      vertex -30 -37.6492 4.3
      vertex -30.2961 -37.5433 4.3
    endloop
  endfacet
  facet normal 0 0 1
    outer loop
      vertex -30 -37.6492 4.3
      vertex -30.3223 -39.6555 4.3
      vertex -30 -39.7362 4.3
    endloop
  endfacet
  facet normal 0 0 1
    outer loop
      vertex -31.0615 -39.391 4.3
      vertex -30.2961 -37.5433 4.3
      vertex -30.8284 -37.2915 4.3
    endloop
  endfacet
  facet normal 0 0 1
    outer loop
      vertex -30 -37.6492 4.3
      vertex -31.0615 -39.391 4.3
      vertex -30.3223 -39.6555 4.3
    endloop
  endfacet
  facet normal 0 0 1
    outer loop
      vertex -31.7712 -39.0554 4.3
      vertex -30.8284 -37.2915 4.3
      vertex -31.3334 -36.9888 4.3
    endloop
  endfacet
  facet normal 0 0 1
    outer loop
      vertex -30.8284 -37.2915 4.3
      vertex -31.7712 -39.0554 4.3
      vertex -31.0615 -39.391 4.3
    endloop
  endfacet
  facet normal 0 0 1
    outer loop
      vertex -32.4446 -38.6518 4.3
      vertex -31.3334 -36.9888 4.3
      vertex -31.8064 -36.6381 4.3
    endloop
  endfacet
  facet normal 0 0 1
    outer loop
      vertex -33.0751 -38.1841 4.3
      vertex -31.8064 -36.6381 4.3
      vertex -32.2426 -36.2426 4.3
    endloop
  endfacet
  facet normal 0 0 1
    outer loop
      vertex -31.3334 -36.9888 4.3
      vertex -32.4446 -38.6518 4.3
      vertex -31.7712 -39.0554 4.3
    endloop
  endfacet
  facet normal 0 0 1
    outer loop
      vertex -33.6569 -37.6569 4.3
      vertex -32.2426 -36.2426 4.3
      vertex -32.6381 -35.8064 4.3
    endloop
  endfacet
  facet normal 0 0 1
    outer loop
      vertex -34.1841 -37.0751 4.3
      vertex -32.6381 -35.8064 4.3
      vertex -32.9888 -35.3334 4.3
    endloop
  endfacet
  facet normal 0 0 1
    outer loop
      vertex -31.8064 -36.6381 4.3
      vertex -33.0751 -38.1841 4.3
      vertex -32.4446 -38.6518 4.3
    endloop
  endfacet
  facet normal 0 0 1
    outer loop
      vertex -34.1841 -37.0751 4.3
      vertex -32.9888 -35.3334 4.3
      vertex -33.2915 -34.8284 4.3
    endloop
  endfacet
  facet normal 0 0 1
    outer loop
      vertex -34.1841 -37.0751 4.3
      vertex -33.2915 -34.8284 4.3
      vertex -33.5433 -34.2961 4.3
    endloop
  endfacet
  facet normal 0 0 1
    outer loop
      vertex -32.2426 -36.2426 4.3
      vertex -33.6569 -37.6569 4.3
      vertex -33.0751 -38.1841 4.3
    endloop
  endfacet
  facet normal 0 0 1
    outer loop
      vertex -34.1841 -37.0751 4.3
      vertex -33.5433 -34.2961 4.3
      vertex -33.7416 -33.7417 4.3
    endloop
  endfacet
  facet normal 0 0 1
    outer loop
      vertex -34.1841 -37.0751 4.3
      vertex -33.7416 -33.7417 4.3
      vertex -33.8847 -33.1705 4.3
    endloop
  endfacet
  facet normal 0 0 1
    outer loop
      vertex -34.1841 -37.0751 4.3
      vertex -33.8847 -33.1705 4.3
      vertex -33.9711 -32.5881 4.3
    endloop
  endfacet
  facet normal 0 0 1
    outer loop
      vertex -32.6381 -35.8064 4.3
      vertex -34.1841 -37.0751 4.3
      vertex -33.6569 -37.6569 4.3
    endloop
  endfacet
  facet normal 0 0 1
    outer loop
      vertex -34.1841 -37.0751 4.3
      vertex -33.9711 -32.5881 4.3
      vertex -34 -32 4.3
    endloop
  endfacet
  facet normal 0 0 1
    outer loop
      vertex -34.1841 -37.0751 4.3
      vertex -34.8 -33.9777 4.3
      vertex -34.6518 -36.4446 4.3
    endloop
  endfacet
  facet normal 0 0 1
    outer loop
      vertex -34.8 -33.9777 4.3
      vertex -35 -35.8636 4.3
      vertex -34.6518 -36.4446 4.3
    endloop
  endfacet
  facet normal -0 0 1
    outer loop
      vertex -38 -33.9777 4.3
      vertex -35 -35.8636 4.3
      vertex -34.8 -33.9777 4.3
    endloop
  endfacet
  facet normal 0 0 1
    outer loop
      vertex -38 -36.092 4.3
      vertex -35 -35.8636 4.3
      vertex -38 -33.9777 4.3
    endloop
  endfacet
  facet normal 0 0 1
    outer loop
      vertex -35 -35.8636 4.3
      vertex -38 -36.092 4.3
      vertex -35 -36.092 4.3
    endloop
  endfacet
  facet normal -0 0 1
    outer loop
      vertex 34 -9.5 4.3
      vertex 36 -29.908 4.3
      vertex 36 -9.5 4.3
    endloop
  endfacet
  facet normal -0 0 1
    outer loop
      vertex 33.9711 -32.5881 4.3
      vertex 34.8 -33.9777 4.3
      vertex 34.8 -32.0223 4.3
    endloop
  endfacet
  facet normal 0 0 1
    outer loop
      vertex 33.5433 -34.2961 4.3
      vertex 34.8 -33.9777 4.3
      vertex 33.7416 -33.7417 4.3
    endloop
  endfacet
  facet normal 0 0 1
    outer loop
      vertex 34 -32 4.3
      vertex 36 -29.908 4.3
      vertex 34 -9.5 4.3
    endloop
  endfacet
  facet normal 0 0 1
    outer loop
      vertex 36 -29.908 4.3
      vertex 34 -32 4.3
      vertex 34.8 -32.0223 4.3
    endloop
  endfacet
  facet normal 0 0 1
    outer loop
      vertex 33.9711 -32.5881 4.3
      vertex 34.8 -32.0223 4.3
      vertex 34 -32 4.3
    endloop
  endfacet
  facet normal 0 0 1
    outer loop
      vertex 34.8 -33.9777 4.3
      vertex 33.9711 -32.5881 4.3
      vertex 33.8847 -33.1705 4.3
    endloop
  endfacet
  facet normal 0 0 1
    outer loop
      vertex 34.8 -33.9777 4.3
      vertex 33.8847 -33.1705 4.3
      vertex 33.7416 -33.7417 4.3
    endloop
  endfacet
  facet normal 0 0 1
    outer loop
      vertex 33.2915 -34.8284 4.3
      vertex 34.8 -33.9777 4.3
      vertex 33.5433 -34.2961 4.3
    endloop
  endfacet
  facet normal 0 0 1
    outer loop
      vertex 34.8 -33.9777 4.3
      vertex 33.2915 -34.8284 4.3
      vertex 34.6518 -36.4446 4.3
    endloop
  endfacet
  facet normal -0 0 1
    outer loop
      vertex 32.9888 -35.3334 4.3
      vertex 34.6518 -36.4446 4.3
      vertex 33.2915 -34.8284 4.3
    endloop
  endfacet
  facet normal 0 0 1
    outer loop
      vertex 34.6518 -36.4446 4.3
      vertex 32.9888 -35.3334 4.3
      vertex 34.1841 -37.0751 4.3
    endloop
  endfacet
  facet normal -0 0 1
    outer loop
      vertex 32.6381 -35.8064 4.3
      vertex 34.1841 -37.0751 4.3
      vertex 32.9888 -35.3334 4.3
    endloop
  endfacet
  facet normal 0 0 1
    outer loop
      vertex 34.1841 -37.0751 4.3
      vertex 32.6381 -35.8064 4.3
      vertex 33.6569 -37.6569 4.3
    endloop
  endfacet
  facet normal -0 0 1
    outer loop
      vertex 32.2426 -36.2426 4.3
      vertex 33.6569 -37.6569 4.3
      vertex 32.6381 -35.8064 4.3
    endloop
  endfacet
  facet normal 0 0 1
    outer loop
      vertex 33.6569 -37.6569 4.3
      vertex 32.2426 -36.2426 4.3
      vertex 33.0751 -38.1841 4.3
    endloop
  endfacet
  facet normal -0 0 1
    outer loop
      vertex 31.8064 -36.6381 4.3
      vertex 33.0751 -38.1841 4.3
      vertex 32.2426 -36.2426 4.3
    endloop
  endfacet
  facet normal 0 0 1
    outer loop
      vertex 33.0751 -38.1841 4.3
      vertex 31.8064 -36.6381 4.3
      vertex 32.4446 -38.6518 4.3
    endloop
  endfacet
  facet normal -0 0 1
    outer loop
      vertex 31.3334 -36.9888 4.3
      vertex 32.4446 -38.6518 4.3
      vertex 31.8064 -36.6381 4.3
    endloop
  endfacet
  facet normal 0 0 1
    outer loop
      vertex 32.4446 -38.6518 4.3
      vertex 31.3334 -36.9888 4.3
      vertex 31.7712 -39.0554 4.3
    endloop
  endfacet
  facet normal -0 0 1
    outer loop
      vertex 30.8284 -37.2915 4.3
      vertex 31.7712 -39.0554 4.3
      vertex 31.3334 -36.9888 4.3
    endloop
  endfacet
  facet normal 0 0 1
    outer loop
      vertex 31.7712 -39.0554 4.3
      vertex 30.8284 -37.2915 4.3
      vertex 31.0615 -39.391 4.3
    endloop
  endfacet
  facet normal -0 0 1
    outer loop
      vertex 30.2961 -37.5433 4.3
      vertex 31.0615 -39.391 4.3
      vertex 30.8284 -37.2915 4.3
    endloop
  endfacet
  facet normal -0 0 1
    outer loop
      vertex 30 -37.6492 4.3
      vertex 31.0615 -39.391 4.3
      vertex 30.2961 -37.5433 4.3
    endloop
  endfacet
  facet normal 0 0 1
    outer loop
      vertex 31.0615 -39.391 4.3
      vertex 30 -37.6492 4.3
      vertex 30.3223 -39.6555 4.3
    endloop
  endfacet
  facet normal 0 0 1
    outer loop
      vertex 30.3223 -39.6555 4.3
      vertex 30 -37.6492 4.3
      vertex 30 -39.7362 4.3
    endloop
  endfacet
  facet normal -0 0 1
    outer loop
      vertex 36 -29.908 4.3
      vertex 38 -32.0223 4.3
      vertex 38 -29.908 4.3
    endloop
  endfacet
  facet normal 0 0 1
    outer loop
      vertex 38 -32.0223 4.3
      vertex 36 -29.908 4.3
      vertex 34.8 -32.0223 4.3
    endloop
  endfacet
  facet normal 0 0 1
    outer loop
      vertex 38 -33.9777 4.3
      vertex 35 -35.8636 4.3
      vertex 38 -36.092 4.3
    endloop
  endfacet
  facet normal -0 0 1
    outer loop
      vertex 34.8 -33.9777 4.3
      vertex 35 -35.8636 4.3
      vertex 38 -33.9777 4.3
    endloop
  endfacet
  facet normal 0 0 1
    outer loop
      vertex 35 -35.8636 4.3
      vertex 34.8 -33.9777 4.3
      vertex 34.6518 -36.4446 4.3
    endloop
  endfacet
  facet normal 0 0 1
    outer loop
      vertex 38 -36.092 4.3
      vertex 35 -35.8636 4.3
      vertex 35 -36.092 4.3
    endloop
  endfacet
  facet normal 0 -1 0
    outer loop
      vertex -36 -9.5 20
      vertex -34 -9.5 18
      vertex 36 -9.5 20
    endloop
  endfacet
  facet normal 0 -1 0
    outer loop
      vertex -36 -9.5 4.3
      vertex -34 -9.5 18
      vertex -36 -9.5 20
    endloop
  endfacet
  facet normal 0 -1 -0
    outer loop
      vertex -34 -9.5 18
      vertex -36 -9.5 4.3
      vertex -34 -9.5 4.3
    endloop
  endfacet
  facet normal 0 -1 0
    outer loop
      vertex 34 -9.5 18
      vertex 36 -9.5 20
      vertex -34 -9.5 18
    endloop
  endfacet
  facet normal 0 -1 0
    outer loop
      vertex 36 -9.5 4.3
      vertex 34 -9.5 18
      vertex 34 -9.5 4.3
    endloop
  endfacet
  facet normal 0 -1 0
    outer loop
      vertex 34 -9.5 18
      vertex 36 -9.5 4.3
      vertex 36 -9.5 20
    endloop
  endfacet
endsolid OpenSCAD_Model
