solid OpenSCAD_Model
  facet normal -1 0 0
    outer loop
      vertex 29.6 -29.6 7.9
      vertex 29.6 -16.4 10.3
      vertex 29.6 -16.4 7.9
    endloop
  endfacet
  facet normal -1 0 0
    outer loop
      vertex 29.6 -29.6 7.9
      vertex 29.6 -29.6 10.3
      vertex 29.6 -16.4 10.3
    endloop
  endfacet
  facet normal -1 0 0
    outer loop
      vertex 29.6 -32 10.3
      vertex 29.6 -29.6 10.3
      vertex 29.6 -29.6 7.9
    endloop
  endfacet
  facet normal -1 0 0
    outer loop
      vertex 29.6 -32 10.3
      vertex 29.6 -29.6 7.9
      vertex 29.6 -32 7.9
    endloop
  endfacet
  facet normal -1 0 0
    outer loop
      vertex 29.6 -29.6 10.3
      vertex 29.6 -32 10.3
      vertex 29.6 -29.6 21.5
    endloop
  endfacet
  facet normal -1 -0 0
    outer loop
      vertex 29.6 -29.6 21.5
      vertex 29.6 -32 10.3
      vertex 29.6 -32 21.5
    endloop
  endfacet
  facet normal -1 0 0
    outer loop
      vertex 29.6 -16.4 10.3
      vertex 29.6 -14 10.3
      vertex 29.6 -14 7.9
    endloop
  endfacet
  facet normal -1 0 0
    outer loop
      vertex 29.6 -16.4 10.3
      vertex 29.6 -14 7.9
      vertex 29.6 -16.4 7.9
    endloop
  endfacet
  facet normal -1 0 0
    outer loop
      vertex 29.6 -14 10.3
      vertex 29.6 -16.4 10.3
      vertex 29.6 -14 21.5
    endloop
  endfacet
  facet normal -1 -0 0
    outer loop
      vertex 29.6 -14 21.5
      vertex 29.6 -16.4 10.3
      vertex 29.6 -16.4 21.5
    endloop
  endfacet
  facet normal -0 0 1
    outer loop
      vertex 29.6 -29.6 21.5
      vertex 48.6 -32 21.5
      vertex 48.6 -29.6 21.5
    endloop
  endfacet
  facet normal 0 0 1
    outer loop
      vertex 48.6 -32 21.5
      vertex 29.6 -29.6 21.5
      vertex 29.6 -32 21.5
    endloop
  endfacet
  facet normal 1 0 0
    outer loop
      vertex 48.6 -29.6 21.5
      vertex 48.6 -32 21.5
      vertex 48.6 -29.6 10.3
    endloop
  endfacet
  facet normal 1 0 0
    outer loop
      vertex 48.6 -16.4 10.3
      vertex 48.6 -14 21.5
      vertex 48.6 -16.4 21.5
    endloop
  endfacet
  facet normal 1 0 0
    outer loop
      vertex 48.6 -14 21.5
      vertex 48.6 -16.4 10.3
      vertex 48.6 -14 7.9
    endloop
  endfacet
  facet normal 1 -0 0
    outer loop
      vertex 48.6 -29.6 10.3
      vertex 48.6 -14 7.9
      vertex 48.6 -16.4 10.3
    endloop
  endfacet
  facet normal 1 0 0
    outer loop
      vertex 48.6 -29.6 10.3
      vertex 48.6 -32 7.9
      vertex 48.6 -14 7.9
    endloop
  endfacet
  facet normal 1 0 0
    outer loop
      vertex 48.6 -32 7.9
      vertex 48.6 -29.6 10.3
      vertex 48.6 -32 21.5
    endloop
  endfacet
  facet normal 0 0 -1
    outer loop
      vertex 44.7 -32 7.9
      vertex 48.6 -14 7.9
      vertex 48.6 -32 7.9
    endloop
  endfacet
  facet normal -0 0 -1
    outer loop
      vertex 48.6 -14 7.9
      vertex 44.7 -32 7.9
      vertex 44.7 -14 7.9
    endloop
  endfacet
  facet normal 0 0 -1
    outer loop
      vertex 29.6 -29.6 7.9
      vertex 33.3 -16.4 7.9
      vertex 33.3 -29.6 7.9
    endloop
  endfacet
  facet normal -0 0 -1
    outer loop
      vertex 33.3 -16.4 7.9
      vertex 29.6 -29.6 7.9
      vertex 29.6 -16.4 7.9
    endloop
  endfacet
  facet normal 0 0 -1
    outer loop
      vertex 36.7 -32 7.9
      vertex 41.3 -14 7.9
      vertex 41.3 -32 7.9
    endloop
  endfacet
  facet normal -0 0 -1
    outer loop
      vertex 41.3 -14 7.9
      vertex 36.7 -32 7.9
      vertex 36.7 -14 7.9
    endloop
  endfacet
  facet normal 0 -1 0
    outer loop
      vertex 36.7 -32 7.9
      vertex 41.3 -32 10.4
      vertex 36.7 -32 10.4
    endloop
  endfacet
  facet normal 0 -1 -0
    outer loop
      vertex 41.3 -32 10.4
      vertex 36.7 -32 7.9
      vertex 41.3 -32 7.9
    endloop
  endfacet
  facet normal 0 -1 0
    outer loop
      vertex 36.7 -32 10.4
      vertex 29.6 -32 21.5
      vertex 33.3 -32 10.4
    endloop
  endfacet
  facet normal 0 -1 0
    outer loop
      vertex 29.6 -32 10.3
      vertex 33.3 -32 10.4
      vertex 29.6 -32 21.5
    endloop
  endfacet
  facet normal 0 -1 -0
    outer loop
      vertex 33.3 -32 10.4
      vertex 29.6 -32 10.3
      vertex 33.3 -32 10.3
    endloop
  endfacet
  facet normal 0 -1 0
    outer loop
      vertex 41.3 -32 10.4
      vertex 29.6 -32 21.5
      vertex 36.7 -32 10.4
    endloop
  endfacet
  facet normal 0 -1 0
    outer loop
      vertex 29.6 -32 21.5
      vertex 41.3 -32 10.4
      vertex 48.6 -32 21.5
    endloop
  endfacet
  facet normal 0 -1 0
    outer loop
      vertex 44.7 -32 10.4
      vertex 48.6 -32 21.5
      vertex 41.3 -32 10.4
    endloop
  endfacet
  facet normal 0 -1 0
    outer loop
      vertex 48.6 -32 7.9
      vertex 44.7 -32 10.4
      vertex 44.7 -32 7.9
    endloop
  endfacet
  facet normal 0 -1 0
    outer loop
      vertex 44.7 -32 10.4
      vertex 48.6 -32 7.9
      vertex 48.6 -32 21.5
    endloop
  endfacet
  facet normal 0 1 -0
    outer loop
      vertex 41.3 -29.6 10.3
      vertex 36.7 -29.6 10.4
      vertex 41.3 -29.6 10.4
    endloop
  endfacet
  facet normal 0 1 0
    outer loop
      vertex 36.7 -29.6 10.4
      vertex 41.3 -29.6 10.3
      vertex 36.7 -29.6 10.3
    endloop
  endfacet
  facet normal 0 1 0
    outer loop
      vertex 41.3 -29.6 10.4
      vertex 48.6 -29.6 21.5
      vertex 44.7 -29.6 10.4
    endloop
  endfacet
  facet normal 0 1 -0
    outer loop
      vertex 48.6 -29.6 10.3
      vertex 44.7 -29.6 10.4
      vertex 48.6 -29.6 21.5
    endloop
  endfacet
  facet normal 0 1 0
    outer loop
      vertex 44.7 -29.6 10.4
      vertex 48.6 -29.6 10.3
      vertex 44.7 -29.6 10.3
    endloop
  endfacet
  facet normal 0 1 0
    outer loop
      vertex 48.6 -29.6 21.5
      vertex 41.3 -29.6 10.4
      vertex 29.6 -29.6 21.5
    endloop
  endfacet
  facet normal 0 1 -0
    outer loop
      vertex 36.7 -29.6 10.4
      vertex 29.6 -29.6 21.5
      vertex 41.3 -29.6 10.4
    endloop
  endfacet
  facet normal 0 1 -0
    outer loop
      vertex 33.3 -29.6 10.4
      vertex 29.6 -29.6 21.5
      vertex 36.7 -29.6 10.4
    endloop
  endfacet
  facet normal 0 1 0
    outer loop
      vertex 29.6 -29.6 10.3
      vertex 33.3 -29.6 10.4
      vertex 33.3 -29.6 10.3
    endloop
  endfacet
  facet normal 0 1 0
    outer loop
      vertex 33.3 -29.6 10.4
      vertex 29.6 -29.6 10.3
      vertex 29.6 -29.6 21.5
    endloop
  endfacet
  facet normal -0 0 1
    outer loop
      vertex 29.6 -14 21.5
      vertex 48.6 -16.4 21.5
      vertex 48.6 -14 21.5
    endloop
  endfacet
  facet normal 0 0 1
    outer loop
      vertex 48.6 -16.4 21.5
      vertex 29.6 -14 21.5
      vertex 29.6 -16.4 21.5
    endloop
  endfacet
  facet normal 0 -1 0
    outer loop
      vertex 36.7 -16.4 10.3
      vertex 41.3 -16.4 10.4
      vertex 36.7 -16.4 10.4
    endloop
  endfacet
  facet normal 0 -1 -0
    outer loop
      vertex 41.3 -16.4 10.4
      vertex 36.7 -16.4 10.3
      vertex 41.3 -16.4 10.3
    endloop
  endfacet
  facet normal 0 -1 0
    outer loop
      vertex 36.7 -16.4 10.4
      vertex 29.6 -16.4 21.5
      vertex 33.3 -16.4 10.4
    endloop
  endfacet
  facet normal 0 -1 0
    outer loop
      vertex 29.6 -16.4 10.3
      vertex 33.3 -16.4 10.4
      vertex 29.6 -16.4 21.5
    endloop
  endfacet
  facet normal 0 -1 -0
    outer loop
      vertex 33.3 -16.4 10.4
      vertex 29.6 -16.4 10.3
      vertex 33.3 -16.4 10.3
    endloop
  endfacet
  facet normal 0 -1 0
    outer loop
      vertex 41.3 -16.4 10.4
      vertex 29.6 -16.4 21.5
      vertex 36.7 -16.4 10.4
    endloop
  endfacet
  facet normal 0 -1 0
    outer loop
      vertex 29.6 -16.4 21.5
      vertex 41.3 -16.4 10.4
      vertex 48.6 -16.4 21.5
    endloop
  endfacet
  facet normal 0 -1 0
    outer loop
      vertex 44.7 -16.4 10.4
      vertex 48.6 -16.4 21.5
      vertex 41.3 -16.4 10.4
    endloop
  endfacet
  facet normal 0 -1 0
    outer loop
      vertex 48.6 -16.4 10.3
      vertex 44.7 -16.4 10.4
      vertex 44.7 -16.4 10.3
    endloop
  endfacet
  facet normal 0 -1 0
    outer loop
      vertex 44.7 -16.4 10.4
      vertex 48.6 -16.4 10.3
      vertex 48.6 -16.4 21.5
    endloop
  endfacet
  facet normal 0 1 -0
    outer loop
      vertex 41.3 -14 7.9
      vertex 36.7 -14 10.4
      vertex 41.3 -14 10.4
    endloop
  endfacet
  facet normal 0 1 0
    outer loop
      vertex 36.7 -14 10.4
      vertex 41.3 -14 7.9
      vertex 36.7 -14 7.9
    endloop
  endfacet
  facet normal 0 1 0
    outer loop
      vertex 41.3 -14 10.4
      vertex 48.6 -14 21.5
      vertex 44.7 -14 10.4
    endloop
  endfacet
  facet normal 0 1 -0
    outer loop
      vertex 48.6 -14 7.9
      vertex 44.7 -14 10.4
      vertex 48.6 -14 21.5
    endloop
  endfacet
  facet normal 0 1 0
    outer loop
      vertex 44.7 -14 10.4
      vertex 48.6 -14 7.9
      vertex 44.7 -14 7.9
    endloop
  endfacet
  facet normal 0 1 0
    outer loop
      vertex 48.6 -14 21.5
      vertex 41.3 -14 10.4
      vertex 29.6 -14 21.5
    endloop
  endfacet
  facet normal 0 1 -0
    outer loop
      vertex 36.7 -14 10.4
      vertex 29.6 -14 21.5
      vertex 41.3 -14 10.4
    endloop
  endfacet
  facet normal 0 1 -0
    outer loop
      vertex 33.3 -14 10.4
      vertex 29.6 -14 21.5
      vertex 36.7 -14 10.4
    endloop
  endfacet
  facet normal 0 1 0
    outer loop
      vertex 29.6 -14 10.3
      vertex 33.3 -14 10.4
      vertex 33.3 -14 10.3
    endloop
  endfacet
  facet normal 0 1 0
    outer loop
      vertex 33.3 -14 10.4
      vertex 29.6 -14 10.3
      vertex 29.6 -14 21.5
    endloop
  endfacet
  facet normal 0.998792 0.0491358 0
    outer loop
      vertex 37.5 -34 2.4
      vertex 37.4783 -33.5589 -1.90735e-07
      vertex 37.4783 -33.5589 2.4
    endloop
  endfacet
  facet normal 0.998792 0.0491358 0
    outer loop
      vertex 37.4783 -33.5589 -1.90735e-07
      vertex 37.5 -34 2.4
      vertex 37.5 -34 -1.90735e-07
    endloop
  endfacet
  facet normal -0.0491358 0.998792 0
    outer loop
      vertex 33 -29.5 -1.90735e-07
      vertex 32.5589 -29.5217 2.4
      vertex 33 -29.5 2.4
    endloop
  endfacet
  facet normal -0.0491358 0.998792 0
    outer loop
      vertex 32.5589 -29.5217 2.4
      vertex 33 -29.5 -1.90735e-07
      vertex 32.5589 -29.5217 -1.90735e-07
    endloop
  endfacet
  facet normal 0.671488 0.741015 -0
    outer loop
      vertex 36.182 -30.818 -1.90735e-07
      vertex 35.8548 -30.5215 2.4
      vertex 36.182 -30.818 2.4
    endloop
  endfacet
  facet normal 0.671488 0.741015 0
    outer loop
      vertex 35.8548 -30.5215 2.4
      vertex 36.182 -30.818 -1.90735e-07
      vertex 35.8548 -30.5215 -1.90735e-07
    endloop
  endfacet
  facet normal -0.741015 0.671488 0
    outer loop
      vertex 29.5215 -31.1452 -1.90735e-07
      vertex 29.818 -30.818 2.4
      vertex 29.818 -30.818 -1.90735e-07
    endloop
  endfacet
  facet normal -0.741015 0.671488 0
    outer loop
      vertex 29.818 -30.818 2.4
      vertex 29.5215 -31.1452 -1.90735e-07
      vertex 29.5215 -31.1452 2.4
    endloop
  endfacet
  facet normal -0.427726 0.903908 0
    outer loop
      vertex 31.2779 -29.8425 -1.90735e-07
      vertex 30.8787 -30.0314 2.4
      vertex 31.2779 -29.8425 2.4
    endloop
  endfacet
  facet normal -0.427726 0.903908 0
    outer loop
      vertex 30.8787 -30.0314 2.4
      vertex 31.2779 -29.8425 -1.90735e-07
      vertex 30.8787 -30.0314 -1.90735e-07
    endloop
  endfacet
  facet normal 0.903908 0.427726 0
    outer loop
      vertex 37.1575 -32.2779 2.4
      vertex 36.9686 -31.8787 -1.90735e-07
      vertex 36.9686 -31.8787 2.4
    endloop
  endfacet
  facet normal 0.903908 0.427726 0
    outer loop
      vertex 36.9686 -31.8787 -1.90735e-07
      vertex 37.1575 -32.2779 2.4
      vertex 37.1575 -32.2779 -1.90735e-07
    endloop
  endfacet
  facet normal 0.336738 0.941598 -0
    outer loop
      vertex 34.7221 -29.8425 -1.90735e-07
      vertex 34.3063 -29.6938 2.4
      vertex 34.7221 -29.8425 2.4
    endloop
  endfacet
  facet normal 0.336738 0.941598 0
    outer loop
      vertex 34.3063 -29.6938 2.4
      vertex 34.7221 -29.8425 -1.90735e-07
      vertex 34.3063 -29.6938 -1.90735e-07
    endloop
  endfacet
  facet normal 0.514029 0.857773 -0
    outer loop
      vertex 35.5001 -30.2584 -1.90735e-07
      vertex 35.1213 -30.0314 2.4
      vertex 35.5001 -30.2584 2.4
    endloop
  endfacet
  facet normal 0.514029 0.857773 0
    outer loop
      vertex 35.1213 -30.0314 2.4
      vertex 35.5001 -30.2584 -1.90735e-07
      vertex 35.1213 -30.0314 -1.90735e-07
    endloop
  endfacet
  facet normal -0.903908 0.427726 0
    outer loop
      vertex 28.8425 -32.2779 -1.90735e-07
      vertex 29.0314 -31.8787 2.4
      vertex 29.0314 -31.8787 -1.90735e-07
    endloop
  endfacet
  facet normal -0.903908 0.427726 0
    outer loop
      vertex 29.0314 -31.8787 2.4
      vertex 28.8425 -32.2779 -1.90735e-07
      vertex 28.8425 -32.2779 2.4
    endloop
  endfacet
  facet normal -0.857773 0.514029 0
    outer loop
      vertex 29.0314 -31.8787 -1.90735e-07
      vertex 29.2584 -31.4999 2.4
      vertex 29.2584 -31.4999 -1.90735e-07
    endloop
  endfacet
  facet normal -0.857773 0.514029 0
    outer loop
      vertex 29.2584 -31.4999 2.4
      vertex 29.0314 -31.8787 -1.90735e-07
      vertex 29.0314 -31.8787 2.4
    endloop
  endfacet
  facet normal -0.242962 0.970036 0
    outer loop
      vertex 32.1221 -29.5865 -1.90735e-07
      vertex 31.6937 -29.6938 2.4
      vertex 32.1221 -29.5865 2.4
    endloop
  endfacet
  facet normal -0.242962 0.970036 0
    outer loop
      vertex 31.6937 -29.6938 2.4
      vertex 32.1221 -29.5865 -1.90735e-07
      vertex 31.6937 -29.6938 -1.90735e-07
    endloop
  endfacet
  facet normal 0.336738 -0.941598 0
    outer loop
      vertex 34.3063 -38.3062 -1.90735e-07
      vertex 34.7221 -38.1575 2.4
      vertex 34.3063 -38.3062 2.4
    endloop
  endfacet
  facet normal 0.336738 -0.941598 0
    outer loop
      vertex 34.7221 -38.1575 2.4
      vertex 34.3063 -38.3062 -1.90735e-07
      vertex 34.7221 -38.1575 -1.90735e-07
    endloop
  endfacet
  facet normal 0.970036 0.242962 0
    outer loop
      vertex 37.4135 -33.1221 2.4
      vertex 37.3062 -32.6937 -1.90735e-07
      vertex 37.3062 -32.6937 2.4
    endloop
  endfacet
  facet normal 0.970036 0.242962 0
    outer loop
      vertex 37.3062 -32.6937 -1.90735e-07
      vertex 37.4135 -33.1221 2.4
      vertex 37.4135 -33.1221 -1.90735e-07
    endloop
  endfacet
  facet normal 0.989174 0.146746 0
    outer loop
      vertex 37.4783 -33.5589 2.4
      vertex 37.4135 -33.1221 -1.90735e-07
      vertex 37.4135 -33.1221 2.4
    endloop
  endfacet
  facet normal 0.989174 0.146746 0
    outer loop
      vertex 37.4135 -33.1221 -1.90735e-07
      vertex 37.4783 -33.5589 2.4
      vertex 37.4783 -33.5589 -1.90735e-07
    endloop
  endfacet
  facet normal 0.941598 0.336738 0
    outer loop
      vertex 37.3062 -32.6937 2.4
      vertex 37.1575 -32.2779 -1.90735e-07
      vertex 37.1575 -32.2779 2.4
    endloop
  endfacet
  facet normal 0.941598 0.336738 0
    outer loop
      vertex 37.1575 -32.2779 -1.90735e-07
      vertex 37.3062 -32.6937 2.4
      vertex 37.3062 -32.6937 -1.90735e-07
    endloop
  endfacet
  facet normal 0.803168 0.595753 0
    outer loop
      vertex 36.7416 -31.4999 2.4
      vertex 36.4785 -31.1452 -1.90735e-07
      vertex 36.4785 -31.1452 2.4
    endloop
  endfacet
  facet normal 0.803168 0.595753 0
    outer loop
      vertex 36.4785 -31.1452 -1.90735e-07
      vertex 36.7416 -31.4999 2.4
      vertex 36.7416 -31.4999 -1.90735e-07
    endloop
  endfacet
  facet normal 0.741015 0.671488 0
    outer loop
      vertex 36.4785 -31.1452 2.4
      vertex 36.182 -30.818 -1.90735e-07
      vertex 36.182 -30.818 2.4
    endloop
  endfacet
  facet normal 0.741015 0.671488 0
    outer loop
      vertex 36.182 -30.818 -1.90735e-07
      vertex 36.4785 -31.1452 2.4
      vertex 36.4785 -31.1452 -1.90735e-07
    endloop
  endfacet
  facet normal 0.146746 0.989174 -0
    outer loop
      vertex 33.8779 -29.5865 -1.90735e-07
      vertex 33.4411 -29.5217 2.4
      vertex 33.8779 -29.5865 2.4
    endloop
  endfacet
  facet normal 0.146746 0.989174 0
    outer loop
      vertex 33.4411 -29.5217 2.4
      vertex 33.8779 -29.5865 -1.90735e-07
      vertex 33.4411 -29.5217 -1.90735e-07
    endloop
  endfacet
  facet normal 0.0491358 0.998792 -0
    outer loop
      vertex 33.4411 -29.5217 -1.90735e-07
      vertex 33 -29.5 2.4
      vertex 33.4411 -29.5217 2.4
    endloop
  endfacet
  facet normal 0.0491358 0.998792 0
    outer loop
      vertex 33 -29.5 2.4
      vertex 33.4411 -29.5217 -1.90735e-07
      vertex 33 -29.5 -1.90735e-07
    endloop
  endfacet
  facet normal 0.427726 0.903908 -0
    outer loop
      vertex 35.1213 -30.0314 -1.90735e-07
      vertex 34.7221 -29.8425 2.4
      vertex 35.1213 -30.0314 2.4
    endloop
  endfacet
  facet normal 0.427726 0.903908 0
    outer loop
      vertex 34.7221 -29.8425 2.4
      vertex 35.1213 -30.0314 -1.90735e-07
      vertex 34.7221 -29.8425 -1.90735e-07
    endloop
  endfacet
  facet normal 0.595753 0.803168 -0
    outer loop
      vertex 35.8548 -30.5215 -1.90735e-07
      vertex 35.5001 -30.2584 2.4
      vertex 35.8548 -30.5215 2.4
    endloop
  endfacet
  facet normal 0.595753 0.803168 0
    outer loop
      vertex 35.5001 -30.2584 2.4
      vertex 35.8548 -30.5215 -1.90735e-07
      vertex 35.5001 -30.2584 -1.90735e-07
    endloop
  endfacet
  facet normal -0.989174 0.146746 0
    outer loop
      vertex 28.5217 -33.5589 -1.90735e-07
      vertex 28.5865 -33.1221 2.4
      vertex 28.5865 -33.1221 -1.90735e-07
    endloop
  endfacet
  facet normal -0.989174 0.146746 0
    outer loop
      vertex 28.5865 -33.1221 2.4
      vertex 28.5217 -33.5589 -1.90735e-07
      vertex 28.5217 -33.5589 2.4
    endloop
  endfacet
  facet normal 0 0 -1
    outer loop
      vertex 34.7 -34 -1.90735e-07
      vertex 37.5 -34 -1.90735e-07
      vertex 37.4783 -34.4411 -1.90735e-07
    endloop
  endfacet
  facet normal 0 0 -1
    outer loop
      vertex 34.6918 -34.1666 -1.90735e-07
      vertex 37.4783 -34.4411 -1.90735e-07
      vertex 37.4135 -34.8779 -1.90735e-07
    endloop
  endfacet
  facet normal 0 0 -1
    outer loop
      vertex 37.5 -34 -1.90735e-07
      vertex 34.7 -34 -1.90735e-07
      vertex 37.4783 -33.5589 -1.90735e-07
    endloop
  endfacet
  facet normal 0 0 -1
    outer loop
      vertex 34.6673 -34.3317 -1.90735e-07
      vertex 37.4135 -34.8779 -1.90735e-07
      vertex 37.3062 -35.3063 -1.90735e-07
    endloop
  endfacet
  facet normal 0 0 -1
    outer loop
      vertex 34.6918 -33.8334 -1.90735e-07
      vertex 37.4783 -33.5589 -1.90735e-07
      vertex 34.7 -34 -1.90735e-07
    endloop
  endfacet
  facet normal 0 0 -1
    outer loop
      vertex 34.6268 -34.4935 -1.90735e-07
      vertex 37.3062 -35.3063 -1.90735e-07
      vertex 37.1575 -35.7221 -1.90735e-07
    endloop
  endfacet
  facet normal -0 0 -1
    outer loop
      vertex 37.4783 -33.5589 -1.90735e-07
      vertex 34.6918 -33.8334 -1.90735e-07
      vertex 37.4135 -33.1221 -1.90735e-07
    endloop
  endfacet
  facet normal 0 0 -1
    outer loop
      vertex 34.5706 -34.6506 -1.90735e-07
      vertex 37.1575 -35.7221 -1.90735e-07
      vertex 36.9686 -36.1213 -1.90735e-07
    endloop
  endfacet
  facet normal 0 0 -1
    outer loop
      vertex 34.6673 -33.6683 -1.90735e-07
      vertex 37.4135 -33.1221 -1.90735e-07
      vertex 34.6918 -33.8334 -1.90735e-07
    endloop
  endfacet
  facet normal 0 0 -1
    outer loop
      vertex 34.4993 -34.8014 -1.90735e-07
      vertex 36.9686 -36.1213 -1.90735e-07
      vertex 36.7416 -36.5001 -1.90735e-07
    endloop
  endfacet
  facet normal -0 0 -1
    outer loop
      vertex 37.4135 -33.1221 -1.90735e-07
      vertex 34.6673 -33.6683 -1.90735e-07
      vertex 37.3062 -32.6937 -1.90735e-07
    endloop
  endfacet
  facet normal 0 0 -1
    outer loop
      vertex 34.4135 -34.9445 -1.90735e-07
      vertex 36.7416 -36.5001 -1.90735e-07
      vertex 36.4785 -36.8548 -1.90735e-07
    endloop
  endfacet
  facet normal 0 0 -1
    outer loop
      vertex 34.6268 -33.5065 -1.90735e-07
      vertex 37.3062 -32.6937 -1.90735e-07
      vertex 34.6673 -33.6683 -1.90735e-07
    endloop
  endfacet
  facet normal 0 0 -1
    outer loop
      vertex 34.3141 -35.0785 -1.90735e-07
      vertex 36.4785 -36.8548 -1.90735e-07
      vertex 36.182 -37.182 -1.90735e-07
    endloop
  endfacet
  facet normal -0 0 -1
    outer loop
      vertex 37.3062 -32.6937 -1.90735e-07
      vertex 34.6268 -33.5065 -1.90735e-07
      vertex 37.1575 -32.2779 -1.90735e-07
    endloop
  endfacet
  facet normal 0 0 -1
    outer loop
      vertex 34.2021 -35.2021 -1.90735e-07
      vertex 36.182 -37.182 -1.90735e-07
      vertex 35.8548 -37.4785 -1.90735e-07
    endloop
  endfacet
  facet normal 0 0 -1
    outer loop
      vertex 34.5706 -33.3494 -1.90735e-07
      vertex 37.1575 -32.2779 -1.90735e-07
      vertex 34.6268 -33.5065 -1.90735e-07
    endloop
  endfacet
  facet normal 0 0 -1
    outer loop
      vertex 34.0785 -35.3141 -1.90735e-07
      vertex 35.8548 -37.4785 -1.90735e-07
      vertex 35.5001 -37.7416 -1.90735e-07
    endloop
  endfacet
  facet normal -0 0 -1
    outer loop
      vertex 37.1575 -32.2779 -1.90735e-07
      vertex 34.5706 -33.3494 -1.90735e-07
      vertex 36.9686 -31.8787 -1.90735e-07
    endloop
  endfacet
  facet normal 0 0 -1
    outer loop
      vertex 33.9445 -35.4135 -1.90735e-07
      vertex 35.5001 -37.7416 -1.90735e-07
      vertex 35.1213 -37.9686 -1.90735e-07
    endloop
  endfacet
  facet normal 0 0 -1
    outer loop
      vertex 34.4993 -33.1986 -1.90735e-07
      vertex 36.9686 -31.8787 -1.90735e-07
      vertex 34.5706 -33.3494 -1.90735e-07
    endloop
  endfacet
  facet normal 0 0 -1
    outer loop
      vertex 33.8014 -35.4993 -1.90735e-07
      vertex 35.1213 -37.9686 -1.90735e-07
      vertex 34.7221 -38.1575 -1.90735e-07
    endloop
  endfacet
  facet normal -0 0 -1
    outer loop
      vertex 36.9686 -31.8787 -1.90735e-07
      vertex 34.4993 -33.1986 -1.90735e-07
      vertex 36.7416 -31.4999 -1.90735e-07
    endloop
  endfacet
  facet normal 0 0 -1
    outer loop
      vertex 34.4135 -33.0555 -1.90735e-07
      vertex 36.7416 -31.4999 -1.90735e-07
      vertex 34.4993 -33.1986 -1.90735e-07
    endloop
  endfacet
  facet normal 0 0 -1
    outer loop
      vertex 37.4783 -34.4411 -1.90735e-07
      vertex 34.6918 -34.1666 -1.90735e-07
      vertex 34.7 -34 -1.90735e-07
    endloop
  endfacet
  facet normal 0 0 -1
    outer loop
      vertex 37.4135 -34.8779 -1.90735e-07
      vertex 34.6673 -34.3317 -1.90735e-07
      vertex 34.6918 -34.1666 -1.90735e-07
    endloop
  endfacet
  facet normal 0 0 -1
    outer loop
      vertex 37.3062 -35.3063 -1.90735e-07
      vertex 34.6268 -34.4935 -1.90735e-07
      vertex 34.6673 -34.3317 -1.90735e-07
    endloop
  endfacet
  facet normal 0 0 -1
    outer loop
      vertex 37.1575 -35.7221 -1.90735e-07
      vertex 34.5706 -34.6506 -1.90735e-07
      vertex 34.6268 -34.4935 -1.90735e-07
    endloop
  endfacet
  facet normal 0 0 -1
    outer loop
      vertex 36.9686 -36.1213 -1.90735e-07
      vertex 34.4993 -34.8014 -1.90735e-07
      vertex 34.5706 -34.6506 -1.90735e-07
    endloop
  endfacet
  facet normal 0 0 -1
    outer loop
      vertex 36.7416 -36.5001 -1.90735e-07
      vertex 34.4135 -34.9445 -1.90735e-07
      vertex 34.4993 -34.8014 -1.90735e-07
    endloop
  endfacet
  facet normal 0 0 -1
    outer loop
      vertex 36.4785 -36.8548 -1.90735e-07
      vertex 34.3141 -35.0785 -1.90735e-07
      vertex 34.4135 -34.9445 -1.90735e-07
    endloop
  endfacet
  facet normal 0 0 -1
    outer loop
      vertex 33.6506 -35.5706 -1.90735e-07
      vertex 34.7221 -38.1575 -1.90735e-07
      vertex 34.3063 -38.3062 -1.90735e-07
    endloop
  endfacet
  facet normal 0 0 -1
    outer loop
      vertex 36.182 -37.182 -1.90735e-07
      vertex 34.2021 -35.2021 -1.90735e-07
      vertex 34.3141 -35.0785 -1.90735e-07
    endloop
  endfacet
  facet normal 0 0 -1
    outer loop
      vertex 35.8548 -37.4785 -1.90735e-07
      vertex 34.0785 -35.3141 -1.90735e-07
      vertex 34.2021 -35.2021 -1.90735e-07
    endloop
  endfacet
  facet normal 0 0 -1
    outer loop
      vertex 35.5001 -37.7416 -1.90735e-07
      vertex 33.9445 -35.4135 -1.90735e-07
      vertex 34.0785 -35.3141 -1.90735e-07
    endloop
  endfacet
  facet normal 0 0 -1
    outer loop
      vertex 33.4935 -35.6268 -1.90735e-07
      vertex 34.3063 -38.3062 -1.90735e-07
      vertex 33.8779 -38.4135 -1.90735e-07
    endloop
  endfacet
  facet normal 0 0 -1
    outer loop
      vertex 35.1213 -37.9686 -1.90735e-07
      vertex 33.8014 -35.4993 -1.90735e-07
      vertex 33.9445 -35.4135 -1.90735e-07
    endloop
  endfacet
  facet normal 0 0 -1
    outer loop
      vertex 34.7221 -38.1575 -1.90735e-07
      vertex 33.6506 -35.5706 -1.90735e-07
      vertex 33.8014 -35.4993 -1.90735e-07
    endloop
  endfacet
  facet normal 0 0 -1
    outer loop
      vertex 34.3063 -38.3062 -1.90735e-07
      vertex 33.4935 -35.6268 -1.90735e-07
      vertex 33.6506 -35.5706 -1.90735e-07
    endloop
  endfacet
  facet normal 0 0 -1
    outer loop
      vertex 33.3317 -35.6673 -1.90735e-07
      vertex 33.8779 -38.4135 -1.90735e-07
      vertex 33.4411 -38.4783 -1.90735e-07
    endloop
  endfacet
  facet normal 0 0 -1
    outer loop
      vertex 33.8779 -38.4135 -1.90735e-07
      vertex 33.3317 -35.6673 -1.90735e-07
      vertex 33.4935 -35.6268 -1.90735e-07
    endloop
  endfacet
  facet normal 0 0 -1
    outer loop
      vertex 33.4411 -38.4783 -1.90735e-07
      vertex 33.1666 -35.6918 -1.90735e-07
      vertex 33.3317 -35.6673 -1.90735e-07
    endloop
  endfacet
  facet normal 0 0 -1
    outer loop
      vertex 33 -38.5 -1.90735e-07
      vertex 33.1666 -35.6918 -1.90735e-07
      vertex 33.4411 -38.4783 -1.90735e-07
    endloop
  endfacet
  facet normal 0 0 -1
    outer loop
      vertex 33 -38.5 -1.90735e-07
      vertex 33 -35.7 -1.90735e-07
      vertex 33.1666 -35.6918 -1.90735e-07
    endloop
  endfacet
  facet normal 0 0 -1
    outer loop
      vertex 33 -38.5 -1.90735e-07
      vertex 32.8334 -35.6918 -1.90735e-07
      vertex 33 -35.7 -1.90735e-07
    endloop
  endfacet
  facet normal 0 0 -1
    outer loop
      vertex 32.5589 -38.4783 -1.90735e-07
      vertex 32.8334 -35.6918 -1.90735e-07
      vertex 33 -38.5 -1.90735e-07
    endloop
  endfacet
  facet normal -0 0 -1
    outer loop
      vertex 32.8334 -35.6918 -1.90735e-07
      vertex 32.5589 -38.4783 -1.90735e-07
      vertex 32.6683 -35.6673 -1.90735e-07
    endloop
  endfacet
  facet normal 0 0 -1
    outer loop
      vertex 32.1221 -38.4135 -1.90735e-07
      vertex 32.6683 -35.6673 -1.90735e-07
      vertex 32.5589 -38.4783 -1.90735e-07
    endloop
  endfacet
  facet normal -0 0 -1
    outer loop
      vertex 32.6683 -35.6673 -1.90735e-07
      vertex 32.1221 -38.4135 -1.90735e-07
      vertex 32.5065 -35.6268 -1.90735e-07
    endloop
  endfacet
  facet normal 0 0 -1
    outer loop
      vertex 31.6937 -38.3062 -1.90735e-07
      vertex 32.5065 -35.6268 -1.90735e-07
      vertex 32.1221 -38.4135 -1.90735e-07
    endloop
  endfacet
  facet normal -0 0 -1
    outer loop
      vertex 32.5065 -35.6268 -1.90735e-07
      vertex 31.6937 -38.3062 -1.90735e-07
      vertex 32.3494 -35.5706 -1.90735e-07
    endloop
  endfacet
  facet normal 0 0 -1
    outer loop
      vertex 31.2779 -38.1575 -1.90735e-07
      vertex 32.3494 -35.5706 -1.90735e-07
      vertex 31.6937 -38.3062 -1.90735e-07
    endloop
  endfacet
  facet normal -0 0 -1
    outer loop
      vertex 32.3494 -35.5706 -1.90735e-07
      vertex 31.2779 -38.1575 -1.90735e-07
      vertex 32.1986 -35.4993 -1.90735e-07
    endloop
  endfacet
  facet normal 0 0 -1
    outer loop
      vertex 30.8787 -37.9686 -1.90735e-07
      vertex 32.1986 -35.4993 -1.90735e-07
      vertex 31.2779 -38.1575 -1.90735e-07
    endloop
  endfacet
  facet normal -0 0 -1
    outer loop
      vertex 32.1986 -35.4993 -1.90735e-07
      vertex 30.8787 -37.9686 -1.90735e-07
      vertex 32.0555 -35.4135 -1.90735e-07
    endloop
  endfacet
  facet normal 0 0 -1
    outer loop
      vertex 30.4999 -37.7416 -1.90735e-07
      vertex 32.0555 -35.4135 -1.90735e-07
      vertex 30.8787 -37.9686 -1.90735e-07
    endloop
  endfacet
  facet normal -0 0 -1
    outer loop
      vertex 32.0555 -35.4135 -1.90735e-07
      vertex 30.4999 -37.7416 -1.90735e-07
      vertex 31.9215 -35.3141 -1.90735e-07
    endloop
  endfacet
  facet normal 0 0 -1
    outer loop
      vertex 30.1452 -37.4785 -1.90735e-07
      vertex 31.9215 -35.3141 -1.90735e-07
      vertex 30.4999 -37.7416 -1.90735e-07
    endloop
  endfacet
  facet normal -0 0 -1
    outer loop
      vertex 31.9215 -35.3141 -1.90735e-07
      vertex 30.1452 -37.4785 -1.90735e-07
      vertex 31.7979 -35.2021 -1.90735e-07
    endloop
  endfacet
  facet normal 0 0 -1
    outer loop
      vertex 29.818 -37.182 -1.90735e-07
      vertex 31.7979 -35.2021 -1.90735e-07
      vertex 30.1452 -37.4785 -1.90735e-07
    endloop
  endfacet
  facet normal -0 0 -1
    outer loop
      vertex 31.7979 -35.2021 -1.90735e-07
      vertex 29.818 -37.182 -1.90735e-07
      vertex 31.6859 -35.0785 -1.90735e-07
    endloop
  endfacet
  facet normal 0 0 -1
    outer loop
      vertex 29.5215 -36.8548 -1.90735e-07
      vertex 31.6859 -35.0785 -1.90735e-07
      vertex 29.818 -37.182 -1.90735e-07
    endloop
  endfacet
  facet normal 0 0 -1
    outer loop
      vertex 29.2584 -36.5001 -1.90735e-07
      vertex 31.5865 -34.9445 -1.90735e-07
      vertex 29.5215 -36.8548 -1.90735e-07
    endloop
  endfacet
  facet normal -0 0 -1
    outer loop
      vertex 31.6859 -35.0785 -1.90735e-07
      vertex 29.5215 -36.8548 -1.90735e-07
      vertex 31.5865 -34.9445 -1.90735e-07
    endloop
  endfacet
  facet normal -0 0 -1
    outer loop
      vertex 36.7416 -31.4999 -1.90735e-07
      vertex 34.4135 -33.0555 -1.90735e-07
      vertex 36.4785 -31.1452 -1.90735e-07
    endloop
  endfacet
  facet normal 0 0 -1
    outer loop
      vertex 34.3141 -32.9215 -1.90735e-07
      vertex 36.4785 -31.1452 -1.90735e-07
      vertex 34.4135 -33.0555 -1.90735e-07
    endloop
  endfacet
  facet normal -0 0 -1
    outer loop
      vertex 36.4785 -31.1452 -1.90735e-07
      vertex 34.3141 -32.9215 -1.90735e-07
      vertex 36.182 -30.818 -1.90735e-07
    endloop
  endfacet
  facet normal 0 0 -1
    outer loop
      vertex 34.2021 -32.7979 -1.90735e-07
      vertex 36.182 -30.818 -1.90735e-07
      vertex 34.3141 -32.9215 -1.90735e-07
    endloop
  endfacet
  facet normal -0 0 -1
    outer loop
      vertex 36.182 -30.818 -1.90735e-07
      vertex 34.2021 -32.7979 -1.90735e-07
      vertex 35.8548 -30.5215 -1.90735e-07
    endloop
  endfacet
  facet normal 0 0 -1
    outer loop
      vertex 34.0785 -32.6859 -1.90735e-07
      vertex 35.8548 -30.5215 -1.90735e-07
      vertex 34.2021 -32.7979 -1.90735e-07
    endloop
  endfacet
  facet normal -0 0 -1
    outer loop
      vertex 35.8548 -30.5215 -1.90735e-07
      vertex 34.0785 -32.6859 -1.90735e-07
      vertex 35.5001 -30.2584 -1.90735e-07
    endloop
  endfacet
  facet normal 0 0 -1
    outer loop
      vertex 33.9445 -32.5865 -1.90735e-07
      vertex 35.5001 -30.2584 -1.90735e-07
      vertex 34.0785 -32.6859 -1.90735e-07
    endloop
  endfacet
  facet normal -0 0 -1
    outer loop
      vertex 35.5001 -30.2584 -1.90735e-07
      vertex 33.9445 -32.5865 -1.90735e-07
      vertex 35.1213 -30.0314 -1.90735e-07
    endloop
  endfacet
  facet normal 0 0 -1
    outer loop
      vertex 33.8014 -32.5007 -1.90735e-07
      vertex 35.1213 -30.0314 -1.90735e-07
      vertex 33.9445 -32.5865 -1.90735e-07
    endloop
  endfacet
  facet normal -0 0 -1
    outer loop
      vertex 35.1213 -30.0314 -1.90735e-07
      vertex 33.8014 -32.5007 -1.90735e-07
      vertex 34.7221 -29.8425 -1.90735e-07
    endloop
  endfacet
  facet normal 0 0 -1
    outer loop
      vertex 33.6506 -32.4294 -1.90735e-07
      vertex 34.7221 -29.8425 -1.90735e-07
      vertex 33.8014 -32.5007 -1.90735e-07
    endloop
  endfacet
  facet normal -0 0 -1
    outer loop
      vertex 34.7221 -29.8425 -1.90735e-07
      vertex 33.6506 -32.4294 -1.90735e-07
      vertex 34.3063 -29.6938 -1.90735e-07
    endloop
  endfacet
  facet normal 0 0 -1
    outer loop
      vertex 33.4935 -32.3732 -1.90735e-07
      vertex 34.3063 -29.6938 -1.90735e-07
      vertex 33.6506 -32.4294 -1.90735e-07
    endloop
  endfacet
  facet normal -0 0 -1
    outer loop
      vertex 34.3063 -29.6938 -1.90735e-07
      vertex 33.4935 -32.3732 -1.90735e-07
      vertex 33.8779 -29.5865 -1.90735e-07
    endloop
  endfacet
  facet normal 0 0 -1
    outer loop
      vertex 33.3317 -32.3327 -1.90735e-07
      vertex 33.8779 -29.5865 -1.90735e-07
      vertex 33.4935 -32.3732 -1.90735e-07
    endloop
  endfacet
  facet normal -0 0 -1
    outer loop
      vertex 33.8779 -29.5865 -1.90735e-07
      vertex 33.3317 -32.3327 -1.90735e-07
      vertex 33.4411 -29.5217 -1.90735e-07
    endloop
  endfacet
  facet normal 0 0 -1
    outer loop
      vertex 33.1666 -32.3082 -1.90735e-07
      vertex 33.4411 -29.5217 -1.90735e-07
      vertex 33.3317 -32.3327 -1.90735e-07
    endloop
  endfacet
  facet normal 0 0 -1
    outer loop
      vertex 33 -32.3 -1.90735e-07
      vertex 33.4411 -29.5217 -1.90735e-07
      vertex 33.1666 -32.3082 -1.90735e-07
    endloop
  endfacet
  facet normal 0 0 -1
    outer loop
      vertex 33 -32.3 -1.90735e-07
      vertex 33 -29.5 -1.90735e-07
      vertex 33.4411 -29.5217 -1.90735e-07
    endloop
  endfacet
  facet normal 0 0 -1
    outer loop
      vertex 32.8334 -32.3082 -1.90735e-07
      vertex 33 -29.5 -1.90735e-07
      vertex 33 -32.3 -1.90735e-07
    endloop
  endfacet
  facet normal 0 0 -1
    outer loop
      vertex 32.5589 -29.5217 -1.90735e-07
      vertex 32.8334 -32.3082 -1.90735e-07
      vertex 32.6683 -32.3327 -1.90735e-07
    endloop
  endfacet
  facet normal 0 0 -1
    outer loop
      vertex 32.8334 -32.3082 -1.90735e-07
      vertex 32.5589 -29.5217 -1.90735e-07
      vertex 33 -29.5 -1.90735e-07
    endloop
  endfacet
  facet normal 0 0 -1
    outer loop
      vertex 32.1221 -29.5865 -1.90735e-07
      vertex 32.6683 -32.3327 -1.90735e-07
      vertex 32.5065 -32.3732 -1.90735e-07
    endloop
  endfacet
  facet normal 0 0 -1
    outer loop
      vertex 31.6937 -29.6938 -1.90735e-07
      vertex 32.5065 -32.3732 -1.90735e-07
      vertex 32.3494 -32.4294 -1.90735e-07
    endloop
  endfacet
  facet normal 0 0 -1
    outer loop
      vertex 31.2779 -29.8425 -1.90735e-07
      vertex 32.3494 -32.4294 -1.90735e-07
      vertex 32.1986 -32.5007 -1.90735e-07
    endloop
  endfacet
  facet normal 0 0 -1
    outer loop
      vertex 32.6683 -32.3327 -1.90735e-07
      vertex 32.1221 -29.5865 -1.90735e-07
      vertex 32.5589 -29.5217 -1.90735e-07
    endloop
  endfacet
  facet normal 0 0 -1
    outer loop
      vertex 30.8787 -30.0314 -1.90735e-07
      vertex 32.1986 -32.5007 -1.90735e-07
      vertex 32.0555 -32.5865 -1.90735e-07
    endloop
  endfacet
  facet normal 0 0 -1
    outer loop
      vertex 30.4999 -30.2584 -1.90735e-07
      vertex 32.0555 -32.5865 -1.90735e-07
      vertex 31.9215 -32.6859 -1.90735e-07
    endloop
  endfacet
  facet normal 0 0 -1
    outer loop
      vertex 30.1452 -30.5215 -1.90735e-07
      vertex 31.9215 -32.6859 -1.90735e-07
      vertex 31.7979 -32.7979 -1.90735e-07
    endloop
  endfacet
  facet normal 0 0 -1
    outer loop
      vertex 32.5065 -32.3732 -1.90735e-07
      vertex 31.6937 -29.6938 -1.90735e-07
      vertex 32.1221 -29.5865 -1.90735e-07
    endloop
  endfacet
  facet normal 0 0 -1
    outer loop
      vertex 29.818 -30.818 -1.90735e-07
      vertex 31.7979 -32.7979 -1.90735e-07
      vertex 31.6859 -32.9215 -1.90735e-07
    endloop
  endfacet
  facet normal 0 0 -1
    outer loop
      vertex 29.5215 -31.1452 -1.90735e-07
      vertex 31.6859 -32.9215 -1.90735e-07
      vertex 31.5865 -33.0555 -1.90735e-07
    endloop
  endfacet
  facet normal 0 0 -1
    outer loop
      vertex 29.2584 -31.4999 -1.90735e-07
      vertex 31.5865 -33.0555 -1.90735e-07
      vertex 31.5007 -33.1986 -1.90735e-07
    endloop
  endfacet
  facet normal 0 0 -1
    outer loop
      vertex 29.0314 -31.8787 -1.90735e-07
      vertex 31.5007 -33.1986 -1.90735e-07
      vertex 31.4294 -33.3494 -1.90735e-07
    endloop
  endfacet
  facet normal 0 0 -1
    outer loop
      vertex 28.8425 -32.2779 -1.90735e-07
      vertex 31.4294 -33.3494 -1.90735e-07
      vertex 31.3732 -33.5065 -1.90735e-07
    endloop
  endfacet
  facet normal 0 0 -1
    outer loop
      vertex 28.6938 -32.6937 -1.90735e-07
      vertex 31.3732 -33.5065 -1.90735e-07
      vertex 31.3327 -33.6683 -1.90735e-07
    endloop
  endfacet
  facet normal 0 0 -1
    outer loop
      vertex 28.5865 -33.1221 -1.90735e-07
      vertex 31.3327 -33.6683 -1.90735e-07
      vertex 31.3082 -33.8334 -1.90735e-07
    endloop
  endfacet
  facet normal 0 0 -1
    outer loop
      vertex 32.3494 -32.4294 -1.90735e-07
      vertex 31.2779 -29.8425 -1.90735e-07
      vertex 31.6937 -29.6938 -1.90735e-07
    endloop
  endfacet
  facet normal 0 0 -1
    outer loop
      vertex 28.5217 -33.5589 -1.90735e-07
      vertex 31.3082 -33.8334 -1.90735e-07
      vertex 31.3 -34 -1.90735e-07
    endloop
  endfacet
  facet normal -0 0 -1
    outer loop
      vertex 31.5865 -34.9445 -1.90735e-07
      vertex 29.2584 -36.5001 -1.90735e-07
      vertex 31.5007 -34.8014 -1.90735e-07
    endloop
  endfacet
  facet normal 0 0 -1
    outer loop
      vertex 29.0314 -36.1213 -1.90735e-07
      vertex 31.5007 -34.8014 -1.90735e-07
      vertex 29.2584 -36.5001 -1.90735e-07
    endloop
  endfacet
  facet normal 0 0 -1
    outer loop
      vertex 32.1986 -32.5007 -1.90735e-07
      vertex 30.8787 -30.0314 -1.90735e-07
      vertex 31.2779 -29.8425 -1.90735e-07
    endloop
  endfacet
  facet normal -0 0 -1
    outer loop
      vertex 31.5007 -34.8014 -1.90735e-07
      vertex 29.0314 -36.1213 -1.90735e-07
      vertex 31.4294 -34.6506 -1.90735e-07
    endloop
  endfacet
  facet normal 0 0 -1
    outer loop
      vertex 32.0555 -32.5865 -1.90735e-07
      vertex 30.4999 -30.2584 -1.90735e-07
      vertex 30.8787 -30.0314 -1.90735e-07
    endloop
  endfacet
  facet normal 0 0 -1
    outer loop
      vertex 28.8425 -35.7221 -1.90735e-07
      vertex 31.4294 -34.6506 -1.90735e-07
      vertex 29.0314 -36.1213 -1.90735e-07
    endloop
  endfacet
  facet normal 0 0 -1
    outer loop
      vertex 31.9215 -32.6859 -1.90735e-07
      vertex 30.1452 -30.5215 -1.90735e-07
      vertex 30.4999 -30.2584 -1.90735e-07
    endloop
  endfacet
  facet normal -0 0 -1
    outer loop
      vertex 31.4294 -34.6506 -1.90735e-07
      vertex 28.8425 -35.7221 -1.90735e-07
      vertex 31.3732 -34.4935 -1.90735e-07
    endloop
  endfacet
  facet normal 0 0 -1
    outer loop
      vertex 31.7979 -32.7979 -1.90735e-07
      vertex 29.818 -30.818 -1.90735e-07
      vertex 30.1452 -30.5215 -1.90735e-07
    endloop
  endfacet
  facet normal 0 0 -1
    outer loop
      vertex 28.6938 -35.3063 -1.90735e-07
      vertex 31.3732 -34.4935 -1.90735e-07
      vertex 28.8425 -35.7221 -1.90735e-07
    endloop
  endfacet
  facet normal 0 0 -1
    outer loop
      vertex 31.6859 -32.9215 -1.90735e-07
      vertex 29.5215 -31.1452 -1.90735e-07
      vertex 29.818 -30.818 -1.90735e-07
    endloop
  endfacet
  facet normal -0 0 -1
    outer loop
      vertex 31.3732 -34.4935 -1.90735e-07
      vertex 28.6938 -35.3063 -1.90735e-07
      vertex 31.3327 -34.3317 -1.90735e-07
    endloop
  endfacet
  facet normal 0 0 -1
    outer loop
      vertex 31.5865 -33.0555 -1.90735e-07
      vertex 29.2584 -31.4999 -1.90735e-07
      vertex 29.5215 -31.1452 -1.90735e-07
    endloop
  endfacet
  facet normal 0 0 -1
    outer loop
      vertex 28.5865 -34.8779 -1.90735e-07
      vertex 31.3327 -34.3317 -1.90735e-07
      vertex 28.6938 -35.3063 -1.90735e-07
    endloop
  endfacet
  facet normal 0 0 -1
    outer loop
      vertex 31.5007 -33.1986 -1.90735e-07
      vertex 29.0314 -31.8787 -1.90735e-07
      vertex 29.2584 -31.4999 -1.90735e-07
    endloop
  endfacet
  facet normal -0 0 -1
    outer loop
      vertex 31.3327 -34.3317 -1.90735e-07
      vertex 28.5865 -34.8779 -1.90735e-07
      vertex 31.3082 -34.1666 -1.90735e-07
    endloop
  endfacet
  facet normal 0 0 -1
    outer loop
      vertex 31.4294 -33.3494 -1.90735e-07
      vertex 28.8425 -32.2779 -1.90735e-07
      vertex 29.0314 -31.8787 -1.90735e-07
    endloop
  endfacet
  facet normal 0 0 -1
    outer loop
      vertex 28.5217 -34.4411 -1.90735e-07
      vertex 31.3082 -34.1666 -1.90735e-07
      vertex 28.5865 -34.8779 -1.90735e-07
    endloop
  endfacet
  facet normal 0 0 -1
    outer loop
      vertex 31.3732 -33.5065 -1.90735e-07
      vertex 28.6938 -32.6937 -1.90735e-07
      vertex 28.8425 -32.2779 -1.90735e-07
    endloop
  endfacet
  facet normal -0 0 -1
    outer loop
      vertex 31.3082 -34.1666 -1.90735e-07
      vertex 28.5217 -34.4411 -1.90735e-07
      vertex 31.3 -34 -1.90735e-07
    endloop
  endfacet
  facet normal 0 0 -1
    outer loop
      vertex 31.3327 -33.6683 -1.90735e-07
      vertex 28.5865 -33.1221 -1.90735e-07
      vertex 28.6938 -32.6937 -1.90735e-07
    endloop
  endfacet
  facet normal 0 0 -1
    outer loop
      vertex 28.5 -34 -1.90735e-07
      vertex 31.3 -34 -1.90735e-07
      vertex 28.5217 -34.4411 -1.90735e-07
    endloop
  endfacet
  facet normal 0 0 -1
    outer loop
      vertex 31.3082 -33.8334 -1.90735e-07
      vertex 28.5217 -33.5589 -1.90735e-07
      vertex 28.5865 -33.1221 -1.90735e-07
    endloop
  endfacet
  facet normal 0 0 -1
    outer loop
      vertex 31.3 -34 -1.90735e-07
      vertex 28.5 -34 -1.90735e-07
      vertex 28.5217 -33.5589 -1.90735e-07
    endloop
  endfacet
  facet normal -0.941598 0.336738 0
    outer loop
      vertex 28.6938 -32.6937 -1.90735e-07
      vertex 28.8425 -32.2779 2.4
      vertex 28.8425 -32.2779 -1.90735e-07
    endloop
  endfacet
  facet normal -0.941598 0.336738 0
    outer loop
      vertex 28.8425 -32.2779 2.4
      vertex 28.6938 -32.6937 -1.90735e-07
      vertex 28.6938 -32.6937 2.4
    endloop
  endfacet
  facet normal -0.998792 0.0491358 0
    outer loop
      vertex 28.5 -34 -1.90735e-07
      vertex 28.5217 -33.5589 2.4
      vertex 28.5217 -33.5589 -1.90735e-07
    endloop
  endfacet
  facet normal -0.998792 0.0491358 0
    outer loop
      vertex 28.5217 -33.5589 2.4
      vertex 28.5 -34 -1.90735e-07
      vertex 28.5 -34 2.4
    endloop
  endfacet
  facet normal 0 0 1
    outer loop
      vertex 35.2 -31.8 2.4
      vertex 37.5 -34 2.4
      vertex 37.4783 -33.5589 2.4
    endloop
  endfacet
  facet normal 0 0 1
    outer loop
      vertex 35.2 -31.8 2.4
      vertex 37.4783 -33.5589 2.4
      vertex 37.4135 -33.1221 2.4
    endloop
  endfacet
  facet normal 0 0 1
    outer loop
      vertex 35.2 -36.2 2.4
      vertex 37.5 -34 2.4
      vertex 35.2 -31.8 2.4
    endloop
  endfacet
  facet normal 0 0 1
    outer loop
      vertex 35.2 -31.8 2.4
      vertex 37.4135 -33.1221 2.4
      vertex 37.3062 -32.6937 2.4
    endloop
  endfacet
  facet normal 0 0 1
    outer loop
      vertex 37.5 -34 2.4
      vertex 35.2 -36.2 2.4
      vertex 37.4783 -34.4411 2.4
    endloop
  endfacet
  facet normal 0 0 1
    outer loop
      vertex 35.2 -31.8 2.4
      vertex 37.3062 -32.6937 2.4
      vertex 37.1575 -32.2779 2.4
    endloop
  endfacet
  facet normal 0 0 1
    outer loop
      vertex 37.4783 -34.4411 2.4
      vertex 35.2 -36.2 2.4
      vertex 37.4135 -34.8779 2.4
    endloop
  endfacet
  facet normal 0 0 1
    outer loop
      vertex 35.2 -31.8 2.4
      vertex 37.1575 -32.2779 2.4
      vertex 36.9686 -31.8787 2.4
    endloop
  endfacet
  facet normal 0 0 1
    outer loop
      vertex 37.4135 -34.8779 2.4
      vertex 35.2 -36.2 2.4
      vertex 37.3062 -35.3063 2.4
    endloop
  endfacet
  facet normal -0 0 1
    outer loop
      vertex 35.2 -31.8 2.4
      vertex 36.9686 -31.8787 2.4
      vertex 36.7416 -31.4999 2.4
    endloop
  endfacet
  facet normal 0 0 1
    outer loop
      vertex 37.3062 -35.3063 2.4
      vertex 35.2 -36.2 2.4
      vertex 37.1575 -35.7221 2.4
    endloop
  endfacet
  facet normal 0 0 1
    outer loop
      vertex 35.2 -31.8 2.4
      vertex 36.7416 -31.4999 2.4
      vertex 36.4785 -31.1452 2.4
    endloop
  endfacet
  facet normal 0 0 1
    outer loop
      vertex 37.1575 -35.7221 2.4
      vertex 35.2 -36.2 2.4
      vertex 36.9686 -36.1213 2.4
    endloop
  endfacet
  facet normal 0 0 1
    outer loop
      vertex 35.2 -31.8 2.4
      vertex 36.4785 -31.1452 2.4
      vertex 36.182 -30.818 2.4
    endloop
  endfacet
  facet normal 0 0 1
    outer loop
      vertex 36.9686 -36.1213 2.4
      vertex 35.2 -36.2 2.4
      vertex 36.7416 -36.5001 2.4
    endloop
  endfacet
  facet normal 0 0 1
    outer loop
      vertex 35.0177 -31.1316 2.4
      vertex 36.182 -30.818 2.4
      vertex 35.8548 -30.5215 2.4
    endloop
  endfacet
  facet normal 0 0 1
    outer loop
      vertex 36.7416 -36.5001 2.4
      vertex 35.2 -36.2 2.4
      vertex 36.4785 -36.8548 2.4
    endloop
  endfacet
  facet normal 0 0 1
    outer loop
      vertex 35.0177 -31.1316 2.4
      vertex 35.8548 -30.5215 2.4
      vertex 35.5001 -30.2584 2.4
    endloop
  endfacet
  facet normal 0 0 1
    outer loop
      vertex 36.4785 -36.8548 2.4
      vertex 35.2 -36.2 2.4
      vertex 36.182 -37.182 2.4
    endloop
  endfacet
  facet normal 0 0 1
    outer loop
      vertex 36.182 -37.182 2.4
      vertex 35.2 -36.2 2.4
      vertex 35.8548 -37.4785 2.4
    endloop
  endfacet
  facet normal 0 0 1
    outer loop
      vertex 35.0177 -31.1316 2.4
      vertex 35.5001 -30.2584 2.4
      vertex 35.1213 -30.0314 2.4
    endloop
  endfacet
  facet normal 0 0 1
    outer loop
      vertex 36.182 -30.818 2.4
      vertex 35.0177 -31.1316 2.4
      vertex 35.2 -31.8 2.4
    endloop
  endfacet
  facet normal 0 0 1
    outer loop
      vertex 34.7221 -29.8425 2.4
      vertex 35.0177 -31.1316 2.4
      vertex 35.1213 -30.0314 2.4
    endloop
  endfacet
  facet normal 0 0 1
    outer loop
      vertex 34.3063 -29.6938 2.4
      vertex 35.0177 -31.1316 2.4
      vertex 34.7221 -29.8425 2.4
    endloop
  endfacet
  facet normal 0 0 1
    outer loop
      vertex 33.8779 -29.5865 2.4
      vertex 35.0177 -31.1316 2.4
      vertex 34.3063 -29.6938 2.4
    endloop
  endfacet
  facet normal 0 0 1
    outer loop
      vertex 33.4411 -29.5217 2.4
      vertex 35.0177 -31.1316 2.4
      vertex 33.8779 -29.5865 2.4
    endloop
  endfacet
  facet normal 0 0 1
    outer loop
      vertex 33 -29.5 2.4
      vertex 35.0177 -31.1316 2.4
      vertex 33.4411 -29.5217 2.4
    endloop
  endfacet
  facet normal -0 0 1
    outer loop
      vertex 32.5589 -29.5217 2.4
      vertex 35.0177 -31.1316 2.4
      vertex 33 -29.5 2.4
    endloop
  endfacet
  facet normal 0 0 1
    outer loop
      vertex 30.4354 -31.1316 2.4
      vertex 32.5589 -29.5217 2.4
      vertex 32.1221 -29.5865 2.4
    endloop
  endfacet
  facet normal 0 0 1
    outer loop
      vertex 30.4354 -31.1316 2.4
      vertex 32.1221 -29.5865 2.4
      vertex 31.6937 -29.6938 2.4
    endloop
  endfacet
  facet normal 0 0 1
    outer loop
      vertex 30.4354 -31.1316 2.4
      vertex 31.6937 -29.6938 2.4
      vertex 31.2779 -29.8425 2.4
    endloop
  endfacet
  facet normal 0 0 1
    outer loop
      vertex 30.4354 -31.1316 2.4
      vertex 31.2779 -29.8425 2.4
      vertex 30.8787 -30.0314 2.4
    endloop
  endfacet
  facet normal 0 0 1
    outer loop
      vertex 30.4354 -31.1316 2.4
      vertex 30.8787 -30.0314 2.4
      vertex 30.4999 -30.2584 2.4
    endloop
  endfacet
  facet normal 0 0 1
    outer loop
      vertex 32.5589 -29.5217 2.4
      vertex 30.4354 -31.1316 2.4
      vertex 35.0177 -31.1316 2.4
    endloop
  endfacet
  facet normal -0 0 1
    outer loop
      vertex 29.818 -30.818 2.4
      vertex 30.4354 -31.1316 2.4
      vertex 30.1452 -30.5215 2.4
    endloop
  endfacet
  facet normal -0 0 1
    outer loop
      vertex 30.1452 -30.5215 2.4
      vertex 30.4354 -31.1316 2.4
      vertex 30.4999 -30.2584 2.4
    endloop
  endfacet
  facet normal 0 0 1
    outer loop
      vertex 35.8548 -37.4785 2.4
      vertex 35.2 -36.2 2.4
      vertex 35.5001 -37.7416 2.4
    endloop
  endfacet
  facet normal 0 0 1
    outer loop
      vertex 35.2 -36.2 2.4
      vertex 35.1213 -37.9686 2.4
      vertex 35.5001 -37.7416 2.4
    endloop
  endfacet
  facet normal 0 0 1
    outer loop
      vertex 35.2 -36.2 2.4
      vertex 34.7221 -38.1575 2.4
      vertex 35.1213 -37.9686 2.4
    endloop
  endfacet
  facet normal 0 0 1
    outer loop
      vertex 35.2 -36.2 2.4
      vertex 34.3063 -38.3062 2.4
      vertex 34.7221 -38.1575 2.4
    endloop
  endfacet
  facet normal 0 0 1
    outer loop
      vertex 35.2 -36.2 2.4
      vertex 33.8779 -38.4135 2.4
      vertex 34.3063 -38.3062 2.4
    endloop
  endfacet
  facet normal 0 0 1
    outer loop
      vertex 35.2 -36.2 2.4
      vertex 33.4411 -38.4783 2.4
      vertex 33.8779 -38.4135 2.4
    endloop
  endfacet
  facet normal 0 0 1
    outer loop
      vertex 35.2 -36.2 2.4
      vertex 33 -38.5 2.4
      vertex 33.4411 -38.4783 2.4
    endloop
  endfacet
  facet normal -0 0 1
    outer loop
      vertex 30.8 -36.2 2.4
      vertex 33 -38.5 2.4
      vertex 35.2 -36.2 2.4
    endloop
  endfacet
  facet normal 0 0 1
    outer loop
      vertex 33 -38.5 2.4
      vertex 30.8 -36.2 2.4
      vertex 32.5589 -38.4783 2.4
    endloop
  endfacet
  facet normal 0 0 1
    outer loop
      vertex 32.5589 -38.4783 2.4
      vertex 30.8 -36.2 2.4
      vertex 32.1221 -38.4135 2.4
    endloop
  endfacet
  facet normal 0 0 1
    outer loop
      vertex 32.1221 -38.4135 2.4
      vertex 30.8 -36.2 2.4
      vertex 31.6937 -38.3062 2.4
    endloop
  endfacet
  facet normal 0 0 1
    outer loop
      vertex 31.6937 -38.3062 2.4
      vertex 30.8 -36.2 2.4
      vertex 31.2779 -38.1575 2.4
    endloop
  endfacet
  facet normal 0 0 1
    outer loop
      vertex 31.2779 -38.1575 2.4
      vertex 30.8 -36.2 2.4
      vertex 30.8787 -37.9686 2.4
    endloop
  endfacet
  facet normal 0 0 1
    outer loop
      vertex 30.8 -36.2 2.4
      vertex 30.4999 -37.7416 2.4
      vertex 30.8787 -37.9686 2.4
    endloop
  endfacet
  facet normal -0 0 1
    outer loop
      vertex 29.0314 -36.1213 2.4
      vertex 30.8 -36.2 2.4
      vertex 30.4354 -34.924 2.4
    endloop
  endfacet
  facet normal 0 0 1
    outer loop
      vertex 29.5215 -31.1452 2.4
      vertex 30.4354 -31.1316 2.4
      vertex 29.818 -30.818 2.4
    endloop
  endfacet
  facet normal 0 0 1
    outer loop
      vertex 30.8 -36.2 2.4
      vertex 30.1452 -37.4785 2.4
      vertex 30.4999 -37.7416 2.4
    endloop
  endfacet
  facet normal 0 0 1
    outer loop
      vertex 29.2584 -31.4999 2.4
      vertex 30.4354 -31.1316 2.4
      vertex 29.5215 -31.1452 2.4
    endloop
  endfacet
  facet normal 0 0 1
    outer loop
      vertex 30.8 -36.2 2.4
      vertex 29.818 -37.182 2.4
      vertex 30.1452 -37.4785 2.4
    endloop
  endfacet
  facet normal 0 0 1
    outer loop
      vertex 29.0314 -31.8787 2.4
      vertex 30.4354 -31.1316 2.4
      vertex 29.2584 -31.4999 2.4
    endloop
  endfacet
  facet normal 0 0 1
    outer loop
      vertex 30.8 -36.2 2.4
      vertex 29.5215 -36.8548 2.4
      vertex 29.818 -37.182 2.4
    endloop
  endfacet
  facet normal 0 0 1
    outer loop
      vertex 28.8425 -32.2779 2.4
      vertex 30.4354 -31.1316 2.4
      vertex 29.0314 -31.8787 2.4
    endloop
  endfacet
  facet normal 0 0 1
    outer loop
      vertex 30.8 -36.2 2.4
      vertex 29.2584 -36.5001 2.4
      vertex 29.5215 -36.8548 2.4
    endloop
  endfacet
  facet normal 0 0 1
    outer loop
      vertex 30.4354 -31.1316 2.4
      vertex 28.8425 -32.2779 2.4
      vertex 30.4354 -34.924 2.4
    endloop
  endfacet
  facet normal 0 0 1
    outer loop
      vertex 30.8 -36.2 2.4
      vertex 29.0314 -36.1213 2.4
      vertex 29.2584 -36.5001 2.4
    endloop
  endfacet
  facet normal -0 0 1
    outer loop
      vertex 28.6938 -32.6937 2.4
      vertex 30.4354 -34.924 2.4
      vertex 28.8425 -32.2779 2.4
    endloop
  endfacet
  facet normal 0 0 1
    outer loop
      vertex 30.4354 -34.924 2.4
      vertex 28.8425 -35.7221 2.4
      vertex 29.0314 -36.1213 2.4
    endloop
  endfacet
  facet normal -0 0 1
    outer loop
      vertex 28.5865 -33.1221 2.4
      vertex 30.4354 -34.924 2.4
      vertex 28.6938 -32.6937 2.4
    endloop
  endfacet
  facet normal 0 0 1
    outer loop
      vertex 30.4354 -34.924 2.4
      vertex 28.6938 -35.3063 2.4
      vertex 28.8425 -35.7221 2.4
    endloop
  endfacet
  facet normal -0 0 1
    outer loop
      vertex 28.5217 -33.5589 2.4
      vertex 30.4354 -34.924 2.4
      vertex 28.5865 -33.1221 2.4
    endloop
  endfacet
  facet normal 0 0 1
    outer loop
      vertex 30.4354 -34.924 2.4
      vertex 28.5865 -34.8779 2.4
      vertex 28.6938 -35.3063 2.4
    endloop
  endfacet
  facet normal -0 0 1
    outer loop
      vertex 28.5 -34 2.4
      vertex 30.4354 -34.924 2.4
      vertex 28.5217 -33.5589 2.4
    endloop
  endfacet
  facet normal 0 0 1
    outer loop
      vertex 30.4354 -34.924 2.4
      vertex 28.5217 -34.4411 2.4
      vertex 28.5865 -34.8779 2.4
    endloop
  endfacet
  facet normal 0 0 1
    outer loop
      vertex 30.4354 -34.924 2.4
      vertex 28.5 -34 2.4
      vertex 28.5217 -34.4411 2.4
    endloop
  endfacet
  facet normal -0.595753 0.803168 0
    outer loop
      vertex 30.4999 -30.2584 -1.90735e-07
      vertex 30.1452 -30.5215 2.4
      vertex 30.4999 -30.2584 2.4
    endloop
  endfacet
  facet normal -0.595753 0.803168 0
    outer loop
      vertex 30.1452 -30.5215 2.4
      vertex 30.4999 -30.2584 -1.90735e-07
      vertex 30.1452 -30.5215 -1.90735e-07
    endloop
  endfacet
  facet normal -0.336738 0.941598 0
    outer loop
      vertex 31.6937 -29.6938 -1.90735e-07
      vertex 31.2779 -29.8425 2.4
      vertex 31.6937 -29.6938 2.4
    endloop
  endfacet
  facet normal -0.336738 0.941598 0
    outer loop
      vertex 31.2779 -29.8425 2.4
      vertex 31.6937 -29.6938 -1.90735e-07
      vertex 31.2779 -29.8425 -1.90735e-07
    endloop
  endfacet
  facet normal -0.146746 0.989174 0
    outer loop
      vertex 32.5589 -29.5217 -1.90735e-07
      vertex 32.1221 -29.5865 2.4
      vertex 32.5589 -29.5217 2.4
    endloop
  endfacet
  facet normal -0.146746 0.989174 0
    outer loop
      vertex 32.1221 -29.5865 2.4
      vertex 32.5589 -29.5217 -1.90735e-07
      vertex 32.1221 -29.5865 -1.90735e-07
    endloop
  endfacet
  facet normal 0.998792 -0.0491358 0
    outer loop
      vertex 37.4783 -34.4411 2.4
      vertex 37.5 -34 -1.90735e-07
      vertex 37.5 -34 2.4
    endloop
  endfacet
  facet normal 0.998792 -0.0491358 0
    outer loop
      vertex 37.5 -34 -1.90735e-07
      vertex 37.4783 -34.4411 2.4
      vertex 37.4783 -34.4411 -1.90735e-07
    endloop
  endfacet
  facet normal -0.741015 -0.671488 0
    outer loop
      vertex 29.818 -37.182 -1.90735e-07
      vertex 29.5215 -36.8548 2.4
      vertex 29.5215 -36.8548 -1.90735e-07
    endloop
  endfacet
  facet normal -0.741015 -0.671488 0
    outer loop
      vertex 29.5215 -36.8548 2.4
      vertex 29.818 -37.182 -1.90735e-07
      vertex 29.818 -37.182 2.4
    endloop
  endfacet
  facet normal 0.146746 -0.989174 0
    outer loop
      vertex 33.4411 -38.4783 -1.90735e-07
      vertex 33.8779 -38.4135 2.4
      vertex 33.4411 -38.4783 2.4
    endloop
  endfacet
  facet normal 0.146746 -0.989174 0
    outer loop
      vertex 33.8779 -38.4135 2.4
      vertex 33.4411 -38.4783 -1.90735e-07
      vertex 33.8779 -38.4135 -1.90735e-07
    endloop
  endfacet
  facet normal 0.427726 -0.903908 0
    outer loop
      vertex 34.7221 -38.1575 -1.90735e-07
      vertex 35.1213 -37.9686 2.4
      vertex 34.7221 -38.1575 2.4
    endloop
  endfacet
  facet normal 0.427726 -0.903908 0
    outer loop
      vertex 35.1213 -37.9686 2.4
      vertex 34.7221 -38.1575 -1.90735e-07
      vertex 35.1213 -37.9686 -1.90735e-07
    endloop
  endfacet
  facet normal 0.857773 0.514029 0
    outer loop
      vertex 36.9686 -31.8787 2.4
      vertex 36.7416 -31.4999 -1.90735e-07
      vertex 36.7416 -31.4999 2.4
    endloop
  endfacet
  facet normal 0.857773 0.514029 0
    outer loop
      vertex 36.7416 -31.4999 -1.90735e-07
      vertex 36.9686 -31.8787 2.4
      vertex 36.9686 -31.8787 -1.90735e-07
    endloop
  endfacet
  facet normal 0.242962 0.970036 -0
    outer loop
      vertex 34.3063 -29.6938 -1.90735e-07
      vertex 33.8779 -29.5865 2.4
      vertex 34.3063 -29.6938 2.4
    endloop
  endfacet
  facet normal 0.242962 0.970036 0
    outer loop
      vertex 33.8779 -29.5865 2.4
      vertex 34.3063 -29.6938 -1.90735e-07
      vertex 33.8779 -29.5865 -1.90735e-07
    endloop
  endfacet
  facet normal -0.803168 0.595753 0
    outer loop
      vertex 29.2584 -31.4999 -1.90735e-07
      vertex 29.5215 -31.1452 2.4
      vertex 29.5215 -31.1452 -1.90735e-07
    endloop
  endfacet
  facet normal -0.803168 0.595753 0
    outer loop
      vertex 29.5215 -31.1452 2.4
      vertex 29.2584 -31.4999 -1.90735e-07
      vertex 29.2584 -31.4999 2.4
    endloop
  endfacet
  facet normal -0.970036 0.242962 0
    outer loop
      vertex 28.5865 -33.1221 -1.90735e-07
      vertex 28.6938 -32.6937 2.4
      vertex 28.6938 -32.6937 -1.90735e-07
    endloop
  endfacet
  facet normal -0.970036 0.242962 0
    outer loop
      vertex 28.6938 -32.6937 2.4
      vertex 28.5865 -33.1221 -1.90735e-07
      vertex 28.5865 -33.1221 2.4
    endloop
  endfacet
  facet normal -0.998792 -0.0491358 0
    outer loop
      vertex 28.5217 -34.4411 -1.90735e-07
      vertex 28.5 -34 2.4
      vertex 28.5 -34 -1.90735e-07
    endloop
  endfacet
  facet normal -0.998792 -0.0491358 0
    outer loop
      vertex 28.5 -34 2.4
      vertex 28.5217 -34.4411 -1.90735e-07
      vertex 28.5217 -34.4411 2.4
    endloop
  endfacet
  facet normal -0.671488 0.741015 0
    outer loop
      vertex 30.1452 -30.5215 -1.90735e-07
      vertex 29.818 -30.818 2.4
      vertex 30.1452 -30.5215 2.4
    endloop
  endfacet
  facet normal -0.671488 0.741015 0
    outer loop
      vertex 29.818 -30.818 2.4
      vertex 30.1452 -30.5215 -1.90735e-07
      vertex 29.818 -30.818 -1.90735e-07
    endloop
  endfacet
  facet normal -0.514029 0.857773 0
    outer loop
      vertex 30.8787 -30.0314 -1.90735e-07
      vertex 30.4999 -30.2584 2.4
      vertex 30.8787 -30.0314 2.4
    endloop
  endfacet
  facet normal -0.514029 0.857773 0
    outer loop
      vertex 30.4999 -30.2584 2.4
      vertex 30.8787 -30.0314 -1.90735e-07
      vertex 30.4999 -30.2584 -1.90735e-07
    endloop
  endfacet
  facet normal 0.970036 -0.242962 0
    outer loop
      vertex 37.3062 -35.3063 2.4
      vertex 37.4135 -34.8779 -1.90735e-07
      vertex 37.4135 -34.8779 2.4
    endloop
  endfacet
  facet normal 0.970036 -0.242962 0
    outer loop
      vertex 37.4135 -34.8779 -1.90735e-07
      vertex 37.3062 -35.3063 2.4
      vertex 37.3062 -35.3063 -1.90735e-07
    endloop
  endfacet
  facet normal 0.989174 -0.146746 0
    outer loop
      vertex 37.4135 -34.8779 2.4
      vertex 37.4783 -34.4411 -1.90735e-07
      vertex 37.4783 -34.4411 2.4
    endloop
  endfacet
  facet normal 0.989174 -0.146746 0
    outer loop
      vertex 37.4783 -34.4411 -1.90735e-07
      vertex 37.4135 -34.8779 2.4
      vertex 37.4135 -34.8779 -1.90735e-07
    endloop
  endfacet
  facet normal 0.514029 -0.857773 0
    outer loop
      vertex 35.1213 -37.9686 -1.90735e-07
      vertex 35.5001 -37.7416 2.4
      vertex 35.1213 -37.9686 2.4
    endloop
  endfacet
  facet normal 0.514029 -0.857773 0
    outer loop
      vertex 35.5001 -37.7416 2.4
      vertex 35.1213 -37.9686 -1.90735e-07
      vertex 35.5001 -37.7416 -1.90735e-07
    endloop
  endfacet
  facet normal 0.741015 -0.671488 0
    outer loop
      vertex 36.182 -37.182 2.4
      vertex 36.4785 -36.8548 -1.90735e-07
      vertex 36.4785 -36.8548 2.4
    endloop
  endfacet
  facet normal 0.741015 -0.671488 0
    outer loop
      vertex 36.4785 -36.8548 -1.90735e-07
      vertex 36.182 -37.182 2.4
      vertex 36.182 -37.182 -1.90735e-07
    endloop
  endfacet
  facet normal 0.595753 -0.803168 0
    outer loop
      vertex 35.5001 -37.7416 -1.90735e-07
      vertex 35.8548 -37.4785 2.4
      vertex 35.5001 -37.7416 2.4
    endloop
  endfacet
  facet normal 0.595753 -0.803168 0
    outer loop
      vertex 35.8548 -37.4785 2.4
      vertex 35.5001 -37.7416 -1.90735e-07
      vertex 35.8548 -37.4785 -1.90735e-07
    endloop
  endfacet
  facet normal 0.941598 -0.336738 0
    outer loop
      vertex 37.1575 -35.7221 2.4
      vertex 37.3062 -35.3063 -1.90735e-07
      vertex 37.3062 -35.3063 2.4
    endloop
  endfacet
  facet normal 0.941598 -0.336738 0
    outer loop
      vertex 37.3062 -35.3063 -1.90735e-07
      vertex 37.1575 -35.7221 2.4
      vertex 37.1575 -35.7221 -1.90735e-07
    endloop
  endfacet
  facet normal 0.903908 -0.427726 0
    outer loop
      vertex 36.9686 -36.1213 2.4
      vertex 37.1575 -35.7221 -1.90735e-07
      vertex 37.1575 -35.7221 2.4
    endloop
  endfacet
  facet normal 0.903908 -0.427726 0
    outer loop
      vertex 37.1575 -35.7221 -1.90735e-07
      vertex 36.9686 -36.1213 2.4
      vertex 36.9686 -36.1213 -1.90735e-07
    endloop
  endfacet
  facet normal -0.0491358 -0.998792 0
    outer loop
      vertex 32.5589 -38.4783 -1.90735e-07
      vertex 33 -38.5 2.4
      vertex 32.5589 -38.4783 2.4
    endloop
  endfacet
  facet normal -0.0491358 -0.998792 -0
    outer loop
      vertex 33 -38.5 2.4
      vertex 32.5589 -38.4783 -1.90735e-07
      vertex 33 -38.5 -1.90735e-07
    endloop
  endfacet
  facet normal -0.803168 -0.595753 0
    outer loop
      vertex 29.5215 -36.8548 -1.90735e-07
      vertex 29.2584 -36.5001 2.4
      vertex 29.2584 -36.5001 -1.90735e-07
    endloop
  endfacet
  facet normal -0.803168 -0.595753 0
    outer loop
      vertex 29.2584 -36.5001 2.4
      vertex 29.5215 -36.8548 -1.90735e-07
      vertex 29.5215 -36.8548 2.4
    endloop
  endfacet
  facet normal -0.941598 -0.336738 0
    outer loop
      vertex 28.8425 -35.7221 -1.90735e-07
      vertex 28.6938 -35.3063 2.4
      vertex 28.6938 -35.3063 -1.90735e-07
    endloop
  endfacet
  facet normal -0.941598 -0.336738 0
    outer loop
      vertex 28.6938 -35.3063 2.4
      vertex 28.8425 -35.7221 -1.90735e-07
      vertex 28.8425 -35.7221 2.4
    endloop
  endfacet
  facet normal -0.989174 -0.146746 0
    outer loop
      vertex 28.5865 -34.8779 -1.90735e-07
      vertex 28.5217 -34.4411 2.4
      vertex 28.5217 -34.4411 -1.90735e-07
    endloop
  endfacet
  facet normal -0.989174 -0.146746 0
    outer loop
      vertex 28.5217 -34.4411 2.4
      vertex 28.5865 -34.8779 -1.90735e-07
      vertex 28.5865 -34.8779 2.4
    endloop
  endfacet
  facet normal -0.970036 -0.242962 0
    outer loop
      vertex 28.6938 -35.3063 -1.90735e-07
      vertex 28.5865 -34.8779 2.4
      vertex 28.5865 -34.8779 -1.90735e-07
    endloop
  endfacet
  facet normal -0.970036 -0.242962 0
    outer loop
      vertex 28.5865 -34.8779 2.4
      vertex 28.6938 -35.3063 -1.90735e-07
      vertex 28.6938 -35.3063 2.4
    endloop
  endfacet
  facet normal 0.242962 -0.970036 0
    outer loop
      vertex 33.8779 -38.4135 -1.90735e-07
      vertex 34.3063 -38.3062 2.4
      vertex 33.8779 -38.4135 2.4
    endloop
  endfacet
  facet normal 0.242962 -0.970036 0
    outer loop
      vertex 34.3063 -38.3062 2.4
      vertex 33.8779 -38.4135 -1.90735e-07
      vertex 34.3063 -38.3062 -1.90735e-07
    endloop
  endfacet
  facet normal 0.857773 -0.514029 0
    outer loop
      vertex 36.7416 -36.5001 2.4
      vertex 36.9686 -36.1213 -1.90735e-07
      vertex 36.9686 -36.1213 2.4
    endloop
  endfacet
  facet normal 0.857773 -0.514029 0
    outer loop
      vertex 36.9686 -36.1213 -1.90735e-07
      vertex 36.7416 -36.5001 2.4
      vertex 36.7416 -36.5001 -1.90735e-07
    endloop
  endfacet
  facet normal 0.803168 -0.595753 0
    outer loop
      vertex 36.4785 -36.8548 2.4
      vertex 36.7416 -36.5001 -1.90735e-07
      vertex 36.7416 -36.5001 2.4
    endloop
  endfacet
  facet normal 0.803168 -0.595753 0
    outer loop
      vertex 36.7416 -36.5001 -1.90735e-07
      vertex 36.4785 -36.8548 2.4
      vertex 36.4785 -36.8548 -1.90735e-07
    endloop
  endfacet
  facet normal 0.671488 -0.741015 0
    outer loop
      vertex 35.8548 -37.4785 -1.90735e-07
      vertex 36.182 -37.182 2.4
      vertex 35.8548 -37.4785 2.4
    endloop
  endfacet
  facet normal 0.671488 -0.741015 0
    outer loop
      vertex 36.182 -37.182 2.4
      vertex 35.8548 -37.4785 -1.90735e-07
      vertex 36.182 -37.182 -1.90735e-07
    endloop
  endfacet
  facet normal 0.0491358 -0.998792 0
    outer loop
      vertex 33 -38.5 -1.90735e-07
      vertex 33.4411 -38.4783 2.4
      vertex 33 -38.5 2.4
    endloop
  endfacet
  facet normal 0.0491358 -0.998792 0
    outer loop
      vertex 33.4411 -38.4783 2.4
      vertex 33 -38.5 -1.90735e-07
      vertex 33.4411 -38.4783 -1.90735e-07
    endloop
  endfacet
  facet normal -0.671488 -0.741015 0
    outer loop
      vertex 29.818 -37.182 -1.90735e-07
      vertex 30.1452 -37.4785 2.4
      vertex 29.818 -37.182 2.4
    endloop
  endfacet
  facet normal -0.671488 -0.741015 -0
    outer loop
      vertex 30.1452 -37.4785 2.4
      vertex 29.818 -37.182 -1.90735e-07
      vertex 30.1452 -37.4785 -1.90735e-07
    endloop
  endfacet
  facet normal -0.857773 -0.514029 0
    outer loop
      vertex 29.2584 -36.5001 -1.90735e-07
      vertex 29.0314 -36.1213 2.4
      vertex 29.0314 -36.1213 -1.90735e-07
    endloop
  endfacet
  facet normal -0.857773 -0.514029 0
    outer loop
      vertex 29.0314 -36.1213 2.4
      vertex 29.2584 -36.5001 -1.90735e-07
      vertex 29.2584 -36.5001 2.4
    endloop
  endfacet
  facet normal -0.903908 -0.427726 0
    outer loop
      vertex 29.0314 -36.1213 -1.90735e-07
      vertex 28.8425 -35.7221 2.4
      vertex 28.8425 -35.7221 -1.90735e-07
    endloop
  endfacet
  facet normal -0.903908 -0.427726 0
    outer loop
      vertex 28.8425 -35.7221 2.4
      vertex 29.0314 -36.1213 -1.90735e-07
      vertex 29.0314 -36.1213 2.4
    endloop
  endfacet
  facet normal -0.242962 -0.970036 0
    outer loop
      vertex 31.6937 -38.3062 -1.90735e-07
      vertex 32.1221 -38.4135 2.4
      vertex 31.6937 -38.3062 2.4
    endloop
  endfacet
  facet normal -0.242962 -0.970036 -0
    outer loop
      vertex 32.1221 -38.4135 2.4
      vertex 31.6937 -38.3062 -1.90735e-07
      vertex 32.1221 -38.4135 -1.90735e-07
    endloop
  endfacet
  facet normal -0.595753 -0.803168 0
    outer loop
      vertex 30.1452 -37.4785 -1.90735e-07
      vertex 30.4999 -37.7416 2.4
      vertex 30.1452 -37.4785 2.4
    endloop
  endfacet
  facet normal -0.595753 -0.803168 -0
    outer loop
      vertex 30.4999 -37.7416 2.4
      vertex 30.1452 -37.4785 -1.90735e-07
      vertex 30.4999 -37.7416 -1.90735e-07
    endloop
  endfacet
  facet normal -0.146746 -0.989174 0
    outer loop
      vertex 32.1221 -38.4135 -1.90735e-07
      vertex 32.5589 -38.4783 2.4
      vertex 32.1221 -38.4135 2.4
    endloop
  endfacet
  facet normal -0.146746 -0.989174 -0
    outer loop
      vertex 32.5589 -38.4783 2.4
      vertex 32.1221 -38.4135 -1.90735e-07
      vertex 32.5589 -38.4783 -1.90735e-07
    endloop
  endfacet
  facet normal -0.427726 -0.903908 0
    outer loop
      vertex 30.8787 -37.9686 -1.90735e-07
      vertex 31.2779 -38.1575 2.4
      vertex 30.8787 -37.9686 2.4
    endloop
  endfacet
  facet normal -0.427726 -0.903908 -0
    outer loop
      vertex 31.2779 -38.1575 2.4
      vertex 30.8787 -37.9686 -1.90735e-07
      vertex 31.2779 -38.1575 -1.90735e-07
    endloop
  endfacet
  facet normal -0.514029 -0.857773 0
    outer loop
      vertex 30.4999 -37.7416 -1.90735e-07
      vertex 30.8787 -37.9686 2.4
      vertex 30.4999 -37.7416 2.4
    endloop
  endfacet
  facet normal -0.514029 -0.857773 -0
    outer loop
      vertex 30.8787 -37.9686 2.4
      vertex 30.4999 -37.7416 -1.90735e-07
      vertex 30.8787 -37.9686 -1.90735e-07
    endloop
  endfacet
  facet normal -0.336738 -0.941598 0
    outer loop
      vertex 31.2779 -38.1575 -1.90735e-07
      vertex 31.6937 -38.3062 2.4
      vertex 31.2779 -38.1575 2.4
    endloop
  endfacet
  facet normal -0.336738 -0.941598 -0
    outer loop
      vertex 31.6937 -38.3062 2.4
      vertex 31.2779 -38.1575 -1.90735e-07
      vertex 31.6937 -38.3062 -1.90735e-07
    endloop
  endfacet
  facet normal 0 -0.882976 0.469418
    outer loop
      vertex 29.6 -32 10.3
      vertex 33.3 -32.1 10.1119
      vertex 33.3 -32 10.3
    endloop
  endfacet
  facet normal 6.08856e-07 -0.882971 0.469428
    outer loop
      vertex 30.8 -36.2 2.4
      vertex 33.3 -32.1 10.1119
      vertex 29.6 -32 10.3
    endloop
  endfacet
  facet normal 0 -0.882971 0.469428
    outer loop
      vertex 35.2 -36.2 2.4
      vertex 33.3 -32.1 10.1119
      vertex 30.8 -36.2 2.4
    endloop
  endfacet
  facet normal 0 -0.882971 0.469428
    outer loop
      vertex 33.3 -32.1 10.1119
      vertex 35.2 -36.2 2.4
      vertex 34.6143 -32.1 10.1119
    endloop
  endfacet
  facet normal 0.997129 -0 0.0757264
    outer loop
      vertex 34.7899 -32.1 7.8
      vertex 35.2 -31.8 2.4
      vertex 34.7899 -30.2962 7.8
    endloop
  endfacet
  facet normal 0.997129 0 0.0757264
    outer loop
      vertex 35.2 -31.8 2.4
      vertex 34.7899 -32.1 7.8
      vertex 35.2 -36.2 2.4
    endloop
  endfacet
  facet normal 0.997128 -1.36555e-05 0.0757367
    outer loop
      vertex 34.6143 -32.1 10.1119
      vertex 35.2 -36.2 2.4
      vertex 34.7899 -32.1 7.8
    endloop
  endfacet
  facet normal 0 0.963343 -0.268273
    outer loop
      vertex 34.6076 -29.6278 7.8
      vertex 35.0177 -31.1316 2.4
      vertex 33.3 -29.6278 7.8
    endloop
  endfacet
  facet normal 0 0.963463 -0.267843
    outer loop
      vertex 33.3 -29.6278 7.8
      vertex 29.6 -29.6 7.9
      vertex 33.3 -29.6 7.9
    endloop
  endfacet
  facet normal 0 0.963343 -0.268273
    outer loop
      vertex 30.4354 -31.1316 2.4
      vertex 33.3 -29.6278 7.8
      vertex 35.0177 -31.1316 2.4
    endloop
  endfacet
  facet normal -1.23588e-05 0.963345 -0.268267
    outer loop
      vertex 33.3 -29.6278 7.8
      vertex 30.4354 -31.1316 2.4
      vertex 29.6 -29.6 7.9
    endloop
  endfacet
  facet normal 0.96476 0.26313 -8.52668e-06
    outer loop
      vertex 34.7899 -30.2962 7.8
      vertex 35.0177 -31.1316 2.4
      vertex 34.6076 -29.6278 7.8
    endloop
  endfacet
  facet normal 0.96476 0.26313 -8.52668e-06
    outer loop
      vertex 35.0177 -31.1316 2.4
      vertex 34.7899 -30.2962 7.8
      vertex 35.2 -31.8 2.4
    endloop
  endfacet
  facet normal -0.98866 0 -0.150169
    outer loop
      vertex 30.4354 -31.1316 2.4
      vertex 29.6 -32 7.9
      vertex 29.6 -29.6 7.9
    endloop
  endfacet
  facet normal -0.98866 0 -0.150169
    outer loop
      vertex 29.6 -32 7.9
      vertex 30.4354 -31.1316 2.4
      vertex 30.4354 -34.924 2.4
    endloop
  endfacet
  facet normal -0.961518 -0.274741 1.64409e-05
    outer loop
      vertex 30.8 -36.2 2.4
      vertex 29.6 -32 7.9
      vertex 30.4354 -34.924 2.4
    endloop
  endfacet
  facet normal -0.961524 -0.274721 0
    outer loop
      vertex 29.6 -32 7.9
      vertex 30.8 -36.2 2.4
      vertex 29.6 -32 10.3
    endloop
  endfacet
  facet normal 0.998792 0.049138 0
    outer loop
      vertex 37.5 -6 2.4
      vertex 37.4783 -5.55892 -1.90735e-07
      vertex 37.4783 -5.55892 2.4
    endloop
  endfacet
  facet normal 0.998792 0.049138 0
    outer loop
      vertex 37.4783 -5.55892 -1.90735e-07
      vertex 37.5 -6 2.4
      vertex 37.5 -6 -1.90735e-07
    endloop
  endfacet
  facet normal -0.049068 0.998795 0
    outer loop
      vertex 33 -1.5 -1.90735e-07
      vertex 32.5589 -1.52167 2.4
      vertex 33 -1.5 2.4
    endloop
  endfacet
  facet normal -0.049068 0.998795 0
    outer loop
      vertex 32.5589 -1.52167 2.4
      vertex 33 -1.5 -1.90735e-07
      vertex 32.5589 -1.52167 -1.90735e-07
    endloop
  endfacet
  facet normal 0.671575 0.740936 -0
    outer loop
      vertex 36.182 -2.81802 -1.90735e-07
      vertex 35.8548 -2.52145 2.4
      vertex 36.182 -2.81802 2.4
    endloop
  endfacet
  facet normal 0.671575 0.740936 0
    outer loop
      vertex 35.8548 -2.52145 2.4
      vertex 36.182 -2.81802 -1.90735e-07
      vertex 35.8548 -2.52145 -1.90735e-07
    endloop
  endfacet
  facet normal -0.741025 0.671477 0
    outer loop
      vertex 29.5215 -3.14523 -1.90735e-07
      vertex 29.818 -2.81802 2.4
      vertex 29.818 -2.81802 -1.90735e-07
    endloop
  endfacet
  facet normal -0.741025 0.671477 0
    outer loop
      vertex 29.818 -2.81802 2.4
      vertex 29.5215 -3.14523 -1.90735e-07
      vertex 29.5215 -3.14523 2.4
    endloop
  endfacet
  facet normal -0.42756 0.903987 0
    outer loop
      vertex 31.2779 -1.84254 -1.90735e-07
      vertex 30.8787 -2.03135 2.4
      vertex 31.2779 -1.84254 2.4
    endloop
  endfacet
  facet normal -0.42756 0.903987 0
    outer loop
      vertex 30.8787 -2.03135 2.4
      vertex 31.2779 -1.84254 -1.90735e-07
      vertex 30.8787 -2.03135 -1.90735e-07
    endloop
  endfacet
  facet normal 0.803168 -0.595753 0
    outer loop
      vertex 36.4785 -8.85477 2.4
      vertex 36.7416 -8.50007 -1.90735e-07
      vertex 36.7416 -8.50007 2.4
    endloop
  endfacet
  facet normal 0.803168 -0.595753 0
    outer loop
      vertex 36.7416 -8.50007 -1.90735e-07
      vertex 36.4785 -8.85477 2.4
      vertex 36.4785 -8.85477 -1.90735e-07
    endloop
  endfacet
  facet normal 0.903913 0.427717 0
    outer loop
      vertex 37.1575 -4.27792 2.4
      vertex 36.9686 -3.87871 -1.90735e-07
      vertex 36.9686 -3.87871 2.4
    endloop
  endfacet
  facet normal 0.903913 0.427717 0
    outer loop
      vertex 36.9686 -3.87871 -1.90735e-07
      vertex 37.1575 -4.27792 2.4
      vertex 37.1575 -4.27792 -1.90735e-07
    endloop
  endfacet
  facet normal 0.336879 0.941548 -0
    outer loop
      vertex 34.7221 -1.84254 -1.90735e-07
      vertex 34.3063 -1.69377 2.4
      vertex 34.7221 -1.84254 2.4
    endloop
  endfacet
  facet normal 0.336879 0.941548 0
    outer loop
      vertex 34.3063 -1.69377 2.4
      vertex 34.7221 -1.84254 -1.90735e-07
      vertex 34.3063 -1.69377 -1.90735e-07
    endloop
  endfacet
  facet normal 0.514096 0.857733 -0
    outer loop
      vertex 35.5001 -2.25839 -1.90735e-07
      vertex 35.1213 -2.03135 2.4
      vertex 35.5001 -2.25839 2.4
    endloop
  endfacet
  facet normal 0.514096 0.857733 0
    outer loop
      vertex 35.1213 -2.03135 2.4
      vertex 35.5001 -2.25839 -1.90735e-07
      vertex 35.1213 -2.03135 -1.90735e-07
    endloop
  endfacet
  facet normal -0.941598 0.336738 0
    outer loop
      vertex 28.6938 -4.69372 -1.90735e-07
      vertex 28.8425 -4.27792 2.4
      vertex 28.8425 -4.27792 -1.90735e-07
    endloop
  endfacet
  facet normal -0.941598 0.336738 0
    outer loop
      vertex 28.8425 -4.27792 2.4
      vertex 28.6938 -4.69372 -1.90735e-07
      vertex 28.6938 -4.69372 2.4
    endloop
  endfacet
  facet normal -0.242962 0.970036 0
    outer loop
      vertex 32.1221 -1.58647 -1.90735e-07
      vertex 31.6937 -1.69377 2.4
      vertex 32.1221 -1.58647 2.4
    endloop
  endfacet
  facet normal -0.242962 0.970036 0
    outer loop
      vertex 31.6937 -1.69377 2.4
      vertex 32.1221 -1.58647 -1.90735e-07
      vertex 31.6937 -1.69377 -1.90735e-07
    endloop
  endfacet
  facet normal 0.336738 -0.941598 0
    outer loop
      vertex 34.3063 -10.3062 -1.90735e-07
      vertex 34.7221 -10.1575 1.88584
      vertex 34.3063 -10.3062 2.02917
    endloop
  endfacet
  facet normal 0.336738 -0.941598 0
    outer loop
      vertex 34.7221 -10.1575 1.88584
      vertex 34.3063 -10.3062 -1.90735e-07
      vertex 34.7221 -10.1575 -1.90735e-07
    endloop
  endfacet
  facet normal 0.970032 0.242978 0
    outer loop
      vertex 37.4135 -5.12209 2.4
      vertex 37.3062 -4.69372 -1.90735e-07
      vertex 37.3062 -4.69372 2.4
    endloop
  endfacet
  facet normal 0.970032 0.242978 0
    outer loop
      vertex 37.3062 -4.69372 -1.90735e-07
      vertex 37.4135 -5.12209 2.4
      vertex 37.4135 -5.12209 -1.90735e-07
    endloop
  endfacet
  facet normal 0.989176 0.146736 0
    outer loop
      vertex 37.4783 -5.55892 2.4
      vertex 37.4135 -5.12209 -1.90735e-07
      vertex 37.4135 -5.12209 2.4
    endloop
  endfacet
  facet normal 0.989176 0.146736 0
    outer loop
      vertex 37.4135 -5.12209 -1.90735e-07
      vertex 37.4783 -5.55892 2.4
      vertex 37.4783 -5.55892 -1.90735e-07
    endloop
  endfacet
  facet normal 0.941598 0.336738 0
    outer loop
      vertex 37.3062 -4.69372 2.4
      vertex 37.1575 -4.27792 -1.90735e-07
      vertex 37.1575 -4.27792 2.4
    endloop
  endfacet
  facet normal 0.941598 0.336738 0
    outer loop
      vertex 37.1575 -4.27792 -1.90735e-07
      vertex 37.3062 -4.69372 2.4
      vertex 37.3062 -4.69372 -1.90735e-07
    endloop
  endfacet
  facet normal 0.803168 0.595753 0
    outer loop
      vertex 36.7416 -3.49993 2.4
      vertex 36.4785 -3.14523 -1.90735e-07
      vertex 36.4785 -3.14523 2.4
    endloop
  endfacet
  facet normal 0.803168 0.595753 0
    outer loop
      vertex 36.4785 -3.14523 -1.90735e-07
      vertex 36.7416 -3.49993 2.4
      vertex 36.7416 -3.49993 -1.90735e-07
    endloop
  endfacet
  facet normal 0.741025 0.671477 0
    outer loop
      vertex 36.4785 -3.14523 2.4
      vertex 36.182 -2.81802 -1.90735e-07
      vertex 36.182 -2.81802 2.4
    endloop
  endfacet
  facet normal 0.741025 0.671477 0
    outer loop
      vertex 36.182 -2.81802 -1.90735e-07
      vertex 36.4785 -3.14523 2.4
      vertex 36.4785 -3.14523 -1.90735e-07
    endloop
  endfacet
  facet normal 0.857761 0.514049 0
    outer loop
      vertex 36.9686 -3.87871 2.4
      vertex 36.7416 -3.49993 -1.90735e-07
      vertex 36.7416 -3.49993 2.4
    endloop
  endfacet
  facet normal 0.857761 0.514049 0
    outer loop
      vertex 36.7416 -3.49993 -1.90735e-07
      vertex 36.9686 -3.87871 2.4
      vertex 36.9686 -3.87871 -1.90735e-07
    endloop
  endfacet
  facet normal 0.146746 0.989174 -0
    outer loop
      vertex 33.8779 -1.58647 -1.90735e-07
      vertex 33.4411 -1.52167 2.4
      vertex 33.8779 -1.58647 2.4
    endloop
  endfacet
  facet normal 0.146746 0.989174 0
    outer loop
      vertex 33.4411 -1.52167 2.4
      vertex 33.8779 -1.58647 -1.90735e-07
      vertex 33.4411 -1.52167 -1.90735e-07
    endloop
  endfacet
  facet normal 0.242962 0.970036 -0
    outer loop
      vertex 34.3063 -1.69377 -1.90735e-07
      vertex 33.8779 -1.58647 2.4
      vertex 34.3063 -1.69377 2.4
    endloop
  endfacet
  facet normal 0.242962 0.970036 0
    outer loop
      vertex 33.8779 -1.58647 2.4
      vertex 34.3063 -1.69377 -1.90735e-07
      vertex 33.8779 -1.58647 -1.90735e-07
    endloop
  endfacet
  facet normal 0.049068 0.998795 -0
    outer loop
      vertex 33.4411 -1.52167 -1.90735e-07
      vertex 33 -1.5 2.4
      vertex 33.4411 -1.52167 2.4
    endloop
  endfacet
  facet normal 0.049068 0.998795 0
    outer loop
      vertex 33 -1.5 2.4
      vertex 33.4411 -1.52167 -1.90735e-07
      vertex 33 -1.5 -1.90735e-07
    endloop
  endfacet
  facet normal 0.42756 0.903987 -0
    outer loop
      vertex 35.1213 -2.03135 -1.90735e-07
      vertex 34.7221 -1.84254 2.4
      vertex 35.1213 -2.03135 2.4
    endloop
  endfacet
  facet normal 0.42756 0.903987 0
    outer loop
      vertex 34.7221 -1.84254 2.4
      vertex 35.1213 -2.03135 -1.90735e-07
      vertex 34.7221 -1.84254 -1.90735e-07
    endloop
  endfacet
  facet normal 0.595694 0.803211 -0
    outer loop
      vertex 35.8548 -2.52145 -1.90735e-07
      vertex 35.5001 -2.25839 2.4
      vertex 35.8548 -2.52145 2.4
    endloop
  endfacet
  facet normal 0.595694 0.803211 0
    outer loop
      vertex 35.5001 -2.25839 2.4
      vertex 35.8548 -2.52145 -1.90735e-07
      vertex 35.5001 -2.25839 -1.90735e-07
    endloop
  endfacet
  facet normal -0.989176 0.146736 0
    outer loop
      vertex 28.5217 -5.55892 -1.90735e-07
      vertex 28.5865 -5.12209 2.4
      vertex 28.5865 -5.12209 -1.90735e-07
    endloop
  endfacet
  facet normal -0.989176 0.146736 0
    outer loop
      vertex 28.5865 -5.12209 2.4
      vertex 28.5217 -5.55892 -1.90735e-07
      vertex 28.5217 -5.55892 2.4
    endloop
  endfacet
  facet normal 0 0 -1
    outer loop
      vertex 34.7 -6 -1.90735e-07
      vertex 37.5 -6 -1.90735e-07
      vertex 37.4783 -6.44108 -1.90735e-07
    endloop
  endfacet
  facet normal 0 0 -1
    outer loop
      vertex 34.6918 -6.16663 -1.90735e-07
      vertex 37.4783 -6.44108 -1.90735e-07
      vertex 37.4135 -6.87791 -1.90735e-07
    endloop
  endfacet
  facet normal 0 0 -1
    outer loop
      vertex 37.5 -6 -1.90735e-07
      vertex 34.7 -6 -1.90735e-07
      vertex 37.4783 -5.55892 -1.90735e-07
    endloop
  endfacet
  facet normal 0 0 -1
    outer loop
      vertex 34.6673 -6.33165 -1.90735e-07
      vertex 37.4135 -6.87791 -1.90735e-07
      vertex 37.3062 -7.30628 -1.90735e-07
    endloop
  endfacet
  facet normal 0 0 -1
    outer loop
      vertex 34.6918 -5.83337 -1.90735e-07
      vertex 37.4783 -5.55892 -1.90735e-07
      vertex 34.7 -6 -1.90735e-07
    endloop
  endfacet
  facet normal 0 0 -1
    outer loop
      vertex 34.6268 -6.49348 -1.90735e-07
      vertex 37.3062 -7.30628 -1.90735e-07
      vertex 37.1575 -7.72207 -1.90735e-07
    endloop
  endfacet
  facet normal -0 0 -1
    outer loop
      vertex 37.4783 -5.55892 -1.90735e-07
      vertex 34.6918 -5.83337 -1.90735e-07
      vertex 37.4135 -5.12209 -1.90735e-07
    endloop
  endfacet
  facet normal 0 0 -1
    outer loop
      vertex 34.5706 -6.65056 -1.90735e-07
      vertex 37.1575 -7.72207 -1.90735e-07
      vertex 36.9686 -8.12128 -1.90735e-07
    endloop
  endfacet
  facet normal 0 0 -1
    outer loop
      vertex 34.6673 -5.66835 -1.90735e-07
      vertex 37.4135 -5.12209 -1.90735e-07
      vertex 34.6918 -5.83337 -1.90735e-07
    endloop
  endfacet
  facet normal 0 0 -1
    outer loop
      vertex 34.4993 -6.80137 -1.90735e-07
      vertex 36.9686 -8.12128 -1.90735e-07
      vertex 36.7416 -8.50007 -1.90735e-07
    endloop
  endfacet
  facet normal -0 0 -1
    outer loop
      vertex 37.4135 -5.12209 -1.90735e-07
      vertex 34.6673 -5.66835 -1.90735e-07
      vertex 37.3062 -4.69372 -1.90735e-07
    endloop
  endfacet
  facet normal 0 0 -1
    outer loop
      vertex 34.4135 -6.94447 -1.90735e-07
      vertex 36.7416 -8.50007 -1.90735e-07
      vertex 36.4785 -8.85477 -1.90735e-07
    endloop
  endfacet
  facet normal 0 0 -1
    outer loop
      vertex 34.6268 -5.50652 -1.90735e-07
      vertex 37.3062 -4.69372 -1.90735e-07
      vertex 34.6673 -5.66835 -1.90735e-07
    endloop
  endfacet
  facet normal 0 0 -1
    outer loop
      vertex 34.3141 -7.07847 -1.90735e-07
      vertex 36.4785 -8.85477 -1.90735e-07
      vertex 36.182 -9.18198 -1.90735e-07
    endloop
  endfacet
  facet normal -0 0 -1
    outer loop
      vertex 37.3062 -4.69372 -1.90735e-07
      vertex 34.6268 -5.50652 -1.90735e-07
      vertex 37.1575 -4.27792 -1.90735e-07
    endloop
  endfacet
  facet normal 0 0 -1
    outer loop
      vertex 34.2021 -7.20208 -1.90735e-07
      vertex 36.182 -9.18198 -1.90735e-07
      vertex 35.8548 -9.47855 -1.90735e-07
    endloop
  endfacet
  facet normal 0 0 -1
    outer loop
      vertex 34.5706 -5.34944 -1.90735e-07
      vertex 37.1575 -4.27792 -1.90735e-07
      vertex 34.6268 -5.50652 -1.90735e-07
    endloop
  endfacet
  facet normal 0 0 -1
    outer loop
      vertex 34.0785 -7.31412 -1.90735e-07
      vertex 35.8548 -9.47855 -1.90735e-07
      vertex 35.5001 -9.74161 -1.90735e-07
    endloop
  endfacet
  facet normal -0 0 -1
    outer loop
      vertex 37.1575 -4.27792 -1.90735e-07
      vertex 34.5706 -5.34944 -1.90735e-07
      vertex 36.9686 -3.87871 -1.90735e-07
    endloop
  endfacet
  facet normal 0 0 -1
    outer loop
      vertex 33.9445 -7.4135 -1.90735e-07
      vertex 35.5001 -9.74161 -1.90735e-07
      vertex 35.1213 -9.96865 -1.90735e-07
    endloop
  endfacet
  facet normal 0 0 -1
    outer loop
      vertex 34.4993 -5.19862 -1.90735e-07
      vertex 36.9686 -3.87871 -1.90735e-07
      vertex 34.5706 -5.34944 -1.90735e-07
    endloop
  endfacet
  facet normal 0 0 -1
    outer loop
      vertex 33.8014 -7.49927 -1.90735e-07
      vertex 35.1213 -9.96865 -1.90735e-07
      vertex 34.7221 -10.1575 -1.90735e-07
    endloop
  endfacet
  facet normal -0 0 -1
    outer loop
      vertex 36.9686 -3.87871 -1.90735e-07
      vertex 34.4993 -5.19862 -1.90735e-07
      vertex 36.7416 -3.49993 -1.90735e-07
    endloop
  endfacet
  facet normal 0 0 -1
    outer loop
      vertex 34.4135 -5.05553 -1.90735e-07
      vertex 36.7416 -3.49993 -1.90735e-07
      vertex 34.4993 -5.19862 -1.90735e-07
    endloop
  endfacet
  facet normal 0 0 -1
    outer loop
      vertex 37.4783 -6.44108 -1.90735e-07
      vertex 34.6918 -6.16663 -1.90735e-07
      vertex 34.7 -6 -1.90735e-07
    endloop
  endfacet
  facet normal 0 0 -1
    outer loop
      vertex 37.4135 -6.87791 -1.90735e-07
      vertex 34.6673 -6.33165 -1.90735e-07
      vertex 34.6918 -6.16663 -1.90735e-07
    endloop
  endfacet
  facet normal 0 0 -1
    outer loop
      vertex 37.3062 -7.30628 -1.90735e-07
      vertex 34.6268 -6.49348 -1.90735e-07
      vertex 34.6673 -6.33165 -1.90735e-07
    endloop
  endfacet
  facet normal 0 0 -1
    outer loop
      vertex 37.1575 -7.72207 -1.90735e-07
      vertex 34.5706 -6.65056 -1.90735e-07
      vertex 34.6268 -6.49348 -1.90735e-07
    endloop
  endfacet
  facet normal 0 0 -1
    outer loop
      vertex 36.9686 -8.12128 -1.90735e-07
      vertex 34.4993 -6.80137 -1.90735e-07
      vertex 34.5706 -6.65056 -1.90735e-07
    endloop
  endfacet
  facet normal 0 0 -1
    outer loop
      vertex 36.7416 -8.50007 -1.90735e-07
      vertex 34.4135 -6.94447 -1.90735e-07
      vertex 34.4993 -6.80137 -1.90735e-07
    endloop
  endfacet
  facet normal 0 0 -1
    outer loop
      vertex 36.4785 -8.85477 -1.90735e-07
      vertex 34.3141 -7.07847 -1.90735e-07
      vertex 34.4135 -6.94447 -1.90735e-07
    endloop
  endfacet
  facet normal 0 0 -1
    outer loop
      vertex 33.6506 -7.57059 -1.90735e-07
      vertex 34.7221 -10.1575 -1.90735e-07
      vertex 34.3063 -10.3062 -1.90735e-07
    endloop
  endfacet
  facet normal 0 0 -1
    outer loop
      vertex 36.182 -9.18198 -1.90735e-07
      vertex 34.2021 -7.20208 -1.90735e-07
      vertex 34.3141 -7.07847 -1.90735e-07
    endloop
  endfacet
  facet normal 0 0 -1
    outer loop
      vertex 35.8548 -9.47855 -1.90735e-07
      vertex 34.0785 -7.31412 -1.90735e-07
      vertex 34.2021 -7.20208 -1.90735e-07
    endloop
  endfacet
  facet normal 0 0 -1
    outer loop
      vertex 35.5001 -9.74161 -1.90735e-07
      vertex 33.9445 -7.4135 -1.90735e-07
      vertex 34.0785 -7.31412 -1.90735e-07
    endloop
  endfacet
  facet normal 0 0 -1
    outer loop
      vertex 33.4935 -7.6268 -1.90735e-07
      vertex 34.3063 -10.3062 -1.90735e-07
      vertex 33.8779 -10.4135 -1.90735e-07
    endloop
  endfacet
  facet normal 0 0 -1
    outer loop
      vertex 35.1213 -9.96865 -1.90735e-07
      vertex 33.8014 -7.49927 -1.90735e-07
      vertex 33.9445 -7.4135 -1.90735e-07
    endloop
  endfacet
  facet normal 0 0 -1
    outer loop
      vertex 34.7221 -10.1575 -1.90735e-07
      vertex 33.6506 -7.57059 -1.90735e-07
      vertex 33.8014 -7.49927 -1.90735e-07
    endloop
  endfacet
  facet normal 0 0 -1
    outer loop
      vertex 34.3063 -10.3062 -1.90735e-07
      vertex 33.4935 -7.6268 -1.90735e-07
      vertex 33.6506 -7.57059 -1.90735e-07
    endloop
  endfacet
  facet normal 0 0 -1
    outer loop
      vertex 33.3317 -7.66733 -1.90735e-07
      vertex 33.8779 -10.4135 -1.90735e-07
      vertex 33.4411 -10.4783 -1.90735e-07
    endloop
  endfacet
  facet normal 0 0 -1
    outer loop
      vertex 33.8779 -10.4135 -1.90735e-07
      vertex 33.3317 -7.66733 -1.90735e-07
      vertex 33.4935 -7.6268 -1.90735e-07
    endloop
  endfacet
  facet normal 0 0 -1
    outer loop
      vertex 33.4411 -10.4783 -1.90735e-07
      vertex 33.1666 -7.69181 -1.90735e-07
      vertex 33.3317 -7.66733 -1.90735e-07
    endloop
  endfacet
  facet normal 0 0 -1
    outer loop
      vertex 33 -10.5 -1.90735e-07
      vertex 33.1666 -7.69181 -1.90735e-07
      vertex 33.4411 -10.4783 -1.90735e-07
    endloop
  endfacet
  facet normal 0 0 -1
    outer loop
      vertex 33 -10.5 -1.90735e-07
      vertex 33 -7.7 -1.90735e-07
      vertex 33.1666 -7.69181 -1.90735e-07
    endloop
  endfacet
  facet normal 0 0 -1
    outer loop
      vertex 33 -10.5 -1.90735e-07
      vertex 32.8334 -7.69181 -1.90735e-07
      vertex 33 -7.7 -1.90735e-07
    endloop
  endfacet
  facet normal 0 0 -1
    outer loop
      vertex 32.5589 -10.4783 -1.90735e-07
      vertex 32.8334 -7.69181 -1.90735e-07
      vertex 33 -10.5 -1.90735e-07
    endloop
  endfacet
  facet normal -0 0 -1
    outer loop
      vertex 32.8334 -7.69181 -1.90735e-07
      vertex 32.5589 -10.4783 -1.90735e-07
      vertex 32.6683 -7.66733 -1.90735e-07
    endloop
  endfacet
  facet normal 0 0 -1
    outer loop
      vertex 32.1221 -10.4135 -1.90735e-07
      vertex 32.6683 -7.66733 -1.90735e-07
      vertex 32.5589 -10.4783 -1.90735e-07
    endloop
  endfacet
  facet normal -0 0 -1
    outer loop
      vertex 32.6683 -7.66733 -1.90735e-07
      vertex 32.1221 -10.4135 -1.90735e-07
      vertex 32.5065 -7.6268 -1.90735e-07
    endloop
  endfacet
  facet normal 0 0 -1
    outer loop
      vertex 31.6937 -10.3062 -1.90735e-07
      vertex 32.5065 -7.6268 -1.90735e-07
      vertex 32.1221 -10.4135 -1.90735e-07
    endloop
  endfacet
  facet normal -0 0 -1
    outer loop
      vertex 32.5065 -7.6268 -1.90735e-07
      vertex 31.6937 -10.3062 -1.90735e-07
      vertex 32.3494 -7.57059 -1.90735e-07
    endloop
  endfacet
  facet normal 0 0 -1
    outer loop
      vertex 31.2779 -10.1575 -1.90735e-07
      vertex 32.3494 -7.57059 -1.90735e-07
      vertex 31.6937 -10.3062 -1.90735e-07
    endloop
  endfacet
  facet normal -0 0 -1
    outer loop
      vertex 32.3494 -7.57059 -1.90735e-07
      vertex 31.2779 -10.1575 -1.90735e-07
      vertex 32.1986 -7.49927 -1.90735e-07
    endloop
  endfacet
  facet normal 0 0 -1
    outer loop
      vertex 30.8787 -9.96865 -1.90735e-07
      vertex 32.1986 -7.49927 -1.90735e-07
      vertex 31.2779 -10.1575 -1.90735e-07
    endloop
  endfacet
  facet normal -0 0 -1
    outer loop
      vertex 32.1986 -7.49927 -1.90735e-07
      vertex 30.8787 -9.96865 -1.90735e-07
      vertex 32.0555 -7.4135 -1.90735e-07
    endloop
  endfacet
  facet normal 0 0 -1
    outer loop
      vertex 30.4999 -9.74161 -1.90735e-07
      vertex 32.0555 -7.4135 -1.90735e-07
      vertex 30.8787 -9.96865 -1.90735e-07
    endloop
  endfacet
  facet normal -0 0 -1
    outer loop
      vertex 32.0555 -7.4135 -1.90735e-07
      vertex 30.4999 -9.74161 -1.90735e-07
      vertex 31.9215 -7.31412 -1.90735e-07
    endloop
  endfacet
  facet normal 0 0 -1
    outer loop
      vertex 30.1452 -9.47855 -1.90735e-07
      vertex 31.9215 -7.31412 -1.90735e-07
      vertex 30.4999 -9.74161 -1.90735e-07
    endloop
  endfacet
  facet normal -0 0 -1
    outer loop
      vertex 31.9215 -7.31412 -1.90735e-07
      vertex 30.1452 -9.47855 -1.90735e-07
      vertex 31.7979 -7.20208 -1.90735e-07
    endloop
  endfacet
  facet normal 0 0 -1
    outer loop
      vertex 29.818 -9.18198 -1.90735e-07
      vertex 31.7979 -7.20208 -1.90735e-07
      vertex 30.1452 -9.47855 -1.90735e-07
    endloop
  endfacet
  facet normal -0 0 -1
    outer loop
      vertex 31.7979 -7.20208 -1.90735e-07
      vertex 29.818 -9.18198 -1.90735e-07
      vertex 31.6859 -7.07847 -1.90735e-07
    endloop
  endfacet
  facet normal 0 0 -1
    outer loop
      vertex 29.5215 -8.85477 -1.90735e-07
      vertex 31.6859 -7.07847 -1.90735e-07
      vertex 29.818 -9.18198 -1.90735e-07
    endloop
  endfacet
  facet normal 0 0 -1
    outer loop
      vertex 29.2584 -8.50007 -1.90735e-07
      vertex 31.5865 -6.94447 -1.90735e-07
      vertex 29.5215 -8.85477 -1.90735e-07
    endloop
  endfacet
  facet normal -0 0 -1
    outer loop
      vertex 31.6859 -7.07847 -1.90735e-07
      vertex 29.5215 -8.85477 -1.90735e-07
      vertex 31.5865 -6.94447 -1.90735e-07
    endloop
  endfacet
  facet normal -0 0 -1
    outer loop
      vertex 36.7416 -3.49993 -1.90735e-07
      vertex 34.4135 -5.05553 -1.90735e-07
      vertex 36.4785 -3.14523 -1.90735e-07
    endloop
  endfacet
  facet normal 0 0 -1
    outer loop
      vertex 34.3141 -4.92153 -1.90735e-07
      vertex 36.4785 -3.14523 -1.90735e-07
      vertex 34.4135 -5.05553 -1.90735e-07
    endloop
  endfacet
  facet normal -0 0 -1
    outer loop
      vertex 36.4785 -3.14523 -1.90735e-07
      vertex 34.3141 -4.92153 -1.90735e-07
      vertex 36.182 -2.81802 -1.90735e-07
    endloop
  endfacet
  facet normal 0 0 -1
    outer loop
      vertex 34.2021 -4.79792 -1.90735e-07
      vertex 36.182 -2.81802 -1.90735e-07
      vertex 34.3141 -4.92153 -1.90735e-07
    endloop
  endfacet
  facet normal -0 0 -1
    outer loop
      vertex 36.182 -2.81802 -1.90735e-07
      vertex 34.2021 -4.79792 -1.90735e-07
      vertex 35.8548 -2.52145 -1.90735e-07
    endloop
  endfacet
  facet normal 0 0 -1
    outer loop
      vertex 34.0785 -4.68588 -1.90735e-07
      vertex 35.8548 -2.52145 -1.90735e-07
      vertex 34.2021 -4.79792 -1.90735e-07
    endloop
  endfacet
  facet normal -0 0 -1
    outer loop
      vertex 35.8548 -2.52145 -1.90735e-07
      vertex 34.0785 -4.68588 -1.90735e-07
      vertex 35.5001 -2.25839 -1.90735e-07
    endloop
  endfacet
  facet normal 0 0 -1
    outer loop
      vertex 33.9445 -4.5865 -1.90735e-07
      vertex 35.5001 -2.25839 -1.90735e-07
      vertex 34.0785 -4.68588 -1.90735e-07
    endloop
  endfacet
  facet normal -0 0 -1
    outer loop
      vertex 35.5001 -2.25839 -1.90735e-07
      vertex 33.9445 -4.5865 -1.90735e-07
      vertex 35.1213 -2.03135 -1.90735e-07
    endloop
  endfacet
  facet normal 0 0 -1
    outer loop
      vertex 33.8014 -4.50073 -1.90735e-07
      vertex 35.1213 -2.03135 -1.90735e-07
      vertex 33.9445 -4.5865 -1.90735e-07
    endloop
  endfacet
  facet normal -0 0 -1
    outer loop
      vertex 35.1213 -2.03135 -1.90735e-07
      vertex 33.8014 -4.50073 -1.90735e-07
      vertex 34.7221 -1.84254 -1.90735e-07
    endloop
  endfacet
  facet normal 0 0 -1
    outer loop
      vertex 33.6506 -4.4294 -1.90735e-07
      vertex 34.7221 -1.84254 -1.90735e-07
      vertex 33.8014 -4.50073 -1.90735e-07
    endloop
  endfacet
  facet normal -0 0 -1
    outer loop
      vertex 34.7221 -1.84254 -1.90735e-07
      vertex 33.6506 -4.4294 -1.90735e-07
      vertex 34.3063 -1.69377 -1.90735e-07
    endloop
  endfacet
  facet normal 0 0 -1
    outer loop
      vertex 33.4935 -4.3732 -1.90735e-07
      vertex 34.3063 -1.69377 -1.90735e-07
      vertex 33.6506 -4.4294 -1.90735e-07
    endloop
  endfacet
  facet normal -0 0 -1
    outer loop
      vertex 34.3063 -1.69377 -1.90735e-07
      vertex 33.4935 -4.3732 -1.90735e-07
      vertex 33.8779 -1.58647 -1.90735e-07
    endloop
  endfacet
  facet normal 0 0 -1
    outer loop
      vertex 33.3317 -4.33266 -1.90735e-07
      vertex 33.8779 -1.58647 -1.90735e-07
      vertex 33.4935 -4.3732 -1.90735e-07
    endloop
  endfacet
  facet normal -0 0 -1
    outer loop
      vertex 33.8779 -1.58647 -1.90735e-07
      vertex 33.3317 -4.33266 -1.90735e-07
      vertex 33.4411 -1.52167 -1.90735e-07
    endloop
  endfacet
  facet normal 0 0 -1
    outer loop
      vertex 33.1666 -4.30819 -1.90735e-07
      vertex 33.4411 -1.52167 -1.90735e-07
      vertex 33.3317 -4.33266 -1.90735e-07
    endloop
  endfacet
  facet normal 0 0 -1
    outer loop
      vertex 33 -4.3 -1.90735e-07
      vertex 33.4411 -1.52167 -1.90735e-07
      vertex 33.1666 -4.30819 -1.90735e-07
    endloop
  endfacet
  facet normal 0 0 -1
    outer loop
      vertex 33 -4.3 -1.90735e-07
      vertex 33 -1.5 -1.90735e-07
      vertex 33.4411 -1.52167 -1.90735e-07
    endloop
  endfacet
  facet normal 0 0 -1
    outer loop
      vertex 32.8334 -4.30819 -1.90735e-07
      vertex 33 -1.5 -1.90735e-07
      vertex 33 -4.3 -1.90735e-07
    endloop
  endfacet
  facet normal 0 0 -1
    outer loop
      vertex 32.5589 -1.52167 -1.90735e-07
      vertex 32.8334 -4.30819 -1.90735e-07
      vertex 32.6683 -4.33266 -1.90735e-07
    endloop
  endfacet
  facet normal 0 0 -1
    outer loop
      vertex 32.8334 -4.30819 -1.90735e-07
      vertex 32.5589 -1.52167 -1.90735e-07
      vertex 33 -1.5 -1.90735e-07
    endloop
  endfacet
  facet normal 0 0 -1
    outer loop
      vertex 32.1221 -1.58647 -1.90735e-07
      vertex 32.6683 -4.33266 -1.90735e-07
      vertex 32.5065 -4.3732 -1.90735e-07
    endloop
  endfacet
  facet normal 0 0 -1
    outer loop
      vertex 31.6937 -1.69377 -1.90735e-07
      vertex 32.5065 -4.3732 -1.90735e-07
      vertex 32.3494 -4.4294 -1.90735e-07
    endloop
  endfacet
  facet normal 0 0 -1
    outer loop
      vertex 31.2779 -1.84254 -1.90735e-07
      vertex 32.3494 -4.4294 -1.90735e-07
      vertex 32.1986 -4.50073 -1.90735e-07
    endloop
  endfacet
  facet normal 0 0 -1
    outer loop
      vertex 32.6683 -4.33266 -1.90735e-07
      vertex 32.1221 -1.58647 -1.90735e-07
      vertex 32.5589 -1.52167 -1.90735e-07
    endloop
  endfacet
  facet normal 0 0 -1
    outer loop
      vertex 30.8787 -2.03135 -1.90735e-07
      vertex 32.1986 -4.50073 -1.90735e-07
      vertex 32.0555 -4.5865 -1.90735e-07
    endloop
  endfacet
  facet normal 0 0 -1
    outer loop
      vertex 30.4999 -2.25839 -1.90735e-07
      vertex 32.0555 -4.5865 -1.90735e-07
      vertex 31.9215 -4.68588 -1.90735e-07
    endloop
  endfacet
  facet normal 0 0 -1
    outer loop
      vertex 30.1452 -2.52145 -1.90735e-07
      vertex 31.9215 -4.68588 -1.90735e-07
      vertex 31.7979 -4.79792 -1.90735e-07
    endloop
  endfacet
  facet normal 0 0 -1
    outer loop
      vertex 32.5065 -4.3732 -1.90735e-07
      vertex 31.6937 -1.69377 -1.90735e-07
      vertex 32.1221 -1.58647 -1.90735e-07
    endloop
  endfacet
  facet normal 0 0 -1
    outer loop
      vertex 29.818 -2.81802 -1.90735e-07
      vertex 31.7979 -4.79792 -1.90735e-07
      vertex 31.6859 -4.92153 -1.90735e-07
    endloop
  endfacet
  facet normal 0 0 -1
    outer loop
      vertex 29.5215 -3.14523 -1.90735e-07
      vertex 31.6859 -4.92153 -1.90735e-07
      vertex 31.5865 -5.05553 -1.90735e-07
    endloop
  endfacet
  facet normal 0 0 -1
    outer loop
      vertex 29.2584 -3.49993 -1.90735e-07
      vertex 31.5865 -5.05553 -1.90735e-07
      vertex 31.5007 -5.19862 -1.90735e-07
    endloop
  endfacet
  facet normal 0 0 -1
    outer loop
      vertex 29.0314 -3.87871 -1.90735e-07
      vertex 31.5007 -5.19862 -1.90735e-07
      vertex 31.4294 -5.34944 -1.90735e-07
    endloop
  endfacet
  facet normal 0 0 -1
    outer loop
      vertex 28.8425 -4.27792 -1.90735e-07
      vertex 31.4294 -5.34944 -1.90735e-07
      vertex 31.3732 -5.50652 -1.90735e-07
    endloop
  endfacet
  facet normal 0 0 -1
    outer loop
      vertex 28.6938 -4.69372 -1.90735e-07
      vertex 31.3732 -5.50652 -1.90735e-07
      vertex 31.3327 -5.66835 -1.90735e-07
    endloop
  endfacet
  facet normal 0 0 -1
    outer loop
      vertex 28.5865 -5.12209 -1.90735e-07
      vertex 31.3327 -5.66835 -1.90735e-07
      vertex 31.3082 -5.83337 -1.90735e-07
    endloop
  endfacet
  facet normal 0 0 -1
    outer loop
      vertex 32.3494 -4.4294 -1.90735e-07
      vertex 31.2779 -1.84254 -1.90735e-07
      vertex 31.6937 -1.69377 -1.90735e-07
    endloop
  endfacet
  facet normal 0 0 -1
    outer loop
      vertex 28.5217 -5.55892 -1.90735e-07
      vertex 31.3082 -5.83337 -1.90735e-07
      vertex 31.3 -6 -1.90735e-07
    endloop
  endfacet
  facet normal -0 0 -1
    outer loop
      vertex 31.5865 -6.94447 -1.90735e-07
      vertex 29.2584 -8.50007 -1.90735e-07
      vertex 31.5007 -6.80137 -1.90735e-07
    endloop
  endfacet
  facet normal 0 0 -1
    outer loop
      vertex 29.0314 -8.12128 -1.90735e-07
      vertex 31.5007 -6.80137 -1.90735e-07
      vertex 29.2584 -8.50007 -1.90735e-07
    endloop
  endfacet
  facet normal 0 0 -1
    outer loop
      vertex 32.1986 -4.50073 -1.90735e-07
      vertex 30.8787 -2.03135 -1.90735e-07
      vertex 31.2779 -1.84254 -1.90735e-07
    endloop
  endfacet
  facet normal -0 0 -1
    outer loop
      vertex 31.5007 -6.80137 -1.90735e-07
      vertex 29.0314 -8.12128 -1.90735e-07
      vertex 31.4294 -6.65056 -1.90735e-07
    endloop
  endfacet
  facet normal 0 0 -1
    outer loop
      vertex 32.0555 -4.5865 -1.90735e-07
      vertex 30.4999 -2.25839 -1.90735e-07
      vertex 30.8787 -2.03135 -1.90735e-07
    endloop
  endfacet
  facet normal 0 0 -1
    outer loop
      vertex 28.8425 -7.72207 -1.90735e-07
      vertex 31.4294 -6.65056 -1.90735e-07
      vertex 29.0314 -8.12128 -1.90735e-07
    endloop
  endfacet
  facet normal 0 0 -1
    outer loop
      vertex 31.9215 -4.68588 -1.90735e-07
      vertex 30.1452 -2.52145 -1.90735e-07
      vertex 30.4999 -2.25839 -1.90735e-07
    endloop
  endfacet
  facet normal -0 0 -1
    outer loop
      vertex 31.4294 -6.65056 -1.90735e-07
      vertex 28.8425 -7.72207 -1.90735e-07
      vertex 31.3732 -6.49348 -1.90735e-07
    endloop
  endfacet
  facet normal 0 0 -1
    outer loop
      vertex 31.7979 -4.79792 -1.90735e-07
      vertex 29.818 -2.81802 -1.90735e-07
      vertex 30.1452 -2.52145 -1.90735e-07
    endloop
  endfacet
  facet normal 0 0 -1
    outer loop
      vertex 28.6938 -7.30628 -1.90735e-07
      vertex 31.3732 -6.49348 -1.90735e-07
      vertex 28.8425 -7.72207 -1.90735e-07
    endloop
  endfacet
  facet normal 0 0 -1
    outer loop
      vertex 31.6859 -4.92153 -1.90735e-07
      vertex 29.5215 -3.14523 -1.90735e-07
      vertex 29.818 -2.81802 -1.90735e-07
    endloop
  endfacet
  facet normal -0 0 -1
    outer loop
      vertex 31.3732 -6.49348 -1.90735e-07
      vertex 28.6938 -7.30628 -1.90735e-07
      vertex 31.3327 -6.33165 -1.90735e-07
    endloop
  endfacet
  facet normal 0 0 -1
    outer loop
      vertex 31.5865 -5.05553 -1.90735e-07
      vertex 29.2584 -3.49993 -1.90735e-07
      vertex 29.5215 -3.14523 -1.90735e-07
    endloop
  endfacet
  facet normal 0 0 -1
    outer loop
      vertex 28.5865 -6.87791 -1.90735e-07
      vertex 31.3327 -6.33165 -1.90735e-07
      vertex 28.6938 -7.30628 -1.90735e-07
    endloop
  endfacet
  facet normal 0 0 -1
    outer loop
      vertex 31.5007 -5.19862 -1.90735e-07
      vertex 29.0314 -3.87871 -1.90735e-07
      vertex 29.2584 -3.49993 -1.90735e-07
    endloop
  endfacet
  facet normal -0 0 -1
    outer loop
      vertex 31.3327 -6.33165 -1.90735e-07
      vertex 28.5865 -6.87791 -1.90735e-07
      vertex 31.3082 -6.16663 -1.90735e-07
    endloop
  endfacet
  facet normal 0 0 -1
    outer loop
      vertex 31.4294 -5.34944 -1.90735e-07
      vertex 28.8425 -4.27792 -1.90735e-07
      vertex 29.0314 -3.87871 -1.90735e-07
    endloop
  endfacet
  facet normal 0 0 -1
    outer loop
      vertex 28.5217 -6.44108 -1.90735e-07
      vertex 31.3082 -6.16663 -1.90735e-07
      vertex 28.5865 -6.87791 -1.90735e-07
    endloop
  endfacet
  facet normal 0 0 -1
    outer loop
      vertex 31.3732 -5.50652 -1.90735e-07
      vertex 28.6938 -4.69372 -1.90735e-07
      vertex 28.8425 -4.27792 -1.90735e-07
    endloop
  endfacet
  facet normal -0 0 -1
    outer loop
      vertex 31.3082 -6.16663 -1.90735e-07
      vertex 28.5217 -6.44108 -1.90735e-07
      vertex 31.3 -6 -1.90735e-07
    endloop
  endfacet
  facet normal 0 0 -1
    outer loop
      vertex 31.3327 -5.66835 -1.90735e-07
      vertex 28.5865 -5.12209 -1.90735e-07
      vertex 28.6938 -4.69372 -1.90735e-07
    endloop
  endfacet
  facet normal 0 0 -1
    outer loop
      vertex 28.5 -6 -1.90735e-07
      vertex 31.3 -6 -1.90735e-07
      vertex 28.5217 -6.44108 -1.90735e-07
    endloop
  endfacet
  facet normal 0 0 -1
    outer loop
      vertex 31.3082 -5.83337 -1.90735e-07
      vertex 28.5217 -5.55892 -1.90735e-07
      vertex 28.5865 -5.12209 -1.90735e-07
    endloop
  endfacet
  facet normal 0 0 -1
    outer loop
      vertex 31.3 -6 -1.90735e-07
      vertex 28.5 -6 -1.90735e-07
      vertex 28.5217 -5.55892 -1.90735e-07
    endloop
  endfacet
  facet normal -0.857761 0.514049 0
    outer loop
      vertex 29.0314 -3.87871 -1.90735e-07
      vertex 29.2584 -3.49993 2.4
      vertex 29.2584 -3.49993 -1.90735e-07
    endloop
  endfacet
  facet normal -0.857761 0.514049 0
    outer loop
      vertex 29.2584 -3.49993 2.4
      vertex 29.0314 -3.87871 -1.90735e-07
      vertex 29.0314 -3.87871 2.4
    endloop
  endfacet
  facet normal -0.803168 0.595753 0
    outer loop
      vertex 29.2584 -3.49993 -1.90735e-07
      vertex 29.5215 -3.14523 2.4
      vertex 29.5215 -3.14523 -1.90735e-07
    endloop
  endfacet
  facet normal -0.803168 0.595753 0
    outer loop
      vertex 29.5215 -3.14523 2.4
      vertex 29.2584 -3.49993 -1.90735e-07
      vertex 29.2584 -3.49993 2.4
    endloop
  endfacet
  facet normal -0.903913 0.427717 0
    outer loop
      vertex 28.8425 -4.27792 -1.90735e-07
      vertex 29.0314 -3.87871 2.4
      vertex 29.0314 -3.87871 -1.90735e-07
    endloop
  endfacet
  facet normal -0.903913 0.427717 0
    outer loop
      vertex 29.0314 -3.87871 2.4
      vertex 28.8425 -4.27792 -1.90735e-07
      vertex 28.8425 -4.27792 2.4
    endloop
  endfacet
  facet normal -0.970032 0.242978 0
    outer loop
      vertex 28.5865 -5.12209 -1.90735e-07
      vertex 28.6938 -4.69372 2.4
      vertex 28.6938 -4.69372 -1.90735e-07
    endloop
  endfacet
  facet normal -0.970032 0.242978 0
    outer loop
      vertex 28.6938 -4.69372 2.4
      vertex 28.5865 -5.12209 -1.90735e-07
      vertex 28.5865 -5.12209 2.4
    endloop
  endfacet
  facet normal -0.998792 0.049138 0
    outer loop
      vertex 28.5 -6 -1.90735e-07
      vertex 28.5217 -5.55892 2.4
      vertex 28.5217 -5.55892 -1.90735e-07
    endloop
  endfacet
  facet normal -0.998792 0.049138 0
    outer loop
      vertex 28.5217 -5.55892 2.4
      vertex 28.5 -6 -1.90735e-07
      vertex 28.5 -6 2.4
    endloop
  endfacet
  facet normal 0 0 1
    outer loop
      vertex 35.2 -3.8 2.4
      vertex 37.5 -6 2.4
      vertex 37.4783 -5.55892 2.4
    endloop
  endfacet
  facet normal 0 0 1
    outer loop
      vertex 35.2 -3.8 2.4
      vertex 37.4783 -5.55892 2.4
      vertex 37.4135 -5.12209 2.4
    endloop
  endfacet
  facet normal 0 0 1
    outer loop
      vertex 35.2 -8.2 2.4
      vertex 37.5 -6 2.4
      vertex 35.2 -3.8 2.4
    endloop
  endfacet
  facet normal 0 0 1
    outer loop
      vertex 35.2 -3.8 2.4
      vertex 37.4135 -5.12209 2.4
      vertex 37.3062 -4.69372 2.4
    endloop
  endfacet
  facet normal 0 0 1
    outer loop
      vertex 37.5 -6 2.4
      vertex 35.2 -8.2 2.4
      vertex 37.4783 -6.44108 2.4
    endloop
  endfacet
  facet normal 0 0 1
    outer loop
      vertex 35.2 -3.8 2.4
      vertex 37.3062 -4.69372 2.4
      vertex 37.1575 -4.27792 2.4
    endloop
  endfacet
  facet normal 0 0 1
    outer loop
      vertex 37.4783 -6.44108 2.4
      vertex 35.2 -8.2 2.4
      vertex 37.4135 -6.87791 2.4
    endloop
  endfacet
  facet normal 0 0 1
    outer loop
      vertex 35.2 -3.8 2.4
      vertex 37.1575 -4.27792 2.4
      vertex 36.9686 -3.87871 2.4
    endloop
  endfacet
  facet normal 0 0 1
    outer loop
      vertex 37.4135 -6.87791 2.4
      vertex 35.2 -8.2 2.4
      vertex 37.3062 -7.30628 2.4
    endloop
  endfacet
  facet normal -0 0 1
    outer loop
      vertex 35.2 -3.8 2.4
      vertex 36.9686 -3.87871 2.4
      vertex 36.7416 -3.49993 2.4
    endloop
  endfacet
  facet normal 0 0 1
    outer loop
      vertex 37.3062 -7.30628 2.4
      vertex 35.2 -8.2 2.4
      vertex 37.1575 -7.72207 2.4
    endloop
  endfacet
  facet normal 0 0 1
    outer loop
      vertex 35.2 -3.8 2.4
      vertex 36.7416 -3.49993 2.4
      vertex 36.4785 -3.14523 2.4
    endloop
  endfacet
  facet normal 0 0 1
    outer loop
      vertex 37.1575 -7.72207 2.4
      vertex 35.2 -8.2 2.4
      vertex 36.9686 -8.12128 2.4
    endloop
  endfacet
  facet normal 0 0 1
    outer loop
      vertex 35.2 -3.8 2.4
      vertex 36.4785 -3.14523 2.4
      vertex 36.182 -2.81802 2.4
    endloop
  endfacet
  facet normal 0 0 1
    outer loop
      vertex 36.9686 -8.12128 2.4
      vertex 35.2 -8.2 2.4
      vertex 36.7416 -8.50007 2.4
    endloop
  endfacet
  facet normal 0 0 1
    outer loop
      vertex 35.2 -3.8 2.4
      vertex 36.182 -2.81802 2.4
      vertex 35.8548 -2.52145 2.4
    endloop
  endfacet
  facet normal 0 0 1
    outer loop
      vertex 36.7416 -8.50007 2.4
      vertex 35.2 -8.2 2.4
      vertex 36.4785 -8.85477 2.4
    endloop
  endfacet
  facet normal 0 0 1
    outer loop
      vertex 35.2 -3.8 2.4
      vertex 35.8548 -2.52145 2.4
      vertex 35.5001 -2.25839 2.4
    endloop
  endfacet
  facet normal 0 0 1
    outer loop
      vertex 36.4785 -8.85477 2.4
      vertex 35.2 -8.2 2.4
      vertex 36.182 -9.18198 2.4
    endloop
  endfacet
  facet normal 0 0 1
    outer loop
      vertex 36.182 -9.18198 2.4
      vertex 35.2 -8.2 2.4
      vertex 35.8548 -9.47855 2.4
    endloop
  endfacet
  facet normal 0 0 1
    outer loop
      vertex 35.1213 -2.03135 2.4
      vertex 35.2 -3.8 2.4
      vertex 35.5001 -2.25839 2.4
    endloop
  endfacet
  facet normal 0 0 1
    outer loop
      vertex 34.7221 -1.84254 2.4
      vertex 35.2 -3.8 2.4
      vertex 35.1213 -2.03135 2.4
    endloop
  endfacet
  facet normal 0 0 1
    outer loop
      vertex 34.3063 -1.69377 2.4
      vertex 35.2 -3.8 2.4
      vertex 34.7221 -1.84254 2.4
    endloop
  endfacet
  facet normal 0 0 1
    outer loop
      vertex 33.8779 -1.58647 2.4
      vertex 35.2 -3.8 2.4
      vertex 34.3063 -1.69377 2.4
    endloop
  endfacet
  facet normal 0 0 1
    outer loop
      vertex 33.4411 -1.52167 2.4
      vertex 35.2 -3.8 2.4
      vertex 33.8779 -1.58647 2.4
    endloop
  endfacet
  facet normal 0 0 1
    outer loop
      vertex 33 -1.5 2.4
      vertex 35.2 -3.8 2.4
      vertex 33.4411 -1.52167 2.4
    endloop
  endfacet
  facet normal 0 0 1
    outer loop
      vertex 30.8 -3.8 2.4
      vertex 33 -1.5 2.4
      vertex 32.5589 -1.52167 2.4
    endloop
  endfacet
  facet normal 0 0 1
    outer loop
      vertex 30.8 -3.8 2.4
      vertex 32.5589 -1.52167 2.4
      vertex 32.1221 -1.58647 2.4
    endloop
  endfacet
  facet normal 0 0 1
    outer loop
      vertex 30.8 -3.8 2.4
      vertex 32.1221 -1.58647 2.4
      vertex 31.6937 -1.69377 2.4
    endloop
  endfacet
  facet normal 0 0 1
    outer loop
      vertex 30.8 -3.8 2.4
      vertex 31.6937 -1.69377 2.4
      vertex 31.2779 -1.84254 2.4
    endloop
  endfacet
  facet normal 0 0 1
    outer loop
      vertex 30.8 -3.8 2.4
      vertex 31.2779 -1.84254 2.4
      vertex 30.8787 -2.03135 2.4
    endloop
  endfacet
  facet normal 0 0 1
    outer loop
      vertex 33 -1.5 2.4
      vertex 30.8 -3.8 2.4
      vertex 35.2 -3.8 2.4
    endloop
  endfacet
  facet normal -0 0 1
    outer loop
      vertex 30.4999 -2.25839 2.4
      vertex 30.8 -3.8 2.4
      vertex 30.8787 -2.03135 2.4
    endloop
  endfacet
  facet normal -0 0 1
    outer loop
      vertex 30.1452 -2.52145 2.4
      vertex 30.8 -3.8 2.4
      vertex 30.4999 -2.25839 2.4
    endloop
  endfacet
  facet normal -0 0 1
    outer loop
      vertex 29.818 -2.81802 2.4
      vertex 30.8 -3.8 2.4
      vertex 30.1452 -2.52145 2.4
    endloop
  endfacet
  facet normal -0 0 1
    outer loop
      vertex 29.5215 -3.14523 2.4
      vertex 30.8 -3.8 2.4
      vertex 29.818 -2.81802 2.4
    endloop
  endfacet
  facet normal 0 0 1
    outer loop
      vertex 30.4354 -6.89873 2.4
      vertex 30.1452 -9.47855 2.4
      vertex 30.4354 -9.69378 2.4
    endloop
  endfacet
  facet normal -0 0 1
    outer loop
      vertex 29.2584 -3.49993 2.4
      vertex 30.8 -3.8 2.4
      vertex 29.5215 -3.14523 2.4
    endloop
  endfacet
  facet normal 0 0 1
    outer loop
      vertex 30.4354 -6.89873 2.4
      vertex 29.818 -9.18198 2.4
      vertex 30.1452 -9.47855 2.4
    endloop
  endfacet
  facet normal 0 0 1
    outer loop
      vertex 29.0314 -3.87871 2.4
      vertex 30.8 -3.8 2.4
      vertex 29.2584 -3.49993 2.4
    endloop
  endfacet
  facet normal 0 0 1
    outer loop
      vertex 30.4354 -6.89873 2.4
      vertex 29.5215 -8.85477 2.4
      vertex 29.818 -9.18198 2.4
    endloop
  endfacet
  facet normal 0 0 1
    outer loop
      vertex 28.8425 -4.27792 2.4
      vertex 30.8 -3.8 2.4
      vertex 29.0314 -3.87871 2.4
    endloop
  endfacet
  facet normal 0 0 1
    outer loop
      vertex 30.4354 -6.89873 2.4
      vertex 29.2584 -8.50007 2.4
      vertex 29.5215 -8.85477 2.4
    endloop
  endfacet
  facet normal 0 0 1
    outer loop
      vertex 28.6938 -4.69372 2.4
      vertex 30.8 -3.8 2.4
      vertex 28.8425 -4.27792 2.4
    endloop
  endfacet
  facet normal 0 0 1
    outer loop
      vertex 30.4354 -6.89873 2.4
      vertex 29.0314 -8.12128 2.4
      vertex 29.2584 -8.50007 2.4
    endloop
  endfacet
  facet normal 0 0 1
    outer loop
      vertex 30.8 -3.8 2.4
      vertex 28.6938 -4.69372 2.4
      vertex 30.4354 -6.89873 2.4
    endloop
  endfacet
  facet normal 0 0 1
    outer loop
      vertex 30.4354 -6.89873 2.4
      vertex 28.8425 -7.72207 2.4
      vertex 29.0314 -8.12128 2.4
    endloop
  endfacet
  facet normal -0 0 1
    outer loop
      vertex 28.5865 -5.12209 2.4
      vertex 30.4354 -6.89873 2.4
      vertex 28.6938 -4.69372 2.4
    endloop
  endfacet
  facet normal 0 0 1
    outer loop
      vertex 30.4354 -6.89873 2.4
      vertex 28.6938 -7.30628 2.4
      vertex 28.8425 -7.72207 2.4
    endloop
  endfacet
  facet normal -0 0 1
    outer loop
      vertex 28.5217 -5.55892 2.4
      vertex 30.4354 -6.89873 2.4
      vertex 28.5865 -5.12209 2.4
    endloop
  endfacet
  facet normal 0 0 1
    outer loop
      vertex 30.4354 -6.89873 2.4
      vertex 28.5865 -6.87791 2.4
      vertex 28.6938 -7.30628 2.4
    endloop
  endfacet
  facet normal -0 0 1
    outer loop
      vertex 28.5 -6 2.4
      vertex 30.4354 -6.89873 2.4
      vertex 28.5217 -5.55892 2.4
    endloop
  endfacet
  facet normal 0 0 1
    outer loop
      vertex 30.4354 -6.89873 2.4
      vertex 28.5217 -6.44108 2.4
      vertex 28.5865 -6.87791 2.4
    endloop
  endfacet
  facet normal 0 0 1
    outer loop
      vertex 30.4354 -6.89873 2.4
      vertex 28.5 -6 2.4
      vertex 28.5217 -6.44108 2.4
    endloop
  endfacet
  facet normal 0 0 1
    outer loop
      vertex 35.8548 -9.47855 2.4
      vertex 35.2 -8.2 2.4
      vertex 35.5001 -9.74161 2.4
    endloop
  endfacet
  facet normal 0 0 1
    outer loop
      vertex 35.2 -8.2 2.4
      vertex 35.1213 -9.96865 2.4
      vertex 35.5001 -9.74161 2.4
    endloop
  endfacet
  facet normal 0 -0 1
    outer loop
      vertex 35.1213 -9.96865 2.4
      vertex 35.2 -8.2 2.4
      vertex 35.0688 -9.99348 2.4
    endloop
  endfacet
  facet normal -0.595694 0.803211 0
    outer loop
      vertex 30.4999 -2.25839 -1.90735e-07
      vertex 30.1452 -2.52145 2.4
      vertex 30.4999 -2.25839 2.4
    endloop
  endfacet
  facet normal -0.595694 0.803211 0
    outer loop
      vertex 30.1452 -2.52145 2.4
      vertex 30.4999 -2.25839 -1.90735e-07
      vertex 30.1452 -2.52145 -1.90735e-07
    endloop
  endfacet
  facet normal -0.514096 0.857733 0
    outer loop
      vertex 30.8787 -2.03135 -1.90735e-07
      vertex 30.4999 -2.25839 2.4
      vertex 30.8787 -2.03135 2.4
    endloop
  endfacet
  facet normal -0.514096 0.857733 0
    outer loop
      vertex 30.4999 -2.25839 2.4
      vertex 30.8787 -2.03135 -1.90735e-07
      vertex 30.4999 -2.25839 -1.90735e-07
    endloop
  endfacet
  facet normal -0.671575 0.740936 0
    outer loop
      vertex 30.1452 -2.52145 -1.90735e-07
      vertex 29.818 -2.81802 2.4
      vertex 30.1452 -2.52145 2.4
    endloop
  endfacet
  facet normal -0.671575 0.740936 0
    outer loop
      vertex 29.818 -2.81802 2.4
      vertex 30.1452 -2.52145 -1.90735e-07
      vertex 29.818 -2.81802 -1.90735e-07
    endloop
  endfacet
  facet normal -0.336879 0.941548 0
    outer loop
      vertex 31.6937 -1.69377 -1.90735e-07
      vertex 31.2779 -1.84254 2.4
      vertex 31.6937 -1.69377 2.4
    endloop
  endfacet
  facet normal -0.336879 0.941548 0
    outer loop
      vertex 31.2779 -1.84254 2.4
      vertex 31.6937 -1.69377 -1.90735e-07
      vertex 31.2779 -1.84254 -1.90735e-07
    endloop
  endfacet
  facet normal -0.146746 0.989174 0
    outer loop
      vertex 32.5589 -1.52167 -1.90735e-07
      vertex 32.1221 -1.58647 2.4
      vertex 32.5589 -1.52167 2.4
    endloop
  endfacet
  facet normal -0.146746 0.989174 0
    outer loop
      vertex 32.1221 -1.58647 2.4
      vertex 32.5589 -1.52167 -1.90735e-07
      vertex 32.1221 -1.58647 -1.90735e-07
    endloop
  endfacet
  facet normal 0.998792 -0.049138 0
    outer loop
      vertex 37.4783 -6.44108 2.4
      vertex 37.5 -6 -1.90735e-07
      vertex 37.5 -6 2.4
    endloop
  endfacet
  facet normal 0.998792 -0.049138 0
    outer loop
      vertex 37.5 -6 -1.90735e-07
      vertex 37.4783 -6.44108 2.4
      vertex 37.4783 -6.44108 -1.90735e-07
    endloop
  endfacet
  facet normal 0.514096 -0.857733 0
    outer loop
      vertex 35.1213 -9.96865 -1.90735e-07
      vertex 35.5001 -9.74161 2.4
      vertex 35.1213 -9.96865 2.4
    endloop
  endfacet
  facet normal 0.514096 -0.857733 0
    outer loop
      vertex 35.5001 -9.74161 2.4
      vertex 35.1213 -9.96865 -1.90735e-07
      vertex 35.5001 -9.74161 -1.90735e-07
    endloop
  endfacet
  facet normal -0.741025 -0.671477 0
    outer loop
      vertex 29.818 -9.18198 -1.90735e-07
      vertex 29.5215 -8.85477 2.4
      vertex 29.5215 -8.85477 -1.90735e-07
    endloop
  endfacet
  facet normal -0.741025 -0.671477 0
    outer loop
      vertex 29.5215 -8.85477 2.4
      vertex 29.818 -9.18198 -1.90735e-07
      vertex 29.818 -9.18198 2.4
    endloop
  endfacet
  facet normal 0.146746 -0.989174 0
    outer loop
      vertex 33.4411 -10.4783 -1.90735e-07
      vertex 33.8779 -10.4135 2.13255
      vertex 33.4411 -10.4783 2.19498
    endloop
  endfacet
  facet normal 0.146746 -0.989174 0
    outer loop
      vertex 33.8779 -10.4135 2.13255
      vertex 33.4411 -10.4783 -1.90735e-07
      vertex 33.8779 -10.4135 -1.90735e-07
    endloop
  endfacet
  facet normal -0.998792 -0.049138 0
    outer loop
      vertex 28.5217 -6.44108 -1.90735e-07
      vertex 28.5 -6 2.4
      vertex 28.5 -6 -1.90735e-07
    endloop
  endfacet
  facet normal -0.998792 -0.049138 0
    outer loop
      vertex 28.5 -6 2.4
      vertex 28.5217 -6.44108 -1.90735e-07
      vertex 28.5217 -6.44108 2.4
    endloop
  endfacet
  facet normal 0.941596 -0.336745 0
    outer loop
      vertex 37.1575 -7.72207 2.4
      vertex 37.3062 -7.30628 -1.90735e-07
      vertex 37.3062 -7.30628 2.4
    endloop
  endfacet
  facet normal 0.941596 -0.336745 0
    outer loop
      vertex 37.3062 -7.30628 -1.90735e-07
      vertex 37.1575 -7.72207 2.4
      vertex 37.1575 -7.72207 -1.90735e-07
    endloop
  endfacet
  facet normal 0.970032 -0.242978 0
    outer loop
      vertex 37.3062 -7.30628 2.4
      vertex 37.4135 -6.87791 -1.90735e-07
      vertex 37.4135 -6.87791 2.4
    endloop
  endfacet
  facet normal 0.970032 -0.242978 0
    outer loop
      vertex 37.4135 -6.87791 -1.90735e-07
      vertex 37.3062 -7.30628 2.4
      vertex 37.3062 -7.30628 -1.90735e-07
    endloop
  endfacet
  facet normal 0.741025 -0.671477 0
    outer loop
      vertex 36.182 -9.18198 2.4
      vertex 36.4785 -8.85477 -1.90735e-07
      vertex 36.4785 -8.85477 2.4
    endloop
  endfacet
  facet normal 0.741025 -0.671477 0
    outer loop
      vertex 36.4785 -8.85477 -1.90735e-07
      vertex 36.182 -9.18198 2.4
      vertex 36.182 -9.18198 -1.90735e-07
    endloop
  endfacet
  facet normal 0.595694 -0.803211 0
    outer loop
      vertex 35.5001 -9.74161 -1.90735e-07
      vertex 35.8548 -9.47855 2.4
      vertex 35.5001 -9.74161 2.4
    endloop
  endfacet
  facet normal 0.595694 -0.803211 0
    outer loop
      vertex 35.8548 -9.47855 2.4
      vertex 35.5001 -9.74161 -1.90735e-07
      vertex 35.8548 -9.47855 -1.90735e-07
    endloop
  endfacet
  facet normal 0.903913 -0.427717 0
    outer loop
      vertex 36.9686 -8.12128 2.4
      vertex 37.1575 -7.72207 -1.90735e-07
      vertex 37.1575 -7.72207 2.4
    endloop
  endfacet
  facet normal 0.903913 -0.427717 0
    outer loop
      vertex 37.1575 -7.72207 -1.90735e-07
      vertex 36.9686 -8.12128 2.4
      vertex 36.9686 -8.12128 -1.90735e-07
    endloop
  endfacet
  facet normal -0.0491358 -0.998792 0
    outer loop
      vertex 33 -10.5 -1.90735e-07
      vertex 32.5589 -10.4783 2.19498
      vertex 32.5589 -10.4783 -1.90735e-07
    endloop
  endfacet
  facet normal -0.0491358 -0.998792 0
    outer loop
      vertex 32.5589 -10.4783 2.19498
      vertex 33 -10.5 -1.90735e-07
      vertex 33 -10.5 2.21585
    endloop
  endfacet
  facet normal -0.803168 -0.595753 0
    outer loop
      vertex 29.5215 -8.85477 -1.90735e-07
      vertex 29.2584 -8.50007 2.4
      vertex 29.2584 -8.50007 -1.90735e-07
    endloop
  endfacet
  facet normal -0.803168 -0.595753 0
    outer loop
      vertex 29.2584 -8.50007 2.4
      vertex 29.5215 -8.85477 -1.90735e-07
      vertex 29.5215 -8.85477 2.4
    endloop
  endfacet
  facet normal -0.941596 -0.336745 0
    outer loop
      vertex 28.8425 -7.72207 -1.90735e-07
      vertex 28.6938 -7.30628 2.4
      vertex 28.6938 -7.30628 -1.90735e-07
    endloop
  endfacet
  facet normal -0.941596 -0.336745 0
    outer loop
      vertex 28.6938 -7.30628 2.4
      vertex 28.8425 -7.72207 -1.90735e-07
      vertex 28.8425 -7.72207 2.4
    endloop
  endfacet
  facet normal -0.989176 -0.146736 0
    outer loop
      vertex 28.5865 -6.87791 -1.90735e-07
      vertex 28.5217 -6.44108 2.4
      vertex 28.5217 -6.44108 -1.90735e-07
    endloop
  endfacet
  facet normal -0.989176 -0.146736 0
    outer loop
      vertex 28.5217 -6.44108 2.4
      vertex 28.5865 -6.87791 -1.90735e-07
      vertex 28.5865 -6.87791 2.4
    endloop
  endfacet
  facet normal -0.970032 -0.242978 0
    outer loop
      vertex 28.6938 -7.30628 -1.90735e-07
      vertex 28.5865 -6.87791 2.4
      vertex 28.5865 -6.87791 -1.90735e-07
    endloop
  endfacet
  facet normal -0.970032 -0.242978 0
    outer loop
      vertex 28.5865 -6.87791 2.4
      vertex 28.6938 -7.30628 -1.90735e-07
      vertex 28.6938 -7.30628 2.4
    endloop
  endfacet
  facet normal 0.427647 -0.903946 0
    outer loop
      vertex 34.7221 -10.1575 1.88584
      vertex 34.7221 -10.1575 -1.90735e-07
      vertex 35.0688 -9.99348 1.72787
    endloop
  endfacet
  facet normal 0.427546 -0.903994 0
    outer loop
      vertex 35.0688 -9.99348 1.72787
      vertex 35.1213 -9.96865 2.4
      vertex 35.0688 -9.99348 2.4
    endloop
  endfacet
  facet normal 0.427546 -0.903994 0
    outer loop
      vertex 35.0688 -9.99348 1.72787
      vertex 35.1213 -9.96865 -1.90735e-07
      vertex 35.1213 -9.96865 2.4
    endloop
  endfacet
  facet normal 0.427634 -0.903952 3.26189e-06
    outer loop
      vertex 35.1213 -9.96865 -1.90735e-07
      vertex 35.0688 -9.99348 1.72787
      vertex 34.7221 -10.1575 -1.90735e-07
    endloop
  endfacet
  facet normal 0.242962 -0.970036 0
    outer loop
      vertex 33.8779 -10.4135 -1.90735e-07
      vertex 34.3063 -10.3062 2.02917
      vertex 33.8779 -10.4135 2.13255
    endloop
  endfacet
  facet normal 0.242962 -0.970036 0
    outer loop
      vertex 34.3063 -10.3062 2.02917
      vertex 33.8779 -10.4135 -1.90735e-07
      vertex 34.3063 -10.3062 -1.90735e-07
    endloop
  endfacet
  facet normal 0.989176 -0.146736 0
    outer loop
      vertex 37.4135 -6.87791 2.4
      vertex 37.4783 -6.44108 -1.90735e-07
      vertex 37.4783 -6.44108 2.4
    endloop
  endfacet
  facet normal 0.989176 -0.146736 0
    outer loop
      vertex 37.4783 -6.44108 -1.90735e-07
      vertex 37.4135 -6.87791 2.4
      vertex 37.4135 -6.87791 -1.90735e-07
    endloop
  endfacet
  facet normal 0.857767 -0.514039 0
    outer loop
      vertex 36.7416 -8.50007 2.4
      vertex 36.9686 -8.12128 -1.90735e-07
      vertex 36.9686 -8.12128 2.4
    endloop
  endfacet
  facet normal 0.857767 -0.514039 0
    outer loop
      vertex 36.9686 -8.12128 -1.90735e-07
      vertex 36.7416 -8.50007 2.4
      vertex 36.7416 -8.50007 -1.90735e-07
    endloop
  endfacet
  facet normal 0.671575 -0.740936 0
    outer loop
      vertex 35.8548 -9.47855 -1.90735e-07
      vertex 36.182 -9.18198 2.4
      vertex 35.8548 -9.47855 2.4
    endloop
  endfacet
  facet normal 0.671575 -0.740936 0
    outer loop
      vertex 36.182 -9.18198 2.4
      vertex 35.8548 -9.47855 -1.90735e-07
      vertex 36.182 -9.18198 -1.90735e-07
    endloop
  endfacet
  facet normal 0.0491358 -0.998792 0
    outer loop
      vertex 33 -10.5 -1.90735e-07
      vertex 33.4411 -10.4783 2.19498
      vertex 33 -10.5 2.21585
    endloop
  endfacet
  facet normal 0.0491358 -0.998792 0
    outer loop
      vertex 33.4411 -10.4783 2.19498
      vertex 33 -10.5 -1.90735e-07
      vertex 33.4411 -10.4783 -1.90735e-07
    endloop
  endfacet
  facet normal -0.671575 -0.740936 0
    outer loop
      vertex 29.818 -9.18198 -1.90735e-07
      vertex 30.1452 -9.47855 2.4
      vertex 29.818 -9.18198 2.4
    endloop
  endfacet
  facet normal -0.671575 -0.740936 -0
    outer loop
      vertex 30.1452 -9.47855 2.4
      vertex 29.818 -9.18198 -1.90735e-07
      vertex 30.1452 -9.47855 -1.90735e-07
    endloop
  endfacet
  facet normal -0.857767 -0.514039 0
    outer loop
      vertex 29.2584 -8.50007 -1.90735e-07
      vertex 29.0314 -8.12128 2.4
      vertex 29.0314 -8.12128 -1.90735e-07
    endloop
  endfacet
  facet normal -0.857767 -0.514039 0
    outer loop
      vertex 29.0314 -8.12128 2.4
      vertex 29.2584 -8.50007 -1.90735e-07
      vertex 29.2584 -8.50007 2.4
    endloop
  endfacet
  facet normal -0.903913 -0.427717 0
    outer loop
      vertex 29.0314 -8.12128 -1.90735e-07
      vertex 28.8425 -7.72207 2.4
      vertex 28.8425 -7.72207 -1.90735e-07
    endloop
  endfacet
  facet normal -0.903913 -0.427717 0
    outer loop
      vertex 28.8425 -7.72207 2.4
      vertex 29.0314 -8.12128 -1.90735e-07
      vertex 29.0314 -8.12128 2.4
    endloop
  endfacet
  facet normal -0.242962 -0.970036 0
    outer loop
      vertex 32.1221 -10.4135 -1.90735e-07
      vertex 31.6937 -10.3062 2.02917
      vertex 31.6937 -10.3062 -1.90735e-07
    endloop
  endfacet
  facet normal -0.242962 -0.970036 0
    outer loop
      vertex 31.6937 -10.3062 2.02917
      vertex 32.1221 -10.4135 -1.90735e-07
      vertex 32.1221 -10.4135 2.13255
    endloop
  endfacet
  facet normal -0.595705 -0.803204 -1.34877e-05
    outer loop
      vertex 30.1452 -9.47855 2.4
      vertex 30.4999 -9.74161 1.97543
      vertex 30.4354 -9.69378 2.4
    endloop
  endfacet
  facet normal -0.595694 -0.803211 0
    outer loop
      vertex 30.1452 -9.47855 -1.90735e-07
      vertex 30.4999 -9.74161 1.97543
      vertex 30.1452 -9.47855 2.4
    endloop
  endfacet
  facet normal -0.595694 -0.803211 -0
    outer loop
      vertex 30.4999 -9.74161 1.97543
      vertex 30.1452 -9.47855 -1.90735e-07
      vertex 30.4999 -9.74161 -1.90735e-07
    endloop
  endfacet
  facet normal -0.146746 -0.989174 0
    outer loop
      vertex 32.5589 -10.4783 -1.90735e-07
      vertex 32.1221 -10.4135 2.13255
      vertex 32.1221 -10.4135 -1.90735e-07
    endloop
  endfacet
  facet normal -0.146746 -0.989174 0
    outer loop
      vertex 32.1221 -10.4135 2.13255
      vertex 32.5589 -10.4783 -1.90735e-07
      vertex 32.5589 -10.4783 2.19498
    endloop
  endfacet
  facet normal -0.427634 -0.903952 0
    outer loop
      vertex 31.2779 -10.1575 -1.90735e-07
      vertex 30.8787 -9.96865 1.70394
      vertex 30.8787 -9.96865 -1.90735e-07
    endloop
  endfacet
  facet normal -0.427634 -0.903952 0
    outer loop
      vertex 30.8787 -9.96865 1.70394
      vertex 31.2779 -10.1575 -1.90735e-07
      vertex 31.2779 -10.1575 1.88584
    endloop
  endfacet
  facet normal -0.513943 -0.857824 -0
    outer loop
      vertex 30.4999 -9.74161 1.97543
      vertex 30.4999 -9.74161 -1.90735e-07
      vertex 30.5684 -9.78265 1.52474
    endloop
  endfacet
  facet normal -0.514096 -0.857733 9.3381e-06
    outer loop
      vertex 30.8787 -9.96865 -1.90735e-07
      vertex 30.5684 -9.78265 1.52474
      vertex 30.4999 -9.74161 -1.90735e-07
    endloop
  endfacet
  facet normal -0.51413 -0.857712 0
    outer loop
      vertex 30.5684 -9.78265 1.52474
      vertex 30.8787 -9.96865 -1.90735e-07
      vertex 30.8787 -9.96865 1.70394
    endloop
  endfacet
  facet normal -0.336738 -0.941598 0
    outer loop
      vertex 31.6937 -10.3062 -1.90735e-07
      vertex 31.2779 -10.1575 1.88584
      vertex 31.2779 -10.1575 -1.90735e-07
    endloop
  endfacet
  facet normal -0.336738 -0.941598 0
    outer loop
      vertex 31.2779 -10.1575 1.88584
      vertex 31.6937 -10.3062 -1.90735e-07
      vertex 31.6937 -10.3062 2.02917
    endloop
  endfacet
  facet normal 0.997333 -0.0729803 0
    outer loop
      vertex 34.7829 -13.9 7.8
      vertex 35.2 -8.2 2.4
      vertex 34.7829 -13.9 7.89146
    endloop
  endfacet
  facet normal 0.997335 -0.0729589 2.27078e-05
    outer loop
      vertex 35.2 -8.2 2.4
      vertex 34.7829 -13.9 7.8
      vertex 35.0688 -9.99348 2.4
    endloop
  endfacet
  facet normal 0.997335 -0.0729625 2.00881e-05
    outer loop
      vertex 34.6076 -16.2962 7.8
      vertex 35.0688 -9.99348 2.4
      vertex 34.7829 -13.9 7.8
    endloop
  endfacet
  facet normal 0.997333 -0.0729796 0
    outer loop
      vertex 35.0688 -9.99348 2.4
      vertex 34.6076 -16.2962 7.8
      vertex 35.0688 -9.99348 1.72787
    endloop
  endfacet
  facet normal 0 -0.693802 -0.720166
    outer loop
      vertex 29.6 -16.4 7.9
      vertex 33.3 -16.2962 7.8
      vertex 33.3 -16.4 7.9
    endloop
  endfacet
  facet normal -5.9122e-05 -0.693812 -0.720156
    outer loop
      vertex 33.3 -16.2962 7.8
      vertex 32.5589 -10.4783 2.19498
      vertex 33 -10.5 2.21585
    endloop
  endfacet
  facet normal 1.79113e-06 -0.693808 -0.72016
    outer loop
      vertex 33.3 -16.2962 7.8
      vertex 32.1221 -10.4135 2.13255
      vertex 32.5589 -10.4783 2.19498
    endloop
  endfacet
  facet normal 3.72118e-07 -0.693809 -0.720159
    outer loop
      vertex 33.3 -16.2962 7.8
      vertex 29.6 -16.4 7.9
      vertex 32.1221 -10.4135 2.13255
    endloop
  endfacet
  facet normal 9.39428e-06 -0.693811 -0.720158
    outer loop
      vertex 32.1221 -10.4135 2.13255
      vertex 29.6 -16.4 7.9
      vertex 31.6937 -10.3062 2.02917
    endloop
  endfacet
  facet normal 0.000109328 -0.693828 -0.72014
    outer loop
      vertex 31.6937 -10.3062 2.02917
      vertex 29.6 -16.4 7.9
      vertex 31.2779 -10.1575 1.88584
    endloop
  endfacet
  facet normal -6.7524e-05 -0.693804 -0.720164
    outer loop
      vertex 31.2779 -10.1575 1.88584
      vertex 29.6 -16.4 7.9
      vertex 30.8787 -9.96865 1.70394
    endloop
  endfacet
  facet normal 9.91813e-06 -0.693812 -0.720157
    outer loop
      vertex 30.8787 -9.96865 1.70394
      vertex 29.6 -16.4 7.9
      vertex 30.5684 -9.78265 1.52474
    endloop
  endfacet
  facet normal 0.000105858 -0.693814 -0.720154
    outer loop
      vertex 34.6076 -16.2962 7.8
      vertex 34.7221 -10.1575 1.88584
      vertex 35.0688 -9.99348 1.72787
    endloop
  endfacet
  facet normal -0.00012051 -0.693812 -0.720156
    outer loop
      vertex 34.6076 -16.2962 7.8
      vertex 34.3063 -10.3062 2.02917
      vertex 34.7221 -10.1575 1.88584
    endloop
  endfacet
  facet normal -1.00165e-05 -0.693809 -0.720159
    outer loop
      vertex 34.6076 -16.2962 7.8
      vertex 33.8779 -10.4135 2.13255
      vertex 34.3063 -10.3062 2.02917
    endloop
  endfacet
  facet normal -1.70652e-06 -0.693809 -0.720159
    outer loop
      vertex 34.6076 -16.2962 7.8
      vertex 33.4411 -10.4783 2.19498
      vertex 33.8779 -10.4135 2.13255
    endloop
  endfacet
  facet normal 0 -0.693809 -0.72016
    outer loop
      vertex 33.3 -16.2962 7.8
      vertex 33.4411 -10.4783 2.19498
      vertex 34.6076 -16.2962 7.8
    endloop
  endfacet
  facet normal 5.88219e-05 -0.693809 -0.720159
    outer loop
      vertex 33.4411 -10.4783 2.19498
      vertex 33.3 -16.2962 7.8
      vertex 33 -10.5 2.21585
    endloop
  endfacet
  facet normal 0 0.612327 0.790605
    outer loop
      vertex 35.2 -3.8 2.4
      vertex 33.3 -13.9 10.2225
      vertex 34.6059 -13.9 10.2225
    endloop
  endfacet
  facet normal -0 0.612327 0.790605
    outer loop
      vertex 30.8 -3.8 2.4
      vertex 33.3 -13.9 10.2225
      vertex 35.2 -3.8 2.4
    endloop
  endfacet
  facet normal 1.05078e-05 0.612329 0.790603
    outer loop
      vertex 29.6 -14 10.3
      vertex 33.3 -13.9 10.2225
      vertex 30.8 -3.8 2.4
    endloop
  endfacet
  facet normal 0 0.612572 0.790415
    outer loop
      vertex 33.3 -13.9 10.2225
      vertex 29.6 -14 10.3
      vertex 33.3 -14 10.3
    endloop
  endfacet
  facet normal 0.997128 0 0.0757295
    outer loop
      vertex 34.6059 -13.9 10.2225
      vertex 35.2 -8.2 2.4
      vertex 35.2 -3.8 2.4
    endloop
  endfacet
  facet normal 0.99713 -2.16405e-05 0.0757138
    outer loop
      vertex 35.2 -8.2 2.4
      vertex 34.6059 -13.9 10.2225
      vertex 34.7829 -13.9 7.89146
    endloop
  endfacet
  facet normal -0.993151 0.116835 0
    outer loop
      vertex 29.6 -14 10.3
      vertex 30.4354 -6.89873 2.4
      vertex 29.6 -14 7.9
    endloop
  endfacet
  facet normal -0.993149 0.116855 1.8013e-05
    outer loop
      vertex 30.4354 -6.89873 2.4
      vertex 29.6 -14 10.3
      vertex 30.8 -3.8 2.4
    endloop
  endfacet
  facet normal -0.98866 0 -0.150169
    outer loop
      vertex 30.4354 -9.69378 2.4
      vertex 29.6 -14 7.9
      vertex 30.4354 -6.89873 2.4
    endloop
  endfacet
  facet normal -0.988657 -3.036e-05 -0.150192
    outer loop
      vertex 30.4999 -9.74161 1.97543
      vertex 29.6 -14 7.9
      vertex 30.4354 -9.69378 2.4
    endloop
  endfacet
  facet normal -0.988647 -7.83582e-05 -0.150257
    outer loop
      vertex 29.6 -16.4 7.9
      vertex 30.4999 -9.74161 1.97543
      vertex 30.5684 -9.78265 1.52474
    endloop
  endfacet
  facet normal -0.98866 0 -0.15017
    outer loop
      vertex 30.4999 -9.74161 1.97543
      vertex 29.6 -16.4 7.9
      vertex 29.6 -14 7.9
    endloop
  endfacet
  facet normal -0 0 1
    outer loop
      vertex 29.6 -16.4 10.3
      vertex 33.3 -29.6 10.3
      vertex 33.3 -16.4 10.3
    endloop
  endfacet
  facet normal 0 0 1
    outer loop
      vertex 33.3 -29.6 10.3
      vertex 29.6 -16.4 10.3
      vertex 29.6 -29.6 10.3
    endloop
  endfacet
  facet normal -0 0 1
    outer loop
      vertex 44.7 -16.4 10.3
      vertex 48.6 -29.6 10.3
      vertex 48.6 -16.4 10.3
    endloop
  endfacet
  facet normal 0 0 1
    outer loop
      vertex 48.6 -29.6 10.3
      vertex 44.7 -16.4 10.3
      vertex 44.7 -29.6 10.3
    endloop
  endfacet
  facet normal -0 0 1
    outer loop
      vertex 36.7 -16.4 10.3
      vertex 41.3 -29.6 10.3
      vertex 41.3 -16.4 10.3
    endloop
  endfacet
  facet normal 0 0 1
    outer loop
      vertex 41.3 -29.6 10.3
      vertex 36.7 -16.4 10.3
      vertex 36.7 -29.6 10.3
    endloop
  endfacet
  facet normal 1 0 0
    outer loop
      vertex 33.3 -32 10.3
      vertex 33.3 -29.6 10.3
      vertex 33.3 -29.6 10.4
    endloop
  endfacet
  facet normal 1 0 0
    outer loop
      vertex 33.3 -29.6 10.3
      vertex 33.3 -32.1 10.1119
      vertex 33.3 -29.6 7.9
    endloop
  endfacet
  facet normal 1 0 0
    outer loop
      vertex 33.3 -32 10.3
      vertex 33.3 -29.6 10.4
      vertex 33.3 -32 10.4
    endloop
  endfacet
  facet normal 1 0 0
    outer loop
      vertex 33.3 -29.6 10.3
      vertex 33.3 -32 10.3
      vertex 33.3 -32.1 10.1119
    endloop
  endfacet
  facet normal 1 0 0
    outer loop
      vertex 33.3 -32.1 7.8
      vertex 33.3 -29.6 7.9
      vertex 33.3 -32.1 10.1119
    endloop
  endfacet
  facet normal 1 0 0
    outer loop
      vertex 33.3 -29.6 7.9
      vertex 33.3 -32.1 7.8
      vertex 33.3 -29.6278 7.8
    endloop
  endfacet
  facet normal 1 0 0
    outer loop
      vertex 33.3 -16.4 10.3
      vertex 33.3 -14 10.3
      vertex 33.3 -14 10.4
    endloop
  endfacet
  facet normal 1 0 0
    outer loop
      vertex 33.3 -16.4 10.3
      vertex 33.3 -14 10.4
      vertex 33.3 -16.4 10.4
    endloop
  endfacet
  facet normal 1 0 0
    outer loop
      vertex 33.3 -16.4 7.9
      vertex 33.3 -14 10.3
      vertex 33.3 -16.4 10.3
    endloop
  endfacet
  facet normal 1 0 0
    outer loop
      vertex 33.3 -14 10.3
      vertex 33.3 -16.4 7.9
      vertex 33.3 -16.2962 7.8
    endloop
  endfacet
  facet normal 1 -0 0
    outer loop
      vertex 33.3 -29.6 10.3
      vertex 33.3 -16.4 7.9
      vertex 33.3 -16.4 10.3
    endloop
  endfacet
  facet normal 1 0 0
    outer loop
      vertex 33.3 -16.4 7.9
      vertex 33.3 -29.6 10.3
      vertex 33.3 -29.6 7.9
    endloop
  endfacet
  facet normal 1 0 0
    outer loop
      vertex 33.3 -14 10.3
      vertex 33.3 -13.9 7.8
      vertex 33.3 -13.9 10.2225
    endloop
  endfacet
  facet normal 1 0 0
    outer loop
      vertex 33.3 -13.9 7.8
      vertex 33.3 -14 10.3
      vertex 33.3 -16.2962 7.8
    endloop
  endfacet
  facet normal 0 0 -1
    outer loop
      vertex 33.3 -32 10.4
      vertex 36.7 -29.6 10.4
      vertex 36.7 -32 10.4
    endloop
  endfacet
  facet normal -0 0 -1
    outer loop
      vertex 36.7 -29.6 10.4
      vertex 33.3 -32 10.4
      vertex 33.3 -29.6 10.4
    endloop
  endfacet
  facet normal 0 0 -1
    outer loop
      vertex 33.3 -16.4 10.4
      vertex 36.7 -14 10.4
      vertex 36.7 -16.4 10.4
    endloop
  endfacet
  facet normal -0 0 -1
    outer loop
      vertex 36.7 -14 10.4
      vertex 33.3 -16.4 10.4
      vertex 33.3 -14 10.4
    endloop
  endfacet
  facet normal -1 0 0
    outer loop
      vertex 36.7 -14 7.9
      vertex 36.7 -16.4 10.3
      vertex 36.7 -14 10.4
    endloop
  endfacet
  facet normal -1 0 0
    outer loop
      vertex 36.7 -14 7.9
      vertex 36.7 -29.6 10.3
      vertex 36.7 -16.4 10.3
    endloop
  endfacet
  facet normal -1 0 0
    outer loop
      vertex 36.7 -32 7.9
      vertex 36.7 -29.6 10.3
      vertex 36.7 -14 7.9
    endloop
  endfacet
  facet normal -1 0 0
    outer loop
      vertex 36.7 -32 10.4
      vertex 36.7 -29.6 10.3
      vertex 36.7 -32 7.9
    endloop
  endfacet
  facet normal -1 0 0
    outer loop
      vertex 36.7 -29.6 10.3
      vertex 36.7 -32 10.4
      vertex 36.7 -29.6 10.4
    endloop
  endfacet
  facet normal -1 -0 0
    outer loop
      vertex 36.7 -14 10.4
      vertex 36.7 -16.4 10.3
      vertex 36.7 -16.4 10.4
    endloop
  endfacet
  facet normal 0 -1 0
    outer loop
      vertex 33.3 -13.9 7.8
      vertex 34.6059 -13.9 10.2225
      vertex 33.3 -13.9 10.2225
    endloop
  endfacet
  facet normal 0 -1 -0
    outer loop
      vertex 34.6059 -13.9 10.2225
      vertex 33.3 -13.9 7.8
      vertex 34.7829 -13.9 7.89146
    endloop
  endfacet
  facet normal 0 -1 -0
    outer loop
      vertex 34.7829 -13.9 7.89146
      vertex 33.3 -13.9 7.8
      vertex 34.7829 -13.9 7.8
    endloop
  endfacet
  facet normal -0 0 1
    outer loop
      vertex 33.3 -29.6278 7.8
      vertex 34.7899 -30.2962 7.8
      vertex 34.6076 -29.6278 7.8
    endloop
  endfacet
  facet normal 0 0 1
    outer loop
      vertex 34.7899 -30.2962 7.8
      vertex 33.3 -29.6278 7.8
      vertex 33.3 -32.1 7.8
    endloop
  endfacet
  facet normal 0 0 1
    outer loop
      vertex 34.7899 -30.2962 7.8
      vertex 33.3 -32.1 7.8
      vertex 34.7899 -32.1 7.8
    endloop
  endfacet
  facet normal -0 0 1
    outer loop
      vertex 33.3 -13.9 7.8
      vertex 34.6076 -16.2962 7.8
      vertex 34.7829 -13.9 7.8
    endloop
  endfacet
  facet normal 0 0 1
    outer loop
      vertex 34.6076 -16.2962 7.8
      vertex 33.3 -13.9 7.8
      vertex 33.3 -16.2962 7.8
    endloop
  endfacet
  facet normal 0 1 0
    outer loop
      vertex 33.3 -32.1 7.8
      vertex 34.6143 -32.1 10.1119
      vertex 34.7899 -32.1 7.8
    endloop
  endfacet
  facet normal 0 1 0
    outer loop
      vertex 34.6143 -32.1 10.1119
      vertex 33.3 -32.1 7.8
      vertex 33.3 -32.1 10.1119
    endloop
  endfacet
  facet normal 1 0 0
    outer loop
      vertex 41.3 -29.6 10.4
      vertex 41.3 -32 10.4
      vertex 41.3 -29.6 10.3
    endloop
  endfacet
  facet normal 1 0 0
    outer loop
      vertex 41.3 -16.4 10.3
      vertex 41.3 -14 10.4
      vertex 41.3 -16.4 10.4
    endloop
  endfacet
  facet normal 1 0 0
    outer loop
      vertex 41.3 -14 10.4
      vertex 41.3 -16.4 10.3
      vertex 41.3 -14 7.9
    endloop
  endfacet
  facet normal 1 -0 0
    outer loop
      vertex 41.3 -29.6 10.3
      vertex 41.3 -14 7.9
      vertex 41.3 -16.4 10.3
    endloop
  endfacet
  facet normal 1 0 0
    outer loop
      vertex 41.3 -32 7.9
      vertex 41.3 -29.6 10.3
      vertex 41.3 -32 10.4
    endloop
  endfacet
  facet normal 1 0 0
    outer loop
      vertex 41.3 -29.6 10.3
      vertex 41.3 -32 7.9
      vertex 41.3 -14 7.9
    endloop
  endfacet
  facet normal 0 0 -1
    outer loop
      vertex 41.3 -32 10.4
      vertex 44.7 -29.6 10.4
      vertex 44.7 -32 10.4
    endloop
  endfacet
  facet normal -0 0 -1
    outer loop
      vertex 44.7 -29.6 10.4
      vertex 41.3 -32 10.4
      vertex 41.3 -29.6 10.4
    endloop
  endfacet
  facet normal 0 0 -1
    outer loop
      vertex 41.3 -16.4 10.4
      vertex 44.7 -14 10.4
      vertex 44.7 -16.4 10.4
    endloop
  endfacet
  facet normal -0 0 -1
    outer loop
      vertex 44.7 -14 10.4
      vertex 41.3 -16.4 10.4
      vertex 41.3 -14 10.4
    endloop
  endfacet
  facet normal -1 0 0
    outer loop
      vertex 44.7 -14 7.9
      vertex 44.7 -16.4 10.3
      vertex 44.7 -14 10.4
    endloop
  endfacet
  facet normal -1 0 0
    outer loop
      vertex 44.7 -14 7.9
      vertex 44.7 -29.6 10.3
      vertex 44.7 -16.4 10.3
    endloop
  endfacet
  facet normal -1 0 0
    outer loop
      vertex 44.7 -32 7.9
      vertex 44.7 -29.6 10.3
      vertex 44.7 -14 7.9
    endloop
  endfacet
  facet normal -1 0 0
    outer loop
      vertex 44.7 -32 10.4
      vertex 44.7 -29.6 10.3
      vertex 44.7 -32 7.9
    endloop
  endfacet
  facet normal -1 0 0
    outer loop
      vertex 44.7 -29.6 10.3
      vertex 44.7 -32 10.4
      vertex 44.7 -29.6 10.4
    endloop
  endfacet
  facet normal -1 -0 0
    outer loop
      vertex 44.7 -14 10.4
      vertex 44.7 -16.4 10.3
      vertex 44.7 -16.4 10.4
    endloop
  endfacet
  facet normal -0.998791 -0.0491602 0
    outer loop
      vertex 34.7 -34 -1.90735e-07
      vertex 34.6918 -33.8334 2.5
      vertex 34.6918 -33.8334 -1.90735e-07
    endloop
  endfacet
  facet normal -0.998791 -0.0491602 0
    outer loop
      vertex 34.6918 -33.8334 2.5
      vertex 34.7 -34 -1.90735e-07
      vertex 34.7 -34 2.5
    endloop
  endfacet
  facet normal 0.998791 -0.0491602 0
    outer loop
      vertex 31.3 -34 2.5
      vertex 31.3082 -33.8334 -1.90735e-07
      vertex 31.3082 -33.8334 2.5
    endloop
  endfacet
  facet normal 0.998791 -0.0491602 0
    outer loop
      vertex 31.3082 -33.8334 -1.90735e-07
      vertex 31.3 -34 2.5
      vertex 31.3 -34 -1.90735e-07
    endloop
  endfacet
  facet normal -0.0491602 -0.998791 0
    outer loop
      vertex 33 -32.3 -1.90735e-07
      vertex 33.1666 -32.3082 2.5
      vertex 33 -32.3 2.5
    endloop
  endfacet
  facet normal -0.0491602 -0.998791 -0
    outer loop
      vertex 33.1666 -32.3082 2.5
      vertex 33 -32.3 -1.90735e-07
      vertex 33.1666 -32.3082 -1.90735e-07
    endloop
  endfacet
  facet normal -0.671478 -0.741024 0
    outer loop
      vertex 34.0785 -32.6859 -1.90735e-07
      vertex 34.2021 -32.7979 2.5
      vertex 34.0785 -32.6859 2.5
    endloop
  endfacet
  facet normal -0.671478 -0.741024 -0
    outer loop
      vertex 34.2021 -32.7979 2.5
      vertex 34.0785 -32.6859 -1.90735e-07
      vertex 34.2021 -32.7979 -1.90735e-07
    endloop
  endfacet
  facet normal 0.671478 -0.741024 0
    outer loop
      vertex 31.7979 -32.7979 -1.90735e-07
      vertex 31.9215 -32.6859 2.5
      vertex 31.7979 -32.7979 2.5
    endloop
  endfacet
  facet normal 0.671478 -0.741024 0
    outer loop
      vertex 31.9215 -32.6859 2.5
      vertex 31.7979 -32.7979 -1.90735e-07
      vertex 31.9215 -32.6859 -1.90735e-07
    endloop
  endfacet
  facet normal 0.33683 -0.941566 0
    outer loop
      vertex 32.3494 -32.4294 -1.90735e-07
      vertex 32.5065 -32.3732 2.5
      vertex 32.3494 -32.4294 2.5
    endloop
  endfacet
  facet normal 0.33683 -0.941566 0
    outer loop
      vertex 32.5065 -32.3732 2.5
      vertex 32.3494 -32.4294 -1.90735e-07
      vertex 32.5065 -32.3732 -1.90735e-07
    endloop
  endfacet
  facet normal -0.904043 -0.427442 0
    outer loop
      vertex 34.5706 -33.3494 -1.90735e-07
      vertex 34.4993 -33.1986 2.5
      vertex 34.4993 -33.1986 -1.90735e-07
    endloop
  endfacet
  facet normal -0.904043 -0.427442 0
    outer loop
      vertex 34.4993 -33.1986 2.5
      vertex 34.5706 -33.3494 -1.90735e-07
      vertex 34.5706 -33.3494 2.5
    endloop
  endfacet
  facet normal -0.427442 -0.904043 0
    outer loop
      vertex 33.6506 -32.4294 -1.90735e-07
      vertex 33.8014 -32.5007 2.5
      vertex 33.6506 -32.4294 2.5
    endloop
  endfacet
  facet normal -0.427442 -0.904043 -0
    outer loop
      vertex 33.8014 -32.5007 2.5
      vertex 33.6506 -32.4294 -1.90735e-07
      vertex 33.8014 -32.5007 -1.90735e-07
    endloop
  endfacet
  facet normal -0.514231 -0.857652 0
    outer loop
      vertex 33.8014 -32.5007 -1.90735e-07
      vertex 33.9445 -32.5865 2.5
      vertex 33.8014 -32.5007 2.5
    endloop
  endfacet
  facet normal -0.514231 -0.857652 -0
    outer loop
      vertex 33.9445 -32.5865 2.5
      vertex 33.8014 -32.5007 -1.90735e-07
      vertex 33.9445 -32.5865 -1.90735e-07
    endloop
  endfacet
  facet normal 0.904043 -0.427442 0
    outer loop
      vertex 31.4294 -33.3494 2.5
      vertex 31.5007 -33.1986 -1.90735e-07
      vertex 31.5007 -33.1986 2.5
    endloop
  endfacet
  facet normal 0.904043 -0.427442 0
    outer loop
      vertex 31.5007 -33.1986 -1.90735e-07
      vertex 31.4294 -33.3494 2.5
      vertex 31.4294 -33.3494 -1.90735e-07
    endloop
  endfacet
  facet normal 0.146788 -0.989168 0
    outer loop
      vertex 32.6683 -32.3327 -1.90735e-07
      vertex 32.8334 -32.3082 2.5
      vertex 32.6683 -32.3327 2.5
    endloop
  endfacet
  facet normal 0.146788 -0.989168 0
    outer loop
      vertex 32.8334 -32.3082 2.5
      vertex 32.6683 -32.3327 -1.90735e-07
      vertex 32.8334 -32.3082 -1.90735e-07
    endloop
  endfacet
  facet normal -0.941566 0.33683 0
    outer loop
      vertex 34.5706 -34.6506 -1.90735e-07
      vertex 34.6268 -34.4935 2.5
      vertex 34.6268 -34.4935 -1.90735e-07
    endloop
  endfacet
  facet normal -0.941566 0.33683 0
    outer loop
      vertex 34.6268 -34.4935 2.5
      vertex 34.5706 -34.6506 -1.90735e-07
      vertex 34.5706 -34.6506 2.5
    endloop
  endfacet
  facet normal -0.970072 0.242818 0
    outer loop
      vertex 34.6268 -34.4935 -1.90735e-07
      vertex 34.6673 -34.3317 2.5
      vertex 34.6673 -34.3317 -1.90735e-07
    endloop
  endfacet
  facet normal -0.970072 0.242818 0
    outer loop
      vertex 34.6673 -34.3317 2.5
      vertex 34.6268 -34.4935 -1.90735e-07
      vertex 34.6268 -34.4935 2.5
    endloop
  endfacet
  facet normal -0.970072 -0.242818 0
    outer loop
      vertex 34.6673 -33.6683 -1.90735e-07
      vertex 34.6268 -33.5065 2.5
      vertex 34.6268 -33.5065 -1.90735e-07
    endloop
  endfacet
  facet normal -0.970072 -0.242818 0
    outer loop
      vertex 34.6268 -33.5065 2.5
      vertex 34.6673 -33.6683 -1.90735e-07
      vertex 34.6673 -33.6683 2.5
    endloop
  endfacet
  facet normal -0.989168 -0.146788 0
    outer loop
      vertex 34.6918 -33.8334 -1.90735e-07
      vertex 34.6673 -33.6683 2.5
      vertex 34.6673 -33.6683 -1.90735e-07
    endloop
  endfacet
  facet normal -0.989168 -0.146788 0
    outer loop
      vertex 34.6673 -33.6683 2.5
      vertex 34.6918 -33.8334 -1.90735e-07
      vertex 34.6918 -33.8334 2.5
    endloop
  endfacet
  facet normal -0.941566 -0.33683 0
    outer loop
      vertex 34.6268 -33.5065 -1.90735e-07
      vertex 34.5706 -33.3494 2.5
      vertex 34.5706 -33.3494 -1.90735e-07
    endloop
  endfacet
  facet normal -0.941566 -0.33683 0
    outer loop
      vertex 34.5706 -33.3494 2.5
      vertex 34.6268 -33.5065 -1.90735e-07
      vertex 34.6268 -33.5065 2.5
    endloop
  endfacet
  facet normal -0.803154 -0.595772 0
    outer loop
      vertex 34.4135 -33.0555 -1.90735e-07
      vertex 34.3141 -32.9215 2.5
      vertex 34.3141 -32.9215 -1.90735e-07
    endloop
  endfacet
  facet normal -0.803154 -0.595772 0
    outer loop
      vertex 34.3141 -32.9215 2.5
      vertex 34.4135 -33.0555 -1.90735e-07
      vertex 34.4135 -33.0555 2.5
    endloop
  endfacet
  facet normal -0.741024 -0.671478 0
    outer loop
      vertex 34.3141 -32.9215 -1.90735e-07
      vertex 34.2021 -32.7979 2.5
      vertex 34.2021 -32.7979 -1.90735e-07
    endloop
  endfacet
  facet normal -0.741024 -0.671478 0
    outer loop
      vertex 34.2021 -32.7979 2.5
      vertex 34.3141 -32.9215 -1.90735e-07
      vertex 34.3141 -32.9215 2.5
    endloop
  endfacet
  facet normal -0.857652 -0.514231 0
    outer loop
      vertex 34.4993 -33.1986 -1.90735e-07
      vertex 34.4135 -33.0555 2.5
      vertex 34.4135 -33.0555 -1.90735e-07
    endloop
  endfacet
  facet normal -0.857652 -0.514231 0
    outer loop
      vertex 34.4135 -33.0555 2.5
      vertex 34.4993 -33.1986 -1.90735e-07
      vertex 34.4993 -33.1986 2.5
    endloop
  endfacet
  facet normal -0.242818 -0.970072 0
    outer loop
      vertex 33.3317 -32.3327 -1.90735e-07
      vertex 33.4935 -32.3732 2.5
      vertex 33.3317 -32.3327 2.5
    endloop
  endfacet
  facet normal -0.242818 -0.970072 -0
    outer loop
      vertex 33.4935 -32.3732 2.5
      vertex 33.3317 -32.3327 -1.90735e-07
      vertex 33.4935 -32.3732 -1.90735e-07
    endloop
  endfacet
  facet normal -0.33683 -0.941566 0
    outer loop
      vertex 33.4935 -32.3732 -1.90735e-07
      vertex 33.6506 -32.4294 2.5
      vertex 33.4935 -32.3732 2.5
    endloop
  endfacet
  facet normal -0.33683 -0.941566 -0
    outer loop
      vertex 33.6506 -32.4294 2.5
      vertex 33.4935 -32.3732 -1.90735e-07
      vertex 33.6506 -32.4294 -1.90735e-07
    endloop
  endfacet
  facet normal -0.146788 -0.989168 0
    outer loop
      vertex 33.1666 -32.3082 -1.90735e-07
      vertex 33.3317 -32.3327 2.5
      vertex 33.1666 -32.3082 2.5
    endloop
  endfacet
  facet normal -0.146788 -0.989168 -0
    outer loop
      vertex 33.3317 -32.3327 2.5
      vertex 33.1666 -32.3082 -1.90735e-07
      vertex 33.3317 -32.3327 -1.90735e-07
    endloop
  endfacet
  facet normal -0.595772 -0.803154 0
    outer loop
      vertex 33.9445 -32.5865 -1.90735e-07
      vertex 34.0785 -32.6859 2.5
      vertex 33.9445 -32.5865 2.5
    endloop
  endfacet
  facet normal -0.595772 -0.803154 -0
    outer loop
      vertex 34.0785 -32.6859 2.5
      vertex 33.9445 -32.5865 -1.90735e-07
      vertex 34.0785 -32.6859 -1.90735e-07
    endloop
  endfacet
  facet normal 0.970072 -0.242818 0
    outer loop
      vertex 31.3327 -33.6683 2.5
      vertex 31.3732 -33.5065 -1.90735e-07
      vertex 31.3732 -33.5065 2.5
    endloop
  endfacet
  facet normal 0.970072 -0.242818 0
    outer loop
      vertex 31.3732 -33.5065 -1.90735e-07
      vertex 31.3327 -33.6683 2.5
      vertex 31.3327 -33.6683 -1.90735e-07
    endloop
  endfacet
  facet normal 0.803154 -0.595772 0
    outer loop
      vertex 31.5865 -33.0555 2.5
      vertex 31.6859 -32.9215 -1.90735e-07
      vertex 31.6859 -32.9215 2.5
    endloop
  endfacet
  facet normal 0.803154 -0.595772 0
    outer loop
      vertex 31.6859 -32.9215 -1.90735e-07
      vertex 31.5865 -33.0555 2.5
      vertex 31.5865 -33.0555 -1.90735e-07
    endloop
  endfacet
  facet normal 0.741024 -0.671478 0
    outer loop
      vertex 31.6859 -32.9215 2.5
      vertex 31.7979 -32.7979 -1.90735e-07
      vertex 31.7979 -32.7979 2.5
    endloop
  endfacet
  facet normal 0.741024 -0.671478 0
    outer loop
      vertex 31.7979 -32.7979 -1.90735e-07
      vertex 31.6859 -32.9215 2.5
      vertex 31.6859 -32.9215 -1.90735e-07
    endloop
  endfacet
  facet normal 0.857652 -0.514231 0
    outer loop
      vertex 31.5007 -33.1986 2.5
      vertex 31.5865 -33.0555 -1.90735e-07
      vertex 31.5865 -33.0555 2.5
    endloop
  endfacet
  facet normal 0.857652 -0.514231 0
    outer loop
      vertex 31.5865 -33.0555 -1.90735e-07
      vertex 31.5007 -33.1986 2.5
      vertex 31.5007 -33.1986 -1.90735e-07
    endloop
  endfacet
  facet normal 0.941566 -0.33683 0
    outer loop
      vertex 31.3732 -33.5065 2.5
      vertex 31.4294 -33.3494 -1.90735e-07
      vertex 31.4294 -33.3494 2.5
    endloop
  endfacet
  facet normal 0.941566 -0.33683 0
    outer loop
      vertex 31.4294 -33.3494 -1.90735e-07
      vertex 31.3732 -33.5065 2.5
      vertex 31.3732 -33.5065 -1.90735e-07
    endloop
  endfacet
  facet normal 0.989168 -0.146788 0
    outer loop
      vertex 31.3082 -33.8334 2.5
      vertex 31.3327 -33.6683 -1.90735e-07
      vertex 31.3327 -33.6683 2.5
    endloop
  endfacet
  facet normal 0.989168 -0.146788 0
    outer loop
      vertex 31.3327 -33.6683 -1.90735e-07
      vertex 31.3082 -33.8334 2.5
      vertex 31.3082 -33.8334 -1.90735e-07
    endloop
  endfacet
  facet normal 0 0 -1
    outer loop
      vertex 34.6918 -34.1666 2.5
      vertex 34.6918 -33.8334 2.5
      vertex 34.7 -34 2.5
    endloop
  endfacet
  facet normal 0 0 -1
    outer loop
      vertex 34.6673 -34.3317 2.5
      vertex 34.6918 -33.8334 2.5
      vertex 34.6918 -34.1666 2.5
    endloop
  endfacet
  facet normal 0 0 -1
    outer loop
      vertex 34.6673 -34.3317 2.5
      vertex 34.6673 -33.6683 2.5
      vertex 34.6918 -33.8334 2.5
    endloop
  endfacet
  facet normal 0 0 -1
    outer loop
      vertex 34.6268 -34.4935 2.5
      vertex 34.6673 -33.6683 2.5
      vertex 34.6673 -34.3317 2.5
    endloop
  endfacet
  facet normal 0 0 -1
    outer loop
      vertex 34.6268 -34.4935 2.5
      vertex 34.6268 -33.5065 2.5
      vertex 34.6673 -33.6683 2.5
    endloop
  endfacet
  facet normal 0 0 -1
    outer loop
      vertex 34.5706 -34.6506 2.5
      vertex 34.6268 -33.5065 2.5
      vertex 34.6268 -34.4935 2.5
    endloop
  endfacet
  facet normal 0 0 -1
    outer loop
      vertex 34.5706 -34.6506 2.5
      vertex 34.5706 -33.3494 2.5
      vertex 34.6268 -33.5065 2.5
    endloop
  endfacet
  facet normal 0 0 -1
    outer loop
      vertex 34.4993 -34.8014 2.5
      vertex 34.5706 -33.3494 2.5
      vertex 34.5706 -34.6506 2.5
    endloop
  endfacet
  facet normal 0 0 -1
    outer loop
      vertex 34.4993 -34.8014 2.5
      vertex 34.4993 -33.1986 2.5
      vertex 34.5706 -33.3494 2.5
    endloop
  endfacet
  facet normal 0 0 -1
    outer loop
      vertex 34.4135 -34.9445 2.5
      vertex 34.4993 -33.1986 2.5
      vertex 34.4993 -34.8014 2.5
    endloop
  endfacet
  facet normal 0 0 -1
    outer loop
      vertex 34.4135 -34.9445 2.5
      vertex 34.4135 -33.0555 2.5
      vertex 34.4993 -33.1986 2.5
    endloop
  endfacet
  facet normal 0 0 -1
    outer loop
      vertex 34.3141 -35.0785 2.5
      vertex 34.4135 -33.0555 2.5
      vertex 34.4135 -34.9445 2.5
    endloop
  endfacet
  facet normal 0 0 -1
    outer loop
      vertex 34.3141 -35.0785 2.5
      vertex 34.3141 -32.9215 2.5
      vertex 34.4135 -33.0555 2.5
    endloop
  endfacet
  facet normal 0 0 -1
    outer loop
      vertex 34.2021 -35.2021 2.5
      vertex 34.3141 -32.9215 2.5
      vertex 34.3141 -35.0785 2.5
    endloop
  endfacet
  facet normal 0 0 -1
    outer loop
      vertex 34.2021 -35.2021 2.5
      vertex 34.2021 -32.7979 2.5
      vertex 34.3141 -32.9215 2.5
    endloop
  endfacet
  facet normal 0 0 -1
    outer loop
      vertex 34.0785 -35.3141 2.5
      vertex 34.2021 -32.7979 2.5
      vertex 34.2021 -35.2021 2.5
    endloop
  endfacet
  facet normal 0 0 -1
    outer loop
      vertex 34.0785 -35.3141 2.5
      vertex 34.0785 -32.6859 2.5
      vertex 34.2021 -32.7979 2.5
    endloop
  endfacet
  facet normal 0 0 -1
    outer loop
      vertex 33.9445 -35.4135 2.5
      vertex 34.0785 -32.6859 2.5
      vertex 34.0785 -35.3141 2.5
    endloop
  endfacet
  facet normal 0 0 -1
    outer loop
      vertex 33.9445 -35.4135 2.5
      vertex 33.9445 -32.5865 2.5
      vertex 34.0785 -32.6859 2.5
    endloop
  endfacet
  facet normal 0 0 -1
    outer loop
      vertex 33.8014 -35.4993 2.5
      vertex 33.9445 -32.5865 2.5
      vertex 33.9445 -35.4135 2.5
    endloop
  endfacet
  facet normal 0 0 -1
    outer loop
      vertex 33.8014 -35.4993 2.5
      vertex 33.8014 -32.5007 2.5
      vertex 33.9445 -32.5865 2.5
    endloop
  endfacet
  facet normal 0 0 -1
    outer loop
      vertex 33.6506 -35.5706 2.5
      vertex 33.8014 -32.5007 2.5
      vertex 33.8014 -35.4993 2.5
    endloop
  endfacet
  facet normal 0 0 -1
    outer loop
      vertex 33.6506 -35.5706 2.5
      vertex 33.6506 -32.4294 2.5
      vertex 33.8014 -32.5007 2.5
    endloop
  endfacet
  facet normal 0 0 -1
    outer loop
      vertex 33.4935 -35.6268 2.5
      vertex 33.6506 -32.4294 2.5
      vertex 33.6506 -35.5706 2.5
    endloop
  endfacet
  facet normal 0 0 -1
    outer loop
      vertex 33.4935 -35.6268 2.5
      vertex 33.4935 -32.3732 2.5
      vertex 33.6506 -32.4294 2.5
    endloop
  endfacet
  facet normal 0 0 -1
    outer loop
      vertex 33.3317 -35.6673 2.5
      vertex 33.4935 -32.3732 2.5
      vertex 33.4935 -35.6268 2.5
    endloop
  endfacet
  facet normal 0 0 -1
    outer loop
      vertex 33.3317 -35.6673 2.5
      vertex 33.3317 -32.3327 2.5
      vertex 33.4935 -32.3732 2.5
    endloop
  endfacet
  facet normal 0 0 -1
    outer loop
      vertex 33.1666 -35.6918 2.5
      vertex 33.3317 -32.3327 2.5
      vertex 33.3317 -35.6673 2.5
    endloop
  endfacet
  facet normal 0 0 -1
    outer loop
      vertex 33.1666 -35.6918 2.5
      vertex 33.1666 -32.3082 2.5
      vertex 33.3317 -32.3327 2.5
    endloop
  endfacet
  facet normal 0 0 -1
    outer loop
      vertex 33 -35.7 2.5
      vertex 33.1666 -32.3082 2.5
      vertex 33.1666 -35.6918 2.5
    endloop
  endfacet
  facet normal 0 0 -1
    outer loop
      vertex 33 -35.7 2.5
      vertex 33 -32.3 2.5
      vertex 33.1666 -32.3082 2.5
    endloop
  endfacet
  facet normal 0 0 -1
    outer loop
      vertex 32.8334 -35.6918 2.5
      vertex 33 -32.3 2.5
      vertex 33 -35.7 2.5
    endloop
  endfacet
  facet normal 0 0 -1
    outer loop
      vertex 32.8334 -35.6918 2.5
      vertex 32.8334 -32.3082 2.5
      vertex 33 -32.3 2.5
    endloop
  endfacet
  facet normal 0 0 -1
    outer loop
      vertex 32.6683 -35.6673 2.5
      vertex 32.8334 -32.3082 2.5
      vertex 32.8334 -35.6918 2.5
    endloop
  endfacet
  facet normal 0 0 -1
    outer loop
      vertex 32.6683 -35.6673 2.5
      vertex 32.6683 -32.3327 2.5
      vertex 32.8334 -32.3082 2.5
    endloop
  endfacet
  facet normal 0 0 -1
    outer loop
      vertex 32.5065 -35.6268 2.5
      vertex 32.6683 -32.3327 2.5
      vertex 32.6683 -35.6673 2.5
    endloop
  endfacet
  facet normal 0 0 -1
    outer loop
      vertex 32.5065 -35.6268 2.5
      vertex 32.5065 -32.3732 2.5
      vertex 32.6683 -32.3327 2.5
    endloop
  endfacet
  facet normal 0 0 -1
    outer loop
      vertex 32.3494 -35.5706 2.5
      vertex 32.5065 -32.3732 2.5
      vertex 32.5065 -35.6268 2.5
    endloop
  endfacet
  facet normal 0 0 -1
    outer loop
      vertex 32.3494 -35.5706 2.5
      vertex 32.3494 -32.4294 2.5
      vertex 32.5065 -32.3732 2.5
    endloop
  endfacet
  facet normal 0 0 -1
    outer loop
      vertex 32.1986 -35.4993 2.5
      vertex 32.3494 -32.4294 2.5
      vertex 32.3494 -35.5706 2.5
    endloop
  endfacet
  facet normal 0 0 -1
    outer loop
      vertex 32.1986 -35.4993 2.5
      vertex 32.1986 -32.5007 2.5
      vertex 32.3494 -32.4294 2.5
    endloop
  endfacet
  facet normal 0 0 -1
    outer loop
      vertex 32.0555 -35.4135 2.5
      vertex 32.1986 -32.5007 2.5
      vertex 32.1986 -35.4993 2.5
    endloop
  endfacet
  facet normal 0 0 -1
    outer loop
      vertex 32.0555 -35.4135 2.5
      vertex 32.0555 -32.5865 2.5
      vertex 32.1986 -32.5007 2.5
    endloop
  endfacet
  facet normal 0 0 -1
    outer loop
      vertex 31.9215 -35.3141 2.5
      vertex 32.0555 -32.5865 2.5
      vertex 32.0555 -35.4135 2.5
    endloop
  endfacet
  facet normal 0 0 -1
    outer loop
      vertex 31.9215 -35.3141 2.5
      vertex 31.9215 -32.6859 2.5
      vertex 32.0555 -32.5865 2.5
    endloop
  endfacet
  facet normal 0 0 -1
    outer loop
      vertex 31.7979 -35.2021 2.5
      vertex 31.9215 -32.6859 2.5
      vertex 31.9215 -35.3141 2.5
    endloop
  endfacet
  facet normal 0 0 -1
    outer loop
      vertex 31.7979 -35.2021 2.5
      vertex 31.7979 -32.7979 2.5
      vertex 31.9215 -32.6859 2.5
    endloop
  endfacet
  facet normal 0 0 -1
    outer loop
      vertex 31.6859 -35.0785 2.5
      vertex 31.7979 -32.7979 2.5
      vertex 31.7979 -35.2021 2.5
    endloop
  endfacet
  facet normal 0 0 -1
    outer loop
      vertex 31.6859 -35.0785 2.5
      vertex 31.6859 -32.9215 2.5
      vertex 31.7979 -32.7979 2.5
    endloop
  endfacet
  facet normal 0 0 -1
    outer loop
      vertex 31.5865 -34.9445 2.5
      vertex 31.6859 -32.9215 2.5
      vertex 31.6859 -35.0785 2.5
    endloop
  endfacet
  facet normal 0 0 -1
    outer loop
      vertex 31.5865 -34.9445 2.5
      vertex 31.5865 -33.0555 2.5
      vertex 31.6859 -32.9215 2.5
    endloop
  endfacet
  facet normal 0 0 -1
    outer loop
      vertex 31.5007 -34.8014 2.5
      vertex 31.5865 -33.0555 2.5
      vertex 31.5865 -34.9445 2.5
    endloop
  endfacet
  facet normal 0 0 -1
    outer loop
      vertex 31.5007 -34.8014 2.5
      vertex 31.5007 -33.1986 2.5
      vertex 31.5865 -33.0555 2.5
    endloop
  endfacet
  facet normal 0 0 -1
    outer loop
      vertex 31.4294 -34.6506 2.5
      vertex 31.5007 -33.1986 2.5
      vertex 31.5007 -34.8014 2.5
    endloop
  endfacet
  facet normal 0 0 -1
    outer loop
      vertex 31.4294 -34.6506 2.5
      vertex 31.4294 -33.3494 2.5
      vertex 31.5007 -33.1986 2.5
    endloop
  endfacet
  facet normal 0 0 -1
    outer loop
      vertex 31.3732 -34.4935 2.5
      vertex 31.4294 -33.3494 2.5
      vertex 31.4294 -34.6506 2.5
    endloop
  endfacet
  facet normal 0 0 -1
    outer loop
      vertex 31.3732 -34.4935 2.5
      vertex 31.3732 -33.5065 2.5
      vertex 31.4294 -33.3494 2.5
    endloop
  endfacet
  facet normal 0 0 -1
    outer loop
      vertex 31.3327 -34.3317 2.5
      vertex 31.3732 -33.5065 2.5
      vertex 31.3732 -34.4935 2.5
    endloop
  endfacet
  facet normal 0 0 -1
    outer loop
      vertex 31.3327 -34.3317 2.5
      vertex 31.3327 -33.6683 2.5
      vertex 31.3732 -33.5065 2.5
    endloop
  endfacet
  facet normal 0 0 -1
    outer loop
      vertex 31.3082 -34.1666 2.5
      vertex 31.3327 -33.6683 2.5
      vertex 31.3327 -34.3317 2.5
    endloop
  endfacet
  facet normal 0 0 -1
    outer loop
      vertex 31.3082 -34.1666 2.5
      vertex 31.3082 -33.8334 2.5
      vertex 31.3327 -33.6683 2.5
    endloop
  endfacet
  facet normal 0 -0 -1
    outer loop
      vertex 31.3082 -33.8334 2.5
      vertex 31.3082 -34.1666 2.5
      vertex 31.3 -34 2.5
    endloop
  endfacet
  facet normal 0.514231 -0.857652 0
    outer loop
      vertex 32.0555 -32.5865 -1.90735e-07
      vertex 32.1986 -32.5007 2.5
      vertex 32.0555 -32.5865 2.5
    endloop
  endfacet
  facet normal 0.514231 -0.857652 0
    outer loop
      vertex 32.1986 -32.5007 2.5
      vertex 32.0555 -32.5865 -1.90735e-07
      vertex 32.1986 -32.5007 -1.90735e-07
    endloop
  endfacet
  facet normal 0.427442 -0.904043 0
    outer loop
      vertex 32.1986 -32.5007 -1.90735e-07
      vertex 32.3494 -32.4294 2.5
      vertex 32.1986 -32.5007 2.5
    endloop
  endfacet
  facet normal 0.427442 -0.904043 0
    outer loop
      vertex 32.3494 -32.4294 2.5
      vertex 32.1986 -32.5007 -1.90735e-07
      vertex 32.3494 -32.4294 -1.90735e-07
    endloop
  endfacet
  facet normal 0.595772 -0.803154 0
    outer loop
      vertex 31.9215 -32.6859 -1.90735e-07
      vertex 32.0555 -32.5865 2.5
      vertex 31.9215 -32.6859 2.5
    endloop
  endfacet
  facet normal 0.595772 -0.803154 0
    outer loop
      vertex 32.0555 -32.5865 2.5
      vertex 31.9215 -32.6859 -1.90735e-07
      vertex 32.0555 -32.5865 -1.90735e-07
    endloop
  endfacet
  facet normal 0.242818 -0.970072 0
    outer loop
      vertex 32.5065 -32.3732 -1.90735e-07
      vertex 32.6683 -32.3327 2.5
      vertex 32.5065 -32.3732 2.5
    endloop
  endfacet
  facet normal 0.242818 -0.970072 0
    outer loop
      vertex 32.6683 -32.3327 2.5
      vertex 32.5065 -32.3732 -1.90735e-07
      vertex 32.6683 -32.3327 -1.90735e-07
    endloop
  endfacet
  facet normal 0.0491602 -0.998791 0
    outer loop
      vertex 32.8334 -32.3082 -1.90735e-07
      vertex 33 -32.3 2.5
      vertex 32.8334 -32.3082 2.5
    endloop
  endfacet
  facet normal 0.0491602 -0.998791 0
    outer loop
      vertex 33 -32.3 2.5
      vertex 32.8334 -32.3082 -1.90735e-07
      vertex 33 -32.3 -1.90735e-07
    endloop
  endfacet
  facet normal -0.0491602 0.998791 0
    outer loop
      vertex 33.1666 -35.6918 -1.90735e-07
      vertex 33 -35.7 2.5
      vertex 33.1666 -35.6918 2.5
    endloop
  endfacet
  facet normal -0.0491602 0.998791 0
    outer loop
      vertex 33 -35.7 2.5
      vertex 33.1666 -35.6918 -1.90735e-07
      vertex 33 -35.7 -1.90735e-07
    endloop
  endfacet
  facet normal -0.671478 0.741024 0
    outer loop
      vertex 34.2021 -35.2021 -1.90735e-07
      vertex 34.0785 -35.3141 2.5
      vertex 34.2021 -35.2021 2.5
    endloop
  endfacet
  facet normal -0.671478 0.741024 0
    outer loop
      vertex 34.0785 -35.3141 2.5
      vertex 34.2021 -35.2021 -1.90735e-07
      vertex 34.0785 -35.3141 -1.90735e-07
    endloop
  endfacet
  facet normal -0.514231 0.857652 0
    outer loop
      vertex 33.9445 -35.4135 -1.90735e-07
      vertex 33.8014 -35.4993 2.5
      vertex 33.9445 -35.4135 2.5
    endloop
  endfacet
  facet normal -0.514231 0.857652 0
    outer loop
      vertex 33.8014 -35.4993 2.5
      vertex 33.9445 -35.4135 -1.90735e-07
      vertex 33.8014 -35.4993 -1.90735e-07
    endloop
  endfacet
  facet normal -0.803154 0.595772 0
    outer loop
      vertex 34.3141 -35.0785 -1.90735e-07
      vertex 34.4135 -34.9445 2.5
      vertex 34.4135 -34.9445 -1.90735e-07
    endloop
  endfacet
  facet normal -0.803154 0.595772 0
    outer loop
      vertex 34.4135 -34.9445 2.5
      vertex 34.3141 -35.0785 -1.90735e-07
      vertex 34.3141 -35.0785 2.5
    endloop
  endfacet
  facet normal -0.904043 0.427442 0
    outer loop
      vertex 34.4993 -34.8014 -1.90735e-07
      vertex 34.5706 -34.6506 2.5
      vertex 34.5706 -34.6506 -1.90735e-07
    endloop
  endfacet
  facet normal -0.904043 0.427442 0
    outer loop
      vertex 34.5706 -34.6506 2.5
      vertex 34.4993 -34.8014 -1.90735e-07
      vertex 34.4993 -34.8014 2.5
    endloop
  endfacet
  facet normal 0.671478 0.741024 -0
    outer loop
      vertex 31.9215 -35.3141 -1.90735e-07
      vertex 31.7979 -35.2021 2.5
      vertex 31.9215 -35.3141 2.5
    endloop
  endfacet
  facet normal 0.671478 0.741024 0
    outer loop
      vertex 31.7979 -35.2021 2.5
      vertex 31.9215 -35.3141 -1.90735e-07
      vertex 31.7979 -35.2021 -1.90735e-07
    endloop
  endfacet
  facet normal 0.514231 0.857652 -0
    outer loop
      vertex 32.1986 -35.4993 -1.90735e-07
      vertex 32.0555 -35.4135 2.5
      vertex 32.1986 -35.4993 2.5
    endloop
  endfacet
  facet normal 0.514231 0.857652 0
    outer loop
      vertex 32.0555 -35.4135 2.5
      vertex 32.1986 -35.4993 -1.90735e-07
      vertex 32.0555 -35.4135 -1.90735e-07
    endloop
  endfacet
  facet normal 0.33683 0.941566 -0
    outer loop
      vertex 32.5065 -35.6268 -1.90735e-07
      vertex 32.3494 -35.5706 2.5
      vertex 32.5065 -35.6268 2.5
    endloop
  endfacet
  facet normal 0.33683 0.941566 0
    outer loop
      vertex 32.3494 -35.5706 2.5
      vertex 32.5065 -35.6268 -1.90735e-07
      vertex 32.3494 -35.5706 -1.90735e-07
    endloop
  endfacet
  facet normal 0.146788 0.989168 -0
    outer loop
      vertex 32.8334 -35.6918 -1.90735e-07
      vertex 32.6683 -35.6673 2.5
      vertex 32.8334 -35.6918 2.5
    endloop
  endfacet
  facet normal 0.146788 0.989168 0
    outer loop
      vertex 32.6683 -35.6673 2.5
      vertex 32.8334 -35.6918 -1.90735e-07
      vertex 32.6683 -35.6673 -1.90735e-07
    endloop
  endfacet
  facet normal 0.904043 0.427442 0
    outer loop
      vertex 31.5007 -34.8014 2.5
      vertex 31.4294 -34.6506 -1.90735e-07
      vertex 31.4294 -34.6506 2.5
    endloop
  endfacet
  facet normal 0.904043 0.427442 0
    outer loop
      vertex 31.4294 -34.6506 -1.90735e-07
      vertex 31.5007 -34.8014 2.5
      vertex 31.5007 -34.8014 -1.90735e-07
    endloop
  endfacet
  facet normal 0.803154 0.595772 0
    outer loop
      vertex 31.6859 -35.0785 2.5
      vertex 31.5865 -34.9445 -1.90735e-07
      vertex 31.5865 -34.9445 2.5
    endloop
  endfacet
  facet normal 0.803154 0.595772 0
    outer loop
      vertex 31.5865 -34.9445 -1.90735e-07
      vertex 31.6859 -35.0785 2.5
      vertex 31.6859 -35.0785 -1.90735e-07
    endloop
  endfacet
  facet normal 0.970072 0.242818 0
    outer loop
      vertex 31.3732 -34.4935 2.5
      vertex 31.3327 -34.3317 -1.90735e-07
      vertex 31.3327 -34.3317 2.5
    endloop
  endfacet
  facet normal 0.970072 0.242818 0
    outer loop
      vertex 31.3327 -34.3317 -1.90735e-07
      vertex 31.3732 -34.4935 2.5
      vertex 31.3732 -34.4935 -1.90735e-07
    endloop
  endfacet
  facet normal 0.998791 0.0491602 0
    outer loop
      vertex 31.3082 -34.1666 2.5
      vertex 31.3 -34 -1.90735e-07
      vertex 31.3 -34 2.5
    endloop
  endfacet
  facet normal 0.998791 0.0491602 0
    outer loop
      vertex 31.3 -34 -1.90735e-07
      vertex 31.3082 -34.1666 2.5
      vertex 31.3082 -34.1666 -1.90735e-07
    endloop
  endfacet
  facet normal -0.146788 0.989168 0
    outer loop
      vertex 33.3317 -35.6673 -1.90735e-07
      vertex 33.1666 -35.6918 2.5
      vertex 33.3317 -35.6673 2.5
    endloop
  endfacet
  facet normal -0.146788 0.989168 0
    outer loop
      vertex 33.1666 -35.6918 2.5
      vertex 33.3317 -35.6673 -1.90735e-07
      vertex 33.1666 -35.6918 -1.90735e-07
    endloop
  endfacet
  facet normal -0.427442 0.904043 0
    outer loop
      vertex 33.8014 -35.4993 -1.90735e-07
      vertex 33.6506 -35.5706 2.5
      vertex 33.8014 -35.4993 2.5
    endloop
  endfacet
  facet normal -0.427442 0.904043 0
    outer loop
      vertex 33.6506 -35.5706 2.5
      vertex 33.8014 -35.4993 -1.90735e-07
      vertex 33.6506 -35.5706 -1.90735e-07
    endloop
  endfacet
  facet normal -0.242818 0.970072 0
    outer loop
      vertex 33.4935 -35.6268 -1.90735e-07
      vertex 33.3317 -35.6673 2.5
      vertex 33.4935 -35.6268 2.5
    endloop
  endfacet
  facet normal -0.242818 0.970072 0
    outer loop
      vertex 33.3317 -35.6673 2.5
      vertex 33.4935 -35.6268 -1.90735e-07
      vertex 33.3317 -35.6673 -1.90735e-07
    endloop
  endfacet
  facet normal -0.741024 0.671478 0
    outer loop
      vertex 34.2021 -35.2021 -1.90735e-07
      vertex 34.3141 -35.0785 2.5
      vertex 34.3141 -35.0785 -1.90735e-07
    endloop
  endfacet
  facet normal -0.741024 0.671478 0
    outer loop
      vertex 34.3141 -35.0785 2.5
      vertex 34.2021 -35.2021 -1.90735e-07
      vertex 34.2021 -35.2021 2.5
    endloop
  endfacet
  facet normal -0.595772 0.803154 0
    outer loop
      vertex 34.0785 -35.3141 -1.90735e-07
      vertex 33.9445 -35.4135 2.5
      vertex 34.0785 -35.3141 2.5
    endloop
  endfacet
  facet normal -0.595772 0.803154 0
    outer loop
      vertex 33.9445 -35.4135 2.5
      vertex 34.0785 -35.3141 -1.90735e-07
      vertex 33.9445 -35.4135 -1.90735e-07
    endloop
  endfacet
  facet normal -0.857652 0.514231 0
    outer loop
      vertex 34.4135 -34.9445 -1.90735e-07
      vertex 34.4993 -34.8014 2.5
      vertex 34.4993 -34.8014 -1.90735e-07
    endloop
  endfacet
  facet normal -0.857652 0.514231 0
    outer loop
      vertex 34.4993 -34.8014 2.5
      vertex 34.4135 -34.9445 -1.90735e-07
      vertex 34.4135 -34.9445 2.5
    endloop
  endfacet
  facet normal -0.989168 0.146788 0
    outer loop
      vertex 34.6673 -34.3317 -1.90735e-07
      vertex 34.6918 -34.1666 2.5
      vertex 34.6918 -34.1666 -1.90735e-07
    endloop
  endfacet
  facet normal -0.989168 0.146788 0
    outer loop
      vertex 34.6918 -34.1666 2.5
      vertex 34.6673 -34.3317 -1.90735e-07
      vertex 34.6673 -34.3317 2.5
    endloop
  endfacet
  facet normal -0.998791 0.0491602 0
    outer loop
      vertex 34.6918 -34.1666 -1.90735e-07
      vertex 34.7 -34 2.5
      vertex 34.7 -34 -1.90735e-07
    endloop
  endfacet
  facet normal -0.998791 0.0491602 0
    outer loop
      vertex 34.7 -34 2.5
      vertex 34.6918 -34.1666 -1.90735e-07
      vertex 34.6918 -34.1666 2.5
    endloop
  endfacet
  facet normal 0.595772 0.803154 -0
    outer loop
      vertex 32.0555 -35.4135 -1.90735e-07
      vertex 31.9215 -35.3141 2.5
      vertex 32.0555 -35.4135 2.5
    endloop
  endfacet
  facet normal 0.595772 0.803154 0
    outer loop
      vertex 31.9215 -35.3141 2.5
      vertex 32.0555 -35.4135 -1.90735e-07
      vertex 31.9215 -35.3141 -1.90735e-07
    endloop
  endfacet
  facet normal 0.427442 0.904043 -0
    outer loop
      vertex 32.3494 -35.5706 -1.90735e-07
      vertex 32.1986 -35.4993 2.5
      vertex 32.3494 -35.5706 2.5
    endloop
  endfacet
  facet normal 0.427442 0.904043 0
    outer loop
      vertex 32.1986 -35.4993 2.5
      vertex 32.3494 -35.5706 -1.90735e-07
      vertex 32.1986 -35.4993 -1.90735e-07
    endloop
  endfacet
  facet normal 0.242818 0.970072 -0
    outer loop
      vertex 32.6683 -35.6673 -1.90735e-07
      vertex 32.5065 -35.6268 2.5
      vertex 32.6683 -35.6673 2.5
    endloop
  endfacet
  facet normal 0.242818 0.970072 0
    outer loop
      vertex 32.5065 -35.6268 2.5
      vertex 32.6683 -35.6673 -1.90735e-07
      vertex 32.5065 -35.6268 -1.90735e-07
    endloop
  endfacet
  facet normal 0.0491602 0.998791 -0
    outer loop
      vertex 33 -35.7 -1.90735e-07
      vertex 32.8334 -35.6918 2.5
      vertex 33 -35.7 2.5
    endloop
  endfacet
  facet normal 0.0491602 0.998791 0
    outer loop
      vertex 32.8334 -35.6918 2.5
      vertex 33 -35.7 -1.90735e-07
      vertex 32.8334 -35.6918 -1.90735e-07
    endloop
  endfacet
  facet normal 0.857652 0.514231 0
    outer loop
      vertex 31.5865 -34.9445 2.5
      vertex 31.5007 -34.8014 -1.90735e-07
      vertex 31.5007 -34.8014 2.5
    endloop
  endfacet
  facet normal 0.857652 0.514231 0
    outer loop
      vertex 31.5007 -34.8014 -1.90735e-07
      vertex 31.5865 -34.9445 2.5
      vertex 31.5865 -34.9445 -1.90735e-07
    endloop
  endfacet
  facet normal 0.741024 0.671478 0
    outer loop
      vertex 31.7979 -35.2021 2.5
      vertex 31.6859 -35.0785 -1.90735e-07
      vertex 31.6859 -35.0785 2.5
    endloop
  endfacet
  facet normal 0.741024 0.671478 0
    outer loop
      vertex 31.6859 -35.0785 -1.90735e-07
      vertex 31.7979 -35.2021 2.5
      vertex 31.7979 -35.2021 -1.90735e-07
    endloop
  endfacet
  facet normal 0.941566 0.33683 0
    outer loop
      vertex 31.4294 -34.6506 2.5
      vertex 31.3732 -34.4935 -1.90735e-07
      vertex 31.3732 -34.4935 2.5
    endloop
  endfacet
  facet normal 0.941566 0.33683 0
    outer loop
      vertex 31.3732 -34.4935 -1.90735e-07
      vertex 31.4294 -34.6506 2.5
      vertex 31.4294 -34.6506 -1.90735e-07
    endloop
  endfacet
  facet normal 0.989168 0.146788 0
    outer loop
      vertex 31.3327 -34.3317 2.5
      vertex 31.3082 -34.1666 -1.90735e-07
      vertex 31.3082 -34.1666 2.5
    endloop
  endfacet
  facet normal 0.989168 0.146788 0
    outer loop
      vertex 31.3082 -34.1666 -1.90735e-07
      vertex 31.3327 -34.3317 2.5
      vertex 31.3327 -34.3317 -1.90735e-07
    endloop
  endfacet
  facet normal -0.33683 0.941566 0
    outer loop
      vertex 33.6506 -35.5706 -1.90735e-07
      vertex 33.4935 -35.6268 2.5
      vertex 33.6506 -35.5706 2.5
    endloop
  endfacet
  facet normal -0.33683 0.941566 0
    outer loop
      vertex 33.4935 -35.6268 2.5
      vertex 33.6506 -35.5706 -1.90735e-07
      vertex 33.4935 -35.6268 -1.90735e-07
    endloop
  endfacet
  facet normal -0.595695 -0.803211 0
    outer loop
      vertex 33.9445 -4.5865 -1.90735e-07
      vertex 34.0785 -4.68588 2.5
      vertex 33.9445 -4.5865 2.5
    endloop
  endfacet
  facet normal -0.595695 -0.803211 -0
    outer loop
      vertex 34.0785 -4.68588 2.5
      vertex 33.9445 -4.5865 -1.90735e-07
      vertex 34.0785 -4.68588 -1.90735e-07
    endloop
  endfacet
  facet normal 0.33683 -0.941566 0
    outer loop
      vertex 32.3494 -4.4294 -1.90735e-07
      vertex 32.5065 -4.3732 2.5
      vertex 32.3494 -4.4294 2.5
    endloop
  endfacet
  facet normal 0.33683 -0.941566 0
    outer loop
      vertex 32.5065 -4.3732 2.5
      vertex 32.3494 -4.4294 -1.90735e-07
      vertex 32.5065 -4.3732 -1.90735e-07
    endloop
  endfacet
  facet normal 0.904065 -0.427396 0
    outer loop
      vertex 31.4294 -5.34944 2.5
      vertex 31.5007 -5.19862 -1.90735e-07
      vertex 31.5007 -5.19862 2.5
    endloop
  endfacet
  facet normal 0.904065 -0.427396 0
    outer loop
      vertex 31.5007 -5.19862 -1.90735e-07
      vertex 31.4294 -5.34944 2.5
      vertex 31.4294 -5.34944 -1.90735e-07
    endloop
  endfacet
  facet normal -0.998791 0.0491513 0
    outer loop
      vertex 34.6918 -6.16663 -1.90735e-07
      vertex 34.7 -6 2.5
      vertex 34.7 -6 -1.90735e-07
    endloop
  endfacet
  facet normal -0.998791 0.0491513 0
    outer loop
      vertex 34.7 -6 2.5
      vertex 34.6918 -6.16663 -1.90735e-07
      vertex 34.6918 -6.16663 2.5
    endloop
  endfacet
  facet normal 0.42754 0.903996 -0
    outer loop
      vertex 32.3494 -7.57059 -1.90735e-07
      vertex 32.1986 -7.49927 2.5
      vertex 32.3494 -7.57059 2.5
    endloop
  endfacet
  facet normal 0.42754 0.903996 0
    outer loop
      vertex 32.1986 -7.49927 2.5
      vertex 32.3494 -7.57059 -1.90735e-07
      vertex 32.1986 -7.49927 -1.90735e-07
    endloop
  endfacet
  facet normal -0.904065 -0.427396 0
    outer loop
      vertex 34.5706 -5.34944 -1.90735e-07
      vertex 34.4993 -5.19862 2.5
      vertex 34.4993 -5.19862 -1.90735e-07
    endloop
  endfacet
  facet normal -0.904065 -0.427396 0
    outer loop
      vertex 34.4993 -5.19862 2.5
      vertex 34.5706 -5.34944 -1.90735e-07
      vertex 34.5706 -5.34944 2.5
    endloop
  endfacet
  facet normal -0.857636 -0.514258 0
    outer loop
      vertex 34.4993 -5.19862 -1.90735e-07
      vertex 34.4135 -5.05553 2.5
      vertex 34.4135 -5.05553 -1.90735e-07
    endloop
  endfacet
  facet normal -0.857636 -0.514258 0
    outer loop
      vertex 34.4135 -5.05553 2.5
      vertex 34.4993 -5.19862 -1.90735e-07
      vertex 34.4993 -5.19862 2.5
    endloop
  endfacet
  facet normal -0.427589 -0.903973 0
    outer loop
      vertex 33.6506 -4.4294 -1.90735e-07
      vertex 33.8014 -4.50073 2.5
      vertex 33.6506 -4.4294 2.5
    endloop
  endfacet
  facet normal -0.427589 -0.903973 -0
    outer loop
      vertex 33.8014 -4.50073 2.5
      vertex 33.6506 -4.4294 -1.90735e-07
      vertex 33.8014 -4.50073 -1.90735e-07
    endloop
  endfacet
  facet normal -0.146612 -0.989194 0
    outer loop
      vertex 33.1666 -4.30819 -1.90735e-07
      vertex 33.3317 -4.33266 2.5
      vertex 33.1666 -4.30819 2.5
    endloop
  endfacet
  facet normal -0.146612 -0.989194 -0
    outer loop
      vertex 33.3317 -4.33266 2.5
      vertex 33.1666 -4.30819 -1.90735e-07
      vertex 33.3317 -4.33266 -1.90735e-07
    endloop
  endfacet
  facet normal 0.741051 -0.671448 0
    outer loop
      vertex 31.6859 -4.92153 2.5
      vertex 31.7979 -4.79792 -1.90735e-07
      vertex 31.7979 -4.79792 2.5
    endloop
  endfacet
  facet normal 0.741051 -0.671448 0
    outer loop
      vertex 31.7979 -4.79792 -1.90735e-07
      vertex 31.6859 -4.92153 2.5
      vertex 31.6859 -4.92153 -1.90735e-07
    endloop
  endfacet
  facet normal 0.146612 -0.989194 0
    outer loop
      vertex 32.6683 -4.33266 -1.90735e-07
      vertex 32.8334 -4.30819 2.5
      vertex 32.6683 -4.33266 2.5
    endloop
  endfacet
  facet normal 0.146612 -0.989194 0
    outer loop
      vertex 32.8334 -4.30819 2.5
      vertex 32.6683 -4.33266 -1.90735e-07
      vertex 32.8334 -4.30819 -1.90735e-07
    endloop
  endfacet
  facet normal -0.941552 0.336868 0
    outer loop
      vertex 34.5706 -6.65056 -1.90735e-07
      vertex 34.6268 -6.49348 2.5
      vertex 34.6268 -6.49348 -1.90735e-07
    endloop
  endfacet
  facet normal -0.941552 0.336868 0
    outer loop
      vertex 34.6268 -6.49348 2.5
      vertex 34.5706 -6.65056 -1.90735e-07
      vertex 34.5706 -6.65056 2.5
    endloop
  endfacet
  facet normal 0.14667 0.989185 -0
    outer loop
      vertex 32.8334 -7.69181 -1.90735e-07
      vertex 32.6683 -7.66733 2.5
      vertex 32.8334 -7.69181 2.5
    endloop
  endfacet
  facet normal 0.14667 0.989185 0
    outer loop
      vertex 32.6683 -7.66733 2.5
      vertex 32.8334 -7.69181 -1.90735e-07
      vertex 32.6683 -7.66733 -1.90735e-07
    endloop
  endfacet
  facet normal 0.67161 0.740905 -0
    outer loop
      vertex 31.9215 -7.31412 -1.90735e-07
      vertex 31.7979 -7.20208 2.5
      vertex 31.9215 -7.31412 2.5
    endloop
  endfacet
  facet normal 0.67161 0.740905 0
    outer loop
      vertex 31.7979 -7.20208 2.5
      vertex 31.9215 -7.31412 -1.90735e-07
      vertex 31.7979 -7.20208 -1.90735e-07
    endloop
  endfacet
  facet normal -0.970083 -0.242775 0
    outer loop
      vertex 34.6673 -5.66835 -1.90735e-07
      vertex 34.6268 -5.50652 2.5
      vertex 34.6268 -5.50652 -1.90735e-07
    endloop
  endfacet
  facet normal -0.970083 -0.242775 0
    outer loop
      vertex 34.6268 -5.50652 2.5
      vertex 34.6673 -5.66835 -1.90735e-07
      vertex 34.6673 -5.66835 2.5
    endloop
  endfacet
  facet normal -0.941552 -0.336868 0
    outer loop
      vertex 34.6268 -5.50652 -1.90735e-07
      vertex 34.5706 -5.34944 2.5
      vertex 34.5706 -5.34944 -1.90735e-07
    endloop
  endfacet
  facet normal -0.941552 -0.336868 0
    outer loop
      vertex 34.5706 -5.34944 2.5
      vertex 34.6268 -5.50652 -1.90735e-07
      vertex 34.6268 -5.50652 2.5
    endloop
  endfacet
  facet normal -0.741051 -0.671448 0
    outer loop
      vertex 34.3141 -4.92153 -1.90735e-07
      vertex 34.2021 -4.79792 2.5
      vertex 34.2021 -4.79792 -1.90735e-07
    endloop
  endfacet
  facet normal -0.741051 -0.671448 0
    outer loop
      vertex 34.2021 -4.79792 2.5
      vertex 34.3141 -4.92153 -1.90735e-07
      vertex 34.3141 -4.92153 2.5
    endloop
  endfacet
  facet normal -0.803154 -0.595772 0
    outer loop
      vertex 34.4135 -5.05553 -1.90735e-07
      vertex 34.3141 -4.92153 2.5
      vertex 34.3141 -4.92153 -1.90735e-07
    endloop
  endfacet
  facet normal -0.803154 -0.595772 0
    outer loop
      vertex 34.3141 -4.92153 2.5
      vertex 34.4135 -5.05553 -1.90735e-07
      vertex 34.4135 -5.05553 2.5
    endloop
  endfacet
  facet normal -0.67161 -0.740905 0
    outer loop
      vertex 34.0785 -4.68588 -1.90735e-07
      vertex 34.2021 -4.79792 2.5
      vertex 34.0785 -4.68588 2.5
    endloop
  endfacet
  facet normal -0.67161 -0.740905 -0
    outer loop
      vertex 34.2021 -4.79792 2.5
      vertex 34.0785 -4.68588 -1.90735e-07
      vertex 34.2021 -4.79792 -1.90735e-07
    endloop
  endfacet
  facet normal -0.514099 -0.857731 0
    outer loop
      vertex 33.8014 -4.50073 -1.90735e-07
      vertex 33.9445 -4.5865 2.5
      vertex 33.8014 -4.50073 2.5
    endloop
  endfacet
  facet normal -0.514099 -0.857731 -0
    outer loop
      vertex 33.9445 -4.5865 2.5
      vertex 33.8014 -4.50073 -1.90735e-07
      vertex 33.9445 -4.5865 -1.90735e-07
    endloop
  endfacet
  facet normal -0.0491004 -0.998794 0
    outer loop
      vertex 33 -4.3 -1.90735e-07
      vertex 33.1666 -4.30819 2.5
      vertex 33 -4.3 2.5
    endloop
  endfacet
  facet normal -0.0491004 -0.998794 -0
    outer loop
      vertex 33.1666 -4.30819 2.5
      vertex 33 -4.3 -1.90735e-07
      vertex 33.1666 -4.30819 -1.90735e-07
    endloop
  endfacet
  facet normal -0.33683 -0.941566 0
    outer loop
      vertex 33.4935 -4.3732 -1.90735e-07
      vertex 33.6506 -4.4294 2.5
      vertex 33.4935 -4.3732 2.5
    endloop
  endfacet
  facet normal -0.33683 -0.941566 -0
    outer loop
      vertex 33.6506 -4.4294 2.5
      vertex 33.4935 -4.3732 -1.90735e-07
      vertex 33.6506 -4.4294 -1.90735e-07
    endloop
  endfacet
  facet normal -0.243043 -0.970015 0
    outer loop
      vertex 33.3317 -4.33266 -1.90735e-07
      vertex 33.4935 -4.3732 2.5
      vertex 33.3317 -4.33266 2.5
    endloop
  endfacet
  facet normal -0.243043 -0.970015 -0
    outer loop
      vertex 33.4935 -4.3732 2.5
      vertex 33.3317 -4.33266 -1.90735e-07
      vertex 33.4935 -4.3732 -1.90735e-07
    endloop
  endfacet
  facet normal 0.998791 -0.0491513 0
    outer loop
      vertex 31.3 -6 2.5
      vertex 31.3082 -5.83337 -1.90735e-07
      vertex 31.3082 -5.83337 2.5
    endloop
  endfacet
  facet normal 0.998791 -0.0491513 0
    outer loop
      vertex 31.3082 -5.83337 -1.90735e-07
      vertex 31.3 -6 2.5
      vertex 31.3 -6 -1.90735e-07
    endloop
  endfacet
  facet normal 0.941552 -0.336868 0
    outer loop
      vertex 31.3732 -5.50652 2.5
      vertex 31.4294 -5.34944 -1.90735e-07
      vertex 31.4294 -5.34944 2.5
    endloop
  endfacet
  facet normal 0.941552 -0.336868 0
    outer loop
      vertex 31.4294 -5.34944 -1.90735e-07
      vertex 31.3732 -5.50652 2.5
      vertex 31.3732 -5.50652 -1.90735e-07
    endloop
  endfacet
  facet normal 0.970083 -0.242775 0
    outer loop
      vertex 31.3327 -5.66835 2.5
      vertex 31.3732 -5.50652 -1.90735e-07
      vertex 31.3732 -5.50652 2.5
    endloop
  endfacet
  facet normal 0.970083 -0.242775 0
    outer loop
      vertex 31.3732 -5.50652 -1.90735e-07
      vertex 31.3327 -5.66835 2.5
      vertex 31.3327 -5.66835 -1.90735e-07
    endloop
  endfacet
  facet normal 0.857636 -0.514258 0
    outer loop
      vertex 31.5007 -5.19862 2.5
      vertex 31.5865 -5.05553 -1.90735e-07
      vertex 31.5865 -5.05553 2.5
    endloop
  endfacet
  facet normal 0.857636 -0.514258 0
    outer loop
      vertex 31.5865 -5.05553 -1.90735e-07
      vertex 31.5007 -5.19862 2.5
      vertex 31.5007 -5.19862 -1.90735e-07
    endloop
  endfacet
  facet normal 0.803154 -0.595772 0
    outer loop
      vertex 31.5865 -5.05553 2.5
      vertex 31.6859 -4.92153 -1.90735e-07
      vertex 31.6859 -4.92153 2.5
    endloop
  endfacet
  facet normal 0.803154 -0.595772 0
    outer loop
      vertex 31.6859 -4.92153 -1.90735e-07
      vertex 31.5865 -5.05553 2.5
      vertex 31.5865 -5.05553 -1.90735e-07
    endloop
  endfacet
  facet normal 0.243043 -0.970015 0
    outer loop
      vertex 32.5065 -4.3732 -1.90735e-07
      vertex 32.6683 -4.33266 2.5
      vertex 32.5065 -4.3732 2.5
    endloop
  endfacet
  facet normal 0.243043 -0.970015 0
    outer loop
      vertex 32.6683 -4.33266 2.5
      vertex 32.5065 -4.3732 -1.90735e-07
      vertex 32.6683 -4.33266 -1.90735e-07
    endloop
  endfacet
  facet normal 0.0491004 -0.998794 0
    outer loop
      vertex 32.8334 -4.30819 -1.90735e-07
      vertex 33 -4.3 2.5
      vertex 32.8334 -4.30819 2.5
    endloop
  endfacet
  facet normal 0.0491004 -0.998794 0
    outer loop
      vertex 33 -4.3 2.5
      vertex 32.8334 -4.30819 -1.90735e-07
      vertex 33 -4.3 -1.90735e-07
    endloop
  endfacet
  facet normal 0.514099 -0.857731 0
    outer loop
      vertex 32.0555 -4.5865 -1.90735e-07
      vertex 32.1986 -4.50073 2.5
      vertex 32.0555 -4.5865 2.5
    endloop
  endfacet
  facet normal 0.514099 -0.857731 0
    outer loop
      vertex 32.1986 -4.50073 2.5
      vertex 32.0555 -4.5865 -1.90735e-07
      vertex 32.1986 -4.50073 -1.90735e-07
    endloop
  endfacet
  facet normal 0.595695 -0.803211 0
    outer loop
      vertex 31.9215 -4.68588 -1.90735e-07
      vertex 32.0555 -4.5865 2.5
      vertex 31.9215 -4.68588 2.5
    endloop
  endfacet
  facet normal 0.595695 -0.803211 0
    outer loop
      vertex 32.0555 -4.5865 2.5
      vertex 31.9215 -4.68588 -1.90735e-07
      vertex 32.0555 -4.5865 -1.90735e-07
    endloop
  endfacet
  facet normal 0.427589 -0.903973 0
    outer loop
      vertex 32.1986 -4.50073 -1.90735e-07
      vertex 32.3494 -4.4294 2.5
      vertex 32.1986 -4.50073 2.5
    endloop
  endfacet
  facet normal 0.427589 -0.903973 0
    outer loop
      vertex 32.3494 -4.4294 2.5
      vertex 32.1986 -4.50073 -1.90735e-07
      vertex 32.3494 -4.4294 -1.90735e-07
    endloop
  endfacet
  facet normal 0.67161 -0.740905 0
    outer loop
      vertex 31.7979 -4.79792 -1.90735e-07
      vertex 31.9215 -4.68588 2.5
      vertex 31.7979 -4.79792 2.5
    endloop
  endfacet
  facet normal 0.67161 -0.740905 0
    outer loop
      vertex 31.9215 -4.68588 2.5
      vertex 31.7979 -4.79792 -1.90735e-07
      vertex 31.9215 -4.68588 -1.90735e-07
    endloop
  endfacet
  facet normal -0.998791 -0.0491513 0
    outer loop
      vertex 34.7 -6 -1.90735e-07
      vertex 34.6918 -5.83337 2.5
      vertex 34.6918 -5.83337 -1.90735e-07
    endloop
  endfacet
  facet normal -0.998791 -0.0491513 0
    outer loop
      vertex 34.6918 -5.83337 2.5
      vertex 34.7 -6 -1.90735e-07
      vertex 34.7 -6 2.5
    endloop
  endfacet
  facet normal -0.0491004 0.998794 0
    outer loop
      vertex 33.1666 -7.69181 -1.90735e-07
      vertex 33 -7.7 2.5
      vertex 33.1666 -7.69181 2.5
    endloop
  endfacet
  facet normal -0.0491004 0.998794 0
    outer loop
      vertex 33 -7.7 2.5
      vertex 33.1666 -7.69181 -1.90735e-07
      vertex 33 -7.7 -1.90735e-07
    endloop
  endfacet
  facet normal -0.970083 0.242775 0
    outer loop
      vertex 34.6268 -6.49348 -1.90735e-07
      vertex 34.6673 -6.33165 2.5
      vertex 34.6673 -6.33165 -1.90735e-07
    endloop
  endfacet
  facet normal -0.970083 0.242775 0
    outer loop
      vertex 34.6673 -6.33165 2.5
      vertex 34.6268 -6.49348 -1.90735e-07
      vertex 34.6268 -6.49348 2.5
    endloop
  endfacet
  facet normal -0.803154 0.595772 0
    outer loop
      vertex 34.3141 -7.07847 -1.90735e-07
      vertex 34.4135 -6.94447 2.5
      vertex 34.4135 -6.94447 -1.90735e-07
    endloop
  endfacet
  facet normal -0.803154 0.595772 0
    outer loop
      vertex 34.4135 -6.94447 2.5
      vertex 34.3141 -7.07847 -1.90735e-07
      vertex 34.3141 -7.07847 2.5
    endloop
  endfacet
  facet normal -0.904054 0.427419 0
    outer loop
      vertex 34.4993 -6.80137 -1.90735e-07
      vertex 34.5706 -6.65056 2.5
      vertex 34.5706 -6.65056 -1.90735e-07
    endloop
  endfacet
  facet normal -0.904054 0.427419 0
    outer loop
      vertex 34.5706 -6.65056 2.5
      vertex 34.4993 -6.80137 -1.90735e-07
      vertex 34.4993 -6.80137 2.5
    endloop
  endfacet
  facet normal -0.14667 0.989185 0
    outer loop
      vertex 33.3317 -7.66733 -1.90735e-07
      vertex 33.1666 -7.69181 2.5
      vertex 33.3317 -7.66733 2.5
    endloop
  endfacet
  facet normal -0.14667 0.989185 0
    outer loop
      vertex 33.1666 -7.69181 2.5
      vertex 33.3317 -7.66733 -1.90735e-07
      vertex 33.1666 -7.69181 -1.90735e-07
    endloop
  endfacet
  facet normal -0.67161 0.740905 0
    outer loop
      vertex 34.2021 -7.20208 -1.90735e-07
      vertex 34.0785 -7.31412 2.5
      vertex 34.2021 -7.20208 2.5
    endloop
  endfacet
  facet normal -0.67161 0.740905 0
    outer loop
      vertex 34.0785 -7.31412 2.5
      vertex 34.2021 -7.20208 -1.90735e-07
      vertex 34.0785 -7.31412 -1.90735e-07
    endloop
  endfacet
  facet normal -0.514099 0.857731 0
    outer loop
      vertex 33.9445 -7.4135 -1.90735e-07
      vertex 33.8014 -7.49927 2.5
      vertex 33.9445 -7.4135 2.5
    endloop
  endfacet
  facet normal -0.514099 0.857731 0
    outer loop
      vertex 33.8014 -7.49927 2.5
      vertex 33.9445 -7.4135 -1.90735e-07
      vertex 33.8014 -7.49927 -1.90735e-07
    endloop
  endfacet
  facet normal 0.0491004 0.998794 -0
    outer loop
      vertex 33 -7.7 -1.90735e-07
      vertex 32.8334 -7.69181 2.5
      vertex 33 -7.7 2.5
    endloop
  endfacet
  facet normal 0.0491004 0.998794 0
    outer loop
      vertex 32.8334 -7.69181 2.5
      vertex 33 -7.7 -1.90735e-07
      vertex 32.8334 -7.69181 -1.90735e-07
    endloop
  endfacet
  facet normal 0.336883 0.941546 -0
    outer loop
      vertex 32.5065 -7.6268 -1.90735e-07
      vertex 32.3494 -7.57059 2.5
      vertex 32.5065 -7.6268 2.5
    endloop
  endfacet
  facet normal 0.336883 0.941546 0
    outer loop
      vertex 32.3494 -7.57059 2.5
      vertex 32.5065 -7.6268 -1.90735e-07
      vertex 32.3494 -7.57059 -1.90735e-07
    endloop
  endfacet
  facet normal 0.514099 0.857731 -0
    outer loop
      vertex 32.1986 -7.49927 -1.90735e-07
      vertex 32.0555 -7.4135 2.5
      vertex 32.1986 -7.49927 2.5
    endloop
  endfacet
  facet normal 0.514099 0.857731 0
    outer loop
      vertex 32.0555 -7.4135 2.5
      vertex 32.1986 -7.49927 -1.90735e-07
      vertex 32.0555 -7.4135 -1.90735e-07
    endloop
  endfacet
  facet normal 0.970083 0.242775 0
    outer loop
      vertex 31.3732 -6.49348 2.5
      vertex 31.3327 -6.33165 -1.90735e-07
      vertex 31.3327 -6.33165 2.5
    endloop
  endfacet
  facet normal 0.970083 0.242775 0
    outer loop
      vertex 31.3327 -6.33165 -1.90735e-07
      vertex 31.3732 -6.49348 2.5
      vertex 31.3732 -6.49348 -1.90735e-07
    endloop
  endfacet
  facet normal 0.998791 0.0491513 0
    outer loop
      vertex 31.3082 -6.16663 2.5
      vertex 31.3 -6 -1.90735e-07
      vertex 31.3 -6 2.5
    endloop
  endfacet
  facet normal 0.998791 0.0491513 0
    outer loop
      vertex 31.3 -6 -1.90735e-07
      vertex 31.3082 -6.16663 2.5
      vertex 31.3082 -6.16663 -1.90735e-07
    endloop
  endfacet
  facet normal 0.803154 0.595772 0
    outer loop
      vertex 31.6859 -7.07847 2.5
      vertex 31.5865 -6.94447 -1.90735e-07
      vertex 31.5865 -6.94447 2.5
    endloop
  endfacet
  facet normal 0.803154 0.595772 0
    outer loop
      vertex 31.5865 -6.94447 -1.90735e-07
      vertex 31.6859 -7.07847 2.5
      vertex 31.6859 -7.07847 -1.90735e-07
    endloop
  endfacet
  facet normal 0.904054 0.427419 0
    outer loop
      vertex 31.5007 -6.80137 2.5
      vertex 31.4294 -6.65056 -1.90735e-07
      vertex 31.4294 -6.65056 2.5
    endloop
  endfacet
  facet normal 0.904054 0.427419 0
    outer loop
      vertex 31.4294 -6.65056 -1.90735e-07
      vertex 31.5007 -6.80137 2.5
      vertex 31.5007 -6.80137 -1.90735e-07
    endloop
  endfacet
  facet normal -0.989158 -0.146857 0
    outer loop
      vertex 34.6918 -5.83337 -1.90735e-07
      vertex 34.6673 -5.66835 2.5
      vertex 34.6673 -5.66835 -1.90735e-07
    endloop
  endfacet
  facet normal -0.989158 -0.146857 0
    outer loop
      vertex 34.6673 -5.66835 2.5
      vertex 34.6918 -5.83337 -1.90735e-07
      vertex 34.6918 -5.83337 2.5
    endloop
  endfacet
  facet normal 0 0 -1
    outer loop
      vertex 34.6918 -6.16663 2.5
      vertex 34.6918 -5.83337 2.5
      vertex 34.7 -6 2.5
    endloop
  endfacet
  facet normal 0 0 -1
    outer loop
      vertex 34.6673 -6.33165 2.5
      vertex 34.6918 -5.83337 2.5
      vertex 34.6918 -6.16663 2.5
    endloop
  endfacet
  facet normal 0 0 -1
    outer loop
      vertex 34.6673 -6.33165 2.5
      vertex 34.6673 -5.66835 2.5
      vertex 34.6918 -5.83337 2.5
    endloop
  endfacet
  facet normal 0 0 -1
    outer loop
      vertex 34.6268 -6.49348 2.5
      vertex 34.6673 -5.66835 2.5
      vertex 34.6673 -6.33165 2.5
    endloop
  endfacet
  facet normal 0 0 -1
    outer loop
      vertex 34.6268 -6.49348 2.5
      vertex 34.6268 -5.50652 2.5
      vertex 34.6673 -5.66835 2.5
    endloop
  endfacet
  facet normal 0 0 -1
    outer loop
      vertex 34.5706 -6.65056 2.5
      vertex 34.6268 -5.50652 2.5
      vertex 34.6268 -6.49348 2.5
    endloop
  endfacet
  facet normal 0 0 -1
    outer loop
      vertex 34.5706 -6.65056 2.5
      vertex 34.5706 -5.34944 2.5
      vertex 34.6268 -5.50652 2.5
    endloop
  endfacet
  facet normal 0 0 -1
    outer loop
      vertex 34.4993 -6.80137 2.5
      vertex 34.5706 -5.34944 2.5
      vertex 34.5706 -6.65056 2.5
    endloop
  endfacet
  facet normal 0 0 -1
    outer loop
      vertex 34.4993 -6.80137 2.5
      vertex 34.4993 -5.19862 2.5
      vertex 34.5706 -5.34944 2.5
    endloop
  endfacet
  facet normal 0 0 -1
    outer loop
      vertex 34.4135 -6.94447 2.5
      vertex 34.4993 -5.19862 2.5
      vertex 34.4993 -6.80137 2.5
    endloop
  endfacet
  facet normal 0 0 -1
    outer loop
      vertex 34.4135 -6.94447 2.5
      vertex 34.4135 -5.05553 2.5
      vertex 34.4993 -5.19862 2.5
    endloop
  endfacet
  facet normal 0 0 -1
    outer loop
      vertex 34.3141 -7.07847 2.5
      vertex 34.4135 -5.05553 2.5
      vertex 34.4135 -6.94447 2.5
    endloop
  endfacet
  facet normal 0 0 -1
    outer loop
      vertex 34.3141 -7.07847 2.5
      vertex 34.3141 -4.92153 2.5
      vertex 34.4135 -5.05553 2.5
    endloop
  endfacet
  facet normal 0 0 -1
    outer loop
      vertex 34.2021 -7.20208 2.5
      vertex 34.3141 -4.92153 2.5
      vertex 34.3141 -7.07847 2.5
    endloop
  endfacet
  facet normal 0 0 -1
    outer loop
      vertex 34.2021 -7.20208 2.5
      vertex 34.2021 -4.79792 2.5
      vertex 34.3141 -4.92153 2.5
    endloop
  endfacet
  facet normal 0 0 -1
    outer loop
      vertex 34.0785 -7.31412 2.5
      vertex 34.2021 -4.79792 2.5
      vertex 34.2021 -7.20208 2.5
    endloop
  endfacet
  facet normal 0 0 -1
    outer loop
      vertex 34.0785 -7.31412 2.5
      vertex 34.0785 -4.68588 2.5
      vertex 34.2021 -4.79792 2.5
    endloop
  endfacet
  facet normal 0 0 -1
    outer loop
      vertex 33.9445 -7.4135 2.5
      vertex 34.0785 -4.68588 2.5
      vertex 34.0785 -7.31412 2.5
    endloop
  endfacet
  facet normal 0 0 -1
    outer loop
      vertex 33.9445 -7.4135 2.5
      vertex 33.9445 -4.5865 2.5
      vertex 34.0785 -4.68588 2.5
    endloop
  endfacet
  facet normal 0 0 -1
    outer loop
      vertex 33.8014 -7.49927 2.5
      vertex 33.9445 -4.5865 2.5
      vertex 33.9445 -7.4135 2.5
    endloop
  endfacet
  facet normal 0 0 -1
    outer loop
      vertex 33.8014 -7.49927 2.5
      vertex 33.8014 -4.50073 2.5
      vertex 33.9445 -4.5865 2.5
    endloop
  endfacet
  facet normal 0 0 -1
    outer loop
      vertex 33.6506 -7.57059 2.5
      vertex 33.8014 -4.50073 2.5
      vertex 33.8014 -7.49927 2.5
    endloop
  endfacet
  facet normal 0 0 -1
    outer loop
      vertex 33.6506 -7.57059 2.5
      vertex 33.6506 -4.4294 2.5
      vertex 33.8014 -4.50073 2.5
    endloop
  endfacet
  facet normal 0 0 -1
    outer loop
      vertex 33.4935 -7.6268 2.5
      vertex 33.6506 -4.4294 2.5
      vertex 33.6506 -7.57059 2.5
    endloop
  endfacet
  facet normal 0 0 -1
    outer loop
      vertex 33.4935 -7.6268 2.5
      vertex 33.4935 -4.3732 2.5
      vertex 33.6506 -4.4294 2.5
    endloop
  endfacet
  facet normal 0 0 -1
    outer loop
      vertex 33.3317 -7.66733 2.5
      vertex 33.4935 -4.3732 2.5
      vertex 33.4935 -7.6268 2.5
    endloop
  endfacet
  facet normal 0 0 -1
    outer loop
      vertex 33.3317 -7.66733 2.5
      vertex 33.3317 -4.33266 2.5
      vertex 33.4935 -4.3732 2.5
    endloop
  endfacet
  facet normal 0 0 -1
    outer loop
      vertex 33.1666 -7.69181 2.5
      vertex 33.3317 -4.33266 2.5
      vertex 33.3317 -7.66733 2.5
    endloop
  endfacet
  facet normal 0 0 -1
    outer loop
      vertex 33.1666 -7.69181 2.5
      vertex 33.1666 -4.30819 2.5
      vertex 33.3317 -4.33266 2.5
    endloop
  endfacet
  facet normal 0 0 -1
    outer loop
      vertex 33 -7.7 2.5
      vertex 33.1666 -4.30819 2.5
      vertex 33.1666 -7.69181 2.5
    endloop
  endfacet
  facet normal 0 0 -1
    outer loop
      vertex 33 -7.7 2.5
      vertex 33 -4.3 2.5
      vertex 33.1666 -4.30819 2.5
    endloop
  endfacet
  facet normal 0 0 -1
    outer loop
      vertex 32.8334 -7.69181 2.5
      vertex 33 -4.3 2.5
      vertex 33 -7.7 2.5
    endloop
  endfacet
  facet normal 0 0 -1
    outer loop
      vertex 32.8334 -7.69181 2.5
      vertex 32.8334 -4.30819 2.5
      vertex 33 -4.3 2.5
    endloop
  endfacet
  facet normal 0 0 -1
    outer loop
      vertex 32.6683 -7.66733 2.5
      vertex 32.8334 -4.30819 2.5
      vertex 32.8334 -7.69181 2.5
    endloop
  endfacet
  facet normal 0 0 -1
    outer loop
      vertex 32.6683 -7.66733 2.5
      vertex 32.6683 -4.33266 2.5
      vertex 32.8334 -4.30819 2.5
    endloop
  endfacet
  facet normal 0 0 -1
    outer loop
      vertex 32.5065 -7.6268 2.5
      vertex 32.6683 -4.33266 2.5
      vertex 32.6683 -7.66733 2.5
    endloop
  endfacet
  facet normal 0 0 -1
    outer loop
      vertex 32.5065 -7.6268 2.5
      vertex 32.5065 -4.3732 2.5
      vertex 32.6683 -4.33266 2.5
    endloop
  endfacet
  facet normal 0 0 -1
    outer loop
      vertex 32.3494 -7.57059 2.5
      vertex 32.5065 -4.3732 2.5
      vertex 32.5065 -7.6268 2.5
    endloop
  endfacet
  facet normal 0 0 -1
    outer loop
      vertex 32.3494 -7.57059 2.5
      vertex 32.3494 -4.4294 2.5
      vertex 32.5065 -4.3732 2.5
    endloop
  endfacet
  facet normal 0 0 -1
    outer loop
      vertex 32.1986 -7.49927 2.5
      vertex 32.3494 -4.4294 2.5
      vertex 32.3494 -7.57059 2.5
    endloop
  endfacet
  facet normal 0 0 -1
    outer loop
      vertex 32.1986 -7.49927 2.5
      vertex 32.1986 -4.50073 2.5
      vertex 32.3494 -4.4294 2.5
    endloop
  endfacet
  facet normal 0 0 -1
    outer loop
      vertex 32.0555 -7.4135 2.5
      vertex 32.1986 -4.50073 2.5
      vertex 32.1986 -7.49927 2.5
    endloop
  endfacet
  facet normal 0 0 -1
    outer loop
      vertex 32.0555 -7.4135 2.5
      vertex 32.0555 -4.5865 2.5
      vertex 32.1986 -4.50073 2.5
    endloop
  endfacet
  facet normal 0 0 -1
    outer loop
      vertex 31.9215 -7.31412 2.5
      vertex 32.0555 -4.5865 2.5
      vertex 32.0555 -7.4135 2.5
    endloop
  endfacet
  facet normal 0 0 -1
    outer loop
      vertex 31.9215 -7.31412 2.5
      vertex 31.9215 -4.68588 2.5
      vertex 32.0555 -4.5865 2.5
    endloop
  endfacet
  facet normal 0 0 -1
    outer loop
      vertex 31.7979 -7.20208 2.5
      vertex 31.9215 -4.68588 2.5
      vertex 31.9215 -7.31412 2.5
    endloop
  endfacet
  facet normal 0 0 -1
    outer loop
      vertex 31.7979 -7.20208 2.5
      vertex 31.7979 -4.79792 2.5
      vertex 31.9215 -4.68588 2.5
    endloop
  endfacet
  facet normal 0 0 -1
    outer loop
      vertex 31.6859 -7.07847 2.5
      vertex 31.7979 -4.79792 2.5
      vertex 31.7979 -7.20208 2.5
    endloop
  endfacet
  facet normal 0 0 -1
    outer loop
      vertex 31.6859 -7.07847 2.5
      vertex 31.6859 -4.92153 2.5
      vertex 31.7979 -4.79792 2.5
    endloop
  endfacet
  facet normal 0 0 -1
    outer loop
      vertex 31.5865 -6.94447 2.5
      vertex 31.6859 -4.92153 2.5
      vertex 31.6859 -7.07847 2.5
    endloop
  endfacet
  facet normal 0 0 -1
    outer loop
      vertex 31.5865 -6.94447 2.5
      vertex 31.5865 -5.05553 2.5
      vertex 31.6859 -4.92153 2.5
    endloop
  endfacet
  facet normal 0 0 -1
    outer loop
      vertex 31.5007 -6.80137 2.5
      vertex 31.5865 -5.05553 2.5
      vertex 31.5865 -6.94447 2.5
    endloop
  endfacet
  facet normal 0 0 -1
    outer loop
      vertex 31.5007 -6.80137 2.5
      vertex 31.5007 -5.19862 2.5
      vertex 31.5865 -5.05553 2.5
    endloop
  endfacet
  facet normal 0 0 -1
    outer loop
      vertex 31.4294 -6.65056 2.5
      vertex 31.5007 -5.19862 2.5
      vertex 31.5007 -6.80137 2.5
    endloop
  endfacet
  facet normal 0 0 -1
    outer loop
      vertex 31.4294 -6.65056 2.5
      vertex 31.4294 -5.34944 2.5
      vertex 31.5007 -5.19862 2.5
    endloop
  endfacet
  facet normal 0 0 -1
    outer loop
      vertex 31.3732 -6.49348 2.5
      vertex 31.4294 -5.34944 2.5
      vertex 31.4294 -6.65056 2.5
    endloop
  endfacet
  facet normal 0 0 -1
    outer loop
      vertex 31.3732 -6.49348 2.5
      vertex 31.3732 -5.50652 2.5
      vertex 31.4294 -5.34944 2.5
    endloop
  endfacet
  facet normal 0 0 -1
    outer loop
      vertex 31.3327 -6.33165 2.5
      vertex 31.3732 -5.50652 2.5
      vertex 31.3732 -6.49348 2.5
    endloop
  endfacet
  facet normal 0 0 -1
    outer loop
      vertex 31.3327 -6.33165 2.5
      vertex 31.3327 -5.66835 2.5
      vertex 31.3732 -5.50652 2.5
    endloop
  endfacet
  facet normal 0 0 -1
    outer loop
      vertex 31.3082 -6.16663 2.5
      vertex 31.3327 -5.66835 2.5
      vertex 31.3327 -6.33165 2.5
    endloop
  endfacet
  facet normal 0 0 -1
    outer loop
      vertex 31.3082 -6.16663 2.5
      vertex 31.3082 -5.83337 2.5
      vertex 31.3327 -5.66835 2.5
    endloop
  endfacet
  facet normal 0 -0 -1
    outer loop
      vertex 31.3082 -5.83337 2.5
      vertex 31.3082 -6.16663 2.5
      vertex 31.3 -6 2.5
    endloop
  endfacet
  facet normal 0.989158 -0.146857 0
    outer loop
      vertex 31.3082 -5.83337 2.5
      vertex 31.3327 -5.66835 -1.90735e-07
      vertex 31.3327 -5.66835 2.5
    endloop
  endfacet
  facet normal 0.989158 -0.146857 0
    outer loop
      vertex 31.3327 -5.66835 -1.90735e-07
      vertex 31.3082 -5.83337 2.5
      vertex 31.3082 -5.83337 -1.90735e-07
    endloop
  endfacet
  facet normal -0.989158 0.146857 0
    outer loop
      vertex 34.6673 -6.33165 -1.90735e-07
      vertex 34.6918 -6.16663 2.5
      vertex 34.6918 -6.16663 -1.90735e-07
    endloop
  endfacet
  facet normal -0.989158 0.146857 0
    outer loop
      vertex 34.6918 -6.16663 2.5
      vertex 34.6673 -6.33165 -1.90735e-07
      vertex 34.6673 -6.33165 2.5
    endloop
  endfacet
  facet normal -0.42754 0.903996 0
    outer loop
      vertex 33.8014 -7.49927 -1.90735e-07
      vertex 33.6506 -7.57059 2.5
      vertex 33.8014 -7.49927 2.5
    endloop
  endfacet
  facet normal -0.42754 0.903996 0
    outer loop
      vertex 33.6506 -7.57059 2.5
      vertex 33.8014 -7.49927 -1.90735e-07
      vertex 33.6506 -7.57059 -1.90735e-07
    endloop
  endfacet
  facet normal -0.242987 0.97003 0
    outer loop
      vertex 33.4935 -7.6268 -1.90735e-07
      vertex 33.3317 -7.66733 2.5
      vertex 33.4935 -7.6268 2.5
    endloop
  endfacet
  facet normal -0.242987 0.97003 0
    outer loop
      vertex 33.3317 -7.66733 2.5
      vertex 33.4935 -7.6268 -1.90735e-07
      vertex 33.3317 -7.66733 -1.90735e-07
    endloop
  endfacet
  facet normal -0.741051 0.671448 0
    outer loop
      vertex 34.2021 -7.20208 -1.90735e-07
      vertex 34.3141 -7.07847 2.5
      vertex 34.3141 -7.07847 -1.90735e-07
    endloop
  endfacet
  facet normal -0.741051 0.671448 0
    outer loop
      vertex 34.3141 -7.07847 2.5
      vertex 34.2021 -7.20208 -1.90735e-07
      vertex 34.2021 -7.20208 2.5
    endloop
  endfacet
  facet normal -0.595695 0.803211 0
    outer loop
      vertex 34.0785 -7.31412 -1.90735e-07
      vertex 33.9445 -7.4135 2.5
      vertex 34.0785 -7.31412 2.5
    endloop
  endfacet
  facet normal -0.595695 0.803211 0
    outer loop
      vertex 33.9445 -7.4135 2.5
      vertex 34.0785 -7.31412 -1.90735e-07
      vertex 33.9445 -7.4135 -1.90735e-07
    endloop
  endfacet
  facet normal 0.242987 0.97003 -0
    outer loop
      vertex 32.6683 -7.66733 -1.90735e-07
      vertex 32.5065 -7.6268 2.5
      vertex 32.6683 -7.66733 2.5
    endloop
  endfacet
  facet normal 0.242987 0.97003 0
    outer loop
      vertex 32.5065 -7.6268 2.5
      vertex 32.6683 -7.66733 -1.90735e-07
      vertex 32.5065 -7.6268 -1.90735e-07
    endloop
  endfacet
  facet normal 0.595695 0.803211 -0
    outer loop
      vertex 32.0555 -7.4135 -1.90735e-07
      vertex 31.9215 -7.31412 2.5
      vertex 32.0555 -7.4135 2.5
    endloop
  endfacet
  facet normal 0.595695 0.803211 0
    outer loop
      vertex 31.9215 -7.31412 2.5
      vertex 32.0555 -7.4135 -1.90735e-07
      vertex 31.9215 -7.31412 -1.90735e-07
    endloop
  endfacet
  facet normal 0.941552 0.336868 0
    outer loop
      vertex 31.4294 -6.65056 2.5
      vertex 31.3732 -6.49348 -1.90735e-07
      vertex 31.3732 -6.49348 2.5
    endloop
  endfacet
  facet normal 0.941552 0.336868 0
    outer loop
      vertex 31.3732 -6.49348 -1.90735e-07
      vertex 31.4294 -6.65056 2.5
      vertex 31.4294 -6.65056 -1.90735e-07
    endloop
  endfacet
  facet normal 0.989158 0.146857 0
    outer loop
      vertex 31.3327 -6.33165 2.5
      vertex 31.3082 -6.16663 -1.90735e-07
      vertex 31.3082 -6.16663 2.5
    endloop
  endfacet
  facet normal 0.989158 0.146857 0
    outer loop
      vertex 31.3082 -6.16663 -1.90735e-07
      vertex 31.3327 -6.33165 2.5
      vertex 31.3327 -6.33165 -1.90735e-07
    endloop
  endfacet
  facet normal 0.857652 0.514231 0
    outer loop
      vertex 31.5865 -6.94447 2.5
      vertex 31.5007 -6.80137 -1.90735e-07
      vertex 31.5007 -6.80137 2.5
    endloop
  endfacet
  facet normal 0.857652 0.514231 0
    outer loop
      vertex 31.5007 -6.80137 -1.90735e-07
      vertex 31.5865 -6.94447 2.5
      vertex 31.5865 -6.94447 -1.90735e-07
    endloop
  endfacet
  facet normal 0.741051 0.671448 0
    outer loop
      vertex 31.7979 -7.20208 2.5
      vertex 31.6859 -7.07847 -1.90735e-07
      vertex 31.6859 -7.07847 2.5
    endloop
  endfacet
  facet normal 0.741051 0.671448 0
    outer loop
      vertex 31.6859 -7.07847 -1.90735e-07
      vertex 31.7979 -7.20208 2.5
      vertex 31.7979 -7.20208 -1.90735e-07
    endloop
  endfacet
  facet normal -0.857652 0.514231 0
    outer loop
      vertex 34.4135 -6.94447 -1.90735e-07
      vertex 34.4993 -6.80137 2.5
      vertex 34.4993 -6.80137 -1.90735e-07
    endloop
  endfacet
  facet normal -0.857652 0.514231 0
    outer loop
      vertex 34.4993 -6.80137 2.5
      vertex 34.4135 -6.94447 -1.90735e-07
      vertex 34.4135 -6.94447 2.5
    endloop
  endfacet
  facet normal -0.336883 0.941546 0
    outer loop
      vertex 33.6506 -7.57059 -1.90735e-07
      vertex 33.4935 -7.6268 2.5
      vertex 33.6506 -7.57059 2.5
    endloop
  endfacet
  facet normal -0.336883 0.941546 0
    outer loop
      vertex 33.4935 -7.6268 2.5
      vertex 33.6506 -7.57059 -1.90735e-07
      vertex 33.4935 -7.6268 -1.90735e-07
    endloop
  endfacet
endsolid OpenSCAD_Model
