solid OpenSCAD_Model
  facet normal -1 0 0
    outer loop
      vertex -16.4 -19.2215 0
      vertex -16.4 -38.7785 0
      vertex -16.4 -19.2215 3
    endloop
  endfacet
  facet normal -1 0 0
    outer loop
      vertex -16.4 -19.2215 3
      vertex -16.4 -14 43
      vertex -16.4 -12.7785 3
    endloop
  endfacet
  facet normal -1 0 0
    outer loop
      vertex -16.4 -38.7785 3
      vertex -16.4 -19.2215 3
      vertex -16.4 -38.7785 0
    endloop
  endfacet
  facet normal -1 0 0
    outer loop
      vertex -16.4 -19.2215 3
      vertex -16.4 -38.7785 3
      vertex -16.4 -14 43
    endloop
  endfacet
  facet normal -1 0 0
    outer loop
      vertex -16.4 -43.9294 3.15056
      vertex -16.4 -38.7785 3
      vertex -16.4 -43.8755 3
    endloop
  endfacet
  facet normal -1 0 0
    outer loop
      vertex -16.4 -44.0007 3.30137
      vertex -16.4 -38.7785 3
      vertex -16.4 -43.9294 3.15056
    endloop
  endfacet
  facet normal -1 0 0
    outer loop
      vertex -16.4 -44.0865 3.44447
      vertex -16.4 -38.7785 3
      vertex -16.4 -44.0007 3.30137
    endloop
  endfacet
  facet normal -1 0 0
    outer loop
      vertex -16.4 -44.1859 3.57847
      vertex -16.4 -38.7785 3
      vertex -16.4 -44.0865 3.44447
    endloop
  endfacet
  facet normal -1 0 0
    outer loop
      vertex -16.4 -44.2979 3.70208
      vertex -16.4 -38.7785 3
      vertex -16.4 -44.1859 3.57847
    endloop
  endfacet
  facet normal -1 0 0
    outer loop
      vertex -16.4 -44.4215 3.81412
      vertex -16.4 -38.7785 3
      vertex -16.4 -44.2979 3.70208
    endloop
  endfacet
  facet normal -1 0 0
    outer loop
      vertex -16.4 -44.5555 3.9135
      vertex -16.4 -38.7785 3
      vertex -16.4 -44.4215 3.81412
    endloop
  endfacet
  facet normal -1 0 0
    outer loop
      vertex -16.4 -44.6986 3.99927
      vertex -16.4 -38.7785 3
      vertex -16.4 -44.5555 3.9135
    endloop
  endfacet
  facet normal -1 0 0
    outer loop
      vertex -16.4 -44.8494 4.07059
      vertex -16.4 -38.7785 3
      vertex -16.4 -44.6986 3.99927
    endloop
  endfacet
  facet normal -1 0 0
    outer loop
      vertex -16.4 -45.0065 4.1268
      vertex -16.4 -38.7785 3
      vertex -16.4 -44.8494 4.07059
    endloop
  endfacet
  facet normal -1 0 0
    outer loop
      vertex -16.4 -38.7785 3
      vertex -16.4 -45.0065 4.1268
      vertex -16.4 -48.4 43
    endloop
  endfacet
  facet normal -1 0 0
    outer loop
      vertex -16.4 -48.4 43
      vertex -16.4 -45.0065 4.1268
      vertex -16.4 -45.1683 4.16733
    endloop
  endfacet
  facet normal -1 0 0
    outer loop
      vertex -16.4 -48.4 5.24946
      vertex -16.4 -45.1683 4.16733
      vertex -16.4 -45.3334 4.19181
    endloop
  endfacet
  facet normal -1 0 0
    outer loop
      vertex -16.4 -48.4 5.24946
      vertex -16.4 -45.3334 4.19181
      vertex -16.4 -45.5 4.2
    endloop
  endfacet
  facet normal -1 0 0
    outer loop
      vertex -16.4 -48.4 5.24946
      vertex -16.4 -45.5 4.2
      vertex -16.4 -45.6666 4.19181
    endloop
  endfacet
  facet normal -1 0 0
    outer loop
      vertex -16.4 -48.4 5.24946
      vertex -16.4 -45.6666 4.19181
      vertex -16.4 -45.8317 4.16733
    endloop
  endfacet
  facet normal -1 0 0
    outer loop
      vertex -16.4 -48.4 5.24946
      vertex -16.4 -45.8317 4.16733
      vertex -16.4 -45.9935 4.1268
    endloop
  endfacet
  facet normal -1 0 0
    outer loop
      vertex -16.4 -48.4 5.24946
      vertex -16.4 -45.9935 4.1268
      vertex -16.4 -46.1506 4.07059
    endloop
  endfacet
  facet normal -1 0 0
    outer loop
      vertex -16.4 -48.4 5.24946
      vertex -16.4 -46.1506 4.07059
      vertex -16.4 -46.3014 3.99927
    endloop
  endfacet
  facet normal -1 0 0
    outer loop
      vertex -16.4 -48.4 5.24946
      vertex -16.4 -46.3014 3.99927
      vertex -16.4 -46.4445 3.9135
    endloop
  endfacet
  facet normal -1 0 0
    outer loop
      vertex -16.4 -48.4 5.24946
      vertex -16.4 -46.4445 3.9135
      vertex -16.4 -46.5785 3.81412
    endloop
  endfacet
  facet normal -1 0 0
    outer loop
      vertex -16.4 -48.4 5.24946
      vertex -16.4 -46.5785 3.81412
      vertex -16.4 -46.7021 3.70208
    endloop
  endfacet
  facet normal -1 0 0
    outer loop
      vertex -16.4 -48.4 5.24946
      vertex -16.4 -46.7021 3.70208
      vertex -16.4 -46.8141 3.57847
    endloop
  endfacet
  facet normal -1 0 0
    outer loop
      vertex -16.4 -49.4807 2.89207
      vertex -16.4 -47.1918 2.66663
      vertex -16.4 -47.2 2.5
    endloop
  endfacet
  facet normal -1 0 0
    outer loop
      vertex -16.4 -48.592 5.03757
      vertex -16.4 -47.1673 2.83165
      vertex -16.4 -47.1918 2.66663
    endloop
  endfacet
  facet normal -1 0 0
    outer loop
      vertex -16.4 -48.592 5.03757
      vertex -16.4 -47.1268 2.99348
      vertex -16.4 -47.1673 2.83165
    endloop
  endfacet
  facet normal -1 0 0
    outer loop
      vertex -16.4 -48.592 5.03757
      vertex -16.4 -47.0706 3.15056
      vertex -16.4 -47.1268 2.99348
    endloop
  endfacet
  facet normal -1 0 0
    outer loop
      vertex -16.4 -48.592 5.03757
      vertex -16.4 -46.9993 3.30137
      vertex -16.4 -47.0706 3.15056
    endloop
  endfacet
  facet normal -1 0 0
    outer loop
      vertex -16.4 -48.592 5.03757
      vertex -16.4 -46.9135 3.44447
      vertex -16.4 -46.9993 3.30137
    endloop
  endfacet
  facet normal -1 0 0
    outer loop
      vertex -16.4 -48.592 5.03757
      vertex -16.4 -46.8141 3.57847
      vertex -16.4 -46.9135 3.44447
    endloop
  endfacet
  facet normal -1 0 0
    outer loop
      vertex -16.4 -45.1683 4.16733
      vertex -16.4 -48.4 5.24946
      vertex -16.4 -48.4 43
    endloop
  endfacet
  facet normal -1 0 0
    outer loop
      vertex -16.4 -38.7785 3
      vertex -16.4 -48.4 43
      vertex -16.4 -14 43
    endloop
  endfacet
  facet normal -1 0 0
    outer loop
      vertex -16.4 -12.7785 3
      vertex -16.4 -11.6 0
      vertex -16.4 -12.7785 0
    endloop
  endfacet
  facet normal -1 0 0
    outer loop
      vertex -16.4 -14 43
      vertex -16.4 -11.6 0
      vertex -16.4 -12.7785 3
    endloop
  endfacet
  facet normal -1 0 0
    outer loop
      vertex -16.4 -11.6 0
      vertex -16.4 -14 43
      vertex -16.4 -11.6 50
    endloop
  endfacet
  facet normal -1 -0 0
    outer loop
      vertex -16.4 -11.6 50
      vertex -16.4 -14 43
      vertex -16.4 -14 50
    endloop
  endfacet
  facet normal -1 0 0
    outer loop
      vertex -16.4 -45.2215 0
      vertex -16.4 -45.3334 0.808186
      vertex -16.4 -45.2215 0.824778
    endloop
  endfacet
  facet normal -1 0 0
    outer loop
      vertex -16.4 -45.2215 0
      vertex -16.4 -45.5 0.799999
      vertex -16.4 -45.3334 0.808186
    endloop
  endfacet
  facet normal -1 0 0
    outer loop
      vertex -16.4 -45.2215 0
      vertex -16.4 -45.6666 0.808186
      vertex -16.4 -45.5 0.799999
    endloop
  endfacet
  facet normal -1 0 0
    outer loop
      vertex -16.4 -45.2215 0
      vertex -16.4 -45.8317 0.832664
      vertex -16.4 -45.6666 0.808186
    endloop
  endfacet
  facet normal -1 0 0
    outer loop
      vertex -16.4 -45.2215 0
      vertex -16.4 -45.9935 0.873201
      vertex -16.4 -45.8317 0.832664
    endloop
  endfacet
  facet normal -1 0 0
    outer loop
      vertex -16.4 -45.2215 0
      vertex -16.4 -46.1506 0.929404
      vertex -16.4 -45.9935 0.873201
    endloop
  endfacet
  facet normal -1 0 0
    outer loop
      vertex -16.4 -48.6199 0
      vertex -16.4 -46.1506 0.929404
      vertex -16.4 -45.2215 0
    endloop
  endfacet
  facet normal -1 -0 0
    outer loop
      vertex -16.4 -46.1506 0.929404
      vertex -16.4 -48.6199 0
      vertex -16.4 -46.3014 1.00073
    endloop
  endfacet
  facet normal -1 -0 0
    outer loop
      vertex -16.4 -46.3014 1.00073
      vertex -16.4 -48.6199 0
      vertex -16.4 -46.4445 1.0865
    endloop
  endfacet
  facet normal -1 0 0
    outer loop
      vertex -16.4 -49.5 2.5
      vertex -16.4 -47.2 2.5
      vertex -16.4 -47.1918 2.33337
    endloop
  endfacet
  facet normal -1 0 0
    outer loop
      vertex -16.4 -49.4807 2.10793
      vertex -16.4 -47.1918 2.33337
      vertex -16.4 -47.1673 2.16835
    endloop
  endfacet
  facet normal -1 0 0
    outer loop
      vertex -16.4 -49.4231 1.71964
      vertex -16.4 -47.1673 2.16835
      vertex -16.4 -47.1268 2.00652
    endloop
  endfacet
  facet normal -1 0 0
    outer loop
      vertex -16.4 -49.3278 1.33886
      vertex -16.4 -47.1268 2.00652
      vertex -16.4 -47.0706 1.84944
    endloop
  endfacet
  facet normal -1 0 0
    outer loop
      vertex -16.4 -46.8141 3.57847
      vertex -16.4 -48.592 5.03757
      vertex -16.4 -48.4 5.24946
    endloop
  endfacet
  facet normal -1 0 0
    outer loop
      vertex -16.4 -49.1955 0.969266
      vertex -16.4 -47.0706 1.84944
      vertex -16.4 -46.9993 1.69862
    endloop
  endfacet
  facet normal -1 -0 0
    outer loop
      vertex -16.4 -46.4445 1.0865
      vertex -16.4 -48.6199 0
      vertex -16.4 -46.5785 1.18588
    endloop
  endfacet
  facet normal -1 0 0
    outer loop
      vertex -16.4 -48.6199 0
      vertex -16.4 -46.7021 1.29792
      vertex -16.4 -46.5785 1.18588
    endloop
  endfacet
  facet normal -1 0 0
    outer loop
      vertex -16.4 -48.6199 0
      vertex -16.4 -46.8141 1.42153
      vertex -16.4 -46.7021 1.29792
    endloop
  endfacet
  facet normal -1 0 0
    outer loop
      vertex -16.4 -48.6199 0
      vertex -16.4 -46.9135 1.55553
      vertex -16.4 -46.8141 1.42153
    endloop
  endfacet
  facet normal -1 0 0
    outer loop
      vertex -16.4 -48.8259 0.277719
      vertex -16.4 -46.9135 1.55553
      vertex -16.4 -48.6199 0
    endloop
  endfacet
  facet normal -1 -0 0
    outer loop
      vertex -16.4 -46.9135 1.55553
      vertex -16.4 -48.8259 0.277719
      vertex -16.4 -46.9993 1.69862
    endloop
  endfacet
  facet normal -1 0 0
    outer loop
      vertex -16.4 -49.0277 0.614412
      vertex -16.4 -46.9993 1.69862
      vertex -16.4 -48.8259 0.277719
    endloop
  endfacet
  facet normal -1 0 0
    outer loop
      vertex -16.4 -47.1918 2.66663
      vertex -16.4 -48.8259 4.72228
      vertex -16.4 -48.592 5.03757
    endloop
  endfacet
  facet normal -1 0 0
    outer loop
      vertex -16.4 -49.1955 0.969266
      vertex -16.4 -46.9993 1.69862
      vertex -16.4 -49.0277 0.614412
    endloop
  endfacet
  facet normal -1 0 0
    outer loop
      vertex -16.4 -47.1918 2.66663
      vertex -16.4 -49.0277 4.38559
      vertex -16.4 -48.8259 4.72228
    endloop
  endfacet
  facet normal -1 0 0
    outer loop
      vertex -16.4 -47.0706 1.84944
      vertex -16.4 -49.1955 0.969266
      vertex -16.4 -49.3278 1.33886
    endloop
  endfacet
  facet normal -1 0 0
    outer loop
      vertex -16.4 -47.1918 2.66663
      vertex -16.4 -49.1955 4.03073
      vertex -16.4 -49.0277 4.38559
    endloop
  endfacet
  facet normal -1 0 0
    outer loop
      vertex -16.4 -47.1268 2.00652
      vertex -16.4 -49.3278 1.33886
      vertex -16.4 -49.4231 1.71964
    endloop
  endfacet
  facet normal -1 0 0
    outer loop
      vertex -16.4 -47.1918 2.66663
      vertex -16.4 -49.3278 3.66114
      vertex -16.4 -49.1955 4.03073
    endloop
  endfacet
  facet normal -1 0 0
    outer loop
      vertex -16.4 -47.1673 2.16835
      vertex -16.4 -49.4231 1.71964
      vertex -16.4 -49.4807 2.10793
    endloop
  endfacet
  facet normal -1 0 0
    outer loop
      vertex -16.4 -47.1918 2.66663
      vertex -16.4 -49.4231 3.28036
      vertex -16.4 -49.3278 3.66114
    endloop
  endfacet
  facet normal -1 -0 0
    outer loop
      vertex -16.4 -47.1918 2.33337
      vertex -16.4 -49.4807 2.10793
      vertex -16.4 -49.5 2.5
    endloop
  endfacet
  facet normal -1 0 0
    outer loop
      vertex -16.4 -47.1918 2.66663
      vertex -16.4 -49.4807 2.89207
      vertex -16.4 -49.4231 3.28036
    endloop
  endfacet
  facet normal -1 0 0
    outer loop
      vertex -16.4 -47.2 2.5
      vertex -16.4 -49.5 2.5
      vertex -16.4 -49.4807 2.89207
    endloop
  endfacet
  facet normal -0 0 1
    outer loop
      vertex -16.4 -14 43
      vertex -14 -48.4 43
      vertex -14 -14 43
    endloop
  endfacet
  facet normal 0 0 1
    outer loop
      vertex -14 -48.4 43
      vertex -16.4 -14 43
      vertex -16.4 -48.4 43
    endloop
  endfacet
  facet normal 1 -0 0
    outer loop
      vertex -14 -48.4 43
      vertex -14 -14 8.5
      vertex -14 -14 43
    endloop
  endfacet
  facet normal 1 0 0
    outer loop
      vertex -14 -46 6
      vertex -14 -46.1506 4.07059
      vertex -14 -46 4.12447
    endloop
  endfacet
  facet normal 1 0 0
    outer loop
      vertex -14 -46 6
      vertex -14 -46.3014 3.99927
      vertex -14 -46.1506 4.07059
    endloop
  endfacet
  facet normal 1 0 0
    outer loop
      vertex -14 -46 6
      vertex -14 -46.4445 3.9135
      vertex -14 -46.3014 3.99927
    endloop
  endfacet
  facet normal 1 0 0
    outer loop
      vertex -14 -46 6
      vertex -14 -46.5785 3.81412
      vertex -14 -46.4445 3.9135
    endloop
  endfacet
  facet normal 1 0 0
    outer loop
      vertex -14 -46 6
      vertex -14 -46.7021 3.70208
      vertex -14 -46.5785 3.81412
    endloop
  endfacet
  facet normal 1 0 0
    outer loop
      vertex -14 -46 6
      vertex -14 -46.8141 3.57847
      vertex -14 -46.7021 3.70208
    endloop
  endfacet
  facet normal 1 0 0
    outer loop
      vertex -14 -46 6
      vertex -14 -46.9135 3.44447
      vertex -14 -46.8141 3.57847
    endloop
  endfacet
  facet normal 1 0 0
    outer loop
      vertex -14 -46 6
      vertex -14 -46.9993 3.30137
      vertex -14 -46.9135 3.44447
    endloop
  endfacet
  facet normal 1 0 0
    outer loop
      vertex -14 -46 6
      vertex -14 -47.0706 3.15056
      vertex -14 -46.9993 3.30137
    endloop
  endfacet
  facet normal 1 0 0
    outer loop
      vertex -14 -47.1673 2.83165
      vertex -14 -48.4 0
      vertex -14 -47.1918 2.66663
    endloop
  endfacet
  facet normal 1 0 0
    outer loop
      vertex -14 -47.1268 2.99348
      vertex -14 -48.4 0
      vertex -14 -47.1673 2.83165
    endloop
  endfacet
  facet normal 1 0 0
    outer loop
      vertex -14 -47.0706 3.15056
      vertex -14 -48.4 0
      vertex -14 -47.1268 2.99348
    endloop
  endfacet
  facet normal 1 0 0
    outer loop
      vertex -14 -48.4 0
      vertex -14 -47.0706 3.15056
      vertex -14 -48.4 43
    endloop
  endfacet
  facet normal 1 0 0
    outer loop
      vertex -14 -46 6
      vertex -14 -48.4 43
      vertex -14 -47.0706 3.15056
    endloop
  endfacet
  facet normal 1 0 0
    outer loop
      vertex -14 -14 8.5
      vertex -14 -48.4 43
      vertex -14 -46 6
    endloop
  endfacet
  facet normal 1 0 0
    outer loop
      vertex -14 -46.1506 0.929404
      vertex -14 -46 0
      vertex -14 -46 0.875533
    endloop
  endfacet
  facet normal 1 0 0
    outer loop
      vertex -14 -46.3014 1.00073
      vertex -14 -46 0
      vertex -14 -46.1506 0.929404
    endloop
  endfacet
  facet normal 1 0 0
    outer loop
      vertex -14 -46.4445 1.0865
      vertex -14 -46 0
      vertex -14 -46.3014 1.00073
    endloop
  endfacet
  facet normal 1 0 0
    outer loop
      vertex -14 -48.4 0
      vertex -14 -46.4445 1.0865
      vertex -14 -46.5785 1.18588
    endloop
  endfacet
  facet normal 1 0 0
    outer loop
      vertex -14 -48.4 0
      vertex -14 -46.5785 1.18588
      vertex -14 -46.7021 1.29792
    endloop
  endfacet
  facet normal 1 0 0
    outer loop
      vertex -14 -48.4 0
      vertex -14 -46.7021 1.29792
      vertex -14 -46.8141 1.42153
    endloop
  endfacet
  facet normal 1 0 0
    outer loop
      vertex -14 -48.4 0
      vertex -14 -46.8141 1.42153
      vertex -14 -46.9135 1.55553
    endloop
  endfacet
  facet normal 1 0 0
    outer loop
      vertex -14 -48.4 0
      vertex -14 -46.9135 1.55553
      vertex -14 -46.9993 1.69862
    endloop
  endfacet
  facet normal 1 0 0
    outer loop
      vertex -14 -46.4445 1.0865
      vertex -14 -48.4 0
      vertex -14 -46 0
    endloop
  endfacet
  facet normal 1 0 0
    outer loop
      vertex -14 -47.0706 1.84944
      vertex -14 -48.4 0
      vertex -14 -46.9993 1.69862
    endloop
  endfacet
  facet normal 1 0 0
    outer loop
      vertex -14 -47.1268 2.00652
      vertex -14 -48.4 0
      vertex -14 -47.0706 1.84944
    endloop
  endfacet
  facet normal 1 0 0
    outer loop
      vertex -14 -47.1673 2.16835
      vertex -14 -48.4 0
      vertex -14 -47.1268 2.00652
    endloop
  endfacet
  facet normal 1 0 0
    outer loop
      vertex -14 -47.1918 2.33337
      vertex -14 -48.4 0
      vertex -14 -47.1673 2.16835
    endloop
  endfacet
  facet normal 1 0 0
    outer loop
      vertex -14 -47.2 2.5
      vertex -14 -48.4 0
      vertex -14 -47.1918 2.33337
    endloop
  endfacet
  facet normal 1 0 0
    outer loop
      vertex -14 -47.1918 2.66663
      vertex -14 -48.4 0
      vertex -14 -47.2 2.5
    endloop
  endfacet
  facet normal 0 1 0
    outer loop
      vertex 16.4 -11.6 7.5
      vertex 16.4 -11.6 3
      vertex 14 -11.6 7.5
    endloop
  endfacet
  facet normal 0 0 0
    outer loop
      vertex 16.4 -11.6 0
      vertex 16.4 -11.6 3
      vertex 16.4 -11.6 7.5
    endloop
  endfacet
  facet normal 0 1 0
    outer loop
      vertex 14 -11.6 14.5
      vertex 16.4 -11.6 50
      vertex 16.4 -11.6 14.5
    endloop
  endfacet
  facet normal 0 1 0
    outer loop
      vertex 16.4 -11.6 50
      vertex 14 -11.6 14.5
      vertex -16.4 -11.6 50
    endloop
  endfacet
  facet normal 0 1 0
    outer loop
      vertex -16.4 -11.6 3
      vertex 14 -11.6 14.5
      vertex 14 -11.6 7.5
    endloop
  endfacet
  facet normal 0 1 0
    outer loop
      vertex -16.4 -11.6 3
      vertex 14 -11.6 7.5
      vertex 16.4 -11.6 3
    endloop
  endfacet
  facet normal 0 1 0
    outer loop
      vertex 14 -11.6 14.5
      vertex -16.4 -11.6 3
      vertex -16.4 -11.6 50
    endloop
  endfacet
  facet normal 0 -0 0
    outer loop
      vertex -16.4 -11.6 3
      vertex -16.4 -11.6 0
      vertex -16.4 -11.6 50
    endloop
  endfacet
  facet normal 0 0 -1
    outer loop
      vertex -16.4 -19.2215 0
      vertex -31.8 -16 0
      vertex -16.4 -12.7785 0
    endloop
  endfacet
  facet normal 0 0 -1
    outer loop
      vertex -16.4 -19.2215 0
      vertex -31.8082 -16.1666 0
      vertex -31.8 -16 0
    endloop
  endfacet
  facet normal 0 0 -1
    outer loop
      vertex -16.4 -19.2215 0
      vertex -31.8327 -16.3317 0
      vertex -31.8082 -16.1666 0
    endloop
  endfacet
  facet normal 0 0 -1
    outer loop
      vertex -16.4 -19.2215 0
      vertex -31.8732 -16.4935 0
      vertex -31.8327 -16.3317 0
    endloop
  endfacet
  facet normal 0 0 -1
    outer loop
      vertex -16.4 -19.2215 0
      vertex -31.9294 -16.6506 0
      vertex -31.8732 -16.4935 0
    endloop
  endfacet
  facet normal 0 0 -1
    outer loop
      vertex -16.4 -19.2215 0
      vertex -32.0007 -16.8014 0
      vertex -31.9294 -16.6506 0
    endloop
  endfacet
  facet normal 0 0 -1
    outer loop
      vertex -32.9903 -21.175 0
      vertex -32.0007 -16.8014 0
      vertex -16.4 -19.2215 0
    endloop
  endfacet
  facet normal 0 0 -1
    outer loop
      vertex -32.0007 -16.8014 0
      vertex -32.9903 -21.175 0
      vertex -32.0865 -16.9445 0
    endloop
  endfacet
  facet normal 0 0 -1
    outer loop
      vertex -32.0865 -16.9445 0
      vertex -32.9903 -21.175 0
      vertex -32.1859 -17.0785 0
    endloop
  endfacet
  facet normal 0 0 -1
    outer loop
      vertex -32.1859 -17.0785 0
      vertex -32.9903 -21.175 0
      vertex -32.2979 -17.2021 0
    endloop
  endfacet
  facet normal 0 0 -1
    outer loop
      vertex -32.2979 -17.2021 0
      vertex -32.9903 -21.175 0
      vertex -32.4215 -17.3141 0
    endloop
  endfacet
  facet normal 0 0 -1
    outer loop
      vertex -32.4215 -17.3141 0
      vertex -32.9903 -21.175 0
      vertex -32.5555 -17.4135 0
    endloop
  endfacet
  facet normal 0 0 -1
    outer loop
      vertex -32.5555 -17.4135 0
      vertex -32.9903 -21.175 0
      vertex -32.6986 -17.4993 0
    endloop
  endfacet
  facet normal 0 0 -1
    outer loop
      vertex -32.6986 -17.4993 0
      vertex -32.9903 -21.175 0
      vertex -32.8494 -17.5706 0
    endloop
  endfacet
  facet normal 0 0 -1
    outer loop
      vertex -32.9903 -21.175 0
      vertex -33.0065 -17.6268 0
      vertex -32.8494 -17.5706 0
    endloop
  endfacet
  facet normal 0 0 -1
    outer loop
      vertex -32.9903 -21.175 0
      vertex -33.1683 -17.6673 0
      vertex -33.0065 -17.6268 0
    endloop
  endfacet
  facet normal 0 0 -1
    outer loop
      vertex -32.9903 -21.175 0
      vertex -33.3334 -17.6918 0
      vertex -33.1683 -17.6673 0
    endloop
  endfacet
  facet normal 0 0 -1
    outer loop
      vertex -33.5 -21.2 0
      vertex -33.3334 -17.6918 0
      vertex -32.9903 -21.175 0
    endloop
  endfacet
  facet normal 0 0 -1
    outer loop
      vertex -33.5 -21.2 0
      vertex -33.5 -17.7 0
      vertex -33.3334 -17.6918 0
    endloop
  endfacet
  facet normal 0 0 -1
    outer loop
      vertex -33.5 -21.2 0
      vertex -33.6666 -17.6918 0
      vertex -33.5 -17.7 0
    endloop
  endfacet
  facet normal 0 0 -1
    outer loop
      vertex -34.0097 -21.175 0
      vertex -33.6666 -17.6918 0
      vertex -33.5 -21.2 0
    endloop
  endfacet
  facet normal -0 0 -1
    outer loop
      vertex -33.6666 -17.6918 0
      vertex -34.0097 -21.175 0
      vertex -33.8317 -17.6673 0
    endloop
  endfacet
  facet normal 0 0 -1
    outer loop
      vertex -34.5145 -21.1001 0
      vertex -33.8317 -17.6673 0
      vertex -34.0097 -21.175 0
    endloop
  endfacet
  facet normal -0 0 -1
    outer loop
      vertex -33.8317 -17.6673 0
      vertex -34.5145 -21.1001 0
      vertex -33.9935 -17.6268 0
    endloop
  endfacet
  facet normal 0 0 -1
    outer loop
      vertex -35.0095 -20.9761 0
      vertex -33.9935 -17.6268 0
      vertex -34.5145 -21.1001 0
    endloop
  endfacet
  facet normal -0 0 -1
    outer loop
      vertex -33.9935 -17.6268 0
      vertex -35.0095 -20.9761 0
      vertex -34.1506 -17.5706 0
    endloop
  endfacet
  facet normal 0 0 -1
    outer loop
      vertex -35.4899 -20.8042 0
      vertex -34.1506 -17.5706 0
      vertex -35.0095 -20.9761 0
    endloop
  endfacet
  facet normal -0 0 -1
    outer loop
      vertex -34.1506 -17.5706 0
      vertex -35.4899 -20.8042 0
      vertex -34.3014 -17.4993 0
    endloop
  endfacet
  facet normal 0 0 -1
    outer loop
      vertex -35.9512 -20.586 0
      vertex -34.3014 -17.4993 0
      vertex -35.4899 -20.8042 0
    endloop
  endfacet
  facet normal -0 0 -1
    outer loop
      vertex -34.3014 -17.4993 0
      vertex -35.9512 -20.586 0
      vertex -34.4445 -17.4135 0
    endloop
  endfacet
  facet normal 0 0 -1
    outer loop
      vertex -36.389 -20.3236 0
      vertex -34.4445 -17.4135 0
      vertex -35.9512 -20.586 0
    endloop
  endfacet
  facet normal -0 0 -1
    outer loop
      vertex -34.4445 -17.4135 0
      vertex -36.389 -20.3236 0
      vertex -34.5785 -17.3141 0
    endloop
  endfacet
  facet normal 0 0 -1
    outer loop
      vertex -36.7988 -20.0197 0
      vertex -34.5785 -17.3141 0
      vertex -36.389 -20.3236 0
    endloop
  endfacet
  facet normal -0 0 -1
    outer loop
      vertex -34.5785 -17.3141 0
      vertex -36.7988 -20.0197 0
      vertex -34.7021 -17.2021 0
    endloop
  endfacet
  facet normal 0 0 -1
    outer loop
      vertex -37.1769 -19.6769 0
      vertex -34.7021 -17.2021 0
      vertex -36.7988 -20.0197 0
    endloop
  endfacet
  facet normal -0 0 -1
    outer loop
      vertex -34.7021 -17.2021 0
      vertex -37.1769 -19.6769 0
      vertex -34.8141 -17.0785 0
    endloop
  endfacet
  facet normal 0 0 -1
    outer loop
      vertex -37.5197 -19.2988 0
      vertex -34.8141 -17.0785 0
      vertex -37.1769 -19.6769 0
    endloop
  endfacet
  facet normal -0 0 -1
    outer loop
      vertex -34.8141 -17.0785 0
      vertex -37.5197 -19.2988 0
      vertex -34.9135 -16.9445 0
    endloop
  endfacet
  facet normal 0 0 -1
    outer loop
      vertex -37.8236 -18.889 0
      vertex -34.9135 -16.9445 0
      vertex -37.5197 -19.2988 0
    endloop
  endfacet
  facet normal 0 0 -1
    outer loop
      vertex -16.4 -45.2215 0
      vertex -31.8 -42 0
      vertex -16.4 -38.7785 0
    endloop
  endfacet
  facet normal 0 0 -1
    outer loop
      vertex -16.4 -45.2215 0
      vertex -31.8082 -42.1666 0
      vertex -31.8 -42 0
    endloop
  endfacet
  facet normal 0 0 -1
    outer loop
      vertex -16.4 -45.2215 0
      vertex -31.8327 -42.3317 0
      vertex -31.8082 -42.1666 0
    endloop
  endfacet
  facet normal 0 0 -1
    outer loop
      vertex -16.4 -45.2215 0
      vertex -31.8732 -42.4935 0
      vertex -31.8327 -42.3317 0
    endloop
  endfacet
  facet normal 0 0 -1
    outer loop
      vertex -16.4 -45.2215 0
      vertex -31.9294 -42.6506 0
      vertex -31.8732 -42.4935 0
    endloop
  endfacet
  facet normal 0 0 -1
    outer loop
      vertex -16.4 -45.2215 0
      vertex -32.0007 -42.8014 0
      vertex -31.9294 -42.6506 0
    endloop
  endfacet
  facet normal 0 0 -1
    outer loop
      vertex -32.9903 -47.175 0
      vertex -32.0007 -42.8014 0
      vertex -16.4 -45.2215 0
    endloop
  endfacet
  facet normal 0 0 -1
    outer loop
      vertex -32.0007 -42.8014 0
      vertex -32.9903 -47.175 0
      vertex -32.0865 -42.9445 0
    endloop
  endfacet
  facet normal 0 0 -1
    outer loop
      vertex -32.0865 -42.9445 0
      vertex -32.9903 -47.175 0
      vertex -32.1859 -43.0785 0
    endloop
  endfacet
  facet normal 0 0 -1
    outer loop
      vertex -32.1859 -43.0785 0
      vertex -32.9903 -47.175 0
      vertex -32.2979 -43.2021 0
    endloop
  endfacet
  facet normal 0 0 -1
    outer loop
      vertex -32.2979 -43.2021 0
      vertex -32.9903 -47.175 0
      vertex -32.4215 -43.3141 0
    endloop
  endfacet
  facet normal 0 0 -1
    outer loop
      vertex -32.4215 -43.3141 0
      vertex -32.9903 -47.175 0
      vertex -32.5555 -43.4135 0
    endloop
  endfacet
  facet normal 0 0 -1
    outer loop
      vertex -32.5555 -43.4135 0
      vertex -32.9903 -47.175 0
      vertex -32.6986 -43.4993 0
    endloop
  endfacet
  facet normal 0 0 -1
    outer loop
      vertex -32.6986 -43.4993 0
      vertex -32.9903 -47.175 0
      vertex -32.8494 -43.5706 0
    endloop
  endfacet
  facet normal 0 0 -1
    outer loop
      vertex -32.9903 -47.175 0
      vertex -33.0065 -43.6268 0
      vertex -32.8494 -43.5706 0
    endloop
  endfacet
  facet normal 0 0 -1
    outer loop
      vertex -32.9903 -47.175 0
      vertex -33.1683 -43.6673 0
      vertex -33.0065 -43.6268 0
    endloop
  endfacet
  facet normal 0 0 -1
    outer loop
      vertex -32.9903 -47.175 0
      vertex -33.3334 -43.6918 0
      vertex -33.1683 -43.6673 0
    endloop
  endfacet
  facet normal 0 0 -1
    outer loop
      vertex -33.5 -47.2 0
      vertex -33.3334 -43.6918 0
      vertex -32.9903 -47.175 0
    endloop
  endfacet
  facet normal 0 0 -1
    outer loop
      vertex -33.5 -47.2 0
      vertex -33.5 -43.7 0
      vertex -33.3334 -43.6918 0
    endloop
  endfacet
  facet normal 0 0 -1
    outer loop
      vertex -33.5 -47.2 0
      vertex -33.6666 -43.6918 0
      vertex -33.5 -43.7 0
    endloop
  endfacet
  facet normal 0 0 -1
    outer loop
      vertex -34.0097 -47.175 0
      vertex -33.6666 -43.6918 0
      vertex -33.5 -47.2 0
    endloop
  endfacet
  facet normal -0 0 -1
    outer loop
      vertex -33.6666 -43.6918 0
      vertex -34.0097 -47.175 0
      vertex -33.8317 -43.6673 0
    endloop
  endfacet
  facet normal 0 0 -1
    outer loop
      vertex -34.5145 -47.1001 0
      vertex -33.8317 -43.6673 0
      vertex -34.0097 -47.175 0
    endloop
  endfacet
  facet normal -0 0 -1
    outer loop
      vertex -33.8317 -43.6673 0
      vertex -34.5145 -47.1001 0
      vertex -33.9935 -43.6268 0
    endloop
  endfacet
  facet normal 0 0 -1
    outer loop
      vertex -35.0095 -46.9761 0
      vertex -33.9935 -43.6268 0
      vertex -34.5145 -47.1001 0
    endloop
  endfacet
  facet normal -0 0 -1
    outer loop
      vertex -33.9935 -43.6268 0
      vertex -35.0095 -46.9761 0
      vertex -34.1506 -43.5706 0
    endloop
  endfacet
  facet normal 0 0 -1
    outer loop
      vertex -35.4899 -46.8042 0
      vertex -34.1506 -43.5706 0
      vertex -35.0095 -46.9761 0
    endloop
  endfacet
  facet normal -0 0 -1
    outer loop
      vertex -34.1506 -43.5706 0
      vertex -35.4899 -46.8042 0
      vertex -34.3014 -43.4993 0
    endloop
  endfacet
  facet normal 0 0 -1
    outer loop
      vertex -35.9512 -46.586 0
      vertex -34.3014 -43.4993 0
      vertex -35.4899 -46.8042 0
    endloop
  endfacet
  facet normal -0 0 -1
    outer loop
      vertex -34.3014 -43.4993 0
      vertex -35.9512 -46.586 0
      vertex -34.4445 -43.4135 0
    endloop
  endfacet
  facet normal 0 0 -1
    outer loop
      vertex -36.389 -46.3236 0
      vertex -34.4445 -43.4135 0
      vertex -35.9512 -46.586 0
    endloop
  endfacet
  facet normal -0 0 -1
    outer loop
      vertex -34.4445 -43.4135 0
      vertex -36.389 -46.3236 0
      vertex -34.5785 -43.3141 0
    endloop
  endfacet
  facet normal 0 0 -1
    outer loop
      vertex -36.7988 -46.0197 0
      vertex -34.5785 -43.3141 0
      vertex -36.389 -46.3236 0
    endloop
  endfacet
  facet normal -0 0 -1
    outer loop
      vertex -34.5785 -43.3141 0
      vertex -36.7988 -46.0197 0
      vertex -34.7021 -43.2021 0
    endloop
  endfacet
  facet normal 0 0 -1
    outer loop
      vertex -37.1769 -45.6769 0
      vertex -34.7021 -43.2021 0
      vertex -36.7988 -46.0197 0
    endloop
  endfacet
  facet normal -0 0 -1
    outer loop
      vertex -34.7021 -43.2021 0
      vertex -37.1769 -45.6769 0
      vertex -34.8141 -43.0785 0
    endloop
  endfacet
  facet normal 0 0 -1
    outer loop
      vertex -37.5197 -45.2988 0
      vertex -34.8141 -43.0785 0
      vertex -37.1769 -45.6769 0
    endloop
  endfacet
  facet normal -0 0 -1
    outer loop
      vertex -34.8141 -43.0785 0
      vertex -37.5197 -45.2988 0
      vertex -34.9135 -42.9445 0
    endloop
  endfacet
  facet normal 0 0 -1
    outer loop
      vertex -37.8236 -44.889 0
      vertex -34.9135 -42.9445 0
      vertex -37.5197 -45.2988 0
    endloop
  endfacet
  facet normal 0 0 -1
    outer loop
      vertex -16.4 -48.6199 0
      vertex -14 -48.4 0
      vertex -14 -48.6199 0
    endloop
  endfacet
  facet normal -0 0 -1
    outer loop
      vertex -14 -48.4 0
      vertex -16.4 -48.6199 0
      vertex -16.4 -45.2215 0
    endloop
  endfacet
  facet normal 0 0 -1
    outer loop
      vertex -14 -48.4 0
      vertex -16.4 -45.2215 0
      vertex -16.4 -38.7785 0
    endloop
  endfacet
  facet normal 0 0 -1
    outer loop
      vertex -14 -48.4 0
      vertex -16.4 -38.7785 0
      vertex -16.4 -19.2215 0
    endloop
  endfacet
  facet normal 0 0 -1
    outer loop
      vertex -14 -48.4 0
      vertex -16.4 -19.2215 0
      vertex -16.4 -12.7785 0
    endloop
  endfacet
  facet normal 0 0 -1
    outer loop
      vertex -14 -48.4 0
      vertex -16.4 -12.7785 0
      vertex -16.4 -11.6 0
    endloop
  endfacet
  facet normal 0 0 -1
    outer loop
      vertex 14 -46 0
      vertex 16.4 -45.2215 0
      vertex 16.4 -48.6199 0
    endloop
  endfacet
  facet normal -0 0 -1
    outer loop
      vertex 16.4 -45.2215 0
      vertex 14 -46 0
      vertex 16.4 -38.7785 0
    endloop
  endfacet
  facet normal 0 0 -1
    outer loop
      vertex -14 -46 0
      vertex 16.4 -38.7785 0
      vertex 14 -46 0
    endloop
  endfacet
  facet normal -0 0 -1
    outer loop
      vertex 16.4 -38.7785 0
      vertex -14 -46 0
      vertex 16.4 -19.2215 0
    endloop
  endfacet
  facet normal 0 0 -1
    outer loop
      vertex -16.4 -11.6 0
      vertex 16.4 -19.2215 0
      vertex -14 -46 0
    endloop
  endfacet
  facet normal 0 0 -1
    outer loop
      vertex 14 -46 0
      vertex 16.4 -48.6199 0
      vertex 14 -48.6199 0
    endloop
  endfacet
  facet normal 0 0 -1
    outer loop
      vertex 16.4 -19.2215 0
      vertex -16.4 -11.6 0
      vertex 16.4 -12.7785 0
    endloop
  endfacet
  facet normal 0 0 -1
    outer loop
      vertex 16.4 -12.7785 0
      vertex -16.4 -11.6 0
      vertex 16.4 -11.6 0
    endloop
  endfacet
  facet normal 0 0 -1
    outer loop
      vertex -16.4 -11.6 0
      vertex -14 -46 0
      vertex -14 -48.4 0
    endloop
  endfacet
  facet normal 0 0 -1
    outer loop
      vertex -31.8082 -41.8334 0
      vertex -16.4 -38.7785 0
      vertex -31.8 -42 0
    endloop
  endfacet
  facet normal 0 0 -1
    outer loop
      vertex -31.8327 -41.6683 0
      vertex -16.4 -38.7785 0
      vertex -31.8082 -41.8334 0
    endloop
  endfacet
  facet normal 0 0 -1
    outer loop
      vertex -31.8732 -41.5065 0
      vertex -16.4 -38.7785 0
      vertex -31.8327 -41.6683 0
    endloop
  endfacet
  facet normal 0 0 -1
    outer loop
      vertex -31.9294 -41.3494 0
      vertex -16.4 -38.7785 0
      vertex -31.8732 -41.5065 0
    endloop
  endfacet
  facet normal 0 0 -1
    outer loop
      vertex -32.0007 -41.1986 0
      vertex -16.4 -38.7785 0
      vertex -31.9294 -41.3494 0
    endloop
  endfacet
  facet normal 0 0 -1
    outer loop
      vertex -32.9903 -36.825 0
      vertex -32.0007 -41.1986 0
      vertex -32.0865 -41.0555 0
    endloop
  endfacet
  facet normal 0 0 -1
    outer loop
      vertex -32.9903 -36.825 0
      vertex -32.0865 -41.0555 0
      vertex -32.1859 -40.9215 0
    endloop
  endfacet
  facet normal 0 0 -1
    outer loop
      vertex -32.9903 -36.825 0
      vertex -32.1859 -40.9215 0
      vertex -32.2979 -40.7979 0
    endloop
  endfacet
  facet normal 0 0 -1
    outer loop
      vertex -32.9903 -36.825 0
      vertex -32.2979 -40.7979 0
      vertex -32.4215 -40.6859 0
    endloop
  endfacet
  facet normal 0 0 -1
    outer loop
      vertex -32.9903 -36.825 0
      vertex -32.4215 -40.6859 0
      vertex -32.5555 -40.5865 0
    endloop
  endfacet
  facet normal 0 0 -1
    outer loop
      vertex -32.9903 -36.825 0
      vertex -32.5555 -40.5865 0
      vertex -32.6986 -40.5007 0
    endloop
  endfacet
  facet normal 0 0 -1
    outer loop
      vertex -32.9903 -36.825 0
      vertex -32.6986 -40.5007 0
      vertex -32.8494 -40.4294 0
    endloop
  endfacet
  facet normal 0 0 -1
    outer loop
      vertex -32.0007 -41.1986 0
      vertex -32.9903 -36.825 0
      vertex -16.4 -38.7785 0
    endloop
  endfacet
  facet normal 0 0 -1
    outer loop
      vertex -33.0065 -40.3732 0
      vertex -32.9903 -36.825 0
      vertex -32.8494 -40.4294 0
    endloop
  endfacet
  facet normal 0 0 -1
    outer loop
      vertex -33.1683 -40.3327 0
      vertex -32.9903 -36.825 0
      vertex -33.0065 -40.3732 0
    endloop
  endfacet
  facet normal 0 0 -1
    outer loop
      vertex -33.3334 -40.3082 0
      vertex -32.9903 -36.825 0
      vertex -33.1683 -40.3327 0
    endloop
  endfacet
  facet normal 0 0 -1
    outer loop
      vertex -33.5 -40.3 0
      vertex -32.9903 -36.825 0
      vertex -33.3334 -40.3082 0
    endloop
  endfacet
  facet normal 0 0 -1
    outer loop
      vertex -33.5 -40.3 0
      vertex -33.5 -36.8 0
      vertex -32.9903 -36.825 0
    endloop
  endfacet
  facet normal 0 0 -1
    outer loop
      vertex -33.6666 -40.3082 0
      vertex -33.5 -36.8 0
      vertex -33.5 -40.3 0
    endloop
  endfacet
  facet normal 0 0 -1
    outer loop
      vertex -34.0097 -36.825 0
      vertex -33.6666 -40.3082 0
      vertex -33.8317 -40.3327 0
    endloop
  endfacet
  facet normal 0 0 -1
    outer loop
      vertex -34.5145 -36.8999 0
      vertex -33.8317 -40.3327 0
      vertex -33.9935 -40.3732 0
    endloop
  endfacet
  facet normal 0 0 -1
    outer loop
      vertex -33.6666 -40.3082 0
      vertex -34.0097 -36.825 0
      vertex -33.5 -36.8 0
    endloop
  endfacet
  facet normal 0 0 -1
    outer loop
      vertex -35.0095 -37.0239 0
      vertex -33.9935 -40.3732 0
      vertex -34.1506 -40.4294 0
    endloop
  endfacet
  facet normal 0 0 -1
    outer loop
      vertex -35.4899 -37.1958 0
      vertex -34.1506 -40.4294 0
      vertex -34.3014 -40.5007 0
    endloop
  endfacet
  facet normal 0 0 -1
    outer loop
      vertex -35.9512 -37.414 0
      vertex -34.3014 -40.5007 0
      vertex -34.4445 -40.5865 0
    endloop
  endfacet
  facet normal 0 0 -1
    outer loop
      vertex -33.8317 -40.3327 0
      vertex -34.5145 -36.8999 0
      vertex -34.0097 -36.825 0
    endloop
  endfacet
  facet normal 0 0 -1
    outer loop
      vertex -36.389 -37.6763 0
      vertex -34.4445 -40.5865 0
      vertex -34.5785 -40.6859 0
    endloop
  endfacet
  facet normal 0 0 -1
    outer loop
      vertex -36.7988 -37.9803 0
      vertex -34.5785 -40.6859 0
      vertex -34.7021 -40.7979 0
    endloop
  endfacet
  facet normal 0 0 -1
    outer loop
      vertex -37.1769 -38.323 0
      vertex -34.7021 -40.7979 0
      vertex -34.8141 -40.9215 0
    endloop
  endfacet
  facet normal 0 0 -1
    outer loop
      vertex -37.5197 -38.7011 0
      vertex -34.8141 -40.9215 0
      vertex -34.9135 -41.0555 0
    endloop
  endfacet
  facet normal 0 0 -1
    outer loop
      vertex -37.8236 -39.111 0
      vertex -34.9135 -41.0555 0
      vertex -34.9993 -41.1986 0
    endloop
  endfacet
  facet normal 0 0 -1
    outer loop
      vertex -33.9935 -40.3732 0
      vertex -35.0095 -37.0239 0
      vertex -34.5145 -36.8999 0
    endloop
  endfacet
  facet normal 0 0 -1
    outer loop
      vertex -38.086 -39.5487 0
      vertex -34.9993 -41.1986 0
      vertex -35.0706 -41.3494 0
    endloop
  endfacet
  facet normal 0 0 -1
    outer loop
      vertex -38.3042 -40.01 0
      vertex -35.0706 -41.3494 0
      vertex -35.1268 -41.5065 0
    endloop
  endfacet
  facet normal 0 0 -1
    outer loop
      vertex -38.4761 -40.4905 0
      vertex -35.1268 -41.5065 0
      vertex -35.1673 -41.6683 0
    endloop
  endfacet
  facet normal 0 0 -1
    outer loop
      vertex -38.6001 -40.9855 0
      vertex -35.1673 -41.6683 0
      vertex -35.1918 -41.8334 0
    endloop
  endfacet
  facet normal 0 0 -1
    outer loop
      vertex -38.675 -41.4903 0
      vertex -35.1918 -41.8334 0
      vertex -35.2 -42 0
    endloop
  endfacet
  facet normal -0 0 -1
    outer loop
      vertex -34.9135 -42.9445 0
      vertex -37.8236 -44.889 0
      vertex -34.9993 -42.8014 0
    endloop
  endfacet
  facet normal 0 0 -1
    outer loop
      vertex -34.1506 -40.4294 0
      vertex -35.4899 -37.1958 0
      vertex -35.0095 -37.0239 0
    endloop
  endfacet
  facet normal 0 0 -1
    outer loop
      vertex -38.086 -44.4512 0
      vertex -34.9993 -42.8014 0
      vertex -37.8236 -44.889 0
    endloop
  endfacet
  facet normal 0 0 -1
    outer loop
      vertex -34.3014 -40.5007 0
      vertex -35.9512 -37.414 0
      vertex -35.4899 -37.1958 0
    endloop
  endfacet
  facet normal -0 0 -1
    outer loop
      vertex -34.9993 -42.8014 0
      vertex -38.086 -44.4512 0
      vertex -35.0706 -42.6506 0
    endloop
  endfacet
  facet normal 0 0 -1
    outer loop
      vertex -34.4445 -40.5865 0
      vertex -36.389 -37.6763 0
      vertex -35.9512 -37.414 0
    endloop
  endfacet
  facet normal 0 0 -1
    outer loop
      vertex -38.3042 -43.9899 0
      vertex -35.0706 -42.6506 0
      vertex -38.086 -44.4512 0
    endloop
  endfacet
  facet normal 0 0 -1
    outer loop
      vertex -34.5785 -40.6859 0
      vertex -36.7988 -37.9803 0
      vertex -36.389 -37.6763 0
    endloop
  endfacet
  facet normal -0 0 -1
    outer loop
      vertex -35.0706 -42.6506 0
      vertex -38.3042 -43.9899 0
      vertex -35.1268 -42.4935 0
    endloop
  endfacet
  facet normal 0 0 -1
    outer loop
      vertex -34.7021 -40.7979 0
      vertex -37.1769 -38.323 0
      vertex -36.7988 -37.9803 0
    endloop
  endfacet
  facet normal 0 0 -1
    outer loop
      vertex -38.4761 -43.5095 0
      vertex -35.1268 -42.4935 0
      vertex -38.3042 -43.9899 0
    endloop
  endfacet
  facet normal 0 0 -1
    outer loop
      vertex -34.8141 -40.9215 0
      vertex -37.5197 -38.7011 0
      vertex -37.1769 -38.323 0
    endloop
  endfacet
  facet normal -0 0 -1
    outer loop
      vertex -35.1268 -42.4935 0
      vertex -38.4761 -43.5095 0
      vertex -35.1673 -42.3317 0
    endloop
  endfacet
  facet normal 0 0 -1
    outer loop
      vertex -34.9135 -41.0555 0
      vertex -37.8236 -39.111 0
      vertex -37.5197 -38.7011 0
    endloop
  endfacet
  facet normal 0 0 -1
    outer loop
      vertex -38.6001 -43.0145 0
      vertex -35.1673 -42.3317 0
      vertex -38.4761 -43.5095 0
    endloop
  endfacet
  facet normal 0 0 -1
    outer loop
      vertex -34.9993 -41.1986 0
      vertex -38.086 -39.5487 0
      vertex -37.8236 -39.111 0
    endloop
  endfacet
  facet normal -0 0 -1
    outer loop
      vertex -35.1673 -42.3317 0
      vertex -38.6001 -43.0145 0
      vertex -35.1918 -42.1666 0
    endloop
  endfacet
  facet normal 0 0 -1
    outer loop
      vertex -35.0706 -41.3494 0
      vertex -38.3042 -40.01 0
      vertex -38.086 -39.5487 0
    endloop
  endfacet
  facet normal 0 0 -1
    outer loop
      vertex -38.675 -42.5097 0
      vertex -35.1918 -42.1666 0
      vertex -38.6001 -43.0145 0
    endloop
  endfacet
  facet normal 0 0 -1
    outer loop
      vertex -35.1268 -41.5065 0
      vertex -38.4761 -40.4905 0
      vertex -38.3042 -40.01 0
    endloop
  endfacet
  facet normal -0 0 -1
    outer loop
      vertex -35.1918 -42.1666 0
      vertex -38.675 -42.5097 0
      vertex -35.2 -42 0
    endloop
  endfacet
  facet normal 0 0 -1
    outer loop
      vertex -35.1673 -41.6683 0
      vertex -38.6001 -40.9855 0
      vertex -38.4761 -40.4905 0
    endloop
  endfacet
  facet normal 0 0 -1
    outer loop
      vertex -38.7 -42 0
      vertex -35.2 -42 0
      vertex -38.675 -42.5097 0
    endloop
  endfacet
  facet normal 0 0 -1
    outer loop
      vertex -35.1918 -41.8334 0
      vertex -38.675 -41.4903 0
      vertex -38.6001 -40.9855 0
    endloop
  endfacet
  facet normal 0 0 -1
    outer loop
      vertex -35.2 -42 0
      vertex -38.7 -42 0
      vertex -38.675 -41.4903 0
    endloop
  endfacet
  facet normal 0 0 -1
    outer loop
      vertex -31.8082 -15.8334 0
      vertex -16.4 -12.7785 0
      vertex -31.8 -16 0
    endloop
  endfacet
  facet normal 0 0 -1
    outer loop
      vertex -31.8327 -15.6683 0
      vertex -16.4 -12.7785 0
      vertex -31.8082 -15.8334 0
    endloop
  endfacet
  facet normal 0 0 -1
    outer loop
      vertex -31.8732 -15.5065 0
      vertex -16.4 -12.7785 0
      vertex -31.8327 -15.6683 0
    endloop
  endfacet
  facet normal 0 0 -1
    outer loop
      vertex -31.9294 -15.3494 0
      vertex -16.4 -12.7785 0
      vertex -31.8732 -15.5065 0
    endloop
  endfacet
  facet normal 0 0 -1
    outer loop
      vertex -32.0007 -15.1986 0
      vertex -16.4 -12.7785 0
      vertex -31.9294 -15.3494 0
    endloop
  endfacet
  facet normal 0 0 -1
    outer loop
      vertex -32.9903 -10.825 0
      vertex -32.0007 -15.1986 0
      vertex -32.0865 -15.0555 0
    endloop
  endfacet
  facet normal 0 0 -1
    outer loop
      vertex -32.9903 -10.825 0
      vertex -32.0865 -15.0555 0
      vertex -32.1859 -14.9215 0
    endloop
  endfacet
  facet normal 0 0 -1
    outer loop
      vertex -32.9903 -10.825 0
      vertex -32.1859 -14.9215 0
      vertex -32.2979 -14.7979 0
    endloop
  endfacet
  facet normal 0 0 -1
    outer loop
      vertex -32.9903 -10.825 0
      vertex -32.2979 -14.7979 0
      vertex -32.4215 -14.6859 0
    endloop
  endfacet
  facet normal 0 0 -1
    outer loop
      vertex -32.9903 -10.825 0
      vertex -32.4215 -14.6859 0
      vertex -32.5555 -14.5865 0
    endloop
  endfacet
  facet normal 0 0 -1
    outer loop
      vertex -32.9903 -10.825 0
      vertex -32.5555 -14.5865 0
      vertex -32.6986 -14.5007 0
    endloop
  endfacet
  facet normal 0 0 -1
    outer loop
      vertex -32.9903 -10.825 0
      vertex -32.6986 -14.5007 0
      vertex -32.8494 -14.4294 0
    endloop
  endfacet
  facet normal 0 0 -1
    outer loop
      vertex -32.0007 -15.1986 0
      vertex -32.9903 -10.825 0
      vertex -16.4 -12.7785 0
    endloop
  endfacet
  facet normal 0 0 -1
    outer loop
      vertex -33.0065 -14.3732 0
      vertex -32.9903 -10.825 0
      vertex -32.8494 -14.4294 0
    endloop
  endfacet
  facet normal 0 0 -1
    outer loop
      vertex -33.1683 -14.3327 0
      vertex -32.9903 -10.825 0
      vertex -33.0065 -14.3732 0
    endloop
  endfacet
  facet normal 0 0 -1
    outer loop
      vertex -33.3334 -14.3082 0
      vertex -32.9903 -10.825 0
      vertex -33.1683 -14.3327 0
    endloop
  endfacet
  facet normal 0 0 -1
    outer loop
      vertex -33.5 -14.3 0
      vertex -32.9903 -10.825 0
      vertex -33.3334 -14.3082 0
    endloop
  endfacet
  facet normal 0 0 -1
    outer loop
      vertex -33.5 -14.3 0
      vertex -33.5 -10.8 0
      vertex -32.9903 -10.825 0
    endloop
  endfacet
  facet normal 0 0 -1
    outer loop
      vertex -33.6666 -14.3082 0
      vertex -33.5 -10.8 0
      vertex -33.5 -14.3 0
    endloop
  endfacet
  facet normal 0 0 -1
    outer loop
      vertex -34.0097 -10.825 0
      vertex -33.6666 -14.3082 0
      vertex -33.8317 -14.3327 0
    endloop
  endfacet
  facet normal 0 0 -1
    outer loop
      vertex -34.5145 -10.8999 0
      vertex -33.8317 -14.3327 0
      vertex -33.9935 -14.3732 0
    endloop
  endfacet
  facet normal 0 0 -1
    outer loop
      vertex -33.6666 -14.3082 0
      vertex -34.0097 -10.825 0
      vertex -33.5 -10.8 0
    endloop
  endfacet
  facet normal 0 0 -1
    outer loop
      vertex -35.0095 -11.0239 0
      vertex -33.9935 -14.3732 0
      vertex -34.1506 -14.4294 0
    endloop
  endfacet
  facet normal 0 0 -1
    outer loop
      vertex -35.4899 -11.1958 0
      vertex -34.1506 -14.4294 0
      vertex -34.3014 -14.5007 0
    endloop
  endfacet
  facet normal 0 0 -1
    outer loop
      vertex -35.9512 -11.414 0
      vertex -34.3014 -14.5007 0
      vertex -34.4445 -14.5865 0
    endloop
  endfacet
  facet normal 0 0 -1
    outer loop
      vertex -33.8317 -14.3327 0
      vertex -34.5145 -10.8999 0
      vertex -34.0097 -10.825 0
    endloop
  endfacet
  facet normal 0 0 -1
    outer loop
      vertex -36.389 -11.6763 0
      vertex -34.4445 -14.5865 0
      vertex -34.5785 -14.6859 0
    endloop
  endfacet
  facet normal 0 0 -1
    outer loop
      vertex -36.7988 -11.9803 0
      vertex -34.5785 -14.6859 0
      vertex -34.7021 -14.7979 0
    endloop
  endfacet
  facet normal 0 0 -1
    outer loop
      vertex -37.1769 -12.323 0
      vertex -34.7021 -14.7979 0
      vertex -34.8141 -14.9215 0
    endloop
  endfacet
  facet normal 0 0 -1
    outer loop
      vertex -37.5197 -12.7011 0
      vertex -34.8141 -14.9215 0
      vertex -34.9135 -15.0555 0
    endloop
  endfacet
  facet normal 0 0 -1
    outer loop
      vertex -37.8236 -13.111 0
      vertex -34.9135 -15.0555 0
      vertex -34.9993 -15.1986 0
    endloop
  endfacet
  facet normal 0 0 -1
    outer loop
      vertex -33.9935 -14.3732 0
      vertex -35.0095 -11.0239 0
      vertex -34.5145 -10.8999 0
    endloop
  endfacet
  facet normal 0 0 -1
    outer loop
      vertex -38.086 -13.5487 0
      vertex -34.9993 -15.1986 0
      vertex -35.0706 -15.3494 0
    endloop
  endfacet
  facet normal 0 0 -1
    outer loop
      vertex -38.3042 -14.01 0
      vertex -35.0706 -15.3494 0
      vertex -35.1268 -15.5065 0
    endloop
  endfacet
  facet normal 0 0 -1
    outer loop
      vertex -38.4761 -14.4905 0
      vertex -35.1268 -15.5065 0
      vertex -35.1673 -15.6683 0
    endloop
  endfacet
  facet normal 0 0 -1
    outer loop
      vertex -38.6001 -14.9855 0
      vertex -35.1673 -15.6683 0
      vertex -35.1918 -15.8334 0
    endloop
  endfacet
  facet normal 0 0 -1
    outer loop
      vertex -38.675 -15.4903 0
      vertex -35.1918 -15.8334 0
      vertex -35.2 -16 0
    endloop
  endfacet
  facet normal -0 0 -1
    outer loop
      vertex -34.9135 -16.9445 0
      vertex -37.8236 -18.889 0
      vertex -34.9993 -16.8014 0
    endloop
  endfacet
  facet normal 0 0 -1
    outer loop
      vertex -34.1506 -14.4294 0
      vertex -35.4899 -11.1958 0
      vertex -35.0095 -11.0239 0
    endloop
  endfacet
  facet normal 0 0 -1
    outer loop
      vertex -38.086 -18.4512 0
      vertex -34.9993 -16.8014 0
      vertex -37.8236 -18.889 0
    endloop
  endfacet
  facet normal 0 0 -1
    outer loop
      vertex -34.3014 -14.5007 0
      vertex -35.9512 -11.414 0
      vertex -35.4899 -11.1958 0
    endloop
  endfacet
  facet normal -0 0 -1
    outer loop
      vertex -34.9993 -16.8014 0
      vertex -38.086 -18.4512 0
      vertex -35.0706 -16.6506 0
    endloop
  endfacet
  facet normal 0 0 -1
    outer loop
      vertex -34.4445 -14.5865 0
      vertex -36.389 -11.6763 0
      vertex -35.9512 -11.414 0
    endloop
  endfacet
  facet normal 0 0 -1
    outer loop
      vertex -38.3042 -17.9899 0
      vertex -35.0706 -16.6506 0
      vertex -38.086 -18.4512 0
    endloop
  endfacet
  facet normal 0 0 -1
    outer loop
      vertex -34.5785 -14.6859 0
      vertex -36.7988 -11.9803 0
      vertex -36.389 -11.6763 0
    endloop
  endfacet
  facet normal -0 0 -1
    outer loop
      vertex -35.0706 -16.6506 0
      vertex -38.3042 -17.9899 0
      vertex -35.1268 -16.4935 0
    endloop
  endfacet
  facet normal 0 0 -1
    outer loop
      vertex -34.7021 -14.7979 0
      vertex -37.1769 -12.323 0
      vertex -36.7988 -11.9803 0
    endloop
  endfacet
  facet normal 0 0 -1
    outer loop
      vertex -38.4761 -17.5095 0
      vertex -35.1268 -16.4935 0
      vertex -38.3042 -17.9899 0
    endloop
  endfacet
  facet normal 0 0 -1
    outer loop
      vertex -34.8141 -14.9215 0
      vertex -37.5197 -12.7011 0
      vertex -37.1769 -12.323 0
    endloop
  endfacet
  facet normal -0 0 -1
    outer loop
      vertex -35.1268 -16.4935 0
      vertex -38.4761 -17.5095 0
      vertex -35.1673 -16.3317 0
    endloop
  endfacet
  facet normal 0 0 -1
    outer loop
      vertex -34.9135 -15.0555 0
      vertex -37.8236 -13.111 0
      vertex -37.5197 -12.7011 0
    endloop
  endfacet
  facet normal 0 0 -1
    outer loop
      vertex -38.6001 -17.0145 0
      vertex -35.1673 -16.3317 0
      vertex -38.4761 -17.5095 0
    endloop
  endfacet
  facet normal 0 0 -1
    outer loop
      vertex -34.9993 -15.1986 0
      vertex -38.086 -13.5487 0
      vertex -37.8236 -13.111 0
    endloop
  endfacet
  facet normal -0 0 -1
    outer loop
      vertex -35.1673 -16.3317 0
      vertex -38.6001 -17.0145 0
      vertex -35.1918 -16.1666 0
    endloop
  endfacet
  facet normal 0 0 -1
    outer loop
      vertex -35.0706 -15.3494 0
      vertex -38.3042 -14.01 0
      vertex -38.086 -13.5487 0
    endloop
  endfacet
  facet normal 0 0 -1
    outer loop
      vertex -38.675 -16.5097 0
      vertex -35.1918 -16.1666 0
      vertex -38.6001 -17.0145 0
    endloop
  endfacet
  facet normal 0 0 -1
    outer loop
      vertex -35.1268 -15.5065 0
      vertex -38.4761 -14.4905 0
      vertex -38.3042 -14.01 0
    endloop
  endfacet
  facet normal -0 0 -1
    outer loop
      vertex -35.1918 -16.1666 0
      vertex -38.675 -16.5097 0
      vertex -35.2 -16 0
    endloop
  endfacet
  facet normal 0 0 -1
    outer loop
      vertex -35.1673 -15.6683 0
      vertex -38.6001 -14.9855 0
      vertex -38.4761 -14.4905 0
    endloop
  endfacet
  facet normal 0 0 -1
    outer loop
      vertex -38.7 -16 0
      vertex -35.2 -16 0
      vertex -38.675 -16.5097 0
    endloop
  endfacet
  facet normal 0 0 -1
    outer loop
      vertex -35.1918 -15.8334 0
      vertex -38.675 -15.4903 0
      vertex -38.6001 -14.9855 0
    endloop
  endfacet
  facet normal 0 0 -1
    outer loop
      vertex -35.2 -16 0
      vertex -38.7 -16 0
      vertex -38.675 -15.4903 0
    endloop
  endfacet
  facet normal 0 0 -1
    outer loop
      vertex 35.2 -42 0
      vertex 38.7 -42 0
      vertex 38.675 -42.5097 0
    endloop
  endfacet
  facet normal 0 0 -1
    outer loop
      vertex 35.1918 -42.1666 0
      vertex 38.675 -42.5097 0
      vertex 38.6001 -43.0145 0
    endloop
  endfacet
  facet normal 0 0 -1
    outer loop
      vertex 38.7 -42 0
      vertex 35.2 -42 0
      vertex 38.675 -41.4903 0
    endloop
  endfacet
  facet normal 0 0 -1
    outer loop
      vertex 35.1673 -42.3317 0
      vertex 38.6001 -43.0145 0
      vertex 38.4761 -43.5095 0
    endloop
  endfacet
  facet normal 0 0 -1
    outer loop
      vertex 35.1918 -41.8334 0
      vertex 38.675 -41.4903 0
      vertex 35.2 -42 0
    endloop
  endfacet
  facet normal 0 0 -1
    outer loop
      vertex 35.1268 -42.4935 0
      vertex 38.4761 -43.5095 0
      vertex 38.3042 -43.9899 0
    endloop
  endfacet
  facet normal -0 0 -1
    outer loop
      vertex 38.675 -41.4903 0
      vertex 35.1918 -41.8334 0
      vertex 38.6001 -40.9855 0
    endloop
  endfacet
  facet normal 0 0 -1
    outer loop
      vertex 35.0706 -42.6506 0
      vertex 38.3042 -43.9899 0
      vertex 38.086 -44.4512 0
    endloop
  endfacet
  facet normal 0 0 -1
    outer loop
      vertex 35.1673 -41.6683 0
      vertex 38.6001 -40.9855 0
      vertex 35.1918 -41.8334 0
    endloop
  endfacet
  facet normal 0 0 -1
    outer loop
      vertex 34.9993 -42.8014 0
      vertex 38.086 -44.4512 0
      vertex 37.8236 -44.889 0
    endloop
  endfacet
  facet normal -0 0 -1
    outer loop
      vertex 38.6001 -40.9855 0
      vertex 35.1673 -41.6683 0
      vertex 38.4761 -40.4905 0
    endloop
  endfacet
  facet normal 0 0 -1
    outer loop
      vertex 34.9135 -42.9445 0
      vertex 37.8236 -44.889 0
      vertex 37.5197 -45.2988 0
    endloop
  endfacet
  facet normal 0 0 -1
    outer loop
      vertex 35.1268 -41.5065 0
      vertex 38.4761 -40.4905 0
      vertex 35.1673 -41.6683 0
    endloop
  endfacet
  facet normal 0 0 -1
    outer loop
      vertex 34.8141 -43.0785 0
      vertex 37.5197 -45.2988 0
      vertex 37.1769 -45.6769 0
    endloop
  endfacet
  facet normal -0 0 -1
    outer loop
      vertex 38.4761 -40.4905 0
      vertex 35.1268 -41.5065 0
      vertex 38.3042 -40.01 0
    endloop
  endfacet
  facet normal 0 0 -1
    outer loop
      vertex 34.7021 -43.2021 0
      vertex 37.1769 -45.6769 0
      vertex 36.7988 -46.0197 0
    endloop
  endfacet
  facet normal 0 0 -1
    outer loop
      vertex 35.0706 -41.3494 0
      vertex 38.3042 -40.01 0
      vertex 35.1268 -41.5065 0
    endloop
  endfacet
  facet normal 0 0 -1
    outer loop
      vertex 34.5785 -43.3141 0
      vertex 36.7988 -46.0197 0
      vertex 36.389 -46.3236 0
    endloop
  endfacet
  facet normal -0 0 -1
    outer loop
      vertex 38.3042 -40.01 0
      vertex 35.0706 -41.3494 0
      vertex 38.086 -39.5487 0
    endloop
  endfacet
  facet normal 0 0 -1
    outer loop
      vertex 34.4445 -43.4135 0
      vertex 36.389 -46.3236 0
      vertex 35.9512 -46.586 0
    endloop
  endfacet
  facet normal 0 0 -1
    outer loop
      vertex 34.9993 -41.1986 0
      vertex 38.086 -39.5487 0
      vertex 35.0706 -41.3494 0
    endloop
  endfacet
  facet normal 0 0 -1
    outer loop
      vertex 34.3014 -43.4993 0
      vertex 35.9512 -46.586 0
      vertex 35.4899 -46.8042 0
    endloop
  endfacet
  facet normal -0 0 -1
    outer loop
      vertex 38.086 -39.5487 0
      vertex 34.9993 -41.1986 0
      vertex 37.8236 -39.111 0
    endloop
  endfacet
  facet normal 0 0 -1
    outer loop
      vertex 34.9135 -41.0555 0
      vertex 37.8236 -39.111 0
      vertex 34.9993 -41.1986 0
    endloop
  endfacet
  facet normal 0 0 -1
    outer loop
      vertex 38.675 -42.5097 0
      vertex 35.1918 -42.1666 0
      vertex 35.2 -42 0
    endloop
  endfacet
  facet normal 0 0 -1
    outer loop
      vertex 38.6001 -43.0145 0
      vertex 35.1673 -42.3317 0
      vertex 35.1918 -42.1666 0
    endloop
  endfacet
  facet normal 0 0 -1
    outer loop
      vertex 38.4761 -43.5095 0
      vertex 35.1268 -42.4935 0
      vertex 35.1673 -42.3317 0
    endloop
  endfacet
  facet normal 0 0 -1
    outer loop
      vertex 38.3042 -43.9899 0
      vertex 35.0706 -42.6506 0
      vertex 35.1268 -42.4935 0
    endloop
  endfacet
  facet normal 0 0 -1
    outer loop
      vertex 34.1506 -43.5706 0
      vertex 35.4899 -46.8042 0
      vertex 35.0095 -46.9761 0
    endloop
  endfacet
  facet normal 0 0 -1
    outer loop
      vertex 38.086 -44.4512 0
      vertex 34.9993 -42.8014 0
      vertex 35.0706 -42.6506 0
    endloop
  endfacet
  facet normal 0 0 -1
    outer loop
      vertex 37.8236 -44.889 0
      vertex 34.9135 -42.9445 0
      vertex 34.9993 -42.8014 0
    endloop
  endfacet
  facet normal 0 0 -1
    outer loop
      vertex 37.5197 -45.2988 0
      vertex 34.8141 -43.0785 0
      vertex 34.9135 -42.9445 0
    endloop
  endfacet
  facet normal 0 0 -1
    outer loop
      vertex 37.1769 -45.6769 0
      vertex 34.7021 -43.2021 0
      vertex 34.8141 -43.0785 0
    endloop
  endfacet
  facet normal 0 0 -1
    outer loop
      vertex 36.7988 -46.0197 0
      vertex 34.5785 -43.3141 0
      vertex 34.7021 -43.2021 0
    endloop
  endfacet
  facet normal 0 0 -1
    outer loop
      vertex 33.9935 -43.6268 0
      vertex 35.0095 -46.9761 0
      vertex 34.5145 -47.1001 0
    endloop
  endfacet
  facet normal 0 0 -1
    outer loop
      vertex 36.389 -46.3236 0
      vertex 34.4445 -43.4135 0
      vertex 34.5785 -43.3141 0
    endloop
  endfacet
  facet normal 0 0 -1
    outer loop
      vertex 35.9512 -46.586 0
      vertex 34.3014 -43.4993 0
      vertex 34.4445 -43.4135 0
    endloop
  endfacet
  facet normal 0 0 -1
    outer loop
      vertex 35.4899 -46.8042 0
      vertex 34.1506 -43.5706 0
      vertex 34.3014 -43.4993 0
    endloop
  endfacet
  facet normal 0 0 -1
    outer loop
      vertex 33.8317 -43.6673 0
      vertex 34.5145 -47.1001 0
      vertex 34.0097 -47.175 0
    endloop
  endfacet
  facet normal 0 0 -1
    outer loop
      vertex 35.0095 -46.9761 0
      vertex 33.9935 -43.6268 0
      vertex 34.1506 -43.5706 0
    endloop
  endfacet
  facet normal 0 0 -1
    outer loop
      vertex 34.5145 -47.1001 0
      vertex 33.8317 -43.6673 0
      vertex 33.9935 -43.6268 0
    endloop
  endfacet
  facet normal 0 0 -1
    outer loop
      vertex 34.0097 -47.175 0
      vertex 33.6666 -43.6918 0
      vertex 33.8317 -43.6673 0
    endloop
  endfacet
  facet normal 0 0 -1
    outer loop
      vertex 33.5 -47.2 0
      vertex 33.6666 -43.6918 0
      vertex 34.0097 -47.175 0
    endloop
  endfacet
  facet normal 0 0 -1
    outer loop
      vertex 33.5 -47.2 0
      vertex 33.5 -43.7 0
      vertex 33.6666 -43.6918 0
    endloop
  endfacet
  facet normal 0 0 -1
    outer loop
      vertex 33.5 -47.2 0
      vertex 33.3334 -43.6918 0
      vertex 33.5 -43.7 0
    endloop
  endfacet
  facet normal 0 0 -1
    outer loop
      vertex 32.9903 -47.175 0
      vertex 33.3334 -43.6918 0
      vertex 33.5 -47.2 0
    endloop
  endfacet
  facet normal -0 0 -1
    outer loop
      vertex 33.3334 -43.6918 0
      vertex 32.9903 -47.175 0
      vertex 33.1683 -43.6673 0
    endloop
  endfacet
  facet normal -0 0 -1
    outer loop
      vertex 33.1683 -43.6673 0
      vertex 32.9903 -47.175 0
      vertex 33.0065 -43.6268 0
    endloop
  endfacet
  facet normal 0 0 -1
    outer loop
      vertex 32.9903 -47.175 0
      vertex 32.8494 -43.5706 0
      vertex 33.0065 -43.6268 0
    endloop
  endfacet
  facet normal 0 0 -1
    outer loop
      vertex 32.9903 -47.175 0
      vertex 32.6986 -43.4993 0
      vertex 32.8494 -43.5706 0
    endloop
  endfacet
  facet normal 0 0 -1
    outer loop
      vertex 32.9903 -47.175 0
      vertex 32.5555 -43.4135 0
      vertex 32.6986 -43.4993 0
    endloop
  endfacet
  facet normal 0 0 -1
    outer loop
      vertex 32.9903 -47.175 0
      vertex 32.4215 -43.3141 0
      vertex 32.5555 -43.4135 0
    endloop
  endfacet
  facet normal 0 0 -1
    outer loop
      vertex 32.9903 -47.175 0
      vertex 32.2979 -43.2021 0
      vertex 32.4215 -43.3141 0
    endloop
  endfacet
  facet normal 0 0 -1
    outer loop
      vertex 32.9903 -47.175 0
      vertex 32.1859 -43.0785 0
      vertex 32.2979 -43.2021 0
    endloop
  endfacet
  facet normal 0 0 -1
    outer loop
      vertex 32.9903 -47.175 0
      vertex 32.0865 -42.9445 0
      vertex 32.1859 -43.0785 0
    endloop
  endfacet
  facet normal 0 0 -1
    outer loop
      vertex 32.9903 -47.175 0
      vertex 32.0007 -42.8014 0
      vertex 32.0865 -42.9445 0
    endloop
  endfacet
  facet normal 0 0 -1
    outer loop
      vertex 16.4 -45.2215 0
      vertex 32.0007 -42.8014 0
      vertex 32.9903 -47.175 0
    endloop
  endfacet
  facet normal -0 0 -1
    outer loop
      vertex 32.0007 -42.8014 0
      vertex 16.4 -45.2215 0
      vertex 31.9294 -42.6506 0
    endloop
  endfacet
  facet normal -0 0 -1
    outer loop
      vertex 31.9294 -42.6506 0
      vertex 16.4 -45.2215 0
      vertex 31.8732 -42.4935 0
    endloop
  endfacet
  facet normal -0 0 -1
    outer loop
      vertex 31.8082 -42.1666 0
      vertex 16.4 -45.2215 0
      vertex 31.8 -42 0
    endloop
  endfacet
  facet normal -0 0 -1
    outer loop
      vertex 31.8327 -42.3317 0
      vertex 16.4 -45.2215 0
      vertex 31.8082 -42.1666 0
    endloop
  endfacet
  facet normal -0 0 -1
    outer loop
      vertex 31.8732 -42.4935 0
      vertex 16.4 -45.2215 0
      vertex 31.8327 -42.3317 0
    endloop
  endfacet
  facet normal -0 0 -1
    outer loop
      vertex 37.8236 -39.111 0
      vertex 34.9135 -41.0555 0
      vertex 37.5197 -38.7011 0
    endloop
  endfacet
  facet normal 0 0 -1
    outer loop
      vertex 34.8141 -40.9215 0
      vertex 37.5197 -38.7011 0
      vertex 34.9135 -41.0555 0
    endloop
  endfacet
  facet normal -0 0 -1
    outer loop
      vertex 37.5197 -38.7011 0
      vertex 34.8141 -40.9215 0
      vertex 37.1769 -38.323 0
    endloop
  endfacet
  facet normal 0 0 -1
    outer loop
      vertex 34.7021 -40.7979 0
      vertex 37.1769 -38.323 0
      vertex 34.8141 -40.9215 0
    endloop
  endfacet
  facet normal -0 0 -1
    outer loop
      vertex 37.1769 -38.323 0
      vertex 34.7021 -40.7979 0
      vertex 36.7988 -37.9803 0
    endloop
  endfacet
  facet normal 0 0 -1
    outer loop
      vertex 34.5785 -40.6859 0
      vertex 36.7988 -37.9803 0
      vertex 34.7021 -40.7979 0
    endloop
  endfacet
  facet normal -0 0 -1
    outer loop
      vertex 36.7988 -37.9803 0
      vertex 34.5785 -40.6859 0
      vertex 36.389 -37.6763 0
    endloop
  endfacet
  facet normal 0 0 -1
    outer loop
      vertex 34.4445 -40.5865 0
      vertex 36.389 -37.6763 0
      vertex 34.5785 -40.6859 0
    endloop
  endfacet
  facet normal -0 0 -1
    outer loop
      vertex 36.389 -37.6763 0
      vertex 34.4445 -40.5865 0
      vertex 35.9512 -37.414 0
    endloop
  endfacet
  facet normal 0 0 -1
    outer loop
      vertex 34.3014 -40.5007 0
      vertex 35.9512 -37.414 0
      vertex 34.4445 -40.5865 0
    endloop
  endfacet
  facet normal -0 0 -1
    outer loop
      vertex 35.9512 -37.414 0
      vertex 34.3014 -40.5007 0
      vertex 35.4899 -37.1958 0
    endloop
  endfacet
  facet normal 0 0 -1
    outer loop
      vertex 34.1506 -40.4294 0
      vertex 35.4899 -37.1958 0
      vertex 34.3014 -40.5007 0
    endloop
  endfacet
  facet normal -0 0 -1
    outer loop
      vertex 35.4899 -37.1958 0
      vertex 34.1506 -40.4294 0
      vertex 35.0095 -37.0239 0
    endloop
  endfacet
  facet normal 0 0 -1
    outer loop
      vertex 33.9935 -40.3732 0
      vertex 35.0095 -37.0239 0
      vertex 34.1506 -40.4294 0
    endloop
  endfacet
  facet normal -0 0 -1
    outer loop
      vertex 35.0095 -37.0239 0
      vertex 33.9935 -40.3732 0
      vertex 34.5145 -36.8999 0
    endloop
  endfacet
  facet normal 0 0 -1
    outer loop
      vertex 33.8317 -40.3327 0
      vertex 34.5145 -36.8999 0
      vertex 33.9935 -40.3732 0
    endloop
  endfacet
  facet normal -0 0 -1
    outer loop
      vertex 34.5145 -36.8999 0
      vertex 33.8317 -40.3327 0
      vertex 34.0097 -36.825 0
    endloop
  endfacet
  facet normal 0 0 -1
    outer loop
      vertex 33.6666 -40.3082 0
      vertex 34.0097 -36.825 0
      vertex 33.8317 -40.3327 0
    endloop
  endfacet
  facet normal 0 0 -1
    outer loop
      vertex 33.5 -40.3 0
      vertex 34.0097 -36.825 0
      vertex 33.6666 -40.3082 0
    endloop
  endfacet
  facet normal 0 0 -1
    outer loop
      vertex 33.5 -40.3 0
      vertex 33.5 -36.8 0
      vertex 34.0097 -36.825 0
    endloop
  endfacet
  facet normal 0 0 -1
    outer loop
      vertex 33.3334 -40.3082 0
      vertex 33.5 -36.8 0
      vertex 33.5 -40.3 0
    endloop
  endfacet
  facet normal 0 0 -1
    outer loop
      vertex 32.9903 -36.825 0
      vertex 33.3334 -40.3082 0
      vertex 33.1683 -40.3327 0
    endloop
  endfacet
  facet normal 0 0 -1
    outer loop
      vertex 32.9903 -36.825 0
      vertex 33.1683 -40.3327 0
      vertex 33.0065 -40.3732 0
    endloop
  endfacet
  facet normal 0 0 -1
    outer loop
      vertex 33.3334 -40.3082 0
      vertex 32.9903 -36.825 0
      vertex 33.5 -36.8 0
    endloop
  endfacet
  facet normal 0 0 -1
    outer loop
      vertex 32.8494 -40.4294 0
      vertex 32.9903 -36.825 0
      vertex 33.0065 -40.3732 0
    endloop
  endfacet
  facet normal 0 0 -1
    outer loop
      vertex 32.6986 -40.5007 0
      vertex 32.9903 -36.825 0
      vertex 32.8494 -40.4294 0
    endloop
  endfacet
  facet normal 0 0 -1
    outer loop
      vertex 32.5555 -40.5865 0
      vertex 32.9903 -36.825 0
      vertex 32.6986 -40.5007 0
    endloop
  endfacet
  facet normal 0 0 -1
    outer loop
      vertex 32.4215 -40.6859 0
      vertex 32.9903 -36.825 0
      vertex 32.5555 -40.5865 0
    endloop
  endfacet
  facet normal 0 0 -1
    outer loop
      vertex 32.2979 -40.7979 0
      vertex 32.9903 -36.825 0
      vertex 32.4215 -40.6859 0
    endloop
  endfacet
  facet normal 0 0 -1
    outer loop
      vertex 32.1859 -40.9215 0
      vertex 32.9903 -36.825 0
      vertex 32.2979 -40.7979 0
    endloop
  endfacet
  facet normal 0 0 -1
    outer loop
      vertex 32.0865 -41.0555 0
      vertex 32.9903 -36.825 0
      vertex 32.1859 -40.9215 0
    endloop
  endfacet
  facet normal 0 0 -1
    outer loop
      vertex 32.0007 -41.1986 0
      vertex 32.9903 -36.825 0
      vertex 32.0865 -41.0555 0
    endloop
  endfacet
  facet normal 0 0 -1
    outer loop
      vertex 16.4 -38.7785 0
      vertex 32.0007 -41.1986 0
      vertex 31.9294 -41.3494 0
    endloop
  endfacet
  facet normal 0 0 -1
    outer loop
      vertex 16.4 -38.7785 0
      vertex 31.9294 -41.3494 0
      vertex 31.8732 -41.5065 0
    endloop
  endfacet
  facet normal 0 0 -1
    outer loop
      vertex 16.4 -38.7785 0
      vertex 31.8732 -41.5065 0
      vertex 31.8327 -41.6683 0
    endloop
  endfacet
  facet normal 0 0 -1
    outer loop
      vertex 16.4 -38.7785 0
      vertex 31.8 -42 0
      vertex 16.4 -45.2215 0
    endloop
  endfacet
  facet normal 0 0 -1
    outer loop
      vertex 31.8 -42 0
      vertex 16.4 -38.7785 0
      vertex 31.8082 -41.8334 0
    endloop
  endfacet
  facet normal 0 0 -1
    outer loop
      vertex 31.8082 -41.8334 0
      vertex 16.4 -38.7785 0
      vertex 31.8327 -41.6683 0
    endloop
  endfacet
  facet normal 0 0 -1
    outer loop
      vertex 32.0007 -41.1986 0
      vertex 16.4 -38.7785 0
      vertex 32.9903 -36.825 0
    endloop
  endfacet
  facet normal 0 0 -1
    outer loop
      vertex 35.2 -16 0
      vertex 38.7 -16 0
      vertex 38.675 -16.5097 0
    endloop
  endfacet
  facet normal 0 0 -1
    outer loop
      vertex 35.1918 -16.1666 0
      vertex 38.675 -16.5097 0
      vertex 38.6001 -17.0145 0
    endloop
  endfacet
  facet normal 0 0 -1
    outer loop
      vertex 38.7 -16 0
      vertex 35.2 -16 0
      vertex 38.675 -15.4903 0
    endloop
  endfacet
  facet normal 0 0 -1
    outer loop
      vertex 35.1673 -16.3317 0
      vertex 38.6001 -17.0145 0
      vertex 38.4761 -17.5095 0
    endloop
  endfacet
  facet normal 0 0 -1
    outer loop
      vertex 35.1918 -15.8334 0
      vertex 38.675 -15.4903 0
      vertex 35.2 -16 0
    endloop
  endfacet
  facet normal 0 0 -1
    outer loop
      vertex 35.1268 -16.4935 0
      vertex 38.4761 -17.5095 0
      vertex 38.3042 -17.9899 0
    endloop
  endfacet
  facet normal -0 0 -1
    outer loop
      vertex 38.675 -15.4903 0
      vertex 35.1918 -15.8334 0
      vertex 38.6001 -14.9855 0
    endloop
  endfacet
  facet normal 0 0 -1
    outer loop
      vertex 35.0706 -16.6506 0
      vertex 38.3042 -17.9899 0
      vertex 38.086 -18.4512 0
    endloop
  endfacet
  facet normal 0 0 -1
    outer loop
      vertex 35.1673 -15.6683 0
      vertex 38.6001 -14.9855 0
      vertex 35.1918 -15.8334 0
    endloop
  endfacet
  facet normal 0 0 -1
    outer loop
      vertex 34.9993 -16.8014 0
      vertex 38.086 -18.4512 0
      vertex 37.8236 -18.889 0
    endloop
  endfacet
  facet normal -0 0 -1
    outer loop
      vertex 38.6001 -14.9855 0
      vertex 35.1673 -15.6683 0
      vertex 38.4761 -14.4905 0
    endloop
  endfacet
  facet normal 0 0 -1
    outer loop
      vertex 34.9135 -16.9445 0
      vertex 37.8236 -18.889 0
      vertex 37.5197 -19.2988 0
    endloop
  endfacet
  facet normal 0 0 -1
    outer loop
      vertex 35.1268 -15.5065 0
      vertex 38.4761 -14.4905 0
      vertex 35.1673 -15.6683 0
    endloop
  endfacet
  facet normal 0 0 -1
    outer loop
      vertex 34.8141 -17.0785 0
      vertex 37.5197 -19.2988 0
      vertex 37.1769 -19.6769 0
    endloop
  endfacet
  facet normal -0 0 -1
    outer loop
      vertex 38.4761 -14.4905 0
      vertex 35.1268 -15.5065 0
      vertex 38.3042 -14.01 0
    endloop
  endfacet
  facet normal 0 0 -1
    outer loop
      vertex 34.7021 -17.2021 0
      vertex 37.1769 -19.6769 0
      vertex 36.7988 -20.0197 0
    endloop
  endfacet
  facet normal 0 0 -1
    outer loop
      vertex 35.0706 -15.3494 0
      vertex 38.3042 -14.01 0
      vertex 35.1268 -15.5065 0
    endloop
  endfacet
  facet normal 0 0 -1
    outer loop
      vertex 34.5785 -17.3141 0
      vertex 36.7988 -20.0197 0
      vertex 36.389 -20.3236 0
    endloop
  endfacet
  facet normal -0 0 -1
    outer loop
      vertex 38.3042 -14.01 0
      vertex 35.0706 -15.3494 0
      vertex 38.086 -13.5487 0
    endloop
  endfacet
  facet normal 0 0 -1
    outer loop
      vertex 34.4445 -17.4135 0
      vertex 36.389 -20.3236 0
      vertex 35.9512 -20.586 0
    endloop
  endfacet
  facet normal 0 0 -1
    outer loop
      vertex 34.9993 -15.1986 0
      vertex 38.086 -13.5487 0
      vertex 35.0706 -15.3494 0
    endloop
  endfacet
  facet normal 0 0 -1
    outer loop
      vertex 34.3014 -17.4993 0
      vertex 35.9512 -20.586 0
      vertex 35.4899 -20.8042 0
    endloop
  endfacet
  facet normal -0 0 -1
    outer loop
      vertex 38.086 -13.5487 0
      vertex 34.9993 -15.1986 0
      vertex 37.8236 -13.111 0
    endloop
  endfacet
  facet normal 0 0 -1
    outer loop
      vertex 34.9135 -15.0555 0
      vertex 37.8236 -13.111 0
      vertex 34.9993 -15.1986 0
    endloop
  endfacet
  facet normal 0 0 -1
    outer loop
      vertex 38.675 -16.5097 0
      vertex 35.1918 -16.1666 0
      vertex 35.2 -16 0
    endloop
  endfacet
  facet normal 0 0 -1
    outer loop
      vertex 38.6001 -17.0145 0
      vertex 35.1673 -16.3317 0
      vertex 35.1918 -16.1666 0
    endloop
  endfacet
  facet normal 0 0 -1
    outer loop
      vertex 38.4761 -17.5095 0
      vertex 35.1268 -16.4935 0
      vertex 35.1673 -16.3317 0
    endloop
  endfacet
  facet normal 0 0 -1
    outer loop
      vertex 38.3042 -17.9899 0
      vertex 35.0706 -16.6506 0
      vertex 35.1268 -16.4935 0
    endloop
  endfacet
  facet normal 0 0 -1
    outer loop
      vertex 34.1506 -17.5706 0
      vertex 35.4899 -20.8042 0
      vertex 35.0095 -20.9761 0
    endloop
  endfacet
  facet normal 0 0 -1
    outer loop
      vertex 38.086 -18.4512 0
      vertex 34.9993 -16.8014 0
      vertex 35.0706 -16.6506 0
    endloop
  endfacet
  facet normal 0 0 -1
    outer loop
      vertex 37.8236 -18.889 0
      vertex 34.9135 -16.9445 0
      vertex 34.9993 -16.8014 0
    endloop
  endfacet
  facet normal 0 0 -1
    outer loop
      vertex 37.5197 -19.2988 0
      vertex 34.8141 -17.0785 0
      vertex 34.9135 -16.9445 0
    endloop
  endfacet
  facet normal 0 0 -1
    outer loop
      vertex 37.1769 -19.6769 0
      vertex 34.7021 -17.2021 0
      vertex 34.8141 -17.0785 0
    endloop
  endfacet
  facet normal 0 0 -1
    outer loop
      vertex 36.7988 -20.0197 0
      vertex 34.5785 -17.3141 0
      vertex 34.7021 -17.2021 0
    endloop
  endfacet
  facet normal 0 0 -1
    outer loop
      vertex 33.9935 -17.6268 0
      vertex 35.0095 -20.9761 0
      vertex 34.5145 -21.1001 0
    endloop
  endfacet
  facet normal 0 0 -1
    outer loop
      vertex 36.389 -20.3236 0
      vertex 34.4445 -17.4135 0
      vertex 34.5785 -17.3141 0
    endloop
  endfacet
  facet normal 0 0 -1
    outer loop
      vertex 35.9512 -20.586 0
      vertex 34.3014 -17.4993 0
      vertex 34.4445 -17.4135 0
    endloop
  endfacet
  facet normal 0 0 -1
    outer loop
      vertex 35.4899 -20.8042 0
      vertex 34.1506 -17.5706 0
      vertex 34.3014 -17.4993 0
    endloop
  endfacet
  facet normal 0 0 -1
    outer loop
      vertex 33.8317 -17.6673 0
      vertex 34.5145 -21.1001 0
      vertex 34.0097 -21.175 0
    endloop
  endfacet
  facet normal 0 0 -1
    outer loop
      vertex 35.0095 -20.9761 0
      vertex 33.9935 -17.6268 0
      vertex 34.1506 -17.5706 0
    endloop
  endfacet
  facet normal 0 0 -1
    outer loop
      vertex 34.5145 -21.1001 0
      vertex 33.8317 -17.6673 0
      vertex 33.9935 -17.6268 0
    endloop
  endfacet
  facet normal 0 0 -1
    outer loop
      vertex 34.0097 -21.175 0
      vertex 33.6666 -17.6918 0
      vertex 33.8317 -17.6673 0
    endloop
  endfacet
  facet normal 0 0 -1
    outer loop
      vertex 33.5 -21.2 0
      vertex 33.6666 -17.6918 0
      vertex 34.0097 -21.175 0
    endloop
  endfacet
  facet normal 0 0 -1
    outer loop
      vertex 33.5 -21.2 0
      vertex 33.5 -17.7 0
      vertex 33.6666 -17.6918 0
    endloop
  endfacet
  facet normal 0 0 -1
    outer loop
      vertex 33.5 -21.2 0
      vertex 33.3334 -17.6918 0
      vertex 33.5 -17.7 0
    endloop
  endfacet
  facet normal 0 0 -1
    outer loop
      vertex 32.9903 -21.175 0
      vertex 33.3334 -17.6918 0
      vertex 33.5 -21.2 0
    endloop
  endfacet
  facet normal -0 0 -1
    outer loop
      vertex 33.3334 -17.6918 0
      vertex 32.9903 -21.175 0
      vertex 33.1683 -17.6673 0
    endloop
  endfacet
  facet normal -0 0 -1
    outer loop
      vertex 33.1683 -17.6673 0
      vertex 32.9903 -21.175 0
      vertex 33.0065 -17.6268 0
    endloop
  endfacet
  facet normal 0 0 -1
    outer loop
      vertex 32.9903 -21.175 0
      vertex 32.8494 -17.5706 0
      vertex 33.0065 -17.6268 0
    endloop
  endfacet
  facet normal 0 0 -1
    outer loop
      vertex 32.9903 -21.175 0
      vertex 32.6986 -17.4993 0
      vertex 32.8494 -17.5706 0
    endloop
  endfacet
  facet normal 0 0 -1
    outer loop
      vertex 32.9903 -21.175 0
      vertex 32.5555 -17.4135 0
      vertex 32.6986 -17.4993 0
    endloop
  endfacet
  facet normal 0 0 -1
    outer loop
      vertex 32.9903 -21.175 0
      vertex 32.4215 -17.3141 0
      vertex 32.5555 -17.4135 0
    endloop
  endfacet
  facet normal 0 0 -1
    outer loop
      vertex 32.9903 -21.175 0
      vertex 32.2979 -17.2021 0
      vertex 32.4215 -17.3141 0
    endloop
  endfacet
  facet normal 0 0 -1
    outer loop
      vertex 32.9903 -21.175 0
      vertex 32.1859 -17.0785 0
      vertex 32.2979 -17.2021 0
    endloop
  endfacet
  facet normal 0 0 -1
    outer loop
      vertex 32.9903 -21.175 0
      vertex 32.0865 -16.9445 0
      vertex 32.1859 -17.0785 0
    endloop
  endfacet
  facet normal 0 0 -1
    outer loop
      vertex 32.9903 -21.175 0
      vertex 32.0007 -16.8014 0
      vertex 32.0865 -16.9445 0
    endloop
  endfacet
  facet normal 0 0 -1
    outer loop
      vertex 16.4 -19.2215 0
      vertex 32.0007 -16.8014 0
      vertex 32.9903 -21.175 0
    endloop
  endfacet
  facet normal -0 0 -1
    outer loop
      vertex 32.0007 -16.8014 0
      vertex 16.4 -19.2215 0
      vertex 31.9294 -16.6506 0
    endloop
  endfacet
  facet normal -0 0 -1
    outer loop
      vertex 31.9294 -16.6506 0
      vertex 16.4 -19.2215 0
      vertex 31.8732 -16.4935 0
    endloop
  endfacet
  facet normal -0 0 -1
    outer loop
      vertex 31.8082 -16.1666 0
      vertex 16.4 -19.2215 0
      vertex 31.8 -16 0
    endloop
  endfacet
  facet normal -0 0 -1
    outer loop
      vertex 31.8327 -16.3317 0
      vertex 16.4 -19.2215 0
      vertex 31.8082 -16.1666 0
    endloop
  endfacet
  facet normal -0 0 -1
    outer loop
      vertex 31.8732 -16.4935 0
      vertex 16.4 -19.2215 0
      vertex 31.8327 -16.3317 0
    endloop
  endfacet
  facet normal -0 0 -1
    outer loop
      vertex 37.8236 -13.111 0
      vertex 34.9135 -15.0555 0
      vertex 37.5197 -12.7011 0
    endloop
  endfacet
  facet normal 0 0 -1
    outer loop
      vertex 34.8141 -14.9215 0
      vertex 37.5197 -12.7011 0
      vertex 34.9135 -15.0555 0
    endloop
  endfacet
  facet normal -0 0 -1
    outer loop
      vertex 37.5197 -12.7011 0
      vertex 34.8141 -14.9215 0
      vertex 37.1769 -12.323 0
    endloop
  endfacet
  facet normal 0 0 -1
    outer loop
      vertex 34.7021 -14.7979 0
      vertex 37.1769 -12.323 0
      vertex 34.8141 -14.9215 0
    endloop
  endfacet
  facet normal -0 0 -1
    outer loop
      vertex 37.1769 -12.323 0
      vertex 34.7021 -14.7979 0
      vertex 36.7988 -11.9803 0
    endloop
  endfacet
  facet normal 0 0 -1
    outer loop
      vertex 34.5785 -14.6859 0
      vertex 36.7988 -11.9803 0
      vertex 34.7021 -14.7979 0
    endloop
  endfacet
  facet normal -0 0 -1
    outer loop
      vertex 36.7988 -11.9803 0
      vertex 34.5785 -14.6859 0
      vertex 36.389 -11.6763 0
    endloop
  endfacet
  facet normal 0 0 -1
    outer loop
      vertex 34.4445 -14.5865 0
      vertex 36.389 -11.6763 0
      vertex 34.5785 -14.6859 0
    endloop
  endfacet
  facet normal -0 0 -1
    outer loop
      vertex 36.389 -11.6763 0
      vertex 34.4445 -14.5865 0
      vertex 35.9512 -11.414 0
    endloop
  endfacet
  facet normal 0 0 -1
    outer loop
      vertex 34.3014 -14.5007 0
      vertex 35.9512 -11.414 0
      vertex 34.4445 -14.5865 0
    endloop
  endfacet
  facet normal -0 0 -1
    outer loop
      vertex 35.9512 -11.414 0
      vertex 34.3014 -14.5007 0
      vertex 35.4899 -11.1958 0
    endloop
  endfacet
  facet normal 0 0 -1
    outer loop
      vertex 34.1506 -14.4294 0
      vertex 35.4899 -11.1958 0
      vertex 34.3014 -14.5007 0
    endloop
  endfacet
  facet normal -0 0 -1
    outer loop
      vertex 35.4899 -11.1958 0
      vertex 34.1506 -14.4294 0
      vertex 35.0095 -11.0239 0
    endloop
  endfacet
  facet normal 0 0 -1
    outer loop
      vertex 33.9935 -14.3732 0
      vertex 35.0095 -11.0239 0
      vertex 34.1506 -14.4294 0
    endloop
  endfacet
  facet normal -0 0 -1
    outer loop
      vertex 35.0095 -11.0239 0
      vertex 33.9935 -14.3732 0
      vertex 34.5145 -10.8999 0
    endloop
  endfacet
  facet normal 0 0 -1
    outer loop
      vertex 33.8317 -14.3327 0
      vertex 34.5145 -10.8999 0
      vertex 33.9935 -14.3732 0
    endloop
  endfacet
  facet normal -0 0 -1
    outer loop
      vertex 34.5145 -10.8999 0
      vertex 33.8317 -14.3327 0
      vertex 34.0097 -10.825 0
    endloop
  endfacet
  facet normal 0 0 -1
    outer loop
      vertex 33.6666 -14.3082 0
      vertex 34.0097 -10.825 0
      vertex 33.8317 -14.3327 0
    endloop
  endfacet
  facet normal 0 0 -1
    outer loop
      vertex 33.5 -14.3 0
      vertex 34.0097 -10.825 0
      vertex 33.6666 -14.3082 0
    endloop
  endfacet
  facet normal 0 0 -1
    outer loop
      vertex 33.5 -14.3 0
      vertex 33.5 -10.8 0
      vertex 34.0097 -10.825 0
    endloop
  endfacet
  facet normal 0 0 -1
    outer loop
      vertex 33.3334 -14.3082 0
      vertex 33.5 -10.8 0
      vertex 33.5 -14.3 0
    endloop
  endfacet
  facet normal 0 0 -1
    outer loop
      vertex 32.9903 -10.825 0
      vertex 33.3334 -14.3082 0
      vertex 33.1683 -14.3327 0
    endloop
  endfacet
  facet normal 0 0 -1
    outer loop
      vertex 32.9903 -10.825 0
      vertex 33.1683 -14.3327 0
      vertex 33.0065 -14.3732 0
    endloop
  endfacet
  facet normal 0 0 -1
    outer loop
      vertex 33.3334 -14.3082 0
      vertex 32.9903 -10.825 0
      vertex 33.5 -10.8 0
    endloop
  endfacet
  facet normal 0 0 -1
    outer loop
      vertex 32.8494 -14.4294 0
      vertex 32.9903 -10.825 0
      vertex 33.0065 -14.3732 0
    endloop
  endfacet
  facet normal 0 0 -1
    outer loop
      vertex 32.6986 -14.5007 0
      vertex 32.9903 -10.825 0
      vertex 32.8494 -14.4294 0
    endloop
  endfacet
  facet normal 0 0 -1
    outer loop
      vertex 32.5555 -14.5865 0
      vertex 32.9903 -10.825 0
      vertex 32.6986 -14.5007 0
    endloop
  endfacet
  facet normal 0 0 -1
    outer loop
      vertex 32.4215 -14.6859 0
      vertex 32.9903 -10.825 0
      vertex 32.5555 -14.5865 0
    endloop
  endfacet
  facet normal 0 0 -1
    outer loop
      vertex 32.2979 -14.7979 0
      vertex 32.9903 -10.825 0
      vertex 32.4215 -14.6859 0
    endloop
  endfacet
  facet normal 0 0 -1
    outer loop
      vertex 32.1859 -14.9215 0
      vertex 32.9903 -10.825 0
      vertex 32.2979 -14.7979 0
    endloop
  endfacet
  facet normal 0 0 -1
    outer loop
      vertex 32.0865 -15.0555 0
      vertex 32.9903 -10.825 0
      vertex 32.1859 -14.9215 0
    endloop
  endfacet
  facet normal 0 0 -1
    outer loop
      vertex 32.0007 -15.1986 0
      vertex 32.9903 -10.825 0
      vertex 32.0865 -15.0555 0
    endloop
  endfacet
  facet normal 0 0 -1
    outer loop
      vertex 16.4 -12.7785 0
      vertex 32.0007 -15.1986 0
      vertex 31.9294 -15.3494 0
    endloop
  endfacet
  facet normal 0 0 -1
    outer loop
      vertex 16.4 -12.7785 0
      vertex 31.9294 -15.3494 0
      vertex 31.8732 -15.5065 0
    endloop
  endfacet
  facet normal 0 0 -1
    outer loop
      vertex 16.4 -12.7785 0
      vertex 31.8732 -15.5065 0
      vertex 31.8327 -15.6683 0
    endloop
  endfacet
  facet normal 0 0 -1
    outer loop
      vertex 16.4 -12.7785 0
      vertex 31.8 -16 0
      vertex 16.4 -19.2215 0
    endloop
  endfacet
  facet normal 0 0 -1
    outer loop
      vertex 31.8 -16 0
      vertex 16.4 -12.7785 0
      vertex 31.8082 -15.8334 0
    endloop
  endfacet
  facet normal 0 0 -1
    outer loop
      vertex 31.8082 -15.8334 0
      vertex 16.4 -12.7785 0
      vertex 31.8327 -15.6683 0
    endloop
  endfacet
  facet normal 0 0 -1
    outer loop
      vertex 32.0007 -15.1986 0
      vertex 16.4 -12.7785 0
      vertex 32.9903 -10.825 0
    endloop
  endfacet
  facet normal 0 -1 0
    outer loop
      vertex -16.4 -48.4 5.24946
      vertex -14 -48.4 43
      vertex -16.4 -48.4 43
    endloop
  endfacet
  facet normal 0 -1 0
    outer loop
      vertex -14 -48.4 5.24946
      vertex -14 -48.4 43
      vertex -16.4 -48.4 5.24946
    endloop
  endfacet
  facet normal 0 -0 0
    outer loop
      vertex -14 -48.4 5.24946
      vertex -14 -48.4 0
      vertex -14 -48.4 43
    endloop
  endfacet
  facet normal -1 0 0
    outer loop
      vertex 14 -11.6 7.5
      vertex 14 -11 14.5
      vertex 14 -11 7.5
    endloop
  endfacet
  facet normal -1 -0 0
    outer loop
      vertex 14 -11 14.5
      vertex 14 -11.6 7.5
      vertex 14 -11.6 14.5
    endloop
  endfacet
  facet normal -1 0 0
    outer loop
      vertex 14 -46 4.8
      vertex 14 -48.4 5.24946
      vertex 14 -46 6
    endloop
  endfacet
  facet normal -1 0 0
    outer loop
      vertex 14 -46 4.8
      vertex 14 -48.592 5.03757
      vertex 14 -48.4 5.24946
    endloop
  endfacet
  facet normal -1 0 -0
    outer loop
      vertex 14 -48.592 5.03757
      vertex 14 -46 4.8
      vertex 14 -48.7682 4.8
    endloop
  endfacet
  facet normal -1 0 0
    outer loop
      vertex 14 -16.3082 10.6666
      vertex 14 -14 8.5
      vertex 14 -16.3 10.5
    endloop
  endfacet
  facet normal -1 0 0
    outer loop
      vertex 14 -14 8.5
      vertex 14 -16.3082 10.3334
      vertex 14 -16.3 10.5
    endloop
  endfacet
  facet normal -1 0 0
    outer loop
      vertex 14 -14 8.5
      vertex 14 -16.3327 10.1683
      vertex 14 -16.3082 10.3334
    endloop
  endfacet
  facet normal -1 0 0
    outer loop
      vertex 14 -14 8.5
      vertex 14 -16.3732 10.0065
      vertex 14 -16.3327 10.1683
    endloop
  endfacet
  facet normal -1 0 0
    outer loop
      vertex 14 -14 8.5
      vertex 14 -16.4294 9.84944
      vertex 14 -16.3732 10.0065
    endloop
  endfacet
  facet normal -1 0 0
    outer loop
      vertex 14 -14 8.5
      vertex 14 -16.5007 9.69862
      vertex 14 -16.4294 9.84944
    endloop
  endfacet
  facet normal -1 0 0
    outer loop
      vertex 14 -14 8.5
      vertex 14 -16.5865 9.55553
      vertex 14 -16.5007 9.69862
    endloop
  endfacet
  facet normal -1 0 0
    outer loop
      vertex 14 -14 8.5
      vertex 14 -16.6859 9.42153
      vertex 14 -16.5865 9.55553
    endloop
  endfacet
  facet normal -1 0 0
    outer loop
      vertex 14 -14 8.5
      vertex 14 -16.7979 9.29792
      vertex 14 -16.6859 9.42153
    endloop
  endfacet
  facet normal -1 0 0
    outer loop
      vertex 14 -14 8.5
      vertex 14 -16.9215 9.18588
      vertex 14 -16.7979 9.29792
    endloop
  endfacet
  facet normal -1 0 0
    outer loop
      vertex 14 -14 8.5
      vertex 14 -17.0555 9.0865
      vertex 14 -16.9215 9.18588
    endloop
  endfacet
  facet normal -1 0 0
    outer loop
      vertex 14 -14 8.5
      vertex 14 -17.1986 9.00073
      vertex 14 -17.0555 9.0865
    endloop
  endfacet
  facet normal -1 0 0
    outer loop
      vertex 14 -14 8.5
      vertex 14 -17.3494 8.9294
      vertex 14 -17.1986 9.00073
    endloop
  endfacet
  facet normal -1 0 0
    outer loop
      vertex 14 -14 8.5
      vertex 14 -17.5065 8.8732
      vertex 14 -17.3494 8.9294
    endloop
  endfacet
  facet normal -1 0 0
    outer loop
      vertex 14 -14 8.5
      vertex 14 -17.6683 8.83266
      vertex 14 -17.5065 8.8732
    endloop
  endfacet
  facet normal -1 0 0
    outer loop
      vertex 14 -14 8.5
      vertex 14 -17.8334 8.80819
      vertex 14 -17.6683 8.83266
    endloop
  endfacet
  facet normal -1 0 0
    outer loop
      vertex 14 -14 8.5
      vertex 14 -18 8.8
      vertex 14 -17.8334 8.80819
    endloop
  endfacet
  facet normal -1 0 0
    outer loop
      vertex 14 -14 8.5
      vertex 14 -18.1666 8.80819
      vertex 14 -18 8.8
    endloop
  endfacet
  facet normal -1 0 0
    outer loop
      vertex 14 -19.6918 10.3334
      vertex 14 -30.3 10.5
      vertex 14 -19.7 10.5
    endloop
  endfacet
  facet normal -1 0 0
    outer loop
      vertex 14 -30.3082 10.3334
      vertex 14 -19.6918 10.3334
      vertex 14 -19.6673 10.1683
    endloop
  endfacet
  facet normal -1 0 0
    outer loop
      vertex 14 -30.3327 10.1683
      vertex 14 -19.6673 10.1683
      vertex 14 -19.6268 10.0065
    endloop
  endfacet
  facet normal -1 0 0
    outer loop
      vertex 14 -30.3732 10.0065
      vertex 14 -19.6268 10.0065
      vertex 14 -19.5706 9.84944
    endloop
  endfacet
  facet normal -1 0 0
    outer loop
      vertex 14 -30.4294 9.84944
      vertex 14 -19.5706 9.84944
      vertex 14 -19.4993 9.69862
    endloop
  endfacet
  facet normal -1 0 0
    outer loop
      vertex 14 -30.5007 9.69862
      vertex 14 -19.4993 9.69862
      vertex 14 -19.4135 9.55553
    endloop
  endfacet
  facet normal -1 0 0
    outer loop
      vertex 14 -30.5865 9.55553
      vertex 14 -19.4135 9.55553
      vertex 14 -19.3141 9.42153
    endloop
  endfacet
  facet normal -1 0 0
    outer loop
      vertex 14 -30.6859 9.42153
      vertex 14 -19.3141 9.42153
      vertex 14 -19.2021 9.29792
    endloop
  endfacet
  facet normal -1 0 0
    outer loop
      vertex 14 -30.7979 9.29792
      vertex 14 -19.2021 9.29792
      vertex 14 -19.0785 9.18588
    endloop
  endfacet
  facet normal -1 0 0
    outer loop
      vertex 14 -30.9215 9.18588
      vertex 14 -19.0785 9.18588
      vertex 14 -18.9445 9.0865
    endloop
  endfacet
  facet normal -1 0 0
    outer loop
      vertex 14 -31.0555 9.0865
      vertex 14 -18.9445 9.0865
      vertex 14 -18.8014 9.00073
    endloop
  endfacet
  facet normal -1 0 0
    outer loop
      vertex 14 -31.1986 9.00073
      vertex 14 -18.8014 9.00073
      vertex 14 -18.6506 8.9294
    endloop
  endfacet
  facet normal -1 0 0
    outer loop
      vertex 14 -31.3494 8.9294
      vertex 14 -18.6506 8.9294
      vertex 14 -18.4935 8.8732
    endloop
  endfacet
  facet normal -1 0 0
    outer loop
      vertex 14 -31.5065 8.8732
      vertex 14 -18.4935 8.8732
      vertex 14 -18.3317 8.83266
    endloop
  endfacet
  facet normal -1 0 0
    outer loop
      vertex 14 -31.6683 8.83266
      vertex 14 -18.3317 8.83266
      vertex 14 -18.1666 8.80819
    endloop
  endfacet
  facet normal -1 0 0
    outer loop
      vertex 14 -19.6918 10.3334
      vertex 14 -30.3082 10.3334
      vertex 14 -30.3 10.5
    endloop
  endfacet
  facet normal -1 0 0
    outer loop
      vertex 14 -19.6673 10.1683
      vertex 14 -30.3327 10.1683
      vertex 14 -30.3082 10.3334
    endloop
  endfacet
  facet normal -1 0 0
    outer loop
      vertex 14 -19.6268 10.0065
      vertex 14 -30.3732 10.0065
      vertex 14 -30.3327 10.1683
    endloop
  endfacet
  facet normal -1 0 0
    outer loop
      vertex 14 -19.5706 9.84944
      vertex 14 -30.4294 9.84944
      vertex 14 -30.3732 10.0065
    endloop
  endfacet
  facet normal -1 0 0
    outer loop
      vertex 14 -19.4993 9.69862
      vertex 14 -30.5007 9.69862
      vertex 14 -30.4294 9.84944
    endloop
  endfacet
  facet normal -1 0 0
    outer loop
      vertex 14 -46 6
      vertex 14 -18.1666 8.80819
      vertex 14 -14 8.5
    endloop
  endfacet
  facet normal -1 0 0
    outer loop
      vertex 14 -19.4135 9.55553
      vertex 14 -30.5865 9.55553
      vertex 14 -30.5007 9.69862
    endloop
  endfacet
  facet normal -1 0 0
    outer loop
      vertex 14 -19.3141 9.42153
      vertex 14 -30.6859 9.42153
      vertex 14 -30.5865 9.55553
    endloop
  endfacet
  facet normal -1 0 0
    outer loop
      vertex 14 -19.2021 9.29792
      vertex 14 -30.7979 9.29792
      vertex 14 -30.6859 9.42153
    endloop
  endfacet
  facet normal -1 0 0
    outer loop
      vertex 14 -19.0785 9.18588
      vertex 14 -30.9215 9.18588
      vertex 14 -30.7979 9.29792
    endloop
  endfacet
  facet normal -1 0 0
    outer loop
      vertex 14 -18.9445 9.0865
      vertex 14 -31.0555 9.0865
      vertex 14 -30.9215 9.18588
    endloop
  endfacet
  facet normal -1 0 0
    outer loop
      vertex 14 -18.8014 9.00073
      vertex 14 -31.1986 9.00073
      vertex 14 -31.0555 9.0865
    endloop
  endfacet
  facet normal -1 0 0
    outer loop
      vertex 14 -18.6506 8.9294
      vertex 14 -31.3494 8.9294
      vertex 14 -31.1986 9.00073
    endloop
  endfacet
  facet normal -1 0 0
    outer loop
      vertex 14 -18.4935 8.8732
      vertex 14 -31.5065 8.8732
      vertex 14 -31.3494 8.9294
    endloop
  endfacet
  facet normal -1 0 0
    outer loop
      vertex 14 -18.3317 8.83266
      vertex 14 -31.6683 8.83266
      vertex 14 -31.5065 8.8732
    endloop
  endfacet
  facet normal -1 0 0
    outer loop
      vertex 14 -18.1666 8.80819
      vertex 14 -31.8334 8.80819
      vertex 14 -31.6683 8.83266
    endloop
  endfacet
  facet normal -1 -0 0
    outer loop
      vertex 14 -18.1666 8.80819
      vertex 14 -46 6
      vertex 14 -31.8334 8.80819
    endloop
  endfacet
  facet normal -1 -0 0
    outer loop
      vertex 14 -33.6918 10.3334
      vertex 14 -46 6
      vertex 14 -33.7 10.5
    endloop
  endfacet
  facet normal -1 -0 0
    outer loop
      vertex 14 -33.6673 10.1683
      vertex 14 -46 6
      vertex 14 -33.6918 10.3334
    endloop
  endfacet
  facet normal -1 -0 0
    outer loop
      vertex 14 -33.6268 10.0065
      vertex 14 -46 6
      vertex 14 -33.6673 10.1683
    endloop
  endfacet
  facet normal -1 -0 0
    outer loop
      vertex 14 -33.5706 9.84944
      vertex 14 -46 6
      vertex 14 -33.6268 10.0065
    endloop
  endfacet
  facet normal -1 -0 0
    outer loop
      vertex 14 -33.4993 9.69862
      vertex 14 -46 6
      vertex 14 -33.5706 9.84944
    endloop
  endfacet
  facet normal -1 -0 0
    outer loop
      vertex 14 -33.4135 9.55553
      vertex 14 -46 6
      vertex 14 -33.4993 9.69862
    endloop
  endfacet
  facet normal -1 -0 0
    outer loop
      vertex 14 -33.3141 9.42153
      vertex 14 -46 6
      vertex 14 -33.4135 9.55553
    endloop
  endfacet
  facet normal -1 -0 0
    outer loop
      vertex 14 -33.2021 9.29792
      vertex 14 -46 6
      vertex 14 -33.3141 9.42153
    endloop
  endfacet
  facet normal -1 -0 0
    outer loop
      vertex 14 -33.0785 9.18588
      vertex 14 -46 6
      vertex 14 -33.2021 9.29792
    endloop
  endfacet
  facet normal -1 -0 0
    outer loop
      vertex 14 -32.9445 9.0865
      vertex 14 -46 6
      vertex 14 -33.0785 9.18588
    endloop
  endfacet
  facet normal -1 -0 0
    outer loop
      vertex 14 -32.8014 9.00073
      vertex 14 -46 6
      vertex 14 -32.9445 9.0865
    endloop
  endfacet
  facet normal -1 -0 0
    outer loop
      vertex 14 -32.6506 8.9294
      vertex 14 -46 6
      vertex 14 -32.8014 9.00073
    endloop
  endfacet
  facet normal -1 -0 0
    outer loop
      vertex 14 -32.4935 8.8732
      vertex 14 -46 6
      vertex 14 -32.6506 8.9294
    endloop
  endfacet
  facet normal -1 -0 0
    outer loop
      vertex 14 -32.3317 8.83266
      vertex 14 -46 6
      vertex 14 -32.4935 8.8732
    endloop
  endfacet
  facet normal -1 -0 0
    outer loop
      vertex 14 -32.1666 8.80819
      vertex 14 -46 6
      vertex 14 -32.3317 8.83266
    endloop
  endfacet
  facet normal -1 -0 0
    outer loop
      vertex 14 -32 8.8
      vertex 14 -46 6
      vertex 14 -32.1666 8.80819
    endloop
  endfacet
  facet normal -1 0 0
    outer loop
      vertex 14 -31.8334 8.80819
      vertex 14 -46 6
      vertex 14 -32 8.8
    endloop
  endfacet
  facet normal -1 0 0
    outer loop
      vertex 14 -16.3327 10.8317
      vertex 14 -14 8.5
      vertex 14 -16.3082 10.6666
    endloop
  endfacet
  facet normal -1 0 0
    outer loop
      vertex 14 -16.3732 10.9935
      vertex 14 -14 8.5
      vertex 14 -16.3327 10.8317
    endloop
  endfacet
  facet normal -1 0 0
    outer loop
      vertex 14 -16.4294 11.1506
      vertex 14 -14 8.5
      vertex 14 -16.3732 10.9935
    endloop
  endfacet
  facet normal -1 0 0
    outer loop
      vertex 14 -16.5007 11.3014
      vertex 14 -14 8.5
      vertex 14 -16.4294 11.1506
    endloop
  endfacet
  facet normal -1 0 0
    outer loop
      vertex 14 -16.5865 11.4445
      vertex 14 -14 8.5
      vertex 14 -16.5007 11.3014
    endloop
  endfacet
  facet normal -1 0 0
    outer loop
      vertex 14 -14 8.5
      vertex 14 -16.5865 11.4445
      vertex 14 -14 43
    endloop
  endfacet
  facet normal -1 0 0
    outer loop
      vertex 14 -16.6859 11.5785
      vertex 14 -14 43
      vertex 14 -16.5865 11.4445
    endloop
  endfacet
  facet normal -1 0 0
    outer loop
      vertex 14 -16.7979 11.7021
      vertex 14 -14 43
      vertex 14 -16.6859 11.5785
    endloop
  endfacet
  facet normal -1 0 0
    outer loop
      vertex 14 -16.9215 11.8141
      vertex 14 -14 43
      vertex 14 -16.7979 11.7021
    endloop
  endfacet
  facet normal -1 0 0
    outer loop
      vertex 14 -17.0555 11.9135
      vertex 14 -14 43
      vertex 14 -16.9215 11.8141
    endloop
  endfacet
  facet normal -1 0 0
    outer loop
      vertex 14 -17.1986 11.9993
      vertex 14 -14 43
      vertex 14 -17.0555 11.9135
    endloop
  endfacet
  facet normal -1 0 0
    outer loop
      vertex 14 -17.3494 12.0706
      vertex 14 -14 43
      vertex 14 -17.1986 11.9993
    endloop
  endfacet
  facet normal -1 0 0
    outer loop
      vertex 14 -17.5065 12.1268
      vertex 14 -14 43
      vertex 14 -17.3494 12.0706
    endloop
  endfacet
  facet normal -1 0 0
    outer loop
      vertex 14 -17.6683 12.1673
      vertex 14 -14 43
      vertex 14 -17.5065 12.1268
    endloop
  endfacet
  facet normal -1 0 0
    outer loop
      vertex 14 -17.8334 12.1918
      vertex 14 -14 43
      vertex 14 -17.6683 12.1673
    endloop
  endfacet
  facet normal -1 0 0
    outer loop
      vertex 14 -18 12.2
      vertex 14 -14 43
      vertex 14 -17.8334 12.1918
    endloop
  endfacet
  facet normal -1 0 0
    outer loop
      vertex 14 -18.1666 12.1918
      vertex 14 -14 43
      vertex 14 -18 12.2
    endloop
  endfacet
  facet normal -1 0 0
    outer loop
      vertex 14 -18.3317 12.1673
      vertex 14 -14 43
      vertex 14 -18.1666 12.1918
    endloop
  endfacet
  facet normal -1 0 0
    outer loop
      vertex 14 -18.4935 12.1268
      vertex 14 -14 43
      vertex 14 -18.3317 12.1673
    endloop
  endfacet
  facet normal -1 0 0
    outer loop
      vertex 14 -18.6506 12.0706
      vertex 14 -14 43
      vertex 14 -18.4935 12.1268
    endloop
  endfacet
  facet normal -1 0 0
    outer loop
      vertex 14 -31.3494 12.0706
      vertex 14 -18.6506 12.0706
      vertex 14 -18.8014 11.9993
    endloop
  endfacet
  facet normal -1 0 0
    outer loop
      vertex 14 -31.1986 11.9993
      vertex 14 -18.8014 11.9993
      vertex 14 -18.9445 11.9135
    endloop
  endfacet
  facet normal -1 0 0
    outer loop
      vertex 14 -31.0555 11.9135
      vertex 14 -18.9445 11.9135
      vertex 14 -19.0785 11.8141
    endloop
  endfacet
  facet normal -1 0 0
    outer loop
      vertex 14 -30.9215 11.8141
      vertex 14 -19.0785 11.8141
      vertex 14 -19.2021 11.7021
    endloop
  endfacet
  facet normal -1 0 0
    outer loop
      vertex 14 -30.7979 11.7021
      vertex 14 -19.2021 11.7021
      vertex 14 -19.3141 11.5785
    endloop
  endfacet
  facet normal -1 0 0
    outer loop
      vertex 14 -30.6859 11.5785
      vertex 14 -19.3141 11.5785
      vertex 14 -19.4135 11.4445
    endloop
  endfacet
  facet normal -1 0 0
    outer loop
      vertex 14 -30.5865 11.4445
      vertex 14 -19.4135 11.4445
      vertex 14 -19.4993 11.3014
    endloop
  endfacet
  facet normal -1 0 0
    outer loop
      vertex 14 -30.5007 11.3014
      vertex 14 -19.4993 11.3014
      vertex 14 -19.5706 11.1506
    endloop
  endfacet
  facet normal -1 0 0
    outer loop
      vertex 14 -30.4294 11.1506
      vertex 14 -19.5706 11.1506
      vertex 14 -19.6268 10.9935
    endloop
  endfacet
  facet normal -1 0 0
    outer loop
      vertex 14 -30.3732 10.9935
      vertex 14 -19.6268 10.9935
      vertex 14 -19.6673 10.8317
    endloop
  endfacet
  facet normal -1 0 0
    outer loop
      vertex 14 -30.3 10.5
      vertex 14 -19.6918 10.6666
      vertex 14 -19.7 10.5
    endloop
  endfacet
  facet normal -1 0 0
    outer loop
      vertex 14 -30.3082 10.6666
      vertex 14 -19.6918 10.6666
      vertex 14 -30.3 10.5
    endloop
  endfacet
  facet normal -1 0 0
    outer loop
      vertex 14 -19.6918 10.6666
      vertex 14 -30.3082 10.6666
      vertex 14 -19.6673 10.8317
    endloop
  endfacet
  facet normal -1 0 0
    outer loop
      vertex 14 -30.3327 10.8317
      vertex 14 -19.6673 10.8317
      vertex 14 -30.3082 10.6666
    endloop
  endfacet
  facet normal -1 0 0
    outer loop
      vertex 14 -30.3732 10.9935
      vertex 14 -19.6673 10.8317
      vertex 14 -30.3327 10.8317
    endloop
  endfacet
  facet normal -1 0 0
    outer loop
      vertex 14 -19.6268 10.9935
      vertex 14 -30.3732 10.9935
      vertex 14 -30.4294 11.1506
    endloop
  endfacet
  facet normal -1 0 0
    outer loop
      vertex 14 -19.5706 11.1506
      vertex 14 -30.4294 11.1506
      vertex 14 -30.5007 11.3014
    endloop
  endfacet
  facet normal -1 0 0
    outer loop
      vertex 14 -19.4993 11.3014
      vertex 14 -30.5007 11.3014
      vertex 14 -30.5865 11.4445
    endloop
  endfacet
  facet normal -1 0 0
    outer loop
      vertex 14 -19.4135 11.4445
      vertex 14 -30.5865 11.4445
      vertex 14 -30.6859 11.5785
    endloop
  endfacet
  facet normal -1 0 0
    outer loop
      vertex 14 -19.3141 11.5785
      vertex 14 -30.6859 11.5785
      vertex 14 -30.7979 11.7021
    endloop
  endfacet
  facet normal -1 0 0
    outer loop
      vertex 14 -19.2021 11.7021
      vertex 14 -30.7979 11.7021
      vertex 14 -30.9215 11.8141
    endloop
  endfacet
  facet normal -1 0 0
    outer loop
      vertex 14 -19.0785 11.8141
      vertex 14 -30.9215 11.8141
      vertex 14 -31.0555 11.9135
    endloop
  endfacet
  facet normal -1 0 0
    outer loop
      vertex 14 -18.9445 11.9135
      vertex 14 -31.0555 11.9135
      vertex 14 -31.1986 11.9993
    endloop
  endfacet
  facet normal -1 0 0
    outer loop
      vertex 14 -18.8014 11.9993
      vertex 14 -31.1986 11.9993
      vertex 14 -31.3494 12.0706
    endloop
  endfacet
  facet normal -1 0 0
    outer loop
      vertex 14 -18.6506 12.0706
      vertex 14 -31.3494 12.0706
      vertex 14 -14 43
    endloop
  endfacet
  facet normal -1 0 0
    outer loop
      vertex 14 -31.5065 12.1268
      vertex 14 -14 43
      vertex 14 -31.3494 12.0706
    endloop
  endfacet
  facet normal -1 0 0
    outer loop
      vertex 14 -31.6683 12.1673
      vertex 14 -14 43
      vertex 14 -31.5065 12.1268
    endloop
  endfacet
  facet normal -1 0 0
    outer loop
      vertex 14 -31.8334 12.1918
      vertex 14 -14 43
      vertex 14 -31.6683 12.1673
    endloop
  endfacet
  facet normal -1 0 0
    outer loop
      vertex 14 -32 12.2
      vertex 14 -14 43
      vertex 14 -31.8334 12.1918
    endloop
  endfacet
  facet normal -1 0 0
    outer loop
      vertex 14 -48.4 43
      vertex 14 -32 12.2
      vertex 14 -32.1666 12.1918
    endloop
  endfacet
  facet normal -1 0 0
    outer loop
      vertex 14 -48.4 43
      vertex 14 -32.1666 12.1918
      vertex 14 -32.3317 12.1673
    endloop
  endfacet
  facet normal -1 0 0
    outer loop
      vertex 14 -48.4 43
      vertex 14 -32.3317 12.1673
      vertex 14 -32.4935 12.1268
    endloop
  endfacet
  facet normal -1 0 0
    outer loop
      vertex 14 -48.4 43
      vertex 14 -32.4935 12.1268
      vertex 14 -32.6506 12.0706
    endloop
  endfacet
  facet normal -1 0 0
    outer loop
      vertex 14 -48.4 43
      vertex 14 -32.6506 12.0706
      vertex 14 -32.8014 11.9993
    endloop
  endfacet
  facet normal -1 0 0
    outer loop
      vertex 14 -48.4 43
      vertex 14 -32.8014 11.9993
      vertex 14 -32.9445 11.9135
    endloop
  endfacet
  facet normal -1 0 0
    outer loop
      vertex 14 -48.4 43
      vertex 14 -32.9445 11.9135
      vertex 14 -33.0785 11.8141
    endloop
  endfacet
  facet normal -1 0 0
    outer loop
      vertex 14 -48.4 43
      vertex 14 -33.0785 11.8141
      vertex 14 -33.2021 11.7021
    endloop
  endfacet
  facet normal -1 0 0
    outer loop
      vertex 14 -46 6
      vertex 14 -33.2021 11.7021
      vertex 14 -33.3141 11.5785
    endloop
  endfacet
  facet normal -1 0 0
    outer loop
      vertex 14 -46 6
      vertex 14 -33.3141 11.5785
      vertex 14 -33.4135 11.4445
    endloop
  endfacet
  facet normal -1 0 0
    outer loop
      vertex 14 -46 6
      vertex 14 -33.6918 10.6666
      vertex 14 -33.7 10.5
    endloop
  endfacet
  facet normal -1 0 0
    outer loop
      vertex 14 -46 6
      vertex 14 -33.6673 10.8317
      vertex 14 -33.6918 10.6666
    endloop
  endfacet
  facet normal -1 0 0
    outer loop
      vertex 14 -46 6
      vertex 14 -33.6268 10.9935
      vertex 14 -33.6673 10.8317
    endloop
  endfacet
  facet normal -1 0 0
    outer loop
      vertex 14 -46 6
      vertex 14 -33.5706 11.1506
      vertex 14 -33.6268 10.9935
    endloop
  endfacet
  facet normal -1 0 0
    outer loop
      vertex 14 -46 6
      vertex 14 -33.4993 11.3014
      vertex 14 -33.5706 11.1506
    endloop
  endfacet
  facet normal -1 0 0
    outer loop
      vertex 14 -46 6
      vertex 14 -33.4135 11.4445
      vertex 14 -33.4993 11.3014
    endloop
  endfacet
  facet normal -1 -0 0
    outer loop
      vertex 14 -33.2021 11.7021
      vertex 14 -46 6
      vertex 14 -48.4 43
    endloop
  endfacet
  facet normal -1 0 0
    outer loop
      vertex 14 -48.4 43
      vertex 14 -46 6
      vertex 14 -48.4 5.24946
    endloop
  endfacet
  facet normal -1 0 0
    outer loop
      vertex 14 -32 12.2
      vertex 14 -48.4 43
      vertex 14 -14 43
    endloop
  endfacet
  facet normal -1 0 0
    outer loop
      vertex 14 -48.6199 0
      vertex 14 -46 0.2
      vertex 14 -46 0
    endloop
  endfacet
  facet normal -1 -0 0
    outer loop
      vertex 14 -46 0.2
      vertex 14 -48.6199 0
      vertex 14 -48.7682 0.2
    endloop
  endfacet
  facet normal -0 0 1
    outer loop
      vertex 14 -14 43
      vertex 16.4 -48.4 43
      vertex 16.4 -14 43
    endloop
  endfacet
  facet normal 0 0 1
    outer loop
      vertex 16.4 -48.4 43
      vertex 14 -14 43
      vertex 14 -48.4 43
    endloop
  endfacet
  facet normal 1 0 0
    outer loop
      vertex 16.4 -11.6 7.5
      vertex 16.4 -16.3082 10.6666
      vertex 16.4 -16.3 10.5
    endloop
  endfacet
  facet normal 1 0 0
    outer loop
      vertex 16.4 -11.6 14.5
      vertex 16.4 -16.3327 10.8317
      vertex 16.4 -16.3082 10.6666
    endloop
  endfacet
  facet normal 1 0 0
    outer loop
      vertex 16.4 -11.6 14.5
      vertex 16.4 -16.3732 10.9935
      vertex 16.4 -16.3327 10.8317
    endloop
  endfacet
  facet normal 1 0 0
    outer loop
      vertex 16.4 -11.6 14.5
      vertex 16.4 -16.4294 11.1506
      vertex 16.4 -16.3732 10.9935
    endloop
  endfacet
  facet normal 1 0 0
    outer loop
      vertex 16.4 -11.6 14.5
      vertex 16.4 -16.5007 11.3014
      vertex 16.4 -16.4294 11.1506
    endloop
  endfacet
  facet normal 1 0 0
    outer loop
      vertex 16.4 -11.6 14.5
      vertex 16.4 -16.5865 11.4445
      vertex 16.4 -16.5007 11.3014
    endloop
  endfacet
  facet normal 1 0 0
    outer loop
      vertex 16.4 -11.6 14.5
      vertex 16.4 -16.6859 11.5785
      vertex 16.4 -16.5865 11.4445
    endloop
  endfacet
  facet normal 1 0 0
    outer loop
      vertex 16.4 -11.6 14.5
      vertex 16.4 -16.7979 11.7021
      vertex 16.4 -16.6859 11.5785
    endloop
  endfacet
  facet normal 1 0 0
    outer loop
      vertex 16.4 -11.6 14.5
      vertex 16.4 -16.9215 11.8141
      vertex 16.4 -16.7979 11.7021
    endloop
  endfacet
  facet normal 1 0 0
    outer loop
      vertex 16.4 -11.6 14.5
      vertex 16.4 -17.0555 11.9135
      vertex 16.4 -16.9215 11.8141
    endloop
  endfacet
  facet normal 1 0 0
    outer loop
      vertex 16.4 -11.6 14.5
      vertex 16.4 -17.1986 11.9993
      vertex 16.4 -17.0555 11.9135
    endloop
  endfacet
  facet normal 1 0 0
    outer loop
      vertex 16.4 -11.6 14.5
      vertex 16.4 -17.3494 12.0706
      vertex 16.4 -17.1986 11.9993
    endloop
  endfacet
  facet normal 1 0 0
    outer loop
      vertex 16.4 -11.6 14.5
      vertex 16.4 -17.5065 12.1268
      vertex 16.4 -17.3494 12.0706
    endloop
  endfacet
  facet normal 1 0 0
    outer loop
      vertex 16.4 -11.6 14.5
      vertex 16.4 -17.6683 12.1673
      vertex 16.4 -17.5065 12.1268
    endloop
  endfacet
  facet normal 1 0 0
    outer loop
      vertex 16.4 -11.6 14.5
      vertex 16.4 -17.8334 12.1918
      vertex 16.4 -17.6683 12.1673
    endloop
  endfacet
  facet normal 1 0 0
    outer loop
      vertex 16.4 -11.6 14.5
      vertex 16.4 -18 12.2
      vertex 16.4 -17.8334 12.1918
    endloop
  endfacet
  facet normal 1 0 0
    outer loop
      vertex 16.4 -11.6 14.5
      vertex 16.4 -18.1666 12.1918
      vertex 16.4 -18 12.2
    endloop
  endfacet
  facet normal 1 0 0
    outer loop
      vertex 16.4 -14 43
      vertex 16.4 -18.3317 12.1673
      vertex 16.4 -18.1666 12.1918
    endloop
  endfacet
  facet normal 1 0 0
    outer loop
      vertex 16.4 -14 43
      vertex 16.4 -18.4935 12.1268
      vertex 16.4 -18.3317 12.1673
    endloop
  endfacet
  facet normal 1 0 0
    outer loop
      vertex 16.4 -14 43
      vertex 16.4 -18.6506 12.0706
      vertex 16.4 -18.4935 12.1268
    endloop
  endfacet
  facet normal 1 0 0
    outer loop
      vertex 16.4 -31.3494 12.0706
      vertex 16.4 -18.6506 12.0706
      vertex 16.4 -14 43
    endloop
  endfacet
  facet normal 1 0 0
    outer loop
      vertex 16.4 -18.6506 12.0706
      vertex 16.4 -31.3494 12.0706
      vertex 16.4 -18.8014 11.9993
    endloop
  endfacet
  facet normal 1 0 -0
    outer loop
      vertex 16.4 -31.1986 11.9993
      vertex 16.4 -18.8014 11.9993
      vertex 16.4 -31.3494 12.0706
    endloop
  endfacet
  facet normal 1 0 0
    outer loop
      vertex 16.4 -18.8014 11.9993
      vertex 16.4 -31.1986 11.9993
      vertex 16.4 -18.9445 11.9135
    endloop
  endfacet
  facet normal 1 0 -0
    outer loop
      vertex 16.4 -31.0555 11.9135
      vertex 16.4 -18.9445 11.9135
      vertex 16.4 -31.1986 11.9993
    endloop
  endfacet
  facet normal 1 0 0
    outer loop
      vertex 16.4 -18.9445 11.9135
      vertex 16.4 -31.0555 11.9135
      vertex 16.4 -19.0785 11.8141
    endloop
  endfacet
  facet normal 1 0 -0
    outer loop
      vertex 16.4 -30.9215 11.8141
      vertex 16.4 -19.0785 11.8141
      vertex 16.4 -31.0555 11.9135
    endloop
  endfacet
  facet normal 1 0 0
    outer loop
      vertex 16.4 -19.0785 11.8141
      vertex 16.4 -30.9215 11.8141
      vertex 16.4 -19.2021 11.7021
    endloop
  endfacet
  facet normal 1 0 -0
    outer loop
      vertex 16.4 -30.7979 11.7021
      vertex 16.4 -19.2021 11.7021
      vertex 16.4 -30.9215 11.8141
    endloop
  endfacet
  facet normal 1 0 0
    outer loop
      vertex 16.4 -19.2021 11.7021
      vertex 16.4 -30.7979 11.7021
      vertex 16.4 -19.3141 11.5785
    endloop
  endfacet
  facet normal 1 0 0
    outer loop
      vertex 16.4 -19.6918 10.6666
      vertex 16.4 -30.3 10.5
      vertex 16.4 -19.7 10.5
    endloop
  endfacet
  facet normal 1 0 0
    outer loop
      vertex 16.4 -30.3082 10.6666
      vertex 16.4 -19.6918 10.6666
      vertex 16.4 -19.6673 10.8317
    endloop
  endfacet
  facet normal 1 0 0
    outer loop
      vertex 16.4 -19.3141 11.5785
      vertex 16.4 -30.6859 11.5785
      vertex 16.4 -19.4135 11.4445
    endloop
  endfacet
  facet normal 1 0 0
    outer loop
      vertex 16.4 -19.6918 10.6666
      vertex 16.4 -30.3082 10.6666
      vertex 16.4 -30.3 10.5
    endloop
  endfacet
  facet normal 1 0 0
    outer loop
      vertex 16.4 -19.6673 10.8317
      vertex 16.4 -30.3327 10.8317
      vertex 16.4 -30.3082 10.6666
    endloop
  endfacet
  facet normal 1 0 0
    outer loop
      vertex 16.4 -19.6673 10.8317
      vertex 16.4 -30.3732 10.9935
      vertex 16.4 -30.3327 10.8317
    endloop
  endfacet
  facet normal 1 0 0
    outer loop
      vertex 16.4 -19.6268 10.9935
      vertex 16.4 -30.3732 10.9935
      vertex 16.4 -19.6673 10.8317
    endloop
  endfacet
  facet normal 1 0 -0
    outer loop
      vertex 16.4 -30.3732 10.9935
      vertex 16.4 -19.6268 10.9935
      vertex 16.4 -30.4294 11.1506
    endloop
  endfacet
  facet normal 1 0 0
    outer loop
      vertex 16.4 -19.5706 11.1506
      vertex 16.4 -30.4294 11.1506
      vertex 16.4 -19.6268 10.9935
    endloop
  endfacet
  facet normal 1 0 -0
    outer loop
      vertex 16.4 -30.4294 11.1506
      vertex 16.4 -19.5706 11.1506
      vertex 16.4 -30.5007 11.3014
    endloop
  endfacet
  facet normal 1 0 0
    outer loop
      vertex 16.4 -19.4993 11.3014
      vertex 16.4 -30.5007 11.3014
      vertex 16.4 -19.5706 11.1506
    endloop
  endfacet
  facet normal 1 0 -0
    outer loop
      vertex 16.4 -30.5007 11.3014
      vertex 16.4 -19.4993 11.3014
      vertex 16.4 -30.5865 11.4445
    endloop
  endfacet
  facet normal 1 0 0
    outer loop
      vertex 16.4 -19.4135 11.4445
      vertex 16.4 -30.5865 11.4445
      vertex 16.4 -19.4993 11.3014
    endloop
  endfacet
  facet normal 1 0 -0
    outer loop
      vertex 16.4 -30.5865 11.4445
      vertex 16.4 -19.4135 11.4445
      vertex 16.4 -30.6859 11.5785
    endloop
  endfacet
  facet normal 1 0 -0
    outer loop
      vertex 16.4 -30.6859 11.5785
      vertex 16.4 -19.3141 11.5785
      vertex 16.4 -30.7979 11.7021
    endloop
  endfacet
  facet normal 1 0 0
    outer loop
      vertex 16.4 -14 43
      vertex 16.4 -31.5065 12.1268
      vertex 16.4 -31.3494 12.0706
    endloop
  endfacet
  facet normal 1 0 0
    outer loop
      vertex 16.4 -14 43
      vertex 16.4 -31.6683 12.1673
      vertex 16.4 -31.5065 12.1268
    endloop
  endfacet
  facet normal 1 0 0
    outer loop
      vertex 16.4 -14 43
      vertex 16.4 -31.8334 12.1918
      vertex 16.4 -31.6683 12.1673
    endloop
  endfacet
  facet normal 1 0 0
    outer loop
      vertex 16.4 -14 43
      vertex 16.4 -32 12.2
      vertex 16.4 -31.8334 12.1918
    endloop
  endfacet
  facet normal 1 -0 0
    outer loop
      vertex 16.4 -48.4 43
      vertex 16.4 -32 12.2
      vertex 16.4 -14 43
    endloop
  endfacet
  facet normal 1 0 0
    outer loop
      vertex 16.4 -32 12.2
      vertex 16.4 -48.4 43
      vertex 16.4 -32.1666 12.1918
    endloop
  endfacet
  facet normal 1 0 0
    outer loop
      vertex 16.4 -32.1666 12.1918
      vertex 16.4 -48.4 43
      vertex 16.4 -32.3317 12.1673
    endloop
  endfacet
  facet normal 1 0 0
    outer loop
      vertex 16.4 -32.3317 12.1673
      vertex 16.4 -48.4 43
      vertex 16.4 -32.4935 12.1268
    endloop
  endfacet
  facet normal 1 0 0
    outer loop
      vertex 16.4 -32.4935 12.1268
      vertex 16.4 -48.4 43
      vertex 16.4 -32.6506 12.0706
    endloop
  endfacet
  facet normal 1 0 0
    outer loop
      vertex 16.4 -32.6506 12.0706
      vertex 16.4 -48.4 43
      vertex 16.4 -32.8014 11.9993
    endloop
  endfacet
  facet normal 1 0 0
    outer loop
      vertex 16.4 -32.8014 11.9993
      vertex 16.4 -48.4 43
      vertex 16.4 -32.9445 11.9135
    endloop
  endfacet
  facet normal 1 0 0
    outer loop
      vertex 16.4 -32.9445 11.9135
      vertex 16.4 -48.4 43
      vertex 16.4 -33.0785 11.8141
    endloop
  endfacet
  facet normal 1 0 0
    outer loop
      vertex 16.4 -33.0785 11.8141
      vertex 16.4 -48.4 43
      vertex 16.4 -33.2021 11.7021
    endloop
  endfacet
  facet normal 1 0 0
    outer loop
      vertex 16.4 -33.2021 11.7021
      vertex 16.4 -48.4 43
      vertex 16.4 -33.3141 11.5785
    endloop
  endfacet
  facet normal 1 0 0
    outer loop
      vertex 16.4 -44.4158 4.52842
      vertex 16.4 -33.7 10.5
      vertex 16.4 -33.6918 10.6666
    endloop
  endfacet
  facet normal 1 0 0
    outer loop
      vertex 16.4 -44.6198 4.62492
      vertex 16.4 -33.6918 10.6666
      vertex 16.4 -33.6673 10.8317
    endloop
  endfacet
  facet normal 1 0 0
    outer loop
      vertex 16.4 -44.8323 4.70096
      vertex 16.4 -33.6673 10.8317
      vertex 16.4 -33.6268 10.9935
    endloop
  endfacet
  facet normal 1 0 0
    outer loop
      vertex 16.4 -45.0513 4.75581
      vertex 16.4 -33.6268 10.9935
      vertex 16.4 -33.5706 11.1506
    endloop
  endfacet
  facet normal 1 0 0
    outer loop
      vertex 16.4 -45.2746 4.78892
      vertex 16.4 -33.5706 11.1506
      vertex 16.4 -33.4993 11.3014
    endloop
  endfacet
  facet normal 1 0 0
    outer loop
      vertex 16.4 -48.4 5.24946
      vertex 16.4 -33.4993 11.3014
      vertex 16.4 -33.4135 11.4445
    endloop
  endfacet
  facet normal 1 0 0
    outer loop
      vertex 16.4 -48.4 5.24946
      vertex 16.4 -33.3141 11.5785
      vertex 16.4 -48.4 43
    endloop
  endfacet
  facet normal 1 0 0
    outer loop
      vertex 16.4 -33.3141 11.5785
      vertex 16.4 -48.4 5.24946
      vertex 16.4 -33.4135 11.4445
    endloop
  endfacet
  facet normal 1 0 0
    outer loop
      vertex 16.4 -38.7785 3
      vertex 16.4 -43.299 3.16765
      vertex 16.4 -43.257 3
    endloop
  endfacet
  facet normal 1 0 0
    outer loop
      vertex 16.4 -38.7785 3
      vertex 16.4 -43.3751 3.38017
      vertex 16.4 -43.299 3.16765
    endloop
  endfacet
  facet normal 1 0 0
    outer loop
      vertex 16.4 -38.7785 3
      vertex 16.4 -43.4716 3.58421
      vertex 16.4 -43.3751 3.38017
    endloop
  endfacet
  facet normal 1 0 0
    outer loop
      vertex 16.4 -38.7785 3
      vertex 16.4 -43.5876 3.77781
      vertex 16.4 -43.4716 3.58421
    endloop
  endfacet
  facet normal 1 0 0
    outer loop
      vertex 16.4 -38.7785 3
      vertex 16.4 -43.7221 3.9591
      vertex 16.4 -43.5876 3.77781
    endloop
  endfacet
  facet normal 1 0 0
    outer loop
      vertex 16.4 -38.7785 3
      vertex 16.4 -43.8737 4.12634
      vertex 16.4 -43.7221 3.9591
    endloop
  endfacet
  facet normal 1 0 0
    outer loop
      vertex 16.4 -38.7785 3
      vertex 16.4 -44.0409 4.27792
      vertex 16.4 -43.8737 4.12634
    endloop
  endfacet
  facet normal 1 0 0
    outer loop
      vertex 16.4 -33.7 10.5
      vertex 16.4 -44.0409 4.27792
      vertex 16.4 -38.7785 3
    endloop
  endfacet
  facet normal 1 0 0
    outer loop
      vertex 16.4 -33.6918 10.6666
      vertex 16.4 -44.6198 4.62492
      vertex 16.4 -44.4158 4.52842
    endloop
  endfacet
  facet normal 1 0 0
    outer loop
      vertex 16.4 -33.7 10.5
      vertex 16.4 -44.2222 4.41238
      vertex 16.4 -44.0409 4.27792
    endloop
  endfacet
  facet normal 1 0 0
    outer loop
      vertex 16.4 -33.7 10.5
      vertex 16.4 -44.4158 4.52842
      vertex 16.4 -44.2222 4.41238
    endloop
  endfacet
  facet normal 1 0 0
    outer loop
      vertex 16.4 -33.6673 10.8317
      vertex 16.4 -44.8323 4.70096
      vertex 16.4 -44.6198 4.62492
    endloop
  endfacet
  facet normal 1 0 0
    outer loop
      vertex 16.4 -33.6268 10.9935
      vertex 16.4 -45.0513 4.75581
      vertex 16.4 -44.8323 4.70096
    endloop
  endfacet
  facet normal 1 0 0
    outer loop
      vertex 16.4 -33.5706 11.1506
      vertex 16.4 -45.2746 4.78892
      vertex 16.4 -45.0513 4.75581
    endloop
  endfacet
  facet normal 1 0 0
    outer loop
      vertex 16.4 -33.4993 11.3014
      vertex 16.4 -48.4 5.24946
      vertex 16.4 -45.5 4.8
    endloop
  endfacet
  facet normal 1 0 0
    outer loop
      vertex 16.4 -33.4993 11.3014
      vertex 16.4 -45.5 4.8
      vertex 16.4 -45.2746 4.78892
    endloop
  endfacet
  facet normal 1 -0 0
    outer loop
      vertex 16.4 -48.592 5.03757
      vertex 16.4 -45.5 4.8
      vertex 16.4 -48.4 5.24946
    endloop
  endfacet
  facet normal 1 0 0
    outer loop
      vertex 16.4 -45.5 4.8
      vertex 16.4 -48.592 5.03757
      vertex 16.4 -48.7682 4.8
    endloop
  endfacet
  facet normal 1 -0 0
    outer loop
      vertex 16.4 -14 43
      vertex 16.4 -11.6 14.5
      vertex 16.4 -11.6 50
    endloop
  endfacet
  facet normal 1 0 0
    outer loop
      vertex 16.4 -18.1666 12.1918
      vertex 16.4 -11.6 14.5
      vertex 16.4 -14 43
    endloop
  endfacet
  facet normal 1 -0 0
    outer loop
      vertex 16.4 -16.3082 10.6666
      vertex 16.4 -11.6 7.5
      vertex 16.4 -11.6 14.5
    endloop
  endfacet
  facet normal 1 0 0
    outer loop
      vertex 16.4 -14 43
      vertex 16.4 -11.6 50
      vertex 16.4 -14 50
    endloop
  endfacet
  facet normal 1 0 0
    outer loop
      vertex 16.4 -11.6 7.5
      vertex 16.4 -12.7785 3
      vertex 16.4 -11.6 0
    endloop
  endfacet
  facet normal 1 -0 0
    outer loop
      vertex 16.4 -16.3082 10.3334
      vertex 16.4 -11.6 7.5
      vertex 16.4 -16.3 10.5
    endloop
  endfacet
  facet normal 1 -0 0
    outer loop
      vertex 16.4 -16.3327 10.1683
      vertex 16.4 -11.6 7.5
      vertex 16.4 -16.3082 10.3334
    endloop
  endfacet
  facet normal 1 -0 0
    outer loop
      vertex 16.4 -16.3732 10.0065
      vertex 16.4 -11.6 7.5
      vertex 16.4 -16.3327 10.1683
    endloop
  endfacet
  facet normal 1 -0 0
    outer loop
      vertex 16.4 -16.4294 9.84944
      vertex 16.4 -11.6 7.5
      vertex 16.4 -16.3732 10.0065
    endloop
  endfacet
  facet normal 1 -0 0
    outer loop
      vertex 16.4 -16.5007 9.69862
      vertex 16.4 -11.6 7.5
      vertex 16.4 -16.4294 9.84944
    endloop
  endfacet
  facet normal 1 -0 0
    outer loop
      vertex 16.4 -16.5865 9.55553
      vertex 16.4 -11.6 7.5
      vertex 16.4 -16.5007 9.69862
    endloop
  endfacet
  facet normal 1 -0 0
    outer loop
      vertex 16.4 -16.6859 9.42153
      vertex 16.4 -11.6 7.5
      vertex 16.4 -16.5865 9.55553
    endloop
  endfacet
  facet normal 1 -0 0
    outer loop
      vertex 16.4 -16.7979 9.29792
      vertex 16.4 -11.6 7.5
      vertex 16.4 -16.6859 9.42153
    endloop
  endfacet
  facet normal 1 -0 0
    outer loop
      vertex 16.4 -16.9215 9.18588
      vertex 16.4 -11.6 7.5
      vertex 16.4 -16.7979 9.29792
    endloop
  endfacet
  facet normal 1 -0 0
    outer loop
      vertex 16.4 -17.0555 9.0865
      vertex 16.4 -11.6 7.5
      vertex 16.4 -16.9215 9.18588
    endloop
  endfacet
  facet normal 1 0 0
    outer loop
      vertex 16.4 -11.6 7.5
      vertex 16.4 -17.0555 9.0865
      vertex 16.4 -12.7785 3
    endloop
  endfacet
  facet normal 1 -0 0
    outer loop
      vertex 16.4 -17.1986 9.00073
      vertex 16.4 -12.7785 3
      vertex 16.4 -17.0555 9.0865
    endloop
  endfacet
  facet normal 1 -0 0
    outer loop
      vertex 16.4 -17.3494 8.9294
      vertex 16.4 -12.7785 3
      vertex 16.4 -17.1986 9.00073
    endloop
  endfacet
  facet normal 1 0 0
    outer loop
      vertex 16.4 -19.2215 3
      vertex 16.4 -17.3494 8.9294
      vertex 16.4 -17.5065 8.8732
    endloop
  endfacet
  facet normal 1 0 0
    outer loop
      vertex 16.4 -19.2215 3
      vertex 16.4 -17.5065 8.8732
      vertex 16.4 -17.6683 8.83266
    endloop
  endfacet
  facet normal 1 0 0
    outer loop
      vertex 16.4 -19.2215 3
      vertex 16.4 -17.6683 8.83266
      vertex 16.4 -17.8334 8.80819
    endloop
  endfacet
  facet normal 1 0 0
    outer loop
      vertex 16.4 -19.2215 3
      vertex 16.4 -17.8334 8.80819
      vertex 16.4 -18 8.8
    endloop
  endfacet
  facet normal 1 0 0
    outer loop
      vertex 16.4 -19.2215 3
      vertex 16.4 -18 8.8
      vertex 16.4 -18.1666 8.80819
    endloop
  endfacet
  facet normal 1 0 0
    outer loop
      vertex 16.4 -19.2215 3
      vertex 16.4 -18.1666 8.80819
      vertex 16.4 -18.3317 8.83266
    endloop
  endfacet
  facet normal 1 0 0
    outer loop
      vertex 16.4 -19.2215 3
      vertex 16.4 -18.3317 8.83266
      vertex 16.4 -18.4935 8.8732
    endloop
  endfacet
  facet normal 1 0 0
    outer loop
      vertex 16.4 -19.2215 3
      vertex 16.4 -18.4935 8.8732
      vertex 16.4 -18.6506 8.9294
    endloop
  endfacet
  facet normal 1 0 0
    outer loop
      vertex 16.4 -19.2215 3
      vertex 16.4 -18.6506 8.9294
      vertex 16.4 -18.8014 9.00073
    endloop
  endfacet
  facet normal 1 0 0
    outer loop
      vertex 16.4 -19.2215 3
      vertex 16.4 -18.8014 9.00073
      vertex 16.4 -18.9445 9.0865
    endloop
  endfacet
  facet normal 1 0 0
    outer loop
      vertex 16.4 -19.2215 3
      vertex 16.4 -18.9445 9.0865
      vertex 16.4 -19.0785 9.18588
    endloop
  endfacet
  facet normal 1 0 0
    outer loop
      vertex 16.4 -19.2215 3
      vertex 16.4 -19.0785 9.18588
      vertex 16.4 -19.2021 9.29792
    endloop
  endfacet
  facet normal 1 0 0
    outer loop
      vertex 16.4 -17.3494 8.9294
      vertex 16.4 -19.2215 3
      vertex 16.4 -12.7785 3
    endloop
  endfacet
  facet normal 1 0 0
    outer loop
      vertex 16.4 -19.3141 9.42153
      vertex 16.4 -19.2215 3
      vertex 16.4 -19.2021 9.29792
    endloop
  endfacet
  facet normal 1 0 0
    outer loop
      vertex 16.4 -19.4135 9.55553
      vertex 16.4 -19.2215 3
      vertex 16.4 -19.3141 9.42153
    endloop
  endfacet
  facet normal 1 -0 0
    outer loop
      vertex 16.4 -30.5865 9.55553
      vertex 16.4 -19.2215 3
      vertex 16.4 -19.4135 9.55553
    endloop
  endfacet
  facet normal 1 0 0
    outer loop
      vertex 16.4 -30.5865 9.55553
      vertex 16.4 -19.4135 9.55553
      vertex 16.4 -19.4993 9.69862
    endloop
  endfacet
  facet normal 1 0 0
    outer loop
      vertex 16.4 -30.5007 9.69862
      vertex 16.4 -19.4993 9.69862
      vertex 16.4 -19.5706 9.84944
    endloop
  endfacet
  facet normal 1 0 0
    outer loop
      vertex 16.4 -30.4294 9.84944
      vertex 16.4 -19.5706 9.84944
      vertex 16.4 -19.6268 10.0065
    endloop
  endfacet
  facet normal 1 0 0
    outer loop
      vertex 16.4 -30.3732 10.0065
      vertex 16.4 -19.6268 10.0065
      vertex 16.4 -19.6673 10.1683
    endloop
  endfacet
  facet normal 1 0 0
    outer loop
      vertex 16.4 -30.3327 10.1683
      vertex 16.4 -19.6673 10.1683
      vertex 16.4 -19.6918 10.3334
    endloop
  endfacet
  facet normal 1 0 0
    outer loop
      vertex 16.4 -30.3082 10.3334
      vertex 16.4 -19.6918 10.3334
      vertex 16.4 -19.7 10.5
    endloop
  endfacet
  facet normal 1 0 0
    outer loop
      vertex 16.4 -30.3082 10.3334
      vertex 16.4 -19.7 10.5
      vertex 16.4 -30.3 10.5
    endloop
  endfacet
  facet normal 1 0 0
    outer loop
      vertex 16.4 -19.6918 10.3334
      vertex 16.4 -30.3082 10.3334
      vertex 16.4 -30.3327 10.1683
    endloop
  endfacet
  facet normal 1 0 0
    outer loop
      vertex 16.4 -19.6673 10.1683
      vertex 16.4 -30.3327 10.1683
      vertex 16.4 -30.3732 10.0065
    endloop
  endfacet
  facet normal 1 0 0
    outer loop
      vertex 16.4 -19.6268 10.0065
      vertex 16.4 -30.3732 10.0065
      vertex 16.4 -30.4294 9.84944
    endloop
  endfacet
  facet normal 1 0 0
    outer loop
      vertex 16.4 -19.5706 9.84944
      vertex 16.4 -30.4294 9.84944
      vertex 16.4 -30.5007 9.69862
    endloop
  endfacet
  facet normal 1 0 0
    outer loop
      vertex 16.4 -19.4993 9.69862
      vertex 16.4 -30.5007 9.69862
      vertex 16.4 -30.5865 9.55553
    endloop
  endfacet
  facet normal 1 0 0
    outer loop
      vertex 16.4 -19.2215 3
      vertex 16.4 -30.5865 9.55553
      vertex 16.4 -30.6859 9.42153
    endloop
  endfacet
  facet normal 1 -0 0
    outer loop
      vertex 16.4 -30.7979 9.29792
      vertex 16.4 -19.2215 3
      vertex 16.4 -30.6859 9.42153
    endloop
  endfacet
  facet normal 1 -0 0
    outer loop
      vertex 16.4 -30.9215 9.18588
      vertex 16.4 -19.2215 3
      vertex 16.4 -30.7979 9.29792
    endloop
  endfacet
  facet normal 1 -0 0
    outer loop
      vertex 16.4 -31.0555 9.0865
      vertex 16.4 -19.2215 3
      vertex 16.4 -30.9215 9.18588
    endloop
  endfacet
  facet normal 1 -0 0
    outer loop
      vertex 16.4 -31.1986 9.00073
      vertex 16.4 -19.2215 3
      vertex 16.4 -31.0555 9.0865
    endloop
  endfacet
  facet normal 1 0 0
    outer loop
      vertex 16.4 -19.2215 3
      vertex 16.4 -31.1986 9.00073
      vertex 16.4 -19.2215 0
    endloop
  endfacet
  facet normal 1 -0 0
    outer loop
      vertex 16.4 -31.3494 8.9294
      vertex 16.4 -19.2215 0
      vertex 16.4 -31.1986 9.00073
    endloop
  endfacet
  facet normal 1 -0 0
    outer loop
      vertex 16.4 -31.5065 8.8732
      vertex 16.4 -19.2215 0
      vertex 16.4 -31.3494 8.9294
    endloop
  endfacet
  facet normal 1 0 0
    outer loop
      vertex 16.4 -38.7785 0
      vertex 16.4 -31.5065 8.8732
      vertex 16.4 -31.6683 8.83266
    endloop
  endfacet
  facet normal 1 0 0
    outer loop
      vertex 16.4 -38.7785 0
      vertex 16.4 -31.6683 8.83266
      vertex 16.4 -31.8334 8.80819
    endloop
  endfacet
  facet normal 1 0 0
    outer loop
      vertex 16.4 -38.7785 0
      vertex 16.4 -31.8334 8.80819
      vertex 16.4 -32 8.8
    endloop
  endfacet
  facet normal 1 0 0
    outer loop
      vertex 16.4 -38.7785 3
      vertex 16.4 -32 8.8
      vertex 16.4 -32.1666 8.80819
    endloop
  endfacet
  facet normal 1 0 0
    outer loop
      vertex 16.4 -38.7785 3
      vertex 16.4 -32.1666 8.80819
      vertex 16.4 -32.3317 8.83266
    endloop
  endfacet
  facet normal 1 0 0
    outer loop
      vertex 16.4 -38.7785 3
      vertex 16.4 -32.3317 8.83266
      vertex 16.4 -32.4935 8.8732
    endloop
  endfacet
  facet normal 1 0 0
    outer loop
      vertex 16.4 -38.7785 3
      vertex 16.4 -32.4935 8.8732
      vertex 16.4 -32.6506 8.9294
    endloop
  endfacet
  facet normal 1 0 0
    outer loop
      vertex 16.4 -38.7785 3
      vertex 16.4 -32.6506 8.9294
      vertex 16.4 -32.8014 9.00073
    endloop
  endfacet
  facet normal 1 0 0
    outer loop
      vertex 16.4 -38.7785 3
      vertex 16.4 -32.8014 9.00073
      vertex 16.4 -32.9445 9.0865
    endloop
  endfacet
  facet normal 1 0 0
    outer loop
      vertex 16.4 -38.7785 3
      vertex 16.4 -33.6918 10.3334
      vertex 16.4 -33.7 10.5
    endloop
  endfacet
  facet normal 1 0 0
    outer loop
      vertex 16.4 -38.7785 3
      vertex 16.4 -33.6673 10.1683
      vertex 16.4 -33.6918 10.3334
    endloop
  endfacet
  facet normal 1 0 0
    outer loop
      vertex 16.4 -38.7785 3
      vertex 16.4 -33.6268 10.0065
      vertex 16.4 -33.6673 10.1683
    endloop
  endfacet
  facet normal 1 0 0
    outer loop
      vertex 16.4 -38.7785 3
      vertex 16.4 -33.5706 9.84944
      vertex 16.4 -33.6268 10.0065
    endloop
  endfacet
  facet normal 1 0 0
    outer loop
      vertex 16.4 -38.7785 3
      vertex 16.4 -33.4993 9.69862
      vertex 16.4 -33.5706 9.84944
    endloop
  endfacet
  facet normal 1 0 0
    outer loop
      vertex 16.4 -38.7785 3
      vertex 16.4 -33.4135 9.55553
      vertex 16.4 -33.4993 9.69862
    endloop
  endfacet
  facet normal 1 0 0
    outer loop
      vertex 16.4 -38.7785 3
      vertex 16.4 -33.3141 9.42153
      vertex 16.4 -33.4135 9.55553
    endloop
  endfacet
  facet normal 1 0 0
    outer loop
      vertex 16.4 -38.7785 3
      vertex 16.4 -33.2021 9.29792
      vertex 16.4 -33.3141 9.42153
    endloop
  endfacet
  facet normal 1 0 0
    outer loop
      vertex 16.4 -38.7785 3
      vertex 16.4 -33.0785 9.18588
      vertex 16.4 -33.2021 9.29792
    endloop
  endfacet
  facet normal 1 0 0
    outer loop
      vertex 16.4 -38.7785 3
      vertex 16.4 -32.9445 9.0865
      vertex 16.4 -33.0785 9.18588
    endloop
  endfacet
  facet normal 1 0 0
    outer loop
      vertex 16.4 -32 8.8
      vertex 16.4 -38.7785 3
      vertex 16.4 -38.7785 0
    endloop
  endfacet
  facet normal 1 0 0
    outer loop
      vertex 16.4 -31.5065 8.8732
      vertex 16.4 -38.7785 0
      vertex 16.4 -19.2215 0
    endloop
  endfacet
  facet normal 1 -0 0
    outer loop
      vertex 16.4 -11.6 14.5
      vertex 16.4 -11 7.5
      vertex 16.4 -11 14.5
    endloop
  endfacet
  facet normal 1 0 0
    outer loop
      vertex 16.4 -11 7.5
      vertex 16.4 -11.6 14.5
      vertex 16.4 -11.6 7.5
    endloop
  endfacet
  facet normal 1 0 0
    outer loop
      vertex 16.4 -11.6 0
      vertex 16.4 -12.7785 3
      vertex 16.4 -12.7785 0
    endloop
  endfacet
  facet normal 1 -0 0
    outer loop
      vertex 16.4 -45.2746 0.211075
      vertex 16.4 -45.2215 0
      vertex 16.4 -45.2215 0.218944
    endloop
  endfacet
  facet normal 1 -0 0
    outer loop
      vertex 16.4 -45.5 0.2
      vertex 16.4 -45.2215 0
      vertex 16.4 -45.2746 0.211075
    endloop
  endfacet
  facet normal 1 0 0
    outer loop
      vertex 16.4 -45.5 0.2
      vertex 16.4 -48.6199 0
      vertex 16.4 -45.2215 0
    endloop
  endfacet
  facet normal 1 0 -0
    outer loop
      vertex 16.4 -48.6199 0
      vertex 16.4 -45.5 0.2
      vertex 16.4 -48.7682 0.2
    endloop
  endfacet
  facet normal 0 -1 0
    outer loop
      vertex 14 -48.4 5.24946
      vertex 16.4 -48.4 43
      vertex 14 -48.4 43
    endloop
  endfacet
  facet normal 0 -1 -0
    outer loop
      vertex 16.4 -48.4 43
      vertex 14 -48.4 5.24946
      vertex 16.4 -48.4 5.24946
    endloop
  endfacet
  facet normal 0 -0.998791 0.0491664
    outer loop
      vertex -16.4 -49.5 2.5
      vertex -14 -49.4807 2.89207
      vertex -16.4 -49.4807 2.89207
    endloop
  endfacet
  facet normal 0 -0.998791 0.0491664
    outer loop
      vertex -14 -49.4807 2.89207
      vertex -16.4 -49.5 2.5
      vertex -14 -49.5 2.5
    endloop
  endfacet
  facet normal 0 -0.97008 -0.242787
    outer loop
      vertex -16.4 -49.3278 1.33886
      vertex -14 -49.4231 1.71964
      vertex -16.4 -49.4231 1.71964
    endloop
  endfacet
  facet normal 0 -0.97008 -0.242787
    outer loop
      vertex -14 -49.4231 1.71964
      vertex -16.4 -49.3278 1.33886
      vertex -14 -49.3278 1.33886
    endloop
  endfacet
  facet normal 0 -0.904025 0.42748
    outer loop
      vertex -16.4 -49.1955 4.03073
      vertex -14 -49.0277 4.38559
      vertex -16.4 -49.0277 4.38559
    endloop
  endfacet
  facet normal 0 -0.904025 0.42748
    outer loop
      vertex -14 -49.0277 4.38559
      vertex -16.4 -49.1955 4.03073
      vertex -14 -49.1955 4.03073
    endloop
  endfacet
  facet normal 0 -0.941497 0.337022
    outer loop
      vertex -16.4 -49.3278 3.66114
      vertex -14 -49.1955 4.03073
      vertex -16.4 -49.1955 4.03073
    endloop
  endfacet
  facet normal 0 -0.941497 0.337022
    outer loop
      vertex -14 -49.1955 4.03073
      vertex -16.4 -49.3278 3.66114
      vertex -14 -49.3278 3.66114
    endloop
  endfacet
  facet normal 0 -0.998791 -0.0491664
    outer loop
      vertex -16.4 -49.4807 2.10793
      vertex -14 -49.5 2.5
      vertex -16.4 -49.5 2.5
    endloop
  endfacet
  facet normal 0 -0.998791 -0.0491664
    outer loop
      vertex -14 -49.5 2.5
      vertex -16.4 -49.4807 2.10793
      vertex -14 -49.4807 2.10793
    endloop
  endfacet
  facet normal 0 -0.904022 -0.427485
    outer loop
      vertex -16.4 -49.0277 0.614412
      vertex -14 -49.1955 0.969266
      vertex -16.4 -49.1955 0.969266
    endloop
  endfacet
  facet normal 0 -0.904022 -0.427485
    outer loop
      vertex -14 -49.1955 0.969266
      vertex -16.4 -49.0277 0.614412
      vertex -14 -49.0277 0.614412
    endloop
  endfacet
  facet normal 0 -0.803167 -0.595754
    outer loop
      vertex -16.4 -48.6199 0
      vertex -14 -48.8259 0.277719
      vertex -16.4 -48.8259 0.277719
    endloop
  endfacet
  facet normal 0 -0.803167 -0.595754
    outer loop
      vertex -14 -48.8259 0.277719
      vertex -16.4 -48.6199 0
      vertex -14 -48.6199 0
    endloop
  endfacet
  facet normal 0 -0.97008 0.242787
    outer loop
      vertex -16.4 -49.4231 3.28036
      vertex -14 -49.3278 3.66114
      vertex -16.4 -49.3278 3.66114
    endloop
  endfacet
  facet normal 0 -0.97008 0.242787
    outer loop
      vertex -14 -49.3278 3.66114
      vertex -16.4 -49.4231 3.28036
      vertex -14 -49.4231 3.28036
    endloop
  endfacet
  facet normal 0 -0.803128 0.595806
    outer loop
      vertex -16.4 -48.8259 4.72228
      vertex -14 -48.592 5.03757
      vertex -16.4 -48.592 5.03757
    endloop
  endfacet
  facet normal 0 -0.803128 0.595806
    outer loop
      vertex -14 -48.592 5.03757
      vertex -16.4 -48.8259 4.72228
      vertex -14 -48.8259 4.72228
    endloop
  endfacet
  facet normal 0 -0.857733 0.514095
    outer loop
      vertex -16.4 -49.0277 4.38559
      vertex -14 -48.8259 4.72228
      vertex -16.4 -48.8259 4.72228
    endloop
  endfacet
  facet normal 0 -0.857733 0.514095
    outer loop
      vertex -14 -48.8259 4.72228
      vertex -16.4 -49.0277 4.38559
      vertex -14 -49.0277 4.38559
    endloop
  endfacet
  facet normal 0 -0.989176 0.146737
    outer loop
      vertex -16.4 -49.4807 2.89207
      vertex -14 -49.4231 3.28036
      vertex -16.4 -49.4231 3.28036
    endloop
  endfacet
  facet normal 0 -0.989176 0.146737
    outer loop
      vertex -14 -49.4231 3.28036
      vertex -16.4 -49.4807 2.89207
      vertex -14 -49.4807 2.89207
    endloop
  endfacet
  facet normal 1 -0 0
    outer loop
      vertex -14 -48.592 5.03757
      vertex -14 -48.4 0
      vertex -14 -48.4 5.24946
    endloop
  endfacet
  facet normal 1 -0 0
    outer loop
      vertex -14 -48.8259 4.72228
      vertex -14 -48.4 0
      vertex -14 -48.592 5.03757
    endloop
  endfacet
  facet normal 1 -0 0
    outer loop
      vertex -14 -49.0277 4.38559
      vertex -14 -48.4 0
      vertex -14 -48.8259 4.72228
    endloop
  endfacet
  facet normal 1 0 0
    outer loop
      vertex -14 -48.4 0
      vertex -14 -48.8259 0.277719
      vertex -14 -48.6199 0
    endloop
  endfacet
  facet normal 1 -0 0
    outer loop
      vertex -14 -49.1955 4.03073
      vertex -14 -48.4 0
      vertex -14 -49.0277 4.38559
    endloop
  endfacet
  facet normal 1 0 0
    outer loop
      vertex -14 -48.4 0
      vertex -14 -49.0277 0.614412
      vertex -14 -48.8259 0.277719
    endloop
  endfacet
  facet normal 1 -0 0
    outer loop
      vertex -14 -49.3278 3.66114
      vertex -14 -48.4 0
      vertex -14 -49.1955 4.03073
    endloop
  endfacet
  facet normal 1 0 0
    outer loop
      vertex -14 -48.4 0
      vertex -14 -49.1955 0.969266
      vertex -14 -49.0277 0.614412
    endloop
  endfacet
  facet normal 1 -0 0
    outer loop
      vertex -14 -49.4231 3.28036
      vertex -14 -48.4 0
      vertex -14 -49.3278 3.66114
    endloop
  endfacet
  facet normal 1 0 0
    outer loop
      vertex -14 -48.4 0
      vertex -14 -49.3278 1.33886
      vertex -14 -49.1955 0.969266
    endloop
  endfacet
  facet normal 1 -0 0
    outer loop
      vertex -14 -49.4807 2.89207
      vertex -14 -48.4 0
      vertex -14 -49.4231 3.28036
    endloop
  endfacet
  facet normal 1 0 0
    outer loop
      vertex -14 -48.4 0
      vertex -14 -49.4231 1.71964
      vertex -14 -49.3278 1.33886
    endloop
  endfacet
  facet normal 1 -0 0
    outer loop
      vertex -14 -49.5 2.5
      vertex -14 -48.4 0
      vertex -14 -49.4807 2.89207
    endloop
  endfacet
  facet normal 1 0 0
    outer loop
      vertex -14 -48.4 0
      vertex -14 -49.4807 2.10793
      vertex -14 -49.4231 1.71964
    endloop
  endfacet
  facet normal 1 0 0
    outer loop
      vertex -14 -48.4 0
      vertex -14 -49.5 2.5
      vertex -14 -49.4807 2.10793
    endloop
  endfacet
  facet normal 0 -0.989176 -0.146737
    outer loop
      vertex -16.4 -49.4231 1.71964
      vertex -14 -49.4807 2.10793
      vertex -16.4 -49.4807 2.10793
    endloop
  endfacet
  facet normal 0 -0.989176 -0.146737
    outer loop
      vertex -14 -49.4807 2.10793
      vertex -16.4 -49.4231 1.71964
      vertex -14 -49.4231 1.71964
    endloop
  endfacet
  facet normal 0 -0.941498 -0.337019
    outer loop
      vertex -16.4 -49.1955 0.969266
      vertex -14 -49.3278 1.33886
      vertex -16.4 -49.3278 1.33886
    endloop
  endfacet
  facet normal 0 -0.941498 -0.337019
    outer loop
      vertex -14 -49.3278 1.33886
      vertex -16.4 -49.1955 0.969266
      vertex -14 -49.1955 0.969266
    endloop
  endfacet
  facet normal 0 -0.857735 -0.514091
    outer loop
      vertex -16.4 -48.8259 0.277719
      vertex -14 -49.0277 0.614412
      vertex -16.4 -49.0277 0.614412
    endloop
  endfacet
  facet normal 0 -0.857735 -0.514091
    outer loop
      vertex -14 -49.0277 0.614412
      vertex -16.4 -48.8259 0.277719
      vertex -14 -48.8259 0.277719
    endloop
  endfacet
  facet normal 0 -0.741031 0.671471
    outer loop
      vertex -16.4 -48.592 5.03757
      vertex -14 -48.4 5.24946
      vertex -16.4 -48.4 5.24946
    endloop
  endfacet
  facet normal 0 -0.741031 0.671471
    outer loop
      vertex -14 -48.4 5.24946
      vertex -16.4 -48.592 5.03757
      vertex -14 -48.592 5.03757
    endloop
  endfacet
  facet normal 0 -0.803265 -0.595621
    outer loop
      vertex 14 -48.6199 0
      vertex 16.4 -48.7682 0.2
      vertex 14 -48.7682 0.2
    endloop
  endfacet
  facet normal 0 -0.803265 -0.595621
    outer loop
      vertex 16.4 -48.7682 0.2
      vertex 14 -48.6199 0
      vertex 16.4 -48.6199 0
    endloop
  endfacet
  facet normal 0 -0.803198 0.595713
    outer loop
      vertex 14 -48.7682 4.8
      vertex 16.4 -48.592 5.03757
      vertex 14 -48.592 5.03757
    endloop
  endfacet
  facet normal 0 -0.803198 0.595713
    outer loop
      vertex 16.4 -48.592 5.03757
      vertex 14 -48.7682 4.8
      vertex 16.4 -48.7682 4.8
    endloop
  endfacet
  facet normal 0 -0.741031 0.671471
    outer loop
      vertex 14 -48.592 5.03757
      vertex 16.4 -48.4 5.24946
      vertex 14 -48.4 5.24946
    endloop
  endfacet
  facet normal 0 -0.741031 0.671471
    outer loop
      vertex 16.4 -48.4 5.24946
      vertex 14 -48.592 5.03757
      vertex 16.4 -48.592 5.03757
    endloop
  endfacet
  facet normal -0 0 1
    outer loop
      vertex 14 -11 14.5
      vertex 16.4 -11.6 14.5
      vertex 16.4 -11 14.5
    endloop
  endfacet
  facet normal 0 0 1
    outer loop
      vertex 16.4 -11.6 14.5
      vertex 14 -11 14.5
      vertex 14 -11.6 14.5
    endloop
  endfacet
  facet normal 0 1 -0
    outer loop
      vertex 16.4 -11 7.5
      vertex 14 -11 14.5
      vertex 16.4 -11 14.5
    endloop
  endfacet
  facet normal 0 1 0
    outer loop
      vertex 14 -11 14.5
      vertex 16.4 -11 7.5
      vertex 14 -11 7.5
    endloop
  endfacet
  facet normal 0 0 -1
    outer loop
      vertex 14 -11.6 7.5
      vertex 16.4 -11 7.5
      vertex 16.4 -11.6 7.5
    endloop
  endfacet
  facet normal -0 0 -1
    outer loop
      vertex 16.4 -11 7.5
      vertex 14 -11.6 7.5
      vertex 14 -11 7.5
    endloop
  endfacet
  facet normal 0 0 1
    outer loop
      vertex 35.2 -42 3
      vertex 38.7 -42 3
      vertex 38.675 -41.4903 3
    endloop
  endfacet
  facet normal 0 0 1
    outer loop
      vertex 35.1918 -41.8334 3
      vertex 38.675 -41.4903 3
      vertex 38.6001 -40.9855 3
    endloop
  endfacet
  facet normal 0 0 1
    outer loop
      vertex 38.7 -42 3
      vertex 35.2 -42 3
      vertex 38.675 -42.5097 3
    endloop
  endfacet
  facet normal 0 0 1
    outer loop
      vertex 35.1673 -41.6683 3
      vertex 38.6001 -40.9855 3
      vertex 38.4761 -40.4905 3
    endloop
  endfacet
  facet normal -0 0 1
    outer loop
      vertex 35.1918 -42.1666 3
      vertex 38.675 -42.5097 3
      vertex 35.2 -42 3
    endloop
  endfacet
  facet normal 0 0 1
    outer loop
      vertex 35.1268 -41.5065 3
      vertex 38.4761 -40.4905 3
      vertex 38.3042 -40.01 3
    endloop
  endfacet
  facet normal 0 0 1
    outer loop
      vertex 38.675 -42.5097 3
      vertex 35.1918 -42.1666 3
      vertex 38.6001 -43.0145 3
    endloop
  endfacet
  facet normal 0 0 1
    outer loop
      vertex 35.0706 -41.3494 3
      vertex 38.3042 -40.01 3
      vertex 38.086 -39.5487 3
    endloop
  endfacet
  facet normal -0 0 1
    outer loop
      vertex 35.1673 -42.3317 3
      vertex 38.6001 -43.0145 3
      vertex 35.1918 -42.1666 3
    endloop
  endfacet
  facet normal 0 0 1
    outer loop
      vertex 34.9993 -41.1986 3
      vertex 38.086 -39.5487 3
      vertex 37.8236 -39.111 3
    endloop
  endfacet
  facet normal 0 0 1
    outer loop
      vertex 38.6001 -43.0145 3
      vertex 35.1673 -42.3317 3
      vertex 38.4761 -43.5095 3
    endloop
  endfacet
  facet normal 0 0 1
    outer loop
      vertex 34.9135 -41.0555 3
      vertex 37.8236 -39.111 3
      vertex 37.5197 -38.7011 3
    endloop
  endfacet
  facet normal -0 0 1
    outer loop
      vertex 35.1268 -42.4935 3
      vertex 38.4761 -43.5095 3
      vertex 35.1673 -42.3317 3
    endloop
  endfacet
  facet normal 0 0 1
    outer loop
      vertex 34.8141 -40.9215 3
      vertex 37.5197 -38.7011 3
      vertex 37.1769 -38.323 3
    endloop
  endfacet
  facet normal 0 0 1
    outer loop
      vertex 38.4761 -43.5095 3
      vertex 35.1268 -42.4935 3
      vertex 38.3042 -43.9899 3
    endloop
  endfacet
  facet normal 0 0 1
    outer loop
      vertex 34.7021 -40.7979 3
      vertex 37.1769 -38.323 3
      vertex 36.7988 -37.9803 3
    endloop
  endfacet
  facet normal -0 0 1
    outer loop
      vertex 35.0706 -42.6506 3
      vertex 38.3042 -43.9899 3
      vertex 35.1268 -42.4935 3
    endloop
  endfacet
  facet normal 0 0 1
    outer loop
      vertex 34.5785 -40.6859 3
      vertex 36.7988 -37.9803 3
      vertex 36.389 -37.6763 3
    endloop
  endfacet
  facet normal 0 0 1
    outer loop
      vertex 38.3042 -43.9899 3
      vertex 35.0706 -42.6506 3
      vertex 38.086 -44.4512 3
    endloop
  endfacet
  facet normal 0 0 1
    outer loop
      vertex 34.4445 -40.5865 3
      vertex 36.389 -37.6763 3
      vertex 35.9512 -37.414 3
    endloop
  endfacet
  facet normal -0 0 1
    outer loop
      vertex 34.9993 -42.8014 3
      vertex 38.086 -44.4512 3
      vertex 35.0706 -42.6506 3
    endloop
  endfacet
  facet normal 0 0 1
    outer loop
      vertex 34.3014 -40.5007 3
      vertex 35.9512 -37.414 3
      vertex 35.4899 -37.1958 3
    endloop
  endfacet
  facet normal 0 0 1
    outer loop
      vertex 38.086 -44.4512 3
      vertex 34.9993 -42.8014 3
      vertex 37.8236 -44.889 3
    endloop
  endfacet
  facet normal -0 0 1
    outer loop
      vertex 34.9135 -42.9445 3
      vertex 37.8236 -44.889 3
      vertex 34.9993 -42.8014 3
    endloop
  endfacet
  facet normal 0 0 1
    outer loop
      vertex 38.675 -41.4903 3
      vertex 35.1918 -41.8334 3
      vertex 35.2 -42 3
    endloop
  endfacet
  facet normal 0 0 1
    outer loop
      vertex 38.6001 -40.9855 3
      vertex 35.1673 -41.6683 3
      vertex 35.1918 -41.8334 3
    endloop
  endfacet
  facet normal 0 0 1
    outer loop
      vertex 38.4761 -40.4905 3
      vertex 35.1268 -41.5065 3
      vertex 35.1673 -41.6683 3
    endloop
  endfacet
  facet normal 0 0 1
    outer loop
      vertex 38.3042 -40.01 3
      vertex 35.0706 -41.3494 3
      vertex 35.1268 -41.5065 3
    endloop
  endfacet
  facet normal 0 0 1
    outer loop
      vertex 34.1506 -40.4294 3
      vertex 35.4899 -37.1958 3
      vertex 35.0095 -37.0239 3
    endloop
  endfacet
  facet normal 0 0 1
    outer loop
      vertex 38.086 -39.5487 3
      vertex 34.9993 -41.1986 3
      vertex 35.0706 -41.3494 3
    endloop
  endfacet
  facet normal 0 0 1
    outer loop
      vertex 37.8236 -39.111 3
      vertex 34.9135 -41.0555 3
      vertex 34.9993 -41.1986 3
    endloop
  endfacet
  facet normal 0 0 1
    outer loop
      vertex 37.5197 -38.7011 3
      vertex 34.8141 -40.9215 3
      vertex 34.9135 -41.0555 3
    endloop
  endfacet
  facet normal 0 0 1
    outer loop
      vertex 37.1769 -38.323 3
      vertex 34.7021 -40.7979 3
      vertex 34.8141 -40.9215 3
    endloop
  endfacet
  facet normal 0 0 1
    outer loop
      vertex 36.7988 -37.9803 3
      vertex 34.5785 -40.6859 3
      vertex 34.7021 -40.7979 3
    endloop
  endfacet
  facet normal 0 0 1
    outer loop
      vertex 33.9935 -40.3732 3
      vertex 35.0095 -37.0239 3
      vertex 34.5145 -36.8999 3
    endloop
  endfacet
  facet normal 0 0 1
    outer loop
      vertex 36.389 -37.6763 3
      vertex 34.4445 -40.5865 3
      vertex 34.5785 -40.6859 3
    endloop
  endfacet
  facet normal 0 0 1
    outer loop
      vertex 35.9512 -37.414 3
      vertex 34.3014 -40.5007 3
      vertex 34.4445 -40.5865 3
    endloop
  endfacet
  facet normal 0 0 1
    outer loop
      vertex 35.4899 -37.1958 3
      vertex 34.1506 -40.4294 3
      vertex 34.3014 -40.5007 3
    endloop
  endfacet
  facet normal 0 0 1
    outer loop
      vertex 33.8317 -40.3327 3
      vertex 34.5145 -36.8999 3
      vertex 34.0097 -36.825 3
    endloop
  endfacet
  facet normal 0 0 1
    outer loop
      vertex 35.0095 -37.0239 3
      vertex 33.9935 -40.3732 3
      vertex 34.1506 -40.4294 3
    endloop
  endfacet
  facet normal 0 0 1
    outer loop
      vertex 34.5145 -36.8999 3
      vertex 33.8317 -40.3327 3
      vertex 33.9935 -40.3732 3
    endloop
  endfacet
  facet normal 0 0 1
    outer loop
      vertex 34.0097 -36.825 3
      vertex 33.6666 -40.3082 3
      vertex 33.8317 -40.3327 3
    endloop
  endfacet
  facet normal 0 0 1
    outer loop
      vertex 33.5 -36.8 3
      vertex 33.6666 -40.3082 3
      vertex 34.0097 -36.825 3
    endloop
  endfacet
  facet normal 0 0 1
    outer loop
      vertex 33.5 -36.8 3
      vertex 33.5 -40.3 3
      vertex 33.6666 -40.3082 3
    endloop
  endfacet
  facet normal 0 0 1
    outer loop
      vertex 33.5 -36.8 3
      vertex 33.3334 -40.3082 3
      vertex 33.5 -40.3 3
    endloop
  endfacet
  facet normal -0 0 1
    outer loop
      vertex 32.9903 -36.825 3
      vertex 33.3334 -40.3082 3
      vertex 33.5 -36.8 3
    endloop
  endfacet
  facet normal 0 0 1
    outer loop
      vertex 33.3334 -40.3082 3
      vertex 32.9903 -36.825 3
      vertex 33.1683 -40.3327 3
    endloop
  endfacet
  facet normal 0 0 1
    outer loop
      vertex 33.1683 -40.3327 3
      vertex 32.9903 -36.825 3
      vertex 33.0065 -40.3732 3
    endloop
  endfacet
  facet normal 0 0 1
    outer loop
      vertex 32.9903 -36.825 3
      vertex 32.8494 -40.4294 3
      vertex 33.0065 -40.3732 3
    endloop
  endfacet
  facet normal 0 0 1
    outer loop
      vertex 32.9903 -36.825 3
      vertex 32.6986 -40.5007 3
      vertex 32.8494 -40.4294 3
    endloop
  endfacet
  facet normal 0 0 1
    outer loop
      vertex 32.9903 -36.825 3
      vertex 32.5555 -40.5865 3
      vertex 32.6986 -40.5007 3
    endloop
  endfacet
  facet normal 0 0 1
    outer loop
      vertex 32.9903 -36.825 3
      vertex 32.4215 -40.6859 3
      vertex 32.5555 -40.5865 3
    endloop
  endfacet
  facet normal 0 0 1
    outer loop
      vertex 32.9903 -36.825 3
      vertex 32.2979 -40.7979 3
      vertex 32.4215 -40.6859 3
    endloop
  endfacet
  facet normal 0 0 1
    outer loop
      vertex 32.9903 -36.825 3
      vertex 32.1859 -40.9215 3
      vertex 32.2979 -40.7979 3
    endloop
  endfacet
  facet normal 0 0 1
    outer loop
      vertex 32.9903 -36.825 3
      vertex 32.0865 -41.0555 3
      vertex 32.1859 -40.9215 3
    endloop
  endfacet
  facet normal 0 0 1
    outer loop
      vertex 32.9903 -36.825 3
      vertex 32.0007 -41.1986 3
      vertex 32.0865 -41.0555 3
    endloop
  endfacet
  facet normal -0 0 1
    outer loop
      vertex 16.4 -38.7785 3
      vertex 32.0007 -41.1986 3
      vertex 32.9903 -36.825 3
    endloop
  endfacet
  facet normal 0 0 1
    outer loop
      vertex 32.0007 -41.1986 3
      vertex 16.4 -38.7785 3
      vertex 31.9294 -41.3494 3
    endloop
  endfacet
  facet normal 0 0 1
    outer loop
      vertex 31.9294 -41.3494 3
      vertex 16.4 -38.7785 3
      vertex 31.8732 -41.5065 3
    endloop
  endfacet
  facet normal 0 0 1
    outer loop
      vertex 31.8082 -41.8334 3
      vertex 16.8 -43.257 3
      vertex 31.8 -42 3
    endloop
  endfacet
  facet normal 0 0 1
    outer loop
      vertex 31.8327 -41.6683 3
      vertex 16.8 -43.257 3
      vertex 31.8082 -41.8334 3
    endloop
  endfacet
  facet normal 0 0 1
    outer loop
      vertex 31.8732 -41.5065 3
      vertex 16.4 -38.7785 3
      vertex 31.8327 -41.6683 3
    endloop
  endfacet
  facet normal 0 0 1
    outer loop
      vertex 31.8327 -41.6683 3
      vertex 16.4 -38.7785 3
      vertex 16.8 -43.257 3
    endloop
  endfacet
  facet normal 0 0 1
    outer loop
      vertex 16.8 -43.257 3
      vertex 16.4 -38.7785 3
      vertex 16.4 -43.257 3
    endloop
  endfacet
  facet normal 0 0 1
    outer loop
      vertex 37.8236 -44.889 3
      vertex 34.9135 -42.9445 3
      vertex 37.5197 -45.2988 3
    endloop
  endfacet
  facet normal -0 0 1
    outer loop
      vertex 34.8141 -43.0785 3
      vertex 37.5197 -45.2988 3
      vertex 34.9135 -42.9445 3
    endloop
  endfacet
  facet normal 0 0 1
    outer loop
      vertex 37.5197 -45.2988 3
      vertex 34.8141 -43.0785 3
      vertex 37.1769 -45.6769 3
    endloop
  endfacet
  facet normal -0 0 1
    outer loop
      vertex 34.7021 -43.2021 3
      vertex 37.1769 -45.6769 3
      vertex 34.8141 -43.0785 3
    endloop
  endfacet
  facet normal 0 0 1
    outer loop
      vertex 37.1769 -45.6769 3
      vertex 34.7021 -43.2021 3
      vertex 36.7988 -46.0197 3
    endloop
  endfacet
  facet normal -0 0 1
    outer loop
      vertex 34.5785 -43.3141 3
      vertex 36.7988 -46.0197 3
      vertex 34.7021 -43.2021 3
    endloop
  endfacet
  facet normal 0 0 1
    outer loop
      vertex 36.7988 -46.0197 3
      vertex 34.5785 -43.3141 3
      vertex 36.389 -46.3236 3
    endloop
  endfacet
  facet normal -0 0 1
    outer loop
      vertex 34.4445 -43.4135 3
      vertex 36.389 -46.3236 3
      vertex 34.5785 -43.3141 3
    endloop
  endfacet
  facet normal 0 0 1
    outer loop
      vertex 36.389 -46.3236 3
      vertex 34.4445 -43.4135 3
      vertex 35.9512 -46.586 3
    endloop
  endfacet
  facet normal -0 0 1
    outer loop
      vertex 34.3014 -43.4993 3
      vertex 35.9512 -46.586 3
      vertex 34.4445 -43.4135 3
    endloop
  endfacet
  facet normal 0 0 1
    outer loop
      vertex 35.9512 -46.586 3
      vertex 34.3014 -43.4993 3
      vertex 35.4899 -46.8042 3
    endloop
  endfacet
  facet normal -0 0 1
    outer loop
      vertex 34.1506 -43.5706 3
      vertex 35.4899 -46.8042 3
      vertex 34.3014 -43.4993 3
    endloop
  endfacet
  facet normal 0 0 1
    outer loop
      vertex 35.4899 -46.8042 3
      vertex 34.1506 -43.5706 3
      vertex 35.0095 -46.9761 3
    endloop
  endfacet
  facet normal -0 0 1
    outer loop
      vertex 33.9935 -43.6268 3
      vertex 35.0095 -46.9761 3
      vertex 34.1506 -43.5706 3
    endloop
  endfacet
  facet normal 0 0 1
    outer loop
      vertex 35.0095 -46.9761 3
      vertex 33.9935 -43.6268 3
      vertex 34.5145 -47.1001 3
    endloop
  endfacet
  facet normal -0 0 1
    outer loop
      vertex 33.8317 -43.6673 3
      vertex 34.5145 -47.1001 3
      vertex 33.9935 -43.6268 3
    endloop
  endfacet
  facet normal 0 0 1
    outer loop
      vertex 34.5145 -47.1001 3
      vertex 33.8317 -43.6673 3
      vertex 34.0097 -47.175 3
    endloop
  endfacet
  facet normal -0 0 1
    outer loop
      vertex 33.6666 -43.6918 3
      vertex 34.0097 -47.175 3
      vertex 33.8317 -43.6673 3
    endloop
  endfacet
  facet normal -0 0 1
    outer loop
      vertex 33.5 -43.7 3
      vertex 34.0097 -47.175 3
      vertex 33.6666 -43.6918 3
    endloop
  endfacet
  facet normal 0 0 1
    outer loop
      vertex 33.5 -43.7 3
      vertex 33.5 -47.2 3
      vertex 34.0097 -47.175 3
    endloop
  endfacet
  facet normal 0 0 1
    outer loop
      vertex 33.3334 -43.6918 3
      vertex 33.5 -47.2 3
      vertex 33.5 -43.7 3
    endloop
  endfacet
  facet normal 0 0 1
    outer loop
      vertex 32.9903 -47.175 3
      vertex 33.3334 -43.6918 3
      vertex 33.1683 -43.6673 3
    endloop
  endfacet
  facet normal 0 0 1
    outer loop
      vertex 32.9903 -47.175 3
      vertex 33.1683 -43.6673 3
      vertex 33.0065 -43.6268 3
    endloop
  endfacet
  facet normal 0 0 1
    outer loop
      vertex 33.3334 -43.6918 3
      vertex 32.9903 -47.175 3
      vertex 33.5 -47.2 3
    endloop
  endfacet
  facet normal 0 0 1
    outer loop
      vertex 32.8494 -43.5706 3
      vertex 32.9903 -47.175 3
      vertex 33.0065 -43.6268 3
    endloop
  endfacet
  facet normal 0 0 1
    outer loop
      vertex 32.6986 -43.4993 3
      vertex 32.9903 -47.175 3
      vertex 32.8494 -43.5706 3
    endloop
  endfacet
  facet normal 0 0 1
    outer loop
      vertex 32.5555 -43.4135 3
      vertex 32.9903 -47.175 3
      vertex 32.6986 -43.4993 3
    endloop
  endfacet
  facet normal 0 0 1
    outer loop
      vertex 32.4215 -43.3141 3
      vertex 32.9903 -47.175 3
      vertex 32.5555 -43.4135 3
    endloop
  endfacet
  facet normal 0 0 1
    outer loop
      vertex 32.2979 -43.2021 3
      vertex 32.9903 -47.175 3
      vertex 32.4215 -43.3141 3
    endloop
  endfacet
  facet normal 0 0 1
    outer loop
      vertex 32.1859 -43.0785 3
      vertex 32.9903 -47.175 3
      vertex 32.2979 -43.2021 3
    endloop
  endfacet
  facet normal 0 0 1
    outer loop
      vertex 32.0865 -42.9445 3
      vertex 32.9903 -47.175 3
      vertex 32.1859 -43.0785 3
    endloop
  endfacet
  facet normal 0 0 1
    outer loop
      vertex 32.0007 -42.8014 3
      vertex 32.9903 -47.175 3
      vertex 32.0865 -42.9445 3
    endloop
  endfacet
  facet normal 0 0 1
    outer loop
      vertex 16.8 -45.2686 3
      vertex 32.0007 -42.8014 3
      vertex 31.9294 -42.6506 3
    endloop
  endfacet
  facet normal 0 0 1
    outer loop
      vertex 16.8 -45.2686 3
      vertex 31.9294 -42.6506 3
      vertex 31.8732 -42.4935 3
    endloop
  endfacet
  facet normal 0 0 1
    outer loop
      vertex 16.8 -45.2686 3
      vertex 31.8732 -42.4935 3
      vertex 31.8327 -42.3317 3
    endloop
  endfacet
  facet normal 0 0 1
    outer loop
      vertex 16.8 -43.257 3
      vertex 31.8082 -42.1666 3
      vertex 31.8 -42 3
    endloop
  endfacet
  facet normal 0 0 1
    outer loop
      vertex 16.8 -43.257 3
      vertex 31.8327 -42.3317 3
      vertex 31.8082 -42.1666 3
    endloop
  endfacet
  facet normal 0 0 1
    outer loop
      vertex 16.8 -45.2686 3
      vertex 31.8327 -42.3317 3
      vertex 16.8 -43.257 3
    endloop
  endfacet
  facet normal 0 0 1
    outer loop
      vertex 32.0007 -42.8014 3
      vertex 16.8 -45.2686 3
      vertex 32.9903 -47.175 3
    endloop
  endfacet
  facet normal 0 0 1
    outer loop
      vertex -16.4 -12.7785 3
      vertex -31.8 -16 3
      vertex -16.4 -19.2215 3
    endloop
  endfacet
  facet normal 0 0 1
    outer loop
      vertex -16.4 -12.7785 3
      vertex -31.8082 -15.8334 3
      vertex -31.8 -16 3
    endloop
  endfacet
  facet normal 0 0 1
    outer loop
      vertex -16.4 -12.7785 3
      vertex -31.8327 -15.6683 3
      vertex -31.8082 -15.8334 3
    endloop
  endfacet
  facet normal 0 0 1
    outer loop
      vertex -16.4 -12.7785 3
      vertex -31.8732 -15.5065 3
      vertex -31.8327 -15.6683 3
    endloop
  endfacet
  facet normal 0 0 1
    outer loop
      vertex -16.4 -12.7785 3
      vertex -31.9294 -15.3494 3
      vertex -31.8732 -15.5065 3
    endloop
  endfacet
  facet normal 0 0 1
    outer loop
      vertex -16.4 -12.7785 3
      vertex -32.0007 -15.1986 3
      vertex -31.9294 -15.3494 3
    endloop
  endfacet
  facet normal 0 0 1
    outer loop
      vertex -32.9903 -10.825 3
      vertex -32.0007 -15.1986 3
      vertex -16.4 -12.7785 3
    endloop
  endfacet
  facet normal 0 0 1
    outer loop
      vertex -32.0007 -15.1986 3
      vertex -32.9903 -10.825 3
      vertex -32.0865 -15.0555 3
    endloop
  endfacet
  facet normal 0 0 1
    outer loop
      vertex -32.0865 -15.0555 3
      vertex -32.9903 -10.825 3
      vertex -32.1859 -14.9215 3
    endloop
  endfacet
  facet normal 0 0 1
    outer loop
      vertex -32.1859 -14.9215 3
      vertex -32.9903 -10.825 3
      vertex -32.2979 -14.7979 3
    endloop
  endfacet
  facet normal 0 0 1
    outer loop
      vertex -32.2979 -14.7979 3
      vertex -32.9903 -10.825 3
      vertex -32.4215 -14.6859 3
    endloop
  endfacet
  facet normal 0 0 1
    outer loop
      vertex -32.4215 -14.6859 3
      vertex -32.9903 -10.825 3
      vertex -32.5555 -14.5865 3
    endloop
  endfacet
  facet normal 0 0 1
    outer loop
      vertex -32.5555 -14.5865 3
      vertex -32.9903 -10.825 3
      vertex -32.6986 -14.5007 3
    endloop
  endfacet
  facet normal 0 0 1
    outer loop
      vertex -32.6986 -14.5007 3
      vertex -32.9903 -10.825 3
      vertex -32.8494 -14.4294 3
    endloop
  endfacet
  facet normal 0 0 1
    outer loop
      vertex -32.9903 -10.825 3
      vertex -33.0065 -14.3732 3
      vertex -32.8494 -14.4294 3
    endloop
  endfacet
  facet normal 0 0 1
    outer loop
      vertex -32.9903 -10.825 3
      vertex -33.1683 -14.3327 3
      vertex -33.0065 -14.3732 3
    endloop
  endfacet
  facet normal 0 0 1
    outer loop
      vertex -32.9903 -10.825 3
      vertex -33.3334 -14.3082 3
      vertex -33.1683 -14.3327 3
    endloop
  endfacet
  facet normal 0 0 1
    outer loop
      vertex -33.5 -10.8 3
      vertex -33.3334 -14.3082 3
      vertex -32.9903 -10.825 3
    endloop
  endfacet
  facet normal 0 0 1
    outer loop
      vertex -33.5 -10.8 3
      vertex -33.5 -14.3 3
      vertex -33.3334 -14.3082 3
    endloop
  endfacet
  facet normal 0 0 1
    outer loop
      vertex -33.5 -10.8 3
      vertex -33.6666 -14.3082 3
      vertex -33.5 -14.3 3
    endloop
  endfacet
  facet normal -0 0 1
    outer loop
      vertex -34.0097 -10.825 3
      vertex -33.6666 -14.3082 3
      vertex -33.5 -10.8 3
    endloop
  endfacet
  facet normal 0 0 1
    outer loop
      vertex -33.6666 -14.3082 3
      vertex -34.0097 -10.825 3
      vertex -33.8317 -14.3327 3
    endloop
  endfacet
  facet normal -0 0 1
    outer loop
      vertex -34.5145 -10.8999 3
      vertex -33.8317 -14.3327 3
      vertex -34.0097 -10.825 3
    endloop
  endfacet
  facet normal 0 0 1
    outer loop
      vertex -33.8317 -14.3327 3
      vertex -34.5145 -10.8999 3
      vertex -33.9935 -14.3732 3
    endloop
  endfacet
  facet normal -0 0 1
    outer loop
      vertex -35.0095 -11.0239 3
      vertex -33.9935 -14.3732 3
      vertex -34.5145 -10.8999 3
    endloop
  endfacet
  facet normal 0 0 1
    outer loop
      vertex -33.9935 -14.3732 3
      vertex -35.0095 -11.0239 3
      vertex -34.1506 -14.4294 3
    endloop
  endfacet
  facet normal -0 0 1
    outer loop
      vertex -35.4899 -11.1958 3
      vertex -34.1506 -14.4294 3
      vertex -35.0095 -11.0239 3
    endloop
  endfacet
  facet normal 0 0 1
    outer loop
      vertex -34.1506 -14.4294 3
      vertex -35.4899 -11.1958 3
      vertex -34.3014 -14.5007 3
    endloop
  endfacet
  facet normal -0 0 1
    outer loop
      vertex -35.9512 -11.414 3
      vertex -34.3014 -14.5007 3
      vertex -35.4899 -11.1958 3
    endloop
  endfacet
  facet normal 0 0 1
    outer loop
      vertex -34.3014 -14.5007 3
      vertex -35.9512 -11.414 3
      vertex -34.4445 -14.5865 3
    endloop
  endfacet
  facet normal -0 0 1
    outer loop
      vertex -36.389 -11.6763 3
      vertex -34.4445 -14.5865 3
      vertex -35.9512 -11.414 3
    endloop
  endfacet
  facet normal 0 0 1
    outer loop
      vertex -34.4445 -14.5865 3
      vertex -36.389 -11.6763 3
      vertex -34.5785 -14.6859 3
    endloop
  endfacet
  facet normal -0 0 1
    outer loop
      vertex -36.7988 -11.9803 3
      vertex -34.5785 -14.6859 3
      vertex -36.389 -11.6763 3
    endloop
  endfacet
  facet normal 0 0 1
    outer loop
      vertex -34.5785 -14.6859 3
      vertex -36.7988 -11.9803 3
      vertex -34.7021 -14.7979 3
    endloop
  endfacet
  facet normal -0 0 1
    outer loop
      vertex -37.1769 -12.323 3
      vertex -34.7021 -14.7979 3
      vertex -36.7988 -11.9803 3
    endloop
  endfacet
  facet normal 0 0 1
    outer loop
      vertex -34.7021 -14.7979 3
      vertex -37.1769 -12.323 3
      vertex -34.8141 -14.9215 3
    endloop
  endfacet
  facet normal -0 0 1
    outer loop
      vertex -37.5197 -12.7011 3
      vertex -34.8141 -14.9215 3
      vertex -37.1769 -12.323 3
    endloop
  endfacet
  facet normal 0 0 1
    outer loop
      vertex -34.8141 -14.9215 3
      vertex -37.5197 -12.7011 3
      vertex -34.9135 -15.0555 3
    endloop
  endfacet
  facet normal -0 0 1
    outer loop
      vertex -37.8236 -13.111 3
      vertex -34.9135 -15.0555 3
      vertex -37.5197 -12.7011 3
    endloop
  endfacet
  facet normal -0 0 1
    outer loop
      vertex -31.8082 -16.1666 3
      vertex -16.4 -19.2215 3
      vertex -31.8 -16 3
    endloop
  endfacet
  facet normal -0 0 1
    outer loop
      vertex -31.8327 -16.3317 3
      vertex -16.4 -19.2215 3
      vertex -31.8082 -16.1666 3
    endloop
  endfacet
  facet normal -0 0 1
    outer loop
      vertex -31.8732 -16.4935 3
      vertex -16.4 -19.2215 3
      vertex -31.8327 -16.3317 3
    endloop
  endfacet
  facet normal -0 0 1
    outer loop
      vertex -31.9294 -16.6506 3
      vertex -16.4 -19.2215 3
      vertex -31.8732 -16.4935 3
    endloop
  endfacet
  facet normal -0 0 1
    outer loop
      vertex -32.0007 -16.8014 3
      vertex -16.4 -19.2215 3
      vertex -31.9294 -16.6506 3
    endloop
  endfacet
  facet normal 0 0 1
    outer loop
      vertex -32.9903 -21.175 3
      vertex -32.0007 -16.8014 3
      vertex -32.0865 -16.9445 3
    endloop
  endfacet
  facet normal 0 0 1
    outer loop
      vertex -32.9903 -21.175 3
      vertex -32.0865 -16.9445 3
      vertex -32.1859 -17.0785 3
    endloop
  endfacet
  facet normal 0 0 1
    outer loop
      vertex -32.9903 -21.175 3
      vertex -32.1859 -17.0785 3
      vertex -32.2979 -17.2021 3
    endloop
  endfacet
  facet normal 0 0 1
    outer loop
      vertex -32.9903 -21.175 3
      vertex -32.2979 -17.2021 3
      vertex -32.4215 -17.3141 3
    endloop
  endfacet
  facet normal 0 0 1
    outer loop
      vertex -32.9903 -21.175 3
      vertex -32.4215 -17.3141 3
      vertex -32.5555 -17.4135 3
    endloop
  endfacet
  facet normal 0 0 1
    outer loop
      vertex -32.9903 -21.175 3
      vertex -32.5555 -17.4135 3
      vertex -32.6986 -17.4993 3
    endloop
  endfacet
  facet normal 0 0 1
    outer loop
      vertex -32.9903 -21.175 3
      vertex -32.6986 -17.4993 3
      vertex -32.8494 -17.5706 3
    endloop
  endfacet
  facet normal 0 0 1
    outer loop
      vertex -32.0007 -16.8014 3
      vertex -32.9903 -21.175 3
      vertex -16.4 -19.2215 3
    endloop
  endfacet
  facet normal -0 0 1
    outer loop
      vertex -33.0065 -17.6268 3
      vertex -32.9903 -21.175 3
      vertex -32.8494 -17.5706 3
    endloop
  endfacet
  facet normal -0 0 1
    outer loop
      vertex -33.1683 -17.6673 3
      vertex -32.9903 -21.175 3
      vertex -33.0065 -17.6268 3
    endloop
  endfacet
  facet normal -0 0 1
    outer loop
      vertex -33.3334 -17.6918 3
      vertex -32.9903 -21.175 3
      vertex -33.1683 -17.6673 3
    endloop
  endfacet
  facet normal -0 0 1
    outer loop
      vertex -33.5 -17.7 3
      vertex -32.9903 -21.175 3
      vertex -33.3334 -17.6918 3
    endloop
  endfacet
  facet normal 0 0 1
    outer loop
      vertex -33.5 -17.7 3
      vertex -33.5 -21.2 3
      vertex -32.9903 -21.175 3
    endloop
  endfacet
  facet normal 0 0 1
    outer loop
      vertex -33.6666 -17.6918 3
      vertex -33.5 -21.2 3
      vertex -33.5 -17.7 3
    endloop
  endfacet
  facet normal 0 0 1
    outer loop
      vertex -34.0097 -21.175 3
      vertex -33.6666 -17.6918 3
      vertex -33.8317 -17.6673 3
    endloop
  endfacet
  facet normal 0 0 1
    outer loop
      vertex -34.5145 -21.1001 3
      vertex -33.8317 -17.6673 3
      vertex -33.9935 -17.6268 3
    endloop
  endfacet
  facet normal 0 0 1
    outer loop
      vertex -33.6666 -17.6918 3
      vertex -34.0097 -21.175 3
      vertex -33.5 -21.2 3
    endloop
  endfacet
  facet normal 0 0 1
    outer loop
      vertex -35.0095 -20.9761 3
      vertex -33.9935 -17.6268 3
      vertex -34.1506 -17.5706 3
    endloop
  endfacet
  facet normal 0 0 1
    outer loop
      vertex -35.4899 -20.8042 3
      vertex -34.1506 -17.5706 3
      vertex -34.3014 -17.4993 3
    endloop
  endfacet
  facet normal 0 0 1
    outer loop
      vertex -35.9512 -20.586 3
      vertex -34.3014 -17.4993 3
      vertex -34.4445 -17.4135 3
    endloop
  endfacet
  facet normal 0 0 1
    outer loop
      vertex -33.8317 -17.6673 3
      vertex -34.5145 -21.1001 3
      vertex -34.0097 -21.175 3
    endloop
  endfacet
  facet normal 0 0 1
    outer loop
      vertex -36.389 -20.3236 3
      vertex -34.4445 -17.4135 3
      vertex -34.5785 -17.3141 3
    endloop
  endfacet
  facet normal 0 0 1
    outer loop
      vertex -36.7988 -20.0197 3
      vertex -34.5785 -17.3141 3
      vertex -34.7021 -17.2021 3
    endloop
  endfacet
  facet normal 0 0 1
    outer loop
      vertex -37.1769 -19.6769 3
      vertex -34.7021 -17.2021 3
      vertex -34.8141 -17.0785 3
    endloop
  endfacet
  facet normal 0 0 1
    outer loop
      vertex -37.5197 -19.2988 3
      vertex -34.8141 -17.0785 3
      vertex -34.9135 -16.9445 3
    endloop
  endfacet
  facet normal 0 0 1
    outer loop
      vertex -37.8236 -18.889 3
      vertex -34.9135 -16.9445 3
      vertex -34.9993 -16.8014 3
    endloop
  endfacet
  facet normal 0 0 1
    outer loop
      vertex -33.9935 -17.6268 3
      vertex -35.0095 -20.9761 3
      vertex -34.5145 -21.1001 3
    endloop
  endfacet
  facet normal 0 0 1
    outer loop
      vertex -38.086 -18.4512 3
      vertex -34.9993 -16.8014 3
      vertex -35.0706 -16.6506 3
    endloop
  endfacet
  facet normal 0 0 1
    outer loop
      vertex -38.3042 -17.9899 3
      vertex -35.0706 -16.6506 3
      vertex -35.1268 -16.4935 3
    endloop
  endfacet
  facet normal 0 0 1
    outer loop
      vertex -38.4761 -17.5095 3
      vertex -35.1268 -16.4935 3
      vertex -35.1673 -16.3317 3
    endloop
  endfacet
  facet normal 0 0 1
    outer loop
      vertex -38.6001 -17.0145 3
      vertex -35.1673 -16.3317 3
      vertex -35.1918 -16.1666 3
    endloop
  endfacet
  facet normal 0 0 1
    outer loop
      vertex -38.675 -16.5097 3
      vertex -35.1918 -16.1666 3
      vertex -35.2 -16 3
    endloop
  endfacet
  facet normal 0 0 1
    outer loop
      vertex -34.9135 -15.0555 3
      vertex -37.8236 -13.111 3
      vertex -34.9993 -15.1986 3
    endloop
  endfacet
  facet normal 0 0 1
    outer loop
      vertex -34.1506 -17.5706 3
      vertex -35.4899 -20.8042 3
      vertex -35.0095 -20.9761 3
    endloop
  endfacet
  facet normal -0 0 1
    outer loop
      vertex -38.086 -13.5487 3
      vertex -34.9993 -15.1986 3
      vertex -37.8236 -13.111 3
    endloop
  endfacet
  facet normal 0 0 1
    outer loop
      vertex -34.3014 -17.4993 3
      vertex -35.9512 -20.586 3
      vertex -35.4899 -20.8042 3
    endloop
  endfacet
  facet normal 0 0 1
    outer loop
      vertex -34.9993 -15.1986 3
      vertex -38.086 -13.5487 3
      vertex -35.0706 -15.3494 3
    endloop
  endfacet
  facet normal 0 0 1
    outer loop
      vertex -34.4445 -17.4135 3
      vertex -36.389 -20.3236 3
      vertex -35.9512 -20.586 3
    endloop
  endfacet
  facet normal -0 0 1
    outer loop
      vertex -38.3042 -14.01 3
      vertex -35.0706 -15.3494 3
      vertex -38.086 -13.5487 3
    endloop
  endfacet
  facet normal 0 0 1
    outer loop
      vertex -34.5785 -17.3141 3
      vertex -36.7988 -20.0197 3
      vertex -36.389 -20.3236 3
    endloop
  endfacet
  facet normal 0 0 1
    outer loop
      vertex -35.0706 -15.3494 3
      vertex -38.3042 -14.01 3
      vertex -35.1268 -15.5065 3
    endloop
  endfacet
  facet normal 0 0 1
    outer loop
      vertex -34.7021 -17.2021 3
      vertex -37.1769 -19.6769 3
      vertex -36.7988 -20.0197 3
    endloop
  endfacet
  facet normal -0 0 1
    outer loop
      vertex -38.4761 -14.4905 3
      vertex -35.1268 -15.5065 3
      vertex -38.3042 -14.01 3
    endloop
  endfacet
  facet normal 0 0 1
    outer loop
      vertex -34.8141 -17.0785 3
      vertex -37.5197 -19.2988 3
      vertex -37.1769 -19.6769 3
    endloop
  endfacet
  facet normal 0 0 1
    outer loop
      vertex -35.1268 -15.5065 3
      vertex -38.4761 -14.4905 3
      vertex -35.1673 -15.6683 3
    endloop
  endfacet
  facet normal 0 0 1
    outer loop
      vertex -34.9135 -16.9445 3
      vertex -37.8236 -18.889 3
      vertex -37.5197 -19.2988 3
    endloop
  endfacet
  facet normal -0 0 1
    outer loop
      vertex -38.6001 -14.9855 3
      vertex -35.1673 -15.6683 3
      vertex -38.4761 -14.4905 3
    endloop
  endfacet
  facet normal 0 0 1
    outer loop
      vertex -34.9993 -16.8014 3
      vertex -38.086 -18.4512 3
      vertex -37.8236 -18.889 3
    endloop
  endfacet
  facet normal 0 0 1
    outer loop
      vertex -35.1673 -15.6683 3
      vertex -38.6001 -14.9855 3
      vertex -35.1918 -15.8334 3
    endloop
  endfacet
  facet normal 0 0 1
    outer loop
      vertex -35.0706 -16.6506 3
      vertex -38.3042 -17.9899 3
      vertex -38.086 -18.4512 3
    endloop
  endfacet
  facet normal -0 0 1
    outer loop
      vertex -38.675 -15.4903 3
      vertex -35.1918 -15.8334 3
      vertex -38.6001 -14.9855 3
    endloop
  endfacet
  facet normal 0 0 1
    outer loop
      vertex -35.1268 -16.4935 3
      vertex -38.4761 -17.5095 3
      vertex -38.3042 -17.9899 3
    endloop
  endfacet
  facet normal 0 0 1
    outer loop
      vertex -35.1918 -15.8334 3
      vertex -38.675 -15.4903 3
      vertex -35.2 -16 3
    endloop
  endfacet
  facet normal 0 0 1
    outer loop
      vertex -35.1673 -16.3317 3
      vertex -38.6001 -17.0145 3
      vertex -38.4761 -17.5095 3
    endloop
  endfacet
  facet normal 0 0 1
    outer loop
      vertex -38.7 -16 3
      vertex -35.2 -16 3
      vertex -38.675 -15.4903 3
    endloop
  endfacet
  facet normal 0 0 1
    outer loop
      vertex -35.1918 -16.1666 3
      vertex -38.675 -16.5097 3
      vertex -38.6001 -17.0145 3
    endloop
  endfacet
  facet normal 0 0 1
    outer loop
      vertex -35.2 -16 3
      vertex -38.7 -16 3
      vertex -38.675 -16.5097 3
    endloop
  endfacet
  facet normal 0 0 1
    outer loop
      vertex 35.2 -16 3
      vertex 38.7 -16 3
      vertex 38.675 -15.4903 3
    endloop
  endfacet
  facet normal 0 0 1
    outer loop
      vertex 35.1918 -15.8334 3
      vertex 38.675 -15.4903 3
      vertex 38.6001 -14.9855 3
    endloop
  endfacet
  facet normal 0 0 1
    outer loop
      vertex 38.7 -16 3
      vertex 35.2 -16 3
      vertex 38.675 -16.5097 3
    endloop
  endfacet
  facet normal 0 0 1
    outer loop
      vertex 35.1673 -15.6683 3
      vertex 38.6001 -14.9855 3
      vertex 38.4761 -14.4905 3
    endloop
  endfacet
  facet normal -0 0 1
    outer loop
      vertex 35.1918 -16.1666 3
      vertex 38.675 -16.5097 3
      vertex 35.2 -16 3
    endloop
  endfacet
  facet normal 0 0 1
    outer loop
      vertex 35.1268 -15.5065 3
      vertex 38.4761 -14.4905 3
      vertex 38.3042 -14.01 3
    endloop
  endfacet
  facet normal 0 0 1
    outer loop
      vertex 38.675 -16.5097 3
      vertex 35.1918 -16.1666 3
      vertex 38.6001 -17.0145 3
    endloop
  endfacet
  facet normal 0 0 1
    outer loop
      vertex 35.0706 -15.3494 3
      vertex 38.3042 -14.01 3
      vertex 38.086 -13.5487 3
    endloop
  endfacet
  facet normal -0 0 1
    outer loop
      vertex 35.1673 -16.3317 3
      vertex 38.6001 -17.0145 3
      vertex 35.1918 -16.1666 3
    endloop
  endfacet
  facet normal 0 0 1
    outer loop
      vertex 34.9993 -15.1986 3
      vertex 38.086 -13.5487 3
      vertex 37.8236 -13.111 3
    endloop
  endfacet
  facet normal 0 0 1
    outer loop
      vertex 38.6001 -17.0145 3
      vertex 35.1673 -16.3317 3
      vertex 38.4761 -17.5095 3
    endloop
  endfacet
  facet normal 0 0 1
    outer loop
      vertex 34.9135 -15.0555 3
      vertex 37.8236 -13.111 3
      vertex 37.5197 -12.7011 3
    endloop
  endfacet
  facet normal -0 0 1
    outer loop
      vertex 35.1268 -16.4935 3
      vertex 38.4761 -17.5095 3
      vertex 35.1673 -16.3317 3
    endloop
  endfacet
  facet normal 0 0 1
    outer loop
      vertex 34.8141 -14.9215 3
      vertex 37.5197 -12.7011 3
      vertex 37.1769 -12.323 3
    endloop
  endfacet
  facet normal 0 0 1
    outer loop
      vertex 38.4761 -17.5095 3
      vertex 35.1268 -16.4935 3
      vertex 38.3042 -17.9899 3
    endloop
  endfacet
  facet normal 0 0 1
    outer loop
      vertex 34.7021 -14.7979 3
      vertex 37.1769 -12.323 3
      vertex 36.7988 -11.9803 3
    endloop
  endfacet
  facet normal -0 0 1
    outer loop
      vertex 35.0706 -16.6506 3
      vertex 38.3042 -17.9899 3
      vertex 35.1268 -16.4935 3
    endloop
  endfacet
  facet normal 0 0 1
    outer loop
      vertex 34.5785 -14.6859 3
      vertex 36.7988 -11.9803 3
      vertex 36.389 -11.6763 3
    endloop
  endfacet
  facet normal 0 0 1
    outer loop
      vertex 38.3042 -17.9899 3
      vertex 35.0706 -16.6506 3
      vertex 38.086 -18.4512 3
    endloop
  endfacet
  facet normal 0 0 1
    outer loop
      vertex 34.4445 -14.5865 3
      vertex 36.389 -11.6763 3
      vertex 35.9512 -11.414 3
    endloop
  endfacet
  facet normal -0 0 1
    outer loop
      vertex 34.9993 -16.8014 3
      vertex 38.086 -18.4512 3
      vertex 35.0706 -16.6506 3
    endloop
  endfacet
  facet normal 0 0 1
    outer loop
      vertex 34.3014 -14.5007 3
      vertex 35.9512 -11.414 3
      vertex 35.4899 -11.1958 3
    endloop
  endfacet
  facet normal 0 0 1
    outer loop
      vertex 38.086 -18.4512 3
      vertex 34.9993 -16.8014 3
      vertex 37.8236 -18.889 3
    endloop
  endfacet
  facet normal -0 0 1
    outer loop
      vertex 34.9135 -16.9445 3
      vertex 37.8236 -18.889 3
      vertex 34.9993 -16.8014 3
    endloop
  endfacet
  facet normal 0 0 1
    outer loop
      vertex 38.675 -15.4903 3
      vertex 35.1918 -15.8334 3
      vertex 35.2 -16 3
    endloop
  endfacet
  facet normal 0 0 1
    outer loop
      vertex 38.6001 -14.9855 3
      vertex 35.1673 -15.6683 3
      vertex 35.1918 -15.8334 3
    endloop
  endfacet
  facet normal 0 0 1
    outer loop
      vertex 38.4761 -14.4905 3
      vertex 35.1268 -15.5065 3
      vertex 35.1673 -15.6683 3
    endloop
  endfacet
  facet normal 0 0 1
    outer loop
      vertex 38.3042 -14.01 3
      vertex 35.0706 -15.3494 3
      vertex 35.1268 -15.5065 3
    endloop
  endfacet
  facet normal 0 0 1
    outer loop
      vertex 34.1506 -14.4294 3
      vertex 35.4899 -11.1958 3
      vertex 35.0095 -11.0239 3
    endloop
  endfacet
  facet normal 0 0 1
    outer loop
      vertex 38.086 -13.5487 3
      vertex 34.9993 -15.1986 3
      vertex 35.0706 -15.3494 3
    endloop
  endfacet
  facet normal 0 0 1
    outer loop
      vertex 37.8236 -13.111 3
      vertex 34.9135 -15.0555 3
      vertex 34.9993 -15.1986 3
    endloop
  endfacet
  facet normal 0 0 1
    outer loop
      vertex 37.5197 -12.7011 3
      vertex 34.8141 -14.9215 3
      vertex 34.9135 -15.0555 3
    endloop
  endfacet
  facet normal 0 0 1
    outer loop
      vertex 37.1769 -12.323 3
      vertex 34.7021 -14.7979 3
      vertex 34.8141 -14.9215 3
    endloop
  endfacet
  facet normal 0 0 1
    outer loop
      vertex 36.7988 -11.9803 3
      vertex 34.5785 -14.6859 3
      vertex 34.7021 -14.7979 3
    endloop
  endfacet
  facet normal 0 0 1
    outer loop
      vertex 33.9935 -14.3732 3
      vertex 35.0095 -11.0239 3
      vertex 34.5145 -10.8999 3
    endloop
  endfacet
  facet normal 0 0 1
    outer loop
      vertex 36.389 -11.6763 3
      vertex 34.4445 -14.5865 3
      vertex 34.5785 -14.6859 3
    endloop
  endfacet
  facet normal 0 0 1
    outer loop
      vertex 35.9512 -11.414 3
      vertex 34.3014 -14.5007 3
      vertex 34.4445 -14.5865 3
    endloop
  endfacet
  facet normal 0 0 1
    outer loop
      vertex 35.4899 -11.1958 3
      vertex 34.1506 -14.4294 3
      vertex 34.3014 -14.5007 3
    endloop
  endfacet
  facet normal 0 0 1
    outer loop
      vertex 33.8317 -14.3327 3
      vertex 34.5145 -10.8999 3
      vertex 34.0097 -10.825 3
    endloop
  endfacet
  facet normal 0 0 1
    outer loop
      vertex 35.0095 -11.0239 3
      vertex 33.9935 -14.3732 3
      vertex 34.1506 -14.4294 3
    endloop
  endfacet
  facet normal 0 0 1
    outer loop
      vertex 34.5145 -10.8999 3
      vertex 33.8317 -14.3327 3
      vertex 33.9935 -14.3732 3
    endloop
  endfacet
  facet normal 0 0 1
    outer loop
      vertex 34.0097 -10.825 3
      vertex 33.6666 -14.3082 3
      vertex 33.8317 -14.3327 3
    endloop
  endfacet
  facet normal 0 0 1
    outer loop
      vertex 33.5 -10.8 3
      vertex 33.6666 -14.3082 3
      vertex 34.0097 -10.825 3
    endloop
  endfacet
  facet normal 0 0 1
    outer loop
      vertex 33.5 -10.8 3
      vertex 33.5 -14.3 3
      vertex 33.6666 -14.3082 3
    endloop
  endfacet
  facet normal 0 0 1
    outer loop
      vertex 33.5 -10.8 3
      vertex 33.3334 -14.3082 3
      vertex 33.5 -14.3 3
    endloop
  endfacet
  facet normal -0 0 1
    outer loop
      vertex 32.9903 -10.825 3
      vertex 33.3334 -14.3082 3
      vertex 33.5 -10.8 3
    endloop
  endfacet
  facet normal 0 0 1
    outer loop
      vertex 33.3334 -14.3082 3
      vertex 32.9903 -10.825 3
      vertex 33.1683 -14.3327 3
    endloop
  endfacet
  facet normal 0 0 1
    outer loop
      vertex 33.1683 -14.3327 3
      vertex 32.9903 -10.825 3
      vertex 33.0065 -14.3732 3
    endloop
  endfacet
  facet normal 0 0 1
    outer loop
      vertex 32.9903 -10.825 3
      vertex 32.8494 -14.4294 3
      vertex 33.0065 -14.3732 3
    endloop
  endfacet
  facet normal 0 0 1
    outer loop
      vertex 32.9903 -10.825 3
      vertex 32.6986 -14.5007 3
      vertex 32.8494 -14.4294 3
    endloop
  endfacet
  facet normal 0 0 1
    outer loop
      vertex 32.9903 -10.825 3
      vertex 32.5555 -14.5865 3
      vertex 32.6986 -14.5007 3
    endloop
  endfacet
  facet normal 0 0 1
    outer loop
      vertex 32.9903 -10.825 3
      vertex 32.4215 -14.6859 3
      vertex 32.5555 -14.5865 3
    endloop
  endfacet
  facet normal 0 0 1
    outer loop
      vertex 32.9903 -10.825 3
      vertex 32.2979 -14.7979 3
      vertex 32.4215 -14.6859 3
    endloop
  endfacet
  facet normal 0 0 1
    outer loop
      vertex 32.9903 -10.825 3
      vertex 32.1859 -14.9215 3
      vertex 32.2979 -14.7979 3
    endloop
  endfacet
  facet normal 0 0 1
    outer loop
      vertex 32.9903 -10.825 3
      vertex 32.0865 -15.0555 3
      vertex 32.1859 -14.9215 3
    endloop
  endfacet
  facet normal 0 0 1
    outer loop
      vertex 32.9903 -10.825 3
      vertex 32.0007 -15.1986 3
      vertex 32.0865 -15.0555 3
    endloop
  endfacet
  facet normal -0 0 1
    outer loop
      vertex 16.4 -12.7785 3
      vertex 32.0007 -15.1986 3
      vertex 32.9903 -10.825 3
    endloop
  endfacet
  facet normal 0 0 1
    outer loop
      vertex 32.0007 -15.1986 3
      vertex 16.4 -12.7785 3
      vertex 31.9294 -15.3494 3
    endloop
  endfacet
  facet normal 0 0 1
    outer loop
      vertex 31.9294 -15.3494 3
      vertex 16.4 -12.7785 3
      vertex 31.8732 -15.5065 3
    endloop
  endfacet
  facet normal 0 0 1
    outer loop
      vertex 31.8082 -15.8334 3
      vertex 16.4 -12.7785 3
      vertex 31.8 -16 3
    endloop
  endfacet
  facet normal 0 0 1
    outer loop
      vertex 31.8327 -15.6683 3
      vertex 16.4 -12.7785 3
      vertex 31.8082 -15.8334 3
    endloop
  endfacet
  facet normal 0 0 1
    outer loop
      vertex 31.8732 -15.5065 3
      vertex 16.4 -12.7785 3
      vertex 31.8327 -15.6683 3
    endloop
  endfacet
  facet normal 0 0 1
    outer loop
      vertex 37.8236 -18.889 3
      vertex 34.9135 -16.9445 3
      vertex 37.5197 -19.2988 3
    endloop
  endfacet
  facet normal -0 0 1
    outer loop
      vertex 34.8141 -17.0785 3
      vertex 37.5197 -19.2988 3
      vertex 34.9135 -16.9445 3
    endloop
  endfacet
  facet normal 0 0 1
    outer loop
      vertex 37.5197 -19.2988 3
      vertex 34.8141 -17.0785 3
      vertex 37.1769 -19.6769 3
    endloop
  endfacet
  facet normal -0 0 1
    outer loop
      vertex 34.7021 -17.2021 3
      vertex 37.1769 -19.6769 3
      vertex 34.8141 -17.0785 3
    endloop
  endfacet
  facet normal 0 0 1
    outer loop
      vertex 37.1769 -19.6769 3
      vertex 34.7021 -17.2021 3
      vertex 36.7988 -20.0197 3
    endloop
  endfacet
  facet normal -0 0 1
    outer loop
      vertex 34.5785 -17.3141 3
      vertex 36.7988 -20.0197 3
      vertex 34.7021 -17.2021 3
    endloop
  endfacet
  facet normal 0 0 1
    outer loop
      vertex 36.7988 -20.0197 3
      vertex 34.5785 -17.3141 3
      vertex 36.389 -20.3236 3
    endloop
  endfacet
  facet normal -0 0 1
    outer loop
      vertex 34.4445 -17.4135 3
      vertex 36.389 -20.3236 3
      vertex 34.5785 -17.3141 3
    endloop
  endfacet
  facet normal 0 0 1
    outer loop
      vertex 36.389 -20.3236 3
      vertex 34.4445 -17.4135 3
      vertex 35.9512 -20.586 3
    endloop
  endfacet
  facet normal -0 0 1
    outer loop
      vertex 34.3014 -17.4993 3
      vertex 35.9512 -20.586 3
      vertex 34.4445 -17.4135 3
    endloop
  endfacet
  facet normal 0 0 1
    outer loop
      vertex 35.9512 -20.586 3
      vertex 34.3014 -17.4993 3
      vertex 35.4899 -20.8042 3
    endloop
  endfacet
  facet normal -0 0 1
    outer loop
      vertex 34.1506 -17.5706 3
      vertex 35.4899 -20.8042 3
      vertex 34.3014 -17.4993 3
    endloop
  endfacet
  facet normal 0 0 1
    outer loop
      vertex 35.4899 -20.8042 3
      vertex 34.1506 -17.5706 3
      vertex 35.0095 -20.9761 3
    endloop
  endfacet
  facet normal -0 0 1
    outer loop
      vertex 33.9935 -17.6268 3
      vertex 35.0095 -20.9761 3
      vertex 34.1506 -17.5706 3
    endloop
  endfacet
  facet normal 0 0 1
    outer loop
      vertex 35.0095 -20.9761 3
      vertex 33.9935 -17.6268 3
      vertex 34.5145 -21.1001 3
    endloop
  endfacet
  facet normal -0 0 1
    outer loop
      vertex 33.8317 -17.6673 3
      vertex 34.5145 -21.1001 3
      vertex 33.9935 -17.6268 3
    endloop
  endfacet
  facet normal 0 0 1
    outer loop
      vertex 34.5145 -21.1001 3
      vertex 33.8317 -17.6673 3
      vertex 34.0097 -21.175 3
    endloop
  endfacet
  facet normal -0 0 1
    outer loop
      vertex 33.6666 -17.6918 3
      vertex 34.0097 -21.175 3
      vertex 33.8317 -17.6673 3
    endloop
  endfacet
  facet normal -0 0 1
    outer loop
      vertex 33.5 -17.7 3
      vertex 34.0097 -21.175 3
      vertex 33.6666 -17.6918 3
    endloop
  endfacet
  facet normal 0 0 1
    outer loop
      vertex 33.5 -17.7 3
      vertex 33.5 -21.2 3
      vertex 34.0097 -21.175 3
    endloop
  endfacet
  facet normal 0 0 1
    outer loop
      vertex 33.3334 -17.6918 3
      vertex 33.5 -21.2 3
      vertex 33.5 -17.7 3
    endloop
  endfacet
  facet normal 0 0 1
    outer loop
      vertex 32.9903 -21.175 3
      vertex 33.3334 -17.6918 3
      vertex 33.1683 -17.6673 3
    endloop
  endfacet
  facet normal 0 0 1
    outer loop
      vertex 32.9903 -21.175 3
      vertex 33.1683 -17.6673 3
      vertex 33.0065 -17.6268 3
    endloop
  endfacet
  facet normal 0 0 1
    outer loop
      vertex 33.3334 -17.6918 3
      vertex 32.9903 -21.175 3
      vertex 33.5 -21.2 3
    endloop
  endfacet
  facet normal 0 0 1
    outer loop
      vertex 32.8494 -17.5706 3
      vertex 32.9903 -21.175 3
      vertex 33.0065 -17.6268 3
    endloop
  endfacet
  facet normal 0 0 1
    outer loop
      vertex 32.6986 -17.4993 3
      vertex 32.9903 -21.175 3
      vertex 32.8494 -17.5706 3
    endloop
  endfacet
  facet normal 0 0 1
    outer loop
      vertex 32.5555 -17.4135 3
      vertex 32.9903 -21.175 3
      vertex 32.6986 -17.4993 3
    endloop
  endfacet
  facet normal 0 0 1
    outer loop
      vertex 32.4215 -17.3141 3
      vertex 32.9903 -21.175 3
      vertex 32.5555 -17.4135 3
    endloop
  endfacet
  facet normal 0 0 1
    outer loop
      vertex 32.2979 -17.2021 3
      vertex 32.9903 -21.175 3
      vertex 32.4215 -17.3141 3
    endloop
  endfacet
  facet normal 0 0 1
    outer loop
      vertex 32.1859 -17.0785 3
      vertex 32.9903 -21.175 3
      vertex 32.2979 -17.2021 3
    endloop
  endfacet
  facet normal 0 0 1
    outer loop
      vertex 32.0865 -16.9445 3
      vertex 32.9903 -21.175 3
      vertex 32.1859 -17.0785 3
    endloop
  endfacet
  facet normal 0 0 1
    outer loop
      vertex 32.0007 -16.8014 3
      vertex 32.9903 -21.175 3
      vertex 32.0865 -16.9445 3
    endloop
  endfacet
  facet normal 0 0 1
    outer loop
      vertex 16.4 -19.2215 3
      vertex 32.0007 -16.8014 3
      vertex 31.9294 -16.6506 3
    endloop
  endfacet
  facet normal 0 0 1
    outer loop
      vertex 16.4 -19.2215 3
      vertex 31.9294 -16.6506 3
      vertex 31.8732 -16.4935 3
    endloop
  endfacet
  facet normal 0 0 1
    outer loop
      vertex 16.4 -19.2215 3
      vertex 31.8732 -16.4935 3
      vertex 31.8327 -16.3317 3
    endloop
  endfacet
  facet normal 0 0 1
    outer loop
      vertex 16.4 -19.2215 3
      vertex 31.8 -16 3
      vertex 16.4 -12.7785 3
    endloop
  endfacet
  facet normal 0 0 1
    outer loop
      vertex 31.8 -16 3
      vertex 16.4 -19.2215 3
      vertex 31.8082 -16.1666 3
    endloop
  endfacet
  facet normal 0 0 1
    outer loop
      vertex 31.8082 -16.1666 3
      vertex 16.4 -19.2215 3
      vertex 31.8327 -16.3317 3
    endloop
  endfacet
  facet normal 0 0 1
    outer loop
      vertex 32.0007 -16.8014 3
      vertex 16.4 -19.2215 3
      vertex 32.9903 -21.175 3
    endloop
  endfacet
  facet normal 0 0 1
    outer loop
      vertex -16.4 -38.7785 3
      vertex -16.8 -43.8755 3
      vertex -16.4 -43.8755 3
    endloop
  endfacet
  facet normal -0 0 1
    outer loop
      vertex -31.8082 -42.1666 3
      vertex -16.8 -43.8755 3
      vertex -31.8 -42 3
    endloop
  endfacet
  facet normal -0 0 1
    outer loop
      vertex -31.8082 -41.8334 3
      vertex -16.8 -43.8755 3
      vertex -16.4 -38.7785 3
    endloop
  endfacet
  facet normal 0 0 1
    outer loop
      vertex -16.8 -43.8755 3
      vertex -31.8082 -41.8334 3
      vertex -31.8 -42 3
    endloop
  endfacet
  facet normal 0 0 1
    outer loop
      vertex -16.4 -38.7785 3
      vertex -31.8327 -41.6683 3
      vertex -31.8082 -41.8334 3
    endloop
  endfacet
  facet normal 0 0 1
    outer loop
      vertex -16.4 -38.7785 3
      vertex -31.8732 -41.5065 3
      vertex -31.8327 -41.6683 3
    endloop
  endfacet
  facet normal 0 0 1
    outer loop
      vertex -16.4 -38.7785 3
      vertex -31.9294 -41.3494 3
      vertex -31.8732 -41.5065 3
    endloop
  endfacet
  facet normal 0 0 1
    outer loop
      vertex -16.4 -38.7785 3
      vertex -32.0007 -41.1986 3
      vertex -31.9294 -41.3494 3
    endloop
  endfacet
  facet normal 0 0 1
    outer loop
      vertex -32.9903 -36.825 3
      vertex -32.0007 -41.1986 3
      vertex -16.4 -38.7785 3
    endloop
  endfacet
  facet normal 0 0 1
    outer loop
      vertex -32.0007 -41.1986 3
      vertex -32.9903 -36.825 3
      vertex -32.0865 -41.0555 3
    endloop
  endfacet
  facet normal 0 0 1
    outer loop
      vertex -32.0865 -41.0555 3
      vertex -32.9903 -36.825 3
      vertex -32.1859 -40.9215 3
    endloop
  endfacet
  facet normal 0 0 1
    outer loop
      vertex -32.1859 -40.9215 3
      vertex -32.9903 -36.825 3
      vertex -32.2979 -40.7979 3
    endloop
  endfacet
  facet normal 0 0 1
    outer loop
      vertex -32.2979 -40.7979 3
      vertex -32.9903 -36.825 3
      vertex -32.4215 -40.6859 3
    endloop
  endfacet
  facet normal 0 0 1
    outer loop
      vertex -32.4215 -40.6859 3
      vertex -32.9903 -36.825 3
      vertex -32.5555 -40.5865 3
    endloop
  endfacet
  facet normal 0 0 1
    outer loop
      vertex -32.5555 -40.5865 3
      vertex -32.9903 -36.825 3
      vertex -32.6986 -40.5007 3
    endloop
  endfacet
  facet normal 0 0 1
    outer loop
      vertex -32.6986 -40.5007 3
      vertex -32.9903 -36.825 3
      vertex -32.8494 -40.4294 3
    endloop
  endfacet
  facet normal 0 0 1
    outer loop
      vertex -32.9903 -36.825 3
      vertex -33.0065 -40.3732 3
      vertex -32.8494 -40.4294 3
    endloop
  endfacet
  facet normal 0 0 1
    outer loop
      vertex -32.9903 -36.825 3
      vertex -33.1683 -40.3327 3
      vertex -33.0065 -40.3732 3
    endloop
  endfacet
  facet normal 0 0 1
    outer loop
      vertex -32.9903 -36.825 3
      vertex -33.3334 -40.3082 3
      vertex -33.1683 -40.3327 3
    endloop
  endfacet
  facet normal 0 0 1
    outer loop
      vertex -33.5 -36.8 3
      vertex -33.3334 -40.3082 3
      vertex -32.9903 -36.825 3
    endloop
  endfacet
  facet normal 0 0 1
    outer loop
      vertex -33.5 -36.8 3
      vertex -33.5 -40.3 3
      vertex -33.3334 -40.3082 3
    endloop
  endfacet
  facet normal 0 0 1
    outer loop
      vertex -33.5 -36.8 3
      vertex -33.6666 -40.3082 3
      vertex -33.5 -40.3 3
    endloop
  endfacet
  facet normal -0 0 1
    outer loop
      vertex -34.0097 -36.825 3
      vertex -33.6666 -40.3082 3
      vertex -33.5 -36.8 3
    endloop
  endfacet
  facet normal 0 0 1
    outer loop
      vertex -33.6666 -40.3082 3
      vertex -34.0097 -36.825 3
      vertex -33.8317 -40.3327 3
    endloop
  endfacet
  facet normal -0 0 1
    outer loop
      vertex -34.5145 -36.8999 3
      vertex -33.8317 -40.3327 3
      vertex -34.0097 -36.825 3
    endloop
  endfacet
  facet normal 0 0 1
    outer loop
      vertex -33.8317 -40.3327 3
      vertex -34.5145 -36.8999 3
      vertex -33.9935 -40.3732 3
    endloop
  endfacet
  facet normal -0 0 1
    outer loop
      vertex -35.0095 -37.0239 3
      vertex -33.9935 -40.3732 3
      vertex -34.5145 -36.8999 3
    endloop
  endfacet
  facet normal 0 0 1
    outer loop
      vertex -33.9935 -40.3732 3
      vertex -35.0095 -37.0239 3
      vertex -34.1506 -40.4294 3
    endloop
  endfacet
  facet normal -0 0 1
    outer loop
      vertex -35.4899 -37.1958 3
      vertex -34.1506 -40.4294 3
      vertex -35.0095 -37.0239 3
    endloop
  endfacet
  facet normal 0 0 1
    outer loop
      vertex -34.1506 -40.4294 3
      vertex -35.4899 -37.1958 3
      vertex -34.3014 -40.5007 3
    endloop
  endfacet
  facet normal -0 0 1
    outer loop
      vertex -35.9512 -37.414 3
      vertex -34.3014 -40.5007 3
      vertex -35.4899 -37.1958 3
    endloop
  endfacet
  facet normal 0 0 1
    outer loop
      vertex -34.3014 -40.5007 3
      vertex -35.9512 -37.414 3
      vertex -34.4445 -40.5865 3
    endloop
  endfacet
  facet normal -0 0 1
    outer loop
      vertex -36.389 -37.6763 3
      vertex -34.4445 -40.5865 3
      vertex -35.9512 -37.414 3
    endloop
  endfacet
  facet normal 0 0 1
    outer loop
      vertex -34.4445 -40.5865 3
      vertex -36.389 -37.6763 3
      vertex -34.5785 -40.6859 3
    endloop
  endfacet
  facet normal -0 0 1
    outer loop
      vertex -36.7988 -37.9803 3
      vertex -34.5785 -40.6859 3
      vertex -36.389 -37.6763 3
    endloop
  endfacet
  facet normal 0 0 1
    outer loop
      vertex -34.5785 -40.6859 3
      vertex -36.7988 -37.9803 3
      vertex -34.7021 -40.7979 3
    endloop
  endfacet
  facet normal -0 0 1
    outer loop
      vertex -37.1769 -38.323 3
      vertex -34.7021 -40.7979 3
      vertex -36.7988 -37.9803 3
    endloop
  endfacet
  facet normal 0 0 1
    outer loop
      vertex -34.7021 -40.7979 3
      vertex -37.1769 -38.323 3
      vertex -34.8141 -40.9215 3
    endloop
  endfacet
  facet normal -0 0 1
    outer loop
      vertex -37.5197 -38.7011 3
      vertex -34.8141 -40.9215 3
      vertex -37.1769 -38.323 3
    endloop
  endfacet
  facet normal 0 0 1
    outer loop
      vertex -34.8141 -40.9215 3
      vertex -37.5197 -38.7011 3
      vertex -34.9135 -41.0555 3
    endloop
  endfacet
  facet normal -0 0 1
    outer loop
      vertex -37.8236 -39.111 3
      vertex -34.9135 -41.0555 3
      vertex -37.5197 -38.7011 3
    endloop
  endfacet
  facet normal -0 0 1
    outer loop
      vertex -31.8327 -42.3317 3
      vertex -16.8 -43.8755 3
      vertex -31.8082 -42.1666 3
    endloop
  endfacet
  facet normal -0 0 1
    outer loop
      vertex -31.8732 -42.4935 3
      vertex -16.8 -43.8755 3
      vertex -31.8327 -42.3317 3
    endloop
  endfacet
  facet normal 0 0 1
    outer loop
      vertex -16.8 -43.8755 3
      vertex -31.8732 -42.4935 3
      vertex -16.8 -45.2686 3
    endloop
  endfacet
  facet normal -0 0 1
    outer loop
      vertex -31.9294 -42.6506 3
      vertex -16.8 -45.2686 3
      vertex -31.8732 -42.4935 3
    endloop
  endfacet
  facet normal -0 0 1
    outer loop
      vertex -32.0007 -42.8014 3
      vertex -16.8 -45.2686 3
      vertex -31.9294 -42.6506 3
    endloop
  endfacet
  facet normal 0 0 1
    outer loop
      vertex -32.9903 -47.175 3
      vertex -32.0007 -42.8014 3
      vertex -32.0865 -42.9445 3
    endloop
  endfacet
  facet normal 0 0 1
    outer loop
      vertex -32.9903 -47.175 3
      vertex -32.0865 -42.9445 3
      vertex -32.1859 -43.0785 3
    endloop
  endfacet
  facet normal 0 0 1
    outer loop
      vertex -32.9903 -47.175 3
      vertex -32.1859 -43.0785 3
      vertex -32.2979 -43.2021 3
    endloop
  endfacet
  facet normal 0 0 1
    outer loop
      vertex -32.9903 -47.175 3
      vertex -32.2979 -43.2021 3
      vertex -32.4215 -43.3141 3
    endloop
  endfacet
  facet normal 0 0 1
    outer loop
      vertex -32.9903 -47.175 3
      vertex -32.4215 -43.3141 3
      vertex -32.5555 -43.4135 3
    endloop
  endfacet
  facet normal 0 0 1
    outer loop
      vertex -32.9903 -47.175 3
      vertex -32.5555 -43.4135 3
      vertex -32.6986 -43.4993 3
    endloop
  endfacet
  facet normal 0 0 1
    outer loop
      vertex -32.9903 -47.175 3
      vertex -32.6986 -43.4993 3
      vertex -32.8494 -43.5706 3
    endloop
  endfacet
  facet normal 0 0 1
    outer loop
      vertex -32.0007 -42.8014 3
      vertex -32.9903 -47.175 3
      vertex -16.8 -45.2686 3
    endloop
  endfacet
  facet normal -0 0 1
    outer loop
      vertex -33.0065 -43.6268 3
      vertex -32.9903 -47.175 3
      vertex -32.8494 -43.5706 3
    endloop
  endfacet
  facet normal -0 0 1
    outer loop
      vertex -33.1683 -43.6673 3
      vertex -32.9903 -47.175 3
      vertex -33.0065 -43.6268 3
    endloop
  endfacet
  facet normal -0 0 1
    outer loop
      vertex -33.3334 -43.6918 3
      vertex -32.9903 -47.175 3
      vertex -33.1683 -43.6673 3
    endloop
  endfacet
  facet normal -0 0 1
    outer loop
      vertex -33.5 -43.7 3
      vertex -32.9903 -47.175 3
      vertex -33.3334 -43.6918 3
    endloop
  endfacet
  facet normal 0 0 1
    outer loop
      vertex -33.5 -43.7 3
      vertex -33.5 -47.2 3
      vertex -32.9903 -47.175 3
    endloop
  endfacet
  facet normal 0 0 1
    outer loop
      vertex -33.6666 -43.6918 3
      vertex -33.5 -47.2 3
      vertex -33.5 -43.7 3
    endloop
  endfacet
  facet normal 0 0 1
    outer loop
      vertex -34.0097 -47.175 3
      vertex -33.6666 -43.6918 3
      vertex -33.8317 -43.6673 3
    endloop
  endfacet
  facet normal 0 0 1
    outer loop
      vertex -34.5145 -47.1001 3
      vertex -33.8317 -43.6673 3
      vertex -33.9935 -43.6268 3
    endloop
  endfacet
  facet normal 0 0 1
    outer loop
      vertex -33.6666 -43.6918 3
      vertex -34.0097 -47.175 3
      vertex -33.5 -47.2 3
    endloop
  endfacet
  facet normal 0 0 1
    outer loop
      vertex -35.0095 -46.9761 3
      vertex -33.9935 -43.6268 3
      vertex -34.1506 -43.5706 3
    endloop
  endfacet
  facet normal 0 0 1
    outer loop
      vertex -35.4899 -46.8042 3
      vertex -34.1506 -43.5706 3
      vertex -34.3014 -43.4993 3
    endloop
  endfacet
  facet normal 0 0 1
    outer loop
      vertex -35.9512 -46.586 3
      vertex -34.3014 -43.4993 3
      vertex -34.4445 -43.4135 3
    endloop
  endfacet
  facet normal 0 0 1
    outer loop
      vertex -33.8317 -43.6673 3
      vertex -34.5145 -47.1001 3
      vertex -34.0097 -47.175 3
    endloop
  endfacet
  facet normal 0 0 1
    outer loop
      vertex -36.389 -46.3236 3
      vertex -34.4445 -43.4135 3
      vertex -34.5785 -43.3141 3
    endloop
  endfacet
  facet normal 0 0 1
    outer loop
      vertex -36.7988 -46.0197 3
      vertex -34.5785 -43.3141 3
      vertex -34.7021 -43.2021 3
    endloop
  endfacet
  facet normal 0 0 1
    outer loop
      vertex -37.1769 -45.6769 3
      vertex -34.7021 -43.2021 3
      vertex -34.8141 -43.0785 3
    endloop
  endfacet
  facet normal 0 0 1
    outer loop
      vertex -37.5197 -45.2988 3
      vertex -34.8141 -43.0785 3
      vertex -34.9135 -42.9445 3
    endloop
  endfacet
  facet normal 0 0 1
    outer loop
      vertex -37.8236 -44.889 3
      vertex -34.9135 -42.9445 3
      vertex -34.9993 -42.8014 3
    endloop
  endfacet
  facet normal 0 0 1
    outer loop
      vertex -33.9935 -43.6268 3
      vertex -35.0095 -46.9761 3
      vertex -34.5145 -47.1001 3
    endloop
  endfacet
  facet normal 0 0 1
    outer loop
      vertex -38.086 -44.4512 3
      vertex -34.9993 -42.8014 3
      vertex -35.0706 -42.6506 3
    endloop
  endfacet
  facet normal 0 0 1
    outer loop
      vertex -38.3042 -43.9899 3
      vertex -35.0706 -42.6506 3
      vertex -35.1268 -42.4935 3
    endloop
  endfacet
  facet normal 0 0 1
    outer loop
      vertex -38.4761 -43.5095 3
      vertex -35.1268 -42.4935 3
      vertex -35.1673 -42.3317 3
    endloop
  endfacet
  facet normal 0 0 1
    outer loop
      vertex -38.6001 -43.0145 3
      vertex -35.1673 -42.3317 3
      vertex -35.1918 -42.1666 3
    endloop
  endfacet
  facet normal 0 0 1
    outer loop
      vertex -38.675 -42.5097 3
      vertex -35.1918 -42.1666 3
      vertex -35.2 -42 3
    endloop
  endfacet
  facet normal 0 0 1
    outer loop
      vertex -34.9135 -41.0555 3
      vertex -37.8236 -39.111 3
      vertex -34.9993 -41.1986 3
    endloop
  endfacet
  facet normal 0 0 1
    outer loop
      vertex -34.1506 -43.5706 3
      vertex -35.4899 -46.8042 3
      vertex -35.0095 -46.9761 3
    endloop
  endfacet
  facet normal -0 0 1
    outer loop
      vertex -38.086 -39.5487 3
      vertex -34.9993 -41.1986 3
      vertex -37.8236 -39.111 3
    endloop
  endfacet
  facet normal 0 0 1
    outer loop
      vertex -34.3014 -43.4993 3
      vertex -35.9512 -46.586 3
      vertex -35.4899 -46.8042 3
    endloop
  endfacet
  facet normal 0 0 1
    outer loop
      vertex -34.9993 -41.1986 3
      vertex -38.086 -39.5487 3
      vertex -35.0706 -41.3494 3
    endloop
  endfacet
  facet normal 0 0 1
    outer loop
      vertex -34.4445 -43.4135 3
      vertex -36.389 -46.3236 3
      vertex -35.9512 -46.586 3
    endloop
  endfacet
  facet normal -0 0 1
    outer loop
      vertex -38.3042 -40.01 3
      vertex -35.0706 -41.3494 3
      vertex -38.086 -39.5487 3
    endloop
  endfacet
  facet normal 0 0 1
    outer loop
      vertex -34.5785 -43.3141 3
      vertex -36.7988 -46.0197 3
      vertex -36.389 -46.3236 3
    endloop
  endfacet
  facet normal 0 0 1
    outer loop
      vertex -35.0706 -41.3494 3
      vertex -38.3042 -40.01 3
      vertex -35.1268 -41.5065 3
    endloop
  endfacet
  facet normal 0 0 1
    outer loop
      vertex -34.7021 -43.2021 3
      vertex -37.1769 -45.6769 3
      vertex -36.7988 -46.0197 3
    endloop
  endfacet
  facet normal -0 0 1
    outer loop
      vertex -38.4761 -40.4905 3
      vertex -35.1268 -41.5065 3
      vertex -38.3042 -40.01 3
    endloop
  endfacet
  facet normal 0 0 1
    outer loop
      vertex -34.8141 -43.0785 3
      vertex -37.5197 -45.2988 3
      vertex -37.1769 -45.6769 3
    endloop
  endfacet
  facet normal 0 0 1
    outer loop
      vertex -35.1268 -41.5065 3
      vertex -38.4761 -40.4905 3
      vertex -35.1673 -41.6683 3
    endloop
  endfacet
  facet normal 0 0 1
    outer loop
      vertex -34.9135 -42.9445 3
      vertex -37.8236 -44.889 3
      vertex -37.5197 -45.2988 3
    endloop
  endfacet
  facet normal -0 0 1
    outer loop
      vertex -38.6001 -40.9855 3
      vertex -35.1673 -41.6683 3
      vertex -38.4761 -40.4905 3
    endloop
  endfacet
  facet normal 0 0 1
    outer loop
      vertex -34.9993 -42.8014 3
      vertex -38.086 -44.4512 3
      vertex -37.8236 -44.889 3
    endloop
  endfacet
  facet normal 0 0 1
    outer loop
      vertex -35.1673 -41.6683 3
      vertex -38.6001 -40.9855 3
      vertex -35.1918 -41.8334 3
    endloop
  endfacet
  facet normal 0 0 1
    outer loop
      vertex -35.0706 -42.6506 3
      vertex -38.3042 -43.9899 3
      vertex -38.086 -44.4512 3
    endloop
  endfacet
  facet normal -0 0 1
    outer loop
      vertex -38.675 -41.4903 3
      vertex -35.1918 -41.8334 3
      vertex -38.6001 -40.9855 3
    endloop
  endfacet
  facet normal 0 0 1
    outer loop
      vertex -35.1268 -42.4935 3
      vertex -38.4761 -43.5095 3
      vertex -38.3042 -43.9899 3
    endloop
  endfacet
  facet normal 0 0 1
    outer loop
      vertex -35.1918 -41.8334 3
      vertex -38.675 -41.4903 3
      vertex -35.2 -42 3
    endloop
  endfacet
  facet normal 0 0 1
    outer loop
      vertex -35.1673 -42.3317 3
      vertex -38.6001 -43.0145 3
      vertex -38.4761 -43.5095 3
    endloop
  endfacet
  facet normal 0 0 1
    outer loop
      vertex -38.7 -42 3
      vertex -35.2 -42 3
      vertex -38.675 -41.4903 3
    endloop
  endfacet
  facet normal 0 0 1
    outer loop
      vertex -35.1918 -42.1666 3
      vertex -38.675 -42.5097 3
      vertex -38.6001 -43.0145 3
    endloop
  endfacet
  facet normal 0 0 1
    outer loop
      vertex -35.2 -42 3
      vertex -38.7 -42 3
      vertex -38.675 -42.5097 3
    endloop
  endfacet
  facet normal 0.146769 -0.989171 0
    outer loop
      vertex 34.0097 -47.175 0
      vertex 34.5145 -47.1001 3
      vertex 34.0097 -47.175 3
    endloop
  endfacet
  facet normal 0.146769 -0.989171 0
    outer loop
      vertex 34.5145 -47.1001 3
      vertex 34.0097 -47.175 0
      vertex 34.5145 -47.1001 0
    endloop
  endfacet
  facet normal 0.242997 -0.970027 0
    outer loop
      vertex 34.5145 -47.1001 0
      vertex 35.0095 -46.9761 3
      vertex 34.5145 -47.1001 3
    endloop
  endfacet
  facet normal 0.242997 -0.970027 0
    outer loop
      vertex 35.0095 -46.9761 3
      vertex 34.5145 -47.1001 0
      vertex 35.0095 -46.9761 0
    endloop
  endfacet
  facet normal 0.336907 -0.941538 0
    outer loop
      vertex 35.0095 -46.9761 0
      vertex 35.4899 -46.8042 3
      vertex 35.0095 -46.9761 3
    endloop
  endfacet
  facet normal 0.336907 -0.941538 0
    outer loop
      vertex 35.4899 -46.8042 3
      vertex 35.0095 -46.9761 0
      vertex 35.4899 -46.8042 0
    endloop
  endfacet
  facet normal 0.427589 -0.903973 0
    outer loop
      vertex 35.4899 -46.8042 0
      vertex 35.9512 -46.586 3
      vertex 35.4899 -46.8042 3
    endloop
  endfacet
  facet normal 0.427589 -0.903973 0
    outer loop
      vertex 35.9512 -46.586 3
      vertex 35.4899 -46.8042 0
      vertex 35.9512 -46.586 0
    endloop
  endfacet
  facet normal 0.514092 -0.857735 0
    outer loop
      vertex 35.9512 -46.586 0
      vertex 36.389 -46.3236 3
      vertex 35.9512 -46.586 3
    endloop
  endfacet
  facet normal 0.514092 -0.857735 0
    outer loop
      vertex 36.389 -46.3236 3
      vertex 35.9512 -46.586 0
      vertex 36.389 -46.3236 0
    endloop
  endfacet
  facet normal 0.595663 -0.803234 0
    outer loop
      vertex 36.389 -46.3236 0
      vertex 36.7988 -46.0197 3
      vertex 36.389 -46.3236 3
    endloop
  endfacet
  facet normal 0.595663 -0.803234 0
    outer loop
      vertex 36.7988 -46.0197 3
      vertex 36.389 -46.3236 0
      vertex 36.7988 -46.0197 0
    endloop
  endfacet
  facet normal 0.671677 -0.740844 0
    outer loop
      vertex 36.7988 -46.0197 0
      vertex 37.1769 -45.6769 3
      vertex 36.7988 -46.0197 3
    endloop
  endfacet
  facet normal 0.671677 -0.740844 0
    outer loop
      vertex 37.1769 -45.6769 3
      vertex 36.7988 -46.0197 0
      vertex 37.1769 -45.6769 0
    endloop
  endfacet
  facet normal 0.740844 -0.671677 0
    outer loop
      vertex 37.1769 -45.6769 3
      vertex 37.5197 -45.2988 0
      vertex 37.5197 -45.2988 3
    endloop
  endfacet
  facet normal 0.740844 -0.671677 0
    outer loop
      vertex 37.5197 -45.2988 0
      vertex 37.1769 -45.6769 3
      vertex 37.1769 -45.6769 0
    endloop
  endfacet
  facet normal 0.803234 -0.595663 0
    outer loop
      vertex 37.5197 -45.2988 3
      vertex 37.8236 -44.889 0
      vertex 37.8236 -44.889 3
    endloop
  endfacet
  facet normal 0.803234 -0.595663 0
    outer loop
      vertex 37.8236 -44.889 0
      vertex 37.5197 -45.2988 3
      vertex 37.5197 -45.2988 0
    endloop
  endfacet
  facet normal 0.857735 -0.514092 0
    outer loop
      vertex 37.8236 -44.889 3
      vertex 38.086 -44.4512 0
      vertex 38.086 -44.4512 3
    endloop
  endfacet
  facet normal 0.857735 -0.514092 0
    outer loop
      vertex 38.086 -44.4512 0
      vertex 37.8236 -44.889 3
      vertex 37.8236 -44.889 0
    endloop
  endfacet
  facet normal 0.903973 -0.427589 0
    outer loop
      vertex 38.086 -44.4512 3
      vertex 38.3042 -43.9899 0
      vertex 38.3042 -43.9899 3
    endloop
  endfacet
  facet normal 0.903973 -0.427589 0
    outer loop
      vertex 38.3042 -43.9899 0
      vertex 38.086 -44.4512 3
      vertex 38.086 -44.4512 0
    endloop
  endfacet
  facet normal 0.941538 -0.336907 0
    outer loop
      vertex 38.3042 -43.9899 3
      vertex 38.4761 -43.5095 0
      vertex 38.4761 -43.5095 3
    endloop
  endfacet
  facet normal 0.941538 -0.336907 0
    outer loop
      vertex 38.4761 -43.5095 0
      vertex 38.3042 -43.9899 3
      vertex 38.3042 -43.9899 0
    endloop
  endfacet
  facet normal 0.970027 -0.242997 0
    outer loop
      vertex 38.4761 -43.5095 3
      vertex 38.6001 -43.0145 0
      vertex 38.6001 -43.0145 3
    endloop
  endfacet
  facet normal 0.970027 -0.242997 0
    outer loop
      vertex 38.6001 -43.0145 0
      vertex 38.4761 -43.5095 3
      vertex 38.4761 -43.5095 0
    endloop
  endfacet
  facet normal 0.989171 -0.146769 0
    outer loop
      vertex 38.6001 -43.0145 3
      vertex 38.675 -42.5097 0
      vertex 38.675 -42.5097 3
    endloop
  endfacet
  facet normal 0.989171 -0.146769 0
    outer loop
      vertex 38.675 -42.5097 0
      vertex 38.6001 -43.0145 3
      vertex 38.6001 -43.0145 0
    endloop
  endfacet
  facet normal 0.998799 -0.0489896 0
    outer loop
      vertex 38.675 -42.5097 3
      vertex 38.7 -42 0
      vertex 38.7 -42 3
    endloop
  endfacet
  facet normal 0.998799 -0.0489896 0
    outer loop
      vertex 38.7 -42 0
      vertex 38.675 -42.5097 3
      vertex 38.675 -42.5097 0
    endloop
  endfacet
  facet normal 0.998799 0.0489896 0
    outer loop
      vertex 38.7 -42 3
      vertex 38.675 -41.4903 0
      vertex 38.675 -41.4903 3
    endloop
  endfacet
  facet normal 0.998799 0.0489896 0
    outer loop
      vertex 38.675 -41.4903 0
      vertex 38.7 -42 3
      vertex 38.7 -42 0
    endloop
  endfacet
  facet normal 0.989171 0.146769 0
    outer loop
      vertex 38.675 -41.4903 3
      vertex 38.6001 -40.9855 0
      vertex 38.6001 -40.9855 3
    endloop
  endfacet
  facet normal 0.989171 0.146769 0
    outer loop
      vertex 38.6001 -40.9855 0
      vertex 38.675 -41.4903 3
      vertex 38.675 -41.4903 0
    endloop
  endfacet
  facet normal 0.970027 0.242997 0
    outer loop
      vertex 38.6001 -40.9855 3
      vertex 38.4761 -40.4905 0
      vertex 38.4761 -40.4905 3
    endloop
  endfacet
  facet normal 0.970027 0.242997 0
    outer loop
      vertex 38.4761 -40.4905 0
      vertex 38.6001 -40.9855 3
      vertex 38.6001 -40.9855 0
    endloop
  endfacet
  facet normal 0.94156 0.336845 0
    outer loop
      vertex 38.4761 -40.4905 3
      vertex 38.3042 -40.01 0
      vertex 38.3042 -40.01 3
    endloop
  endfacet
  facet normal 0.94156 0.336845 0
    outer loop
      vertex 38.3042 -40.01 0
      vertex 38.4761 -40.4905 3
      vertex 38.4761 -40.4905 0
    endloop
  endfacet
  facet normal 0.903973 0.427589 0
    outer loop
      vertex 38.3042 -40.01 3
      vertex 38.086 -39.5487 0
      vertex 38.086 -39.5487 3
    endloop
  endfacet
  facet normal 0.903973 0.427589 0
    outer loop
      vertex 38.086 -39.5487 0
      vertex 38.3042 -40.01 3
      vertex 38.3042 -40.01 0
    endloop
  endfacet
  facet normal 0.857683 0.514179 0
    outer loop
      vertex 38.086 -39.5487 3
      vertex 37.8236 -39.111 0
      vertex 37.8236 -39.111 3
    endloop
  endfacet
  facet normal 0.857683 0.514179 0
    outer loop
      vertex 37.8236 -39.111 0
      vertex 38.086 -39.5487 3
      vertex 38.086 -39.5487 0
    endloop
  endfacet
  facet normal 0.803304 0.59557 0
    outer loop
      vertex 37.8236 -39.111 3
      vertex 37.5197 -38.7011 0
      vertex 37.5197 -38.7011 3
    endloop
  endfacet
  facet normal 0.803304 0.59557 0
    outer loop
      vertex 37.5197 -38.7011 0
      vertex 37.8236 -39.111 3
      vertex 37.8236 -39.111 0
    endloop
  endfacet
  facet normal 0.740844 0.671677 0
    outer loop
      vertex 37.5197 -38.7011 3
      vertex 37.1769 -38.323 0
      vertex 37.1769 -38.323 3
    endloop
  endfacet
  facet normal 0.740844 0.671677 0
    outer loop
      vertex 37.1769 -38.323 0
      vertex 37.5197 -38.7011 3
      vertex 37.5197 -38.7011 0
    endloop
  endfacet
  facet normal 0.67157 0.740941 -0
    outer loop
      vertex 37.1769 -38.323 0
      vertex 36.7988 -37.9803 3
      vertex 37.1769 -38.323 3
    endloop
  endfacet
  facet normal 0.67157 0.740941 0
    outer loop
      vertex 36.7988 -37.9803 3
      vertex 37.1769 -38.323 0
      vertex 36.7988 -37.9803 0
    endloop
  endfacet
  facet normal 0.59579 0.80314 -0
    outer loop
      vertex 36.7988 -37.9803 0
      vertex 36.389 -37.6763 3
      vertex 36.7988 -37.9803 3
    endloop
  endfacet
  facet normal 0.59579 0.80314 0
    outer loop
      vertex 36.389 -37.6763 3
      vertex 36.7988 -37.9803 0
      vertex 36.389 -37.6763 0
    endloop
  endfacet
  facet normal 0.513948 0.857821 -0
    outer loop
      vertex 36.389 -37.6763 0
      vertex 35.9512 -37.414 3
      vertex 36.389 -37.6763 3
    endloop
  endfacet
  facet normal 0.513948 0.857821 0
    outer loop
      vertex 35.9512 -37.414 3
      vertex 36.389 -37.6763 0
      vertex 35.9512 -37.414 0
    endloop
  endfacet
  facet normal 0.427589 0.903973 -0
    outer loop
      vertex 35.9512 -37.414 0
      vertex 35.4899 -37.1958 3
      vertex 35.9512 -37.414 3
    endloop
  endfacet
  facet normal 0.427589 0.903973 0
    outer loop
      vertex 35.4899 -37.1958 3
      vertex 35.9512 -37.414 0
      vertex 35.4899 -37.1958 0
    endloop
  endfacet
  facet normal 0.336907 0.941538 -0
    outer loop
      vertex 35.4899 -37.1958 0
      vertex 35.0095 -37.0239 3
      vertex 35.4899 -37.1958 3
    endloop
  endfacet
  facet normal 0.336907 0.941538 0
    outer loop
      vertex 35.0095 -37.0239 3
      vertex 35.4899 -37.1958 0
      vertex 35.0095 -37.0239 0
    endloop
  endfacet
  facet normal 0.242997 0.970027 -0
    outer loop
      vertex 35.0095 -37.0239 0
      vertex 34.5145 -36.8999 3
      vertex 35.0095 -37.0239 3
    endloop
  endfacet
  facet normal 0.242997 0.970027 0
    outer loop
      vertex 34.5145 -36.8999 3
      vertex 35.0095 -37.0239 0
      vertex 34.5145 -36.8999 0
    endloop
  endfacet
  facet normal 0.146769 0.989171 -0
    outer loop
      vertex 34.5145 -36.8999 0
      vertex 34.0097 -36.825 3
      vertex 34.5145 -36.8999 3
    endloop
  endfacet
  facet normal 0.146769 0.989171 0
    outer loop
      vertex 34.0097 -36.825 3
      vertex 34.5145 -36.8999 0
      vertex 34.0097 -36.825 0
    endloop
  endfacet
  facet normal 0.0489896 0.998799 -0
    outer loop
      vertex 34.0097 -36.825 0
      vertex 33.5 -36.8 3
      vertex 34.0097 -36.825 3
    endloop
  endfacet
  facet normal 0.0489896 0.998799 0
    outer loop
      vertex 33.5 -36.8 3
      vertex 34.0097 -36.825 0
      vertex 33.5 -36.8 0
    endloop
  endfacet
  facet normal -0.0489896 0.998799 0
    outer loop
      vertex 33.5 -36.8 0
      vertex 32.9903 -36.825 3
      vertex 33.5 -36.8 3
    endloop
  endfacet
  facet normal -0.0489896 0.998799 0
    outer loop
      vertex 32.9903 -36.825 3
      vertex 33.5 -36.8 0
      vertex 32.9903 -36.825 0
    endloop
  endfacet
  facet normal -0.116942 0.993139 0
    outer loop
      vertex 32.9903 -36.825 0
      vertex 16.4 -38.7785 3
      vertex 32.9903 -36.825 3
    endloop
  endfacet
  facet normal -0.116942 0.993139 0
    outer loop
      vertex 16.4 -38.7785 3
      vertex 32.9903 -36.825 0
      vertex 16.4 -38.7785 0
    endloop
  endfacet
  facet normal -0.116942 -0.993139 0
    outer loop
      vertex 16.4 -19.2215 0
      vertex 32.9903 -21.175 3
      vertex 16.4 -19.2215 3
    endloop
  endfacet
  facet normal -0.116942 -0.993139 -0
    outer loop
      vertex 32.9903 -21.175 3
      vertex 16.4 -19.2215 0
      vertex 32.9903 -21.175 0
    endloop
  endfacet
  facet normal -0.0489896 -0.998799 0
    outer loop
      vertex 32.9903 -21.175 0
      vertex 33.5 -21.2 3
      vertex 32.9903 -21.175 3
    endloop
  endfacet
  facet normal -0.0489896 -0.998799 -0
    outer loop
      vertex 33.5 -21.2 3
      vertex 32.9903 -21.175 0
      vertex 33.5 -21.2 0
    endloop
  endfacet
  facet normal 0.0489896 -0.998799 0
    outer loop
      vertex 33.5 -21.2 0
      vertex 34.0097 -21.175 3
      vertex 33.5 -21.2 3
    endloop
  endfacet
  facet normal 0.0489896 -0.998799 0
    outer loop
      vertex 34.0097 -21.175 3
      vertex 33.5 -21.2 0
      vertex 34.0097 -21.175 0
    endloop
  endfacet
  facet normal 0.146769 -0.989171 0
    outer loop
      vertex 34.0097 -21.175 0
      vertex 34.5145 -21.1001 3
      vertex 34.0097 -21.175 3
    endloop
  endfacet
  facet normal 0.146769 -0.989171 0
    outer loop
      vertex 34.5145 -21.1001 3
      vertex 34.0097 -21.175 0
      vertex 34.5145 -21.1001 0
    endloop
  endfacet
  facet normal 0.242997 -0.970027 0
    outer loop
      vertex 34.5145 -21.1001 0
      vertex 35.0095 -20.9761 3
      vertex 34.5145 -21.1001 3
    endloop
  endfacet
  facet normal 0.242997 -0.970027 0
    outer loop
      vertex 35.0095 -20.9761 3
      vertex 34.5145 -21.1001 0
      vertex 35.0095 -20.9761 0
    endloop
  endfacet
  facet normal 0.336907 -0.941538 0
    outer loop
      vertex 35.0095 -20.9761 0
      vertex 35.4899 -20.8042 3
      vertex 35.0095 -20.9761 3
    endloop
  endfacet
  facet normal 0.336907 -0.941538 0
    outer loop
      vertex 35.4899 -20.8042 3
      vertex 35.0095 -20.9761 0
      vertex 35.4899 -20.8042 0
    endloop
  endfacet
  facet normal 0.427589 -0.903973 0
    outer loop
      vertex 35.4899 -20.8042 0
      vertex 35.9512 -20.586 3
      vertex 35.4899 -20.8042 3
    endloop
  endfacet
  facet normal 0.427589 -0.903973 0
    outer loop
      vertex 35.9512 -20.586 3
      vertex 35.4899 -20.8042 0
      vertex 35.9512 -20.586 0
    endloop
  endfacet
  facet normal 0.514092 -0.857735 0
    outer loop
      vertex 35.9512 -20.586 0
      vertex 36.389 -20.3236 3
      vertex 35.9512 -20.586 3
    endloop
  endfacet
  facet normal 0.514092 -0.857735 0
    outer loop
      vertex 36.389 -20.3236 3
      vertex 35.9512 -20.586 0
      vertex 36.389 -20.3236 0
    endloop
  endfacet
  facet normal 0.595663 -0.803234 0
    outer loop
      vertex 36.389 -20.3236 0
      vertex 36.7988 -20.0197 3
      vertex 36.389 -20.3236 3
    endloop
  endfacet
  facet normal 0.595663 -0.803234 0
    outer loop
      vertex 36.7988 -20.0197 3
      vertex 36.389 -20.3236 0
      vertex 36.7988 -20.0197 0
    endloop
  endfacet
  facet normal 0.671677 -0.740844 0
    outer loop
      vertex 36.7988 -20.0197 0
      vertex 37.1769 -19.6769 3
      vertex 36.7988 -20.0197 3
    endloop
  endfacet
  facet normal 0.671677 -0.740844 0
    outer loop
      vertex 37.1769 -19.6769 3
      vertex 36.7988 -20.0197 0
      vertex 37.1769 -19.6769 0
    endloop
  endfacet
  facet normal 0.740844 -0.671677 0
    outer loop
      vertex 37.1769 -19.6769 3
      vertex 37.5197 -19.2988 0
      vertex 37.5197 -19.2988 3
    endloop
  endfacet
  facet normal 0.740844 -0.671677 0
    outer loop
      vertex 37.5197 -19.2988 0
      vertex 37.1769 -19.6769 3
      vertex 37.1769 -19.6769 0
    endloop
  endfacet
  facet normal 0.803234 -0.595663 0
    outer loop
      vertex 37.5197 -19.2988 3
      vertex 37.8236 -18.889 0
      vertex 37.8236 -18.889 3
    endloop
  endfacet
  facet normal 0.803234 -0.595663 0
    outer loop
      vertex 37.8236 -18.889 0
      vertex 37.5197 -19.2988 3
      vertex 37.5197 -19.2988 0
    endloop
  endfacet
  facet normal 0.857735 -0.514092 0
    outer loop
      vertex 37.8236 -18.889 3
      vertex 38.086 -18.4512 0
      vertex 38.086 -18.4512 3
    endloop
  endfacet
  facet normal 0.857735 -0.514092 0
    outer loop
      vertex 38.086 -18.4512 0
      vertex 37.8236 -18.889 3
      vertex 37.8236 -18.889 0
    endloop
  endfacet
  facet normal 0.903973 -0.427589 0
    outer loop
      vertex 38.086 -18.4512 3
      vertex 38.3042 -17.9899 0
      vertex 38.3042 -17.9899 3
    endloop
  endfacet
  facet normal 0.903973 -0.427589 0
    outer loop
      vertex 38.3042 -17.9899 0
      vertex 38.086 -18.4512 3
      vertex 38.086 -18.4512 0
    endloop
  endfacet
  facet normal 0.941538 -0.336907 0
    outer loop
      vertex 38.3042 -17.9899 3
      vertex 38.4761 -17.5095 0
      vertex 38.4761 -17.5095 3
    endloop
  endfacet
  facet normal 0.941538 -0.336907 0
    outer loop
      vertex 38.4761 -17.5095 0
      vertex 38.3042 -17.9899 3
      vertex 38.3042 -17.9899 0
    endloop
  endfacet
  facet normal 0.970027 -0.242997 0
    outer loop
      vertex 38.4761 -17.5095 3
      vertex 38.6001 -17.0145 0
      vertex 38.6001 -17.0145 3
    endloop
  endfacet
  facet normal 0.970027 -0.242997 0
    outer loop
      vertex 38.6001 -17.0145 0
      vertex 38.4761 -17.5095 3
      vertex 38.4761 -17.5095 0
    endloop
  endfacet
  facet normal 0.989171 -0.146769 0
    outer loop
      vertex 38.6001 -17.0145 3
      vertex 38.675 -16.5097 0
      vertex 38.675 -16.5097 3
    endloop
  endfacet
  facet normal 0.989171 -0.146769 0
    outer loop
      vertex 38.675 -16.5097 0
      vertex 38.6001 -17.0145 3
      vertex 38.6001 -17.0145 0
    endloop
  endfacet
  facet normal 0.998799 -0.0489896 0
    outer loop
      vertex 38.675 -16.5097 3
      vertex 38.7 -16 0
      vertex 38.7 -16 3
    endloop
  endfacet
  facet normal 0.998799 -0.0489896 0
    outer loop
      vertex 38.7 -16 0
      vertex 38.675 -16.5097 3
      vertex 38.675 -16.5097 0
    endloop
  endfacet
  facet normal 0.998799 0.0489896 0
    outer loop
      vertex 38.7 -16 3
      vertex 38.675 -15.4903 0
      vertex 38.675 -15.4903 3
    endloop
  endfacet
  facet normal 0.998799 0.0489896 0
    outer loop
      vertex 38.675 -15.4903 0
      vertex 38.7 -16 3
      vertex 38.7 -16 0
    endloop
  endfacet
  facet normal 0.989171 0.146769 0
    outer loop
      vertex 38.675 -15.4903 3
      vertex 38.6001 -14.9855 0
      vertex 38.6001 -14.9855 3
    endloop
  endfacet
  facet normal 0.989171 0.146769 0
    outer loop
      vertex 38.6001 -14.9855 0
      vertex 38.675 -15.4903 3
      vertex 38.675 -15.4903 0
    endloop
  endfacet
  facet normal 0.970027 0.242997 0
    outer loop
      vertex 38.6001 -14.9855 3
      vertex 38.4761 -14.4905 0
      vertex 38.4761 -14.4905 3
    endloop
  endfacet
  facet normal 0.970027 0.242997 0
    outer loop
      vertex 38.4761 -14.4905 0
      vertex 38.6001 -14.9855 3
      vertex 38.6001 -14.9855 0
    endloop
  endfacet
  facet normal 0.94156 0.336845 0
    outer loop
      vertex 38.4761 -14.4905 3
      vertex 38.3042 -14.01 0
      vertex 38.3042 -14.01 3
    endloop
  endfacet
  facet normal 0.94156 0.336845 0
    outer loop
      vertex 38.3042 -14.01 0
      vertex 38.4761 -14.4905 3
      vertex 38.4761 -14.4905 0
    endloop
  endfacet
  facet normal 0.903973 0.427589 0
    outer loop
      vertex 38.3042 -14.01 3
      vertex 38.086 -13.5487 0
      vertex 38.086 -13.5487 3
    endloop
  endfacet
  facet normal 0.903973 0.427589 0
    outer loop
      vertex 38.086 -13.5487 0
      vertex 38.3042 -14.01 3
      vertex 38.3042 -14.01 0
    endloop
  endfacet
  facet normal 0.857683 0.514179 0
    outer loop
      vertex 38.086 -13.5487 3
      vertex 37.8236 -13.111 0
      vertex 37.8236 -13.111 3
    endloop
  endfacet
  facet normal 0.857683 0.514179 0
    outer loop
      vertex 37.8236 -13.111 0
      vertex 38.086 -13.5487 3
      vertex 38.086 -13.5487 0
    endloop
  endfacet
  facet normal 0.803304 0.59557 0
    outer loop
      vertex 37.8236 -13.111 3
      vertex 37.5197 -12.7011 0
      vertex 37.5197 -12.7011 3
    endloop
  endfacet
  facet normal 0.803304 0.59557 0
    outer loop
      vertex 37.5197 -12.7011 0
      vertex 37.8236 -13.111 3
      vertex 37.8236 -13.111 0
    endloop
  endfacet
  facet normal 0.740844 0.671677 0
    outer loop
      vertex 37.5197 -12.7011 3
      vertex 37.1769 -12.323 0
      vertex 37.1769 -12.323 3
    endloop
  endfacet
  facet normal 0.740844 0.671677 0
    outer loop
      vertex 37.1769 -12.323 0
      vertex 37.5197 -12.7011 3
      vertex 37.5197 -12.7011 0
    endloop
  endfacet
  facet normal 0.67157 0.740941 -0
    outer loop
      vertex 37.1769 -12.323 0
      vertex 36.7988 -11.9803 3
      vertex 37.1769 -12.323 3
    endloop
  endfacet
  facet normal 0.67157 0.740941 0
    outer loop
      vertex 36.7988 -11.9803 3
      vertex 37.1769 -12.323 0
      vertex 36.7988 -11.9803 0
    endloop
  endfacet
  facet normal 0.59579 0.80314 -0
    outer loop
      vertex 36.7988 -11.9803 0
      vertex 36.389 -11.6763 3
      vertex 36.7988 -11.9803 3
    endloop
  endfacet
  facet normal 0.59579 0.80314 0
    outer loop
      vertex 36.389 -11.6763 3
      vertex 36.7988 -11.9803 0
      vertex 36.389 -11.6763 0
    endloop
  endfacet
  facet normal 0.513948 0.857821 -0
    outer loop
      vertex 36.389 -11.6763 0
      vertex 35.9512 -11.414 3
      vertex 36.389 -11.6763 3
    endloop
  endfacet
  facet normal 0.513948 0.857821 0
    outer loop
      vertex 35.9512 -11.414 3
      vertex 36.389 -11.6763 0
      vertex 35.9512 -11.414 0
    endloop
  endfacet
  facet normal 0.427589 0.903973 -0
    outer loop
      vertex 35.9512 -11.414 0
      vertex 35.4899 -11.1958 3
      vertex 35.9512 -11.414 3
    endloop
  endfacet
  facet normal 0.427589 0.903973 0
    outer loop
      vertex 35.4899 -11.1958 3
      vertex 35.9512 -11.414 0
      vertex 35.4899 -11.1958 0
    endloop
  endfacet
  facet normal 0.336907 0.941538 -0
    outer loop
      vertex 35.4899 -11.1958 0
      vertex 35.0095 -11.0239 3
      vertex 35.4899 -11.1958 3
    endloop
  endfacet
  facet normal 0.336907 0.941538 0
    outer loop
      vertex 35.0095 -11.0239 3
      vertex 35.4899 -11.1958 0
      vertex 35.0095 -11.0239 0
    endloop
  endfacet
  facet normal 0.242997 0.970027 -0
    outer loop
      vertex 35.0095 -11.0239 0
      vertex 34.5145 -10.8999 3
      vertex 35.0095 -11.0239 3
    endloop
  endfacet
  facet normal 0.242997 0.970027 0
    outer loop
      vertex 34.5145 -10.8999 3
      vertex 35.0095 -11.0239 0
      vertex 34.5145 -10.8999 0
    endloop
  endfacet
  facet normal 0.146769 0.989171 -0
    outer loop
      vertex 34.5145 -10.8999 0
      vertex 34.0097 -10.825 3
      vertex 34.5145 -10.8999 3
    endloop
  endfacet
  facet normal 0.146769 0.989171 0
    outer loop
      vertex 34.0097 -10.825 3
      vertex 34.5145 -10.8999 0
      vertex 34.0097 -10.825 0
    endloop
  endfacet
  facet normal 0.0489896 0.998799 -0
    outer loop
      vertex 34.0097 -10.825 0
      vertex 33.5 -10.8 3
      vertex 34.0097 -10.825 3
    endloop
  endfacet
  facet normal 0.0489896 0.998799 0
    outer loop
      vertex 33.5 -10.8 3
      vertex 34.0097 -10.825 0
      vertex 33.5 -10.8 0
    endloop
  endfacet
  facet normal -0.0489896 0.998799 0
    outer loop
      vertex 33.5 -10.8 0
      vertex 32.9903 -10.825 3
      vertex 33.5 -10.8 3
    endloop
  endfacet
  facet normal -0.0489896 0.998799 0
    outer loop
      vertex 32.9903 -10.825 3
      vertex 33.5 -10.8 0
      vertex 32.9903 -10.825 0
    endloop
  endfacet
  facet normal -0.116942 0.993139 0
    outer loop
      vertex 32.9903 -10.825 0
      vertex 16.4 -12.7785 3
      vertex 32.9903 -10.825 3
    endloop
  endfacet
  facet normal -0.116942 0.993139 0
    outer loop
      vertex 16.4 -12.7785 3
      vertex 32.9903 -10.825 0
      vertex 16.4 -12.7785 0
    endloop
  endfacet
  facet normal 0 1 -0
    outer loop
      vertex 16.4 -11.6 0
      vertex -16.4 -11.6 3
      vertex 16.4 -11.6 3
    endloop
  endfacet
  facet normal 0 1 0
    outer loop
      vertex -16.4 -11.6 3
      vertex 16.4 -11.6 0
      vertex -16.4 -11.6 0
    endloop
  endfacet
  facet normal 0.116942 0.993139 -0
    outer loop
      vertex -16.4 -12.7785 0
      vertex -32.9903 -10.825 3
      vertex -16.4 -12.7785 3
    endloop
  endfacet
  facet normal 0.116942 0.993139 0
    outer loop
      vertex -32.9903 -10.825 3
      vertex -16.4 -12.7785 0
      vertex -32.9903 -10.825 0
    endloop
  endfacet
  facet normal 0.0489896 0.998799 -0
    outer loop
      vertex -32.9903 -10.825 0
      vertex -33.5 -10.8 3
      vertex -32.9903 -10.825 3
    endloop
  endfacet
  facet normal 0.0489896 0.998799 0
    outer loop
      vertex -33.5 -10.8 3
      vertex -32.9903 -10.825 0
      vertex -33.5 -10.8 0
    endloop
  endfacet
  facet normal -0.0489896 0.998799 0
    outer loop
      vertex -33.5 -10.8 0
      vertex -34.0097 -10.825 3
      vertex -33.5 -10.8 3
    endloop
  endfacet
  facet normal -0.0489896 0.998799 0
    outer loop
      vertex -34.0097 -10.825 3
      vertex -33.5 -10.8 0
      vertex -34.0097 -10.825 0
    endloop
  endfacet
  facet normal -0.146769 0.989171 0
    outer loop
      vertex -34.0097 -10.825 0
      vertex -34.5145 -10.8999 3
      vertex -34.0097 -10.825 3
    endloop
  endfacet
  facet normal -0.146769 0.989171 0
    outer loop
      vertex -34.5145 -10.8999 3
      vertex -34.0097 -10.825 0
      vertex -34.5145 -10.8999 0
    endloop
  endfacet
  facet normal -0.242997 0.970027 0
    outer loop
      vertex -34.5145 -10.8999 0
      vertex -35.0095 -11.0239 3
      vertex -34.5145 -10.8999 3
    endloop
  endfacet
  facet normal -0.242997 0.970027 0
    outer loop
      vertex -35.0095 -11.0239 3
      vertex -34.5145 -10.8999 0
      vertex -35.0095 -11.0239 0
    endloop
  endfacet
  facet normal -0.336907 0.941538 0
    outer loop
      vertex -35.0095 -11.0239 0
      vertex -35.4899 -11.1958 3
      vertex -35.0095 -11.0239 3
    endloop
  endfacet
  facet normal -0.336907 0.941538 0
    outer loop
      vertex -35.4899 -11.1958 3
      vertex -35.0095 -11.0239 0
      vertex -35.4899 -11.1958 0
    endloop
  endfacet
  facet normal -0.427589 0.903973 0
    outer loop
      vertex -35.4899 -11.1958 0
      vertex -35.9512 -11.414 3
      vertex -35.4899 -11.1958 3
    endloop
  endfacet
  facet normal -0.427589 0.903973 0
    outer loop
      vertex -35.9512 -11.414 3
      vertex -35.4899 -11.1958 0
      vertex -35.9512 -11.414 0
    endloop
  endfacet
  facet normal -0.513948 0.857821 0
    outer loop
      vertex -35.9512 -11.414 0
      vertex -36.389 -11.6763 3
      vertex -35.9512 -11.414 3
    endloop
  endfacet
  facet normal -0.513948 0.857821 0
    outer loop
      vertex -36.389 -11.6763 3
      vertex -35.9512 -11.414 0
      vertex -36.389 -11.6763 0
    endloop
  endfacet
  facet normal -0.59579 0.80314 0
    outer loop
      vertex -36.389 -11.6763 0
      vertex -36.7988 -11.9803 3
      vertex -36.389 -11.6763 3
    endloop
  endfacet
  facet normal -0.59579 0.80314 0
    outer loop
      vertex -36.7988 -11.9803 3
      vertex -36.389 -11.6763 0
      vertex -36.7988 -11.9803 0
    endloop
  endfacet
  facet normal -0.67157 0.740941 0
    outer loop
      vertex -36.7988 -11.9803 0
      vertex -37.1769 -12.323 3
      vertex -36.7988 -11.9803 3
    endloop
  endfacet
  facet normal -0.67157 0.740941 0
    outer loop
      vertex -37.1769 -12.323 3
      vertex -36.7988 -11.9803 0
      vertex -37.1769 -12.323 0
    endloop
  endfacet
  facet normal -0.740844 0.671677 0
    outer loop
      vertex -37.5197 -12.7011 0
      vertex -37.1769 -12.323 3
      vertex -37.1769 -12.323 0
    endloop
  endfacet
  facet normal -0.740844 0.671677 0
    outer loop
      vertex -37.1769 -12.323 3
      vertex -37.5197 -12.7011 0
      vertex -37.5197 -12.7011 3
    endloop
  endfacet
  facet normal -0.803304 0.59557 0
    outer loop
      vertex -37.8236 -13.111 0
      vertex -37.5197 -12.7011 3
      vertex -37.5197 -12.7011 0
    endloop
  endfacet
  facet normal -0.803304 0.59557 0
    outer loop
      vertex -37.5197 -12.7011 3
      vertex -37.8236 -13.111 0
      vertex -37.8236 -13.111 3
    endloop
  endfacet
  facet normal -0.857683 0.514179 0
    outer loop
      vertex -38.086 -13.5487 0
      vertex -37.8236 -13.111 3
      vertex -37.8236 -13.111 0
    endloop
  endfacet
  facet normal -0.857683 0.514179 0
    outer loop
      vertex -37.8236 -13.111 3
      vertex -38.086 -13.5487 0
      vertex -38.086 -13.5487 3
    endloop
  endfacet
  facet normal -0.903973 0.427589 0
    outer loop
      vertex -38.3042 -14.01 0
      vertex -38.086 -13.5487 3
      vertex -38.086 -13.5487 0
    endloop
  endfacet
  facet normal -0.903973 0.427589 0
    outer loop
      vertex -38.086 -13.5487 3
      vertex -38.3042 -14.01 0
      vertex -38.3042 -14.01 3
    endloop
  endfacet
  facet normal -0.94156 0.336845 0
    outer loop
      vertex -38.4761 -14.4905 0
      vertex -38.3042 -14.01 3
      vertex -38.3042 -14.01 0
    endloop
  endfacet
  facet normal -0.94156 0.336845 0
    outer loop
      vertex -38.3042 -14.01 3
      vertex -38.4761 -14.4905 0
      vertex -38.4761 -14.4905 3
    endloop
  endfacet
  facet normal -0.970027 0.242997 0
    outer loop
      vertex -38.6001 -14.9855 0
      vertex -38.4761 -14.4905 3
      vertex -38.4761 -14.4905 0
    endloop
  endfacet
  facet normal -0.970027 0.242997 0
    outer loop
      vertex -38.4761 -14.4905 3
      vertex -38.6001 -14.9855 0
      vertex -38.6001 -14.9855 3
    endloop
  endfacet
  facet normal -0.989171 0.146769 0
    outer loop
      vertex -38.675 -15.4903 0
      vertex -38.6001 -14.9855 3
      vertex -38.6001 -14.9855 0
    endloop
  endfacet
  facet normal -0.989171 0.146769 0
    outer loop
      vertex -38.6001 -14.9855 3
      vertex -38.675 -15.4903 0
      vertex -38.675 -15.4903 3
    endloop
  endfacet
  facet normal -0.998799 0.0489896 0
    outer loop
      vertex -38.7 -16 0
      vertex -38.675 -15.4903 3
      vertex -38.675 -15.4903 0
    endloop
  endfacet
  facet normal -0.998799 0.0489896 0
    outer loop
      vertex -38.675 -15.4903 3
      vertex -38.7 -16 0
      vertex -38.7 -16 3
    endloop
  endfacet
  facet normal -0.998799 -0.0489896 0
    outer loop
      vertex -38.675 -16.5097 0
      vertex -38.7 -16 3
      vertex -38.7 -16 0
    endloop
  endfacet
  facet normal -0.998799 -0.0489896 0
    outer loop
      vertex -38.7 -16 3
      vertex -38.675 -16.5097 0
      vertex -38.675 -16.5097 3
    endloop
  endfacet
  facet normal -0.989171 -0.146769 0
    outer loop
      vertex -38.6001 -17.0145 0
      vertex -38.675 -16.5097 3
      vertex -38.675 -16.5097 0
    endloop
  endfacet
  facet normal -0.989171 -0.146769 0
    outer loop
      vertex -38.675 -16.5097 3
      vertex -38.6001 -17.0145 0
      vertex -38.6001 -17.0145 3
    endloop
  endfacet
  facet normal -0.970027 -0.242997 0
    outer loop
      vertex -38.4761 -17.5095 0
      vertex -38.6001 -17.0145 3
      vertex -38.6001 -17.0145 0
    endloop
  endfacet
  facet normal -0.970027 -0.242997 0
    outer loop
      vertex -38.6001 -17.0145 3
      vertex -38.4761 -17.5095 0
      vertex -38.4761 -17.5095 3
    endloop
  endfacet
  facet normal -0.941538 -0.336907 0
    outer loop
      vertex -38.3042 -17.9899 0
      vertex -38.4761 -17.5095 3
      vertex -38.4761 -17.5095 0
    endloop
  endfacet
  facet normal -0.941538 -0.336907 0
    outer loop
      vertex -38.4761 -17.5095 3
      vertex -38.3042 -17.9899 0
      vertex -38.3042 -17.9899 3
    endloop
  endfacet
  facet normal -0.903973 -0.427589 0
    outer loop
      vertex -38.086 -18.4512 0
      vertex -38.3042 -17.9899 3
      vertex -38.3042 -17.9899 0
    endloop
  endfacet
  facet normal -0.903973 -0.427589 0
    outer loop
      vertex -38.3042 -17.9899 3
      vertex -38.086 -18.4512 0
      vertex -38.086 -18.4512 3
    endloop
  endfacet
  facet normal -0.857735 -0.514092 0
    outer loop
      vertex -37.8236 -18.889 0
      vertex -38.086 -18.4512 3
      vertex -38.086 -18.4512 0
    endloop
  endfacet
  facet normal -0.857735 -0.514092 0
    outer loop
      vertex -38.086 -18.4512 3
      vertex -37.8236 -18.889 0
      vertex -37.8236 -18.889 3
    endloop
  endfacet
  facet normal -0.803234 -0.595663 0
    outer loop
      vertex -37.5197 -19.2988 0
      vertex -37.8236 -18.889 3
      vertex -37.8236 -18.889 0
    endloop
  endfacet
  facet normal -0.803234 -0.595663 0
    outer loop
      vertex -37.8236 -18.889 3
      vertex -37.5197 -19.2988 0
      vertex -37.5197 -19.2988 3
    endloop
  endfacet
  facet normal -0.740844 -0.671677 0
    outer loop
      vertex -37.1769 -19.6769 0
      vertex -37.5197 -19.2988 3
      vertex -37.5197 -19.2988 0
    endloop
  endfacet
  facet normal -0.740844 -0.671677 0
    outer loop
      vertex -37.5197 -19.2988 3
      vertex -37.1769 -19.6769 0
      vertex -37.1769 -19.6769 3
    endloop
  endfacet
  facet normal -0.671677 -0.740844 0
    outer loop
      vertex -37.1769 -19.6769 0
      vertex -36.7988 -20.0197 3
      vertex -37.1769 -19.6769 3
    endloop
  endfacet
  facet normal -0.671677 -0.740844 -0
    outer loop
      vertex -36.7988 -20.0197 3
      vertex -37.1769 -19.6769 0
      vertex -36.7988 -20.0197 0
    endloop
  endfacet
  facet normal -0.595663 -0.803234 0
    outer loop
      vertex -36.7988 -20.0197 0
      vertex -36.389 -20.3236 3
      vertex -36.7988 -20.0197 3
    endloop
  endfacet
  facet normal -0.595663 -0.803234 -0
    outer loop
      vertex -36.389 -20.3236 3
      vertex -36.7988 -20.0197 0
      vertex -36.389 -20.3236 0
    endloop
  endfacet
  facet normal -0.514092 -0.857735 0
    outer loop
      vertex -36.389 -20.3236 0
      vertex -35.9512 -20.586 3
      vertex -36.389 -20.3236 3
    endloop
  endfacet
  facet normal -0.514092 -0.857735 -0
    outer loop
      vertex -35.9512 -20.586 3
      vertex -36.389 -20.3236 0
      vertex -35.9512 -20.586 0
    endloop
  endfacet
  facet normal -0.427589 -0.903973 0
    outer loop
      vertex -35.9512 -20.586 0
      vertex -35.4899 -20.8042 3
      vertex -35.9512 -20.586 3
    endloop
  endfacet
  facet normal -0.427589 -0.903973 -0
    outer loop
      vertex -35.4899 -20.8042 3
      vertex -35.9512 -20.586 0
      vertex -35.4899 -20.8042 0
    endloop
  endfacet
  facet normal -0.336907 -0.941538 0
    outer loop
      vertex -35.4899 -20.8042 0
      vertex -35.0095 -20.9761 3
      vertex -35.4899 -20.8042 3
    endloop
  endfacet
  facet normal -0.336907 -0.941538 -0
    outer loop
      vertex -35.0095 -20.9761 3
      vertex -35.4899 -20.8042 0
      vertex -35.0095 -20.9761 0
    endloop
  endfacet
  facet normal -0.242997 -0.970027 0
    outer loop
      vertex -35.0095 -20.9761 0
      vertex -34.5145 -21.1001 3
      vertex -35.0095 -20.9761 3
    endloop
  endfacet
  facet normal -0.242997 -0.970027 -0
    outer loop
      vertex -34.5145 -21.1001 3
      vertex -35.0095 -20.9761 0
      vertex -34.5145 -21.1001 0
    endloop
  endfacet
  facet normal -0.146769 -0.989171 0
    outer loop
      vertex -34.5145 -21.1001 0
      vertex -34.0097 -21.175 3
      vertex -34.5145 -21.1001 3
    endloop
  endfacet
  facet normal -0.146769 -0.989171 -0
    outer loop
      vertex -34.0097 -21.175 3
      vertex -34.5145 -21.1001 0
      vertex -34.0097 -21.175 0
    endloop
  endfacet
  facet normal -0.0489896 -0.998799 0
    outer loop
      vertex -34.0097 -21.175 0
      vertex -33.5 -21.2 3
      vertex -34.0097 -21.175 3
    endloop
  endfacet
  facet normal -0.0489896 -0.998799 -0
    outer loop
      vertex -33.5 -21.2 3
      vertex -34.0097 -21.175 0
      vertex -33.5 -21.2 0
    endloop
  endfacet
  facet normal 0.0489896 -0.998799 0
    outer loop
      vertex -33.5 -21.2 0
      vertex -32.9903 -21.175 3
      vertex -33.5 -21.2 3
    endloop
  endfacet
  facet normal 0.0489896 -0.998799 0
    outer loop
      vertex -32.9903 -21.175 3
      vertex -33.5 -21.2 0
      vertex -32.9903 -21.175 0
    endloop
  endfacet
  facet normal 0.116942 -0.993139 0
    outer loop
      vertex -32.9903 -21.175 0
      vertex -16.4 -19.2215 3
      vertex -32.9903 -21.175 3
    endloop
  endfacet
  facet normal 0.116942 -0.993139 0
    outer loop
      vertex -16.4 -19.2215 3
      vertex -32.9903 -21.175 0
      vertex -16.4 -19.2215 0
    endloop
  endfacet
  facet normal 0.116942 0.993139 -0
    outer loop
      vertex -16.4 -38.7785 0
      vertex -32.9903 -36.825 3
      vertex -16.4 -38.7785 3
    endloop
  endfacet
  facet normal 0.116942 0.993139 0
    outer loop
      vertex -32.9903 -36.825 3
      vertex -16.4 -38.7785 0
      vertex -32.9903 -36.825 0
    endloop
  endfacet
  facet normal 0.0489896 0.998799 -0
    outer loop
      vertex -32.9903 -36.825 0
      vertex -33.5 -36.8 3
      vertex -32.9903 -36.825 3
    endloop
  endfacet
  facet normal 0.0489896 0.998799 0
    outer loop
      vertex -33.5 -36.8 3
      vertex -32.9903 -36.825 0
      vertex -33.5 -36.8 0
    endloop
  endfacet
  facet normal -0.0489896 0.998799 0
    outer loop
      vertex -33.5 -36.8 0
      vertex -34.0097 -36.825 3
      vertex -33.5 -36.8 3
    endloop
  endfacet
  facet normal -0.0489896 0.998799 0
    outer loop
      vertex -34.0097 -36.825 3
      vertex -33.5 -36.8 0
      vertex -34.0097 -36.825 0
    endloop
  endfacet
  facet normal -0.146769 0.989171 0
    outer loop
      vertex -34.0097 -36.825 0
      vertex -34.5145 -36.8999 3
      vertex -34.0097 -36.825 3
    endloop
  endfacet
  facet normal -0.146769 0.989171 0
    outer loop
      vertex -34.5145 -36.8999 3
      vertex -34.0097 -36.825 0
      vertex -34.5145 -36.8999 0
    endloop
  endfacet
  facet normal -0.242997 0.970027 0
    outer loop
      vertex -34.5145 -36.8999 0
      vertex -35.0095 -37.0239 3
      vertex -34.5145 -36.8999 3
    endloop
  endfacet
  facet normal -0.242997 0.970027 0
    outer loop
      vertex -35.0095 -37.0239 3
      vertex -34.5145 -36.8999 0
      vertex -35.0095 -37.0239 0
    endloop
  endfacet
  facet normal -0.336907 0.941538 0
    outer loop
      vertex -35.0095 -37.0239 0
      vertex -35.4899 -37.1958 3
      vertex -35.0095 -37.0239 3
    endloop
  endfacet
  facet normal -0.336907 0.941538 0
    outer loop
      vertex -35.4899 -37.1958 3
      vertex -35.0095 -37.0239 0
      vertex -35.4899 -37.1958 0
    endloop
  endfacet
  facet normal -0.427589 0.903973 0
    outer loop
      vertex -35.4899 -37.1958 0
      vertex -35.9512 -37.414 3
      vertex -35.4899 -37.1958 3
    endloop
  endfacet
  facet normal -0.427589 0.903973 0
    outer loop
      vertex -35.9512 -37.414 3
      vertex -35.4899 -37.1958 0
      vertex -35.9512 -37.414 0
    endloop
  endfacet
  facet normal -0.513948 0.857821 0
    outer loop
      vertex -35.9512 -37.414 0
      vertex -36.389 -37.6763 3
      vertex -35.9512 -37.414 3
    endloop
  endfacet
  facet normal -0.513948 0.857821 0
    outer loop
      vertex -36.389 -37.6763 3
      vertex -35.9512 -37.414 0
      vertex -36.389 -37.6763 0
    endloop
  endfacet
  facet normal -0.59579 0.80314 0
    outer loop
      vertex -36.389 -37.6763 0
      vertex -36.7988 -37.9803 3
      vertex -36.389 -37.6763 3
    endloop
  endfacet
  facet normal -0.59579 0.80314 0
    outer loop
      vertex -36.7988 -37.9803 3
      vertex -36.389 -37.6763 0
      vertex -36.7988 -37.9803 0
    endloop
  endfacet
  facet normal -0.67157 0.740941 0
    outer loop
      vertex -36.7988 -37.9803 0
      vertex -37.1769 -38.323 3
      vertex -36.7988 -37.9803 3
    endloop
  endfacet
  facet normal -0.67157 0.740941 0
    outer loop
      vertex -37.1769 -38.323 3
      vertex -36.7988 -37.9803 0
      vertex -37.1769 -38.323 0
    endloop
  endfacet
  facet normal -0.740844 0.671677 0
    outer loop
      vertex -37.5197 -38.7011 0
      vertex -37.1769 -38.323 3
      vertex -37.1769 -38.323 0
    endloop
  endfacet
  facet normal -0.740844 0.671677 0
    outer loop
      vertex -37.1769 -38.323 3
      vertex -37.5197 -38.7011 0
      vertex -37.5197 -38.7011 3
    endloop
  endfacet
  facet normal -0.803304 0.59557 0
    outer loop
      vertex -37.8236 -39.111 0
      vertex -37.5197 -38.7011 3
      vertex -37.5197 -38.7011 0
    endloop
  endfacet
  facet normal -0.803304 0.59557 0
    outer loop
      vertex -37.5197 -38.7011 3
      vertex -37.8236 -39.111 0
      vertex -37.8236 -39.111 3
    endloop
  endfacet
  facet normal -0.857683 0.514179 0
    outer loop
      vertex -38.086 -39.5487 0
      vertex -37.8236 -39.111 3
      vertex -37.8236 -39.111 0
    endloop
  endfacet
  facet normal -0.857683 0.514179 0
    outer loop
      vertex -37.8236 -39.111 3
      vertex -38.086 -39.5487 0
      vertex -38.086 -39.5487 3
    endloop
  endfacet
  facet normal -0.903973 0.427589 0
    outer loop
      vertex -38.3042 -40.01 0
      vertex -38.086 -39.5487 3
      vertex -38.086 -39.5487 0
    endloop
  endfacet
  facet normal -0.903973 0.427589 0
    outer loop
      vertex -38.086 -39.5487 3
      vertex -38.3042 -40.01 0
      vertex -38.3042 -40.01 3
    endloop
  endfacet
  facet normal -0.94156 0.336845 0
    outer loop
      vertex -38.4761 -40.4905 0
      vertex -38.3042 -40.01 3
      vertex -38.3042 -40.01 0
    endloop
  endfacet
  facet normal -0.94156 0.336845 0
    outer loop
      vertex -38.3042 -40.01 3
      vertex -38.4761 -40.4905 0
      vertex -38.4761 -40.4905 3
    endloop
  endfacet
  facet normal -0.970027 0.242997 0
    outer loop
      vertex -38.6001 -40.9855 0
      vertex -38.4761 -40.4905 3
      vertex -38.4761 -40.4905 0
    endloop
  endfacet
  facet normal -0.970027 0.242997 0
    outer loop
      vertex -38.4761 -40.4905 3
      vertex -38.6001 -40.9855 0
      vertex -38.6001 -40.9855 3
    endloop
  endfacet
  facet normal -0.989171 0.146769 0
    outer loop
      vertex -38.675 -41.4903 0
      vertex -38.6001 -40.9855 3
      vertex -38.6001 -40.9855 0
    endloop
  endfacet
  facet normal -0.989171 0.146769 0
    outer loop
      vertex -38.6001 -40.9855 3
      vertex -38.675 -41.4903 0
      vertex -38.675 -41.4903 3
    endloop
  endfacet
  facet normal -0.998799 0.0489896 0
    outer loop
      vertex -38.7 -42 0
      vertex -38.675 -41.4903 3
      vertex -38.675 -41.4903 0
    endloop
  endfacet
  facet normal -0.998799 0.0489896 0
    outer loop
      vertex -38.675 -41.4903 3
      vertex -38.7 -42 0
      vertex -38.7 -42 3
    endloop
  endfacet
  facet normal -0.998799 -0.0489896 0
    outer loop
      vertex -38.675 -42.5097 0
      vertex -38.7 -42 3
      vertex -38.7 -42 0
    endloop
  endfacet
  facet normal -0.998799 -0.0489896 0
    outer loop
      vertex -38.7 -42 3
      vertex -38.675 -42.5097 0
      vertex -38.675 -42.5097 3
    endloop
  endfacet
  facet normal -0.989171 -0.146769 0
    outer loop
      vertex -38.6001 -43.0145 0
      vertex -38.675 -42.5097 3
      vertex -38.675 -42.5097 0
    endloop
  endfacet
  facet normal -0.989171 -0.146769 0
    outer loop
      vertex -38.675 -42.5097 3
      vertex -38.6001 -43.0145 0
      vertex -38.6001 -43.0145 3
    endloop
  endfacet
  facet normal -0.970027 -0.242997 0
    outer loop
      vertex -38.4761 -43.5095 0
      vertex -38.6001 -43.0145 3
      vertex -38.6001 -43.0145 0
    endloop
  endfacet
  facet normal -0.970027 -0.242997 0
    outer loop
      vertex -38.6001 -43.0145 3
      vertex -38.4761 -43.5095 0
      vertex -38.4761 -43.5095 3
    endloop
  endfacet
  facet normal -0.941538 -0.336907 0
    outer loop
      vertex -38.3042 -43.9899 0
      vertex -38.4761 -43.5095 3
      vertex -38.4761 -43.5095 0
    endloop
  endfacet
  facet normal -0.941538 -0.336907 0
    outer loop
      vertex -38.4761 -43.5095 3
      vertex -38.3042 -43.9899 0
      vertex -38.3042 -43.9899 3
    endloop
  endfacet
  facet normal -0.903973 -0.427589 0
    outer loop
      vertex -38.086 -44.4512 0
      vertex -38.3042 -43.9899 3
      vertex -38.3042 -43.9899 0
    endloop
  endfacet
  facet normal -0.903973 -0.427589 0
    outer loop
      vertex -38.3042 -43.9899 3
      vertex -38.086 -44.4512 0
      vertex -38.086 -44.4512 3
    endloop
  endfacet
  facet normal -0.857735 -0.514092 0
    outer loop
      vertex -37.8236 -44.889 0
      vertex -38.086 -44.4512 3
      vertex -38.086 -44.4512 0
    endloop
  endfacet
  facet normal -0.857735 -0.514092 0
    outer loop
      vertex -38.086 -44.4512 3
      vertex -37.8236 -44.889 0
      vertex -37.8236 -44.889 3
    endloop
  endfacet
  facet normal -0.803234 -0.595663 0
    outer loop
      vertex -37.5197 -45.2988 0
      vertex -37.8236 -44.889 3
      vertex -37.8236 -44.889 0
    endloop
  endfacet
  facet normal -0.803234 -0.595663 0
    outer loop
      vertex -37.8236 -44.889 3
      vertex -37.5197 -45.2988 0
      vertex -37.5197 -45.2988 3
    endloop
  endfacet
  facet normal -0.740844 -0.671677 0
    outer loop
      vertex -37.1769 -45.6769 0
      vertex -37.5197 -45.2988 3
      vertex -37.5197 -45.2988 0
    endloop
  endfacet
  facet normal -0.740844 -0.671677 0
    outer loop
      vertex -37.5197 -45.2988 3
      vertex -37.1769 -45.6769 0
      vertex -37.1769 -45.6769 3
    endloop
  endfacet
  facet normal -0.671677 -0.740844 0
    outer loop
      vertex -37.1769 -45.6769 0
      vertex -36.7988 -46.0197 3
      vertex -37.1769 -45.6769 3
    endloop
  endfacet
  facet normal -0.671677 -0.740844 -0
    outer loop
      vertex -36.7988 -46.0197 3
      vertex -37.1769 -45.6769 0
      vertex -36.7988 -46.0197 0
    endloop
  endfacet
  facet normal -0.595663 -0.803234 0
    outer loop
      vertex -36.7988 -46.0197 0
      vertex -36.389 -46.3236 3
      vertex -36.7988 -46.0197 3
    endloop
  endfacet
  facet normal -0.595663 -0.803234 -0
    outer loop
      vertex -36.389 -46.3236 3
      vertex -36.7988 -46.0197 0
      vertex -36.389 -46.3236 0
    endloop
  endfacet
  facet normal -0.514092 -0.857735 0
    outer loop
      vertex -36.389 -46.3236 0
      vertex -35.9512 -46.586 3
      vertex -36.389 -46.3236 3
    endloop
  endfacet
  facet normal -0.514092 -0.857735 -0
    outer loop
      vertex -35.9512 -46.586 3
      vertex -36.389 -46.3236 0
      vertex -35.9512 -46.586 0
    endloop
  endfacet
  facet normal -0.427589 -0.903973 0
    outer loop
      vertex -35.9512 -46.586 0
      vertex -35.4899 -46.8042 3
      vertex -35.9512 -46.586 3
    endloop
  endfacet
  facet normal -0.427589 -0.903973 -0
    outer loop
      vertex -35.4899 -46.8042 3
      vertex -35.9512 -46.586 0
      vertex -35.4899 -46.8042 0
    endloop
  endfacet
  facet normal -0.336907 -0.941538 0
    outer loop
      vertex -35.4899 -46.8042 0
      vertex -35.0095 -46.9761 3
      vertex -35.4899 -46.8042 3
    endloop
  endfacet
  facet normal -0.336907 -0.941538 -0
    outer loop
      vertex -35.0095 -46.9761 3
      vertex -35.4899 -46.8042 0
      vertex -35.0095 -46.9761 0
    endloop
  endfacet
  facet normal -0.242997 -0.970027 0
    outer loop
      vertex -35.0095 -46.9761 0
      vertex -34.5145 -47.1001 3
      vertex -35.0095 -46.9761 3
    endloop
  endfacet
  facet normal -0.242997 -0.970027 -0
    outer loop
      vertex -34.5145 -47.1001 3
      vertex -35.0095 -46.9761 0
      vertex -34.5145 -47.1001 0
    endloop
  endfacet
  facet normal -0.146769 -0.989171 0
    outer loop
      vertex -34.5145 -47.1001 0
      vertex -34.0097 -47.175 3
      vertex -34.5145 -47.1001 3
    endloop
  endfacet
  facet normal -0.146769 -0.989171 -0
    outer loop
      vertex -34.0097 -47.175 3
      vertex -34.5145 -47.1001 0
      vertex -34.0097 -47.175 0
    endloop
  endfacet
  facet normal -0.0489896 -0.998799 0
    outer loop
      vertex -34.0097 -47.175 0
      vertex -33.5 -47.2 3
      vertex -34.0097 -47.175 3
    endloop
  endfacet
  facet normal -0.0489896 -0.998799 -0
    outer loop
      vertex -33.5 -47.2 3
      vertex -34.0097 -47.175 0
      vertex -33.5 -47.2 0
    endloop
  endfacet
  facet normal 0.0489896 -0.998799 0
    outer loop
      vertex -33.5 -47.2 0
      vertex -32.9903 -47.175 3
      vertex -33.5 -47.2 3
    endloop
  endfacet
  facet normal 0.0489896 -0.998799 0
    outer loop
      vertex -32.9903 -47.175 3
      vertex -33.5 -47.2 0
      vertex -32.9903 -47.175 0
    endloop
  endfacet
  facet normal 0.116942 -0.993139 0
    outer loop
      vertex -32.9903 -47.175 3
      vertex -16.8 -45.2686 0.817792
      vertex -16.8 -45.2686 3
    endloop
  endfacet
  facet normal 0.116942 -0.993139 0
    outer loop
      vertex -16.8 -45.2686 0.817792
      vertex -32.9903 -47.175 3
      vertex -32.9903 -47.175 0
    endloop
  endfacet
  facet normal 0.116942 -0.993139 -2.29117e-07
    outer loop
      vertex -16.4 -45.2215 0
      vertex -16.8 -45.2686 0.817792
      vertex -32.9903 -47.175 0
    endloop
  endfacet
  facet normal 0.116942 -0.993139 0
    outer loop
      vertex -16.8 -45.2686 0.817792
      vertex -16.4 -45.2215 0
      vertex -16.4 -45.2215 0.824778
    endloop
  endfacet
  facet normal 0 -1 0
    outer loop
      vertex -14 -46 0
      vertex -13.6 -46 0.875533
      vertex -14 -46 0.875533
    endloop
  endfacet
  facet normal 0 -1 0
    outer loop
      vertex 13.6 -46 0.257041
      vertex 13.9 -46 0.2
      vertex 13.9 -46 0.257041
    endloop
  endfacet
  facet normal 0 -1 -0
    outer loop
      vertex -13.6 -46 0.875533
      vertex -14 -46 0
      vertex 13.6 -46 0.257041
    endloop
  endfacet
  facet normal 0 -1 0
    outer loop
      vertex 14 -46 0
      vertex 13.6 -46 0.257041
      vertex -14 -46 0
    endloop
  endfacet
  facet normal 0 -1 0
    outer loop
      vertex 13.6 -46 0.257041
      vertex 14 -46 0
      vertex 13.9 -46 0.2
    endloop
  endfacet
  facet normal 0 -1 0
    outer loop
      vertex 13.9 -46 0.2
      vertex 14 -46 0
      vertex 14 -46 0.2
    endloop
  endfacet
  facet normal 0 -1 0
    outer loop
      vertex 13.6 -46 4.74296
      vertex 14 -46 6
      vertex -14 -46 6
    endloop
  endfacet
  facet normal 0 -1 0
    outer loop
      vertex 14 -46 6
      vertex 13.6 -46 4.74296
      vertex 13.9 -46 4.8
    endloop
  endfacet
  facet normal 0 -1 0
    outer loop
      vertex -13.6 -46 4.12447
      vertex -14 -46 6
      vertex -14 -46 4.12447
    endloop
  endfacet
  facet normal 0 -1 0
    outer loop
      vertex -14 -46 6
      vertex -13.6 -46 4.12447
      vertex 13.6 -46 4.74296
    endloop
  endfacet
  facet normal 0 -1 0
    outer loop
      vertex -13.6 -46 0.875533
      vertex 13.6 -46 4.74296
      vertex -13.6 -46 4.12447
    endloop
  endfacet
  facet normal 0 -1 -0
    outer loop
      vertex 13.6 -46 4.74296
      vertex -13.6 -46 0.875533
      vertex 13.6 -46 0.257041
    endloop
  endfacet
  facet normal 0 -1 -0
    outer loop
      vertex 14 -46 6
      vertex 13.9 -46 4.8
      vertex 14 -46 4.8
    endloop
  endfacet
  facet normal 0 -1 -0
    outer loop
      vertex 13.9 -46 4.8
      vertex 13.6 -46 4.74296
      vertex 13.9 -46 4.74296
    endloop
  endfacet
  facet normal -0.116942 -0.993139 -0
    outer loop
      vertex 16.4 -45.2215 0.218944
      vertex 16.4 -45.2215 0
      vertex 16.8 -45.2686 0.211957
    endloop
  endfacet
  facet normal -0.116942 -0.993139 0
    outer loop
      vertex 16.8 -45.2686 0.211957
      vertex 32.9903 -47.175 3
      vertex 16.8 -45.2686 3
    endloop
  endfacet
  facet normal -0.116942 -0.993139 -8.84e-07
    outer loop
      vertex 32.9903 -47.175 0
      vertex 16.8 -45.2686 0.211957
      vertex 16.4 -45.2215 0
    endloop
  endfacet
  facet normal -0.116942 -0.993139 0
    outer loop
      vertex 16.8 -45.2686 0.211957
      vertex 32.9903 -47.175 0
      vertex 32.9903 -47.175 3
    endloop
  endfacet
  facet normal -0.0489896 -0.998799 0
    outer loop
      vertex 32.9903 -47.175 0
      vertex 33.5 -47.2 3
      vertex 32.9903 -47.175 3
    endloop
  endfacet
  facet normal -0.0489896 -0.998799 -0
    outer loop
      vertex 33.5 -47.2 3
      vertex 32.9903 -47.175 0
      vertex 33.5 -47.2 0
    endloop
  endfacet
  facet normal 0.0489896 -0.998799 0
    outer loop
      vertex 33.5 -47.2 0
      vertex 34.0097 -47.175 3
      vertex 33.5 -47.2 3
    endloop
  endfacet
  facet normal 0.0489896 -0.998799 0
    outer loop
      vertex 34.0097 -47.175 3
      vertex 33.5 -47.2 0
      vertex 34.0097 -47.175 0
    endloop
  endfacet
  facet normal 1.44487e-06 -0.0778877 0.996962
    outer loop
      vertex 14 -14 8.5
      vertex 10.55 -39 6.54688
      vertex 14 -46 6
    endloop
  endfacet
  facet normal 0 -0.0778875 0.996962
    outer loop
      vertex 14 -14 8.5
      vertex -10.55 -39 6.54688
      vertex 10.55 -39 6.54688
    endloop
  endfacet
  facet normal -1.44487e-06 -0.0778877 0.996962
    outer loop
      vertex -14 -46 6
      vertex -10.55 -39 6.54688
      vertex -14 -14 8.5
    endloop
  endfacet
  facet normal 0 -0.0778875 0.996962
    outer loop
      vertex -14 -14 8.5
      vertex -10.55 -39 6.54688
      vertex 14 -14 8.5
    endloop
  endfacet
  facet normal -7.53847e-07 -0.0778887 0.996962
    outer loop
      vertex 10.55 -45.9 6.00781
      vertex 14 -46 6
      vertex 10.55 -39 6.54688
    endloop
  endfacet
  facet normal 0 -0.0778629 0.996964
    outer loop
      vertex -10.55 -45.9 6.00781
      vertex 14 -46 6
      vertex 10.55 -45.9 6.00781
    endloop
  endfacet
  facet normal 0 -0.0778629 0.996964
    outer loop
      vertex -10.55 -45.9 6.00781
      vertex -14 -46 6
      vertex 14 -46 6
    endloop
  endfacet
  facet normal 7.53847e-07 -0.0778887 0.996962
    outer loop
      vertex -10.55 -39 6.54688
      vertex -14 -46 6
      vertex -10.55 -45.9 6.00781
    endloop
  endfacet
  facet normal 0 -1 0
    outer loop
      vertex -14 -14 8.5
      vertex 14 -14 43
      vertex -14 -14 43
    endloop
  endfacet
  facet normal 0 -1 -0
    outer loop
      vertex 14 -14 43
      vertex -14 -14 8.5
      vertex 14 -14 8.5
    endloop
  endfacet
  facet normal 0 -1 0
    outer loop
      vertex -14 -14 43
      vertex -16.4 -14 50
      vertex -16.4 -14 43
    endloop
  endfacet
  facet normal 0 -1 0
    outer loop
      vertex -16.4 -14 50
      vertex -14 -14 43
      vertex 16.4 -14 50
    endloop
  endfacet
  facet normal 0 -1 0
    outer loop
      vertex 14 -14 43
      vertex 16.4 -14 50
      vertex -14 -14 43
    endloop
  endfacet
  facet normal 0 -1 -0
    outer loop
      vertex 16.4 -14 50
      vertex 14 -14 43
      vertex 16.4 -14 43
    endloop
  endfacet
  facet normal -0 0 1
    outer loop
      vertex -16.4 -11.6 50
      vertex 16.4 -14 50
      vertex 16.4 -11.6 50
    endloop
  endfacet
  facet normal 0 0 1
    outer loop
      vertex 16.4 -14 50
      vertex -16.4 -11.6 50
      vertex -16.4 -14 50
    endloop
  endfacet
  facet normal -0.595772 -0.803154 0
    outer loop
      vertex -32.5555 -40.5865 0
      vertex -32.4215 -40.6859 3
      vertex -32.5555 -40.5865 3
    endloop
  endfacet
  facet normal -0.595772 -0.803154 -0
    outer loop
      vertex -32.4215 -40.6859 3
      vertex -32.5555 -40.5865 0
      vertex -32.4215 -40.6859 0
    endloop
  endfacet
  facet normal 0.33683 -0.941566 0
    outer loop
      vertex -34.1506 -40.4294 0
      vertex -33.9935 -40.3732 3
      vertex -34.1506 -40.4294 3
    endloop
  endfacet
  facet normal 0.33683 -0.941566 0
    outer loop
      vertex -33.9935 -40.3732 3
      vertex -34.1506 -40.4294 0
      vertex -33.9935 -40.3732 0
    endloop
  endfacet
  facet normal 0.904043 -0.427442 0
    outer loop
      vertex -35.0706 -41.3494 3
      vertex -34.9993 -41.1986 0
      vertex -34.9993 -41.1986 3
    endloop
  endfacet
  facet normal 0.904043 -0.427442 0
    outer loop
      vertex -34.9993 -41.1986 0
      vertex -35.0706 -41.3494 3
      vertex -35.0706 -41.3494 0
    endloop
  endfacet
  facet normal -0.998791 0.0491602 0
    outer loop
      vertex -31.8082 -42.1666 0
      vertex -31.8 -42 3
      vertex -31.8 -42 0
    endloop
  endfacet
  facet normal -0.998791 0.0491602 0
    outer loop
      vertex -31.8 -42 3
      vertex -31.8082 -42.1666 0
      vertex -31.8082 -42.1666 3
    endloop
  endfacet
  facet normal -0.904043 -0.427442 0
    outer loop
      vertex -31.9294 -41.3494 0
      vertex -32.0007 -41.1986 3
      vertex -32.0007 -41.1986 0
    endloop
  endfacet
  facet normal -0.904043 -0.427442 0
    outer loop
      vertex -32.0007 -41.1986 3
      vertex -31.9294 -41.3494 0
      vertex -31.9294 -41.3494 3
    endloop
  endfacet
  facet normal -0.857652 -0.514231 0
    outer loop
      vertex -32.0007 -41.1986 0
      vertex -32.0865 -41.0555 3
      vertex -32.0865 -41.0555 0
    endloop
  endfacet
  facet normal -0.857652 -0.514231 0
    outer loop
      vertex -32.0865 -41.0555 3
      vertex -32.0007 -41.1986 0
      vertex -32.0007 -41.1986 3
    endloop
  endfacet
  facet normal -0.427442 -0.904043 0
    outer loop
      vertex -32.8494 -40.4294 0
      vertex -32.6986 -40.5007 3
      vertex -32.8494 -40.4294 3
    endloop
  endfacet
  facet normal -0.427442 -0.904043 -0
    outer loop
      vertex -32.6986 -40.5007 3
      vertex -32.8494 -40.4294 0
      vertex -32.6986 -40.5007 0
    endloop
  endfacet
  facet normal 0.741024 -0.671478 0
    outer loop
      vertex -34.8141 -40.9215 3
      vertex -34.7021 -40.7979 0
      vertex -34.7021 -40.7979 3
    endloop
  endfacet
  facet normal 0.741024 -0.671478 0
    outer loop
      vertex -34.7021 -40.7979 0
      vertex -34.8141 -40.9215 3
      vertex -34.8141 -40.9215 0
    endloop
  endfacet
  facet normal 0.146788 -0.989168 0
    outer loop
      vertex -33.8317 -40.3327 0
      vertex -33.6666 -40.3082 3
      vertex -33.8317 -40.3327 3
    endloop
  endfacet
  facet normal 0.146788 -0.989168 0
    outer loop
      vertex -33.6666 -40.3082 3
      vertex -33.8317 -40.3327 0
      vertex -33.6666 -40.3082 0
    endloop
  endfacet
  facet normal -0.941566 0.33683 0
    outer loop
      vertex -31.9294 -42.6506 0
      vertex -31.8732 -42.4935 3
      vertex -31.8732 -42.4935 0
    endloop
  endfacet
  facet normal -0.941566 0.33683 0
    outer loop
      vertex -31.8732 -42.4935 3
      vertex -31.9294 -42.6506 0
      vertex -31.9294 -42.6506 3
    endloop
  endfacet
  facet normal 0.146788 0.989168 -0
    outer loop
      vertex -33.6666 -43.6918 0
      vertex -33.8317 -43.6673 3
      vertex -33.6666 -43.6918 3
    endloop
  endfacet
  facet normal 0.146788 0.989168 0
    outer loop
      vertex -33.8317 -43.6673 3
      vertex -33.6666 -43.6918 0
      vertex -33.8317 -43.6673 0
    endloop
  endfacet
  facet normal 0.671478 0.741024 -0
    outer loop
      vertex -34.5785 -43.3141 0
      vertex -34.7021 -43.2021 3
      vertex -34.5785 -43.3141 3
    endloop
  endfacet
  facet normal 0.671478 0.741024 0
    outer loop
      vertex -34.7021 -43.2021 3
      vertex -34.5785 -43.3141 0
      vertex -34.7021 -43.2021 0
    endloop
  endfacet
  facet normal 0.989168 0.146788 0
    outer loop
      vertex -35.1673 -42.3317 3
      vertex -35.1918 -42.1666 0
      vertex -35.1918 -42.1666 3
    endloop
  endfacet
  facet normal 0.989168 0.146788 0
    outer loop
      vertex -35.1918 -42.1666 0
      vertex -35.1673 -42.3317 3
      vertex -35.1673 -42.3317 0
    endloop
  endfacet
  facet normal -0.970072 -0.242818 0
    outer loop
      vertex -31.8327 -41.6683 0
      vertex -31.8732 -41.5065 3
      vertex -31.8732 -41.5065 0
    endloop
  endfacet
  facet normal -0.970072 -0.242818 0
    outer loop
      vertex -31.8732 -41.5065 3
      vertex -31.8327 -41.6683 0
      vertex -31.8327 -41.6683 3
    endloop
  endfacet
  facet normal -0.941566 -0.33683 0
    outer loop
      vertex -31.8732 -41.5065 0
      vertex -31.9294 -41.3494 3
      vertex -31.9294 -41.3494 0
    endloop
  endfacet
  facet normal -0.941566 -0.33683 0
    outer loop
      vertex -31.9294 -41.3494 3
      vertex -31.8732 -41.5065 0
      vertex -31.8732 -41.5065 3
    endloop
  endfacet
  facet normal -0.741024 -0.671478 0
    outer loop
      vertex -32.1859 -40.9215 0
      vertex -32.2979 -40.7979 3
      vertex -32.2979 -40.7979 0
    endloop
  endfacet
  facet normal -0.741024 -0.671478 0
    outer loop
      vertex -32.2979 -40.7979 3
      vertex -32.1859 -40.9215 0
      vertex -32.1859 -40.9215 3
    endloop
  endfacet
  facet normal -0.803154 -0.595772 0
    outer loop
      vertex -32.0865 -41.0555 0
      vertex -32.1859 -40.9215 3
      vertex -32.1859 -40.9215 0
    endloop
  endfacet
  facet normal -0.803154 -0.595772 0
    outer loop
      vertex -32.1859 -40.9215 3
      vertex -32.0865 -41.0555 0
      vertex -32.0865 -41.0555 3
    endloop
  endfacet
  facet normal -0.671478 -0.741024 0
    outer loop
      vertex -32.4215 -40.6859 0
      vertex -32.2979 -40.7979 3
      vertex -32.4215 -40.6859 3
    endloop
  endfacet
  facet normal -0.671478 -0.741024 -0
    outer loop
      vertex -32.2979 -40.7979 3
      vertex -32.4215 -40.6859 0
      vertex -32.2979 -40.7979 0
    endloop
  endfacet
  facet normal -0.514231 -0.857652 0
    outer loop
      vertex -32.6986 -40.5007 0
      vertex -32.5555 -40.5865 3
      vertex -32.6986 -40.5007 3
    endloop
  endfacet
  facet normal -0.514231 -0.857652 -0
    outer loop
      vertex -32.5555 -40.5865 3
      vertex -32.6986 -40.5007 0
      vertex -32.5555 -40.5865 0
    endloop
  endfacet
  facet normal -0.0491602 -0.998791 0
    outer loop
      vertex -33.5 -40.3 0
      vertex -33.3334 -40.3082 3
      vertex -33.5 -40.3 3
    endloop
  endfacet
  facet normal -0.0491602 -0.998791 -0
    outer loop
      vertex -33.3334 -40.3082 3
      vertex -33.5 -40.3 0
      vertex -33.3334 -40.3082 0
    endloop
  endfacet
  facet normal -0.33683 -0.941566 0
    outer loop
      vertex -33.0065 -40.3732 0
      vertex -32.8494 -40.4294 3
      vertex -33.0065 -40.3732 3
    endloop
  endfacet
  facet normal -0.33683 -0.941566 -0
    outer loop
      vertex -32.8494 -40.4294 3
      vertex -33.0065 -40.3732 0
      vertex -32.8494 -40.4294 0
    endloop
  endfacet
  facet normal -0.242818 -0.970072 0
    outer loop
      vertex -33.1683 -40.3327 0
      vertex -33.0065 -40.3732 3
      vertex -33.1683 -40.3327 3
    endloop
  endfacet
  facet normal -0.242818 -0.970072 -0
    outer loop
      vertex -33.0065 -40.3732 3
      vertex -33.1683 -40.3327 0
      vertex -33.0065 -40.3732 0
    endloop
  endfacet
  facet normal 0.998791 -0.0491602 0
    outer loop
      vertex -35.2 -42 3
      vertex -35.1918 -41.8334 0
      vertex -35.1918 -41.8334 3
    endloop
  endfacet
  facet normal 0.998791 -0.0491602 0
    outer loop
      vertex -35.1918 -41.8334 0
      vertex -35.2 -42 3
      vertex -35.2 -42 0
    endloop
  endfacet
  facet normal 0.941566 -0.33683 0
    outer loop
      vertex -35.1268 -41.5065 3
      vertex -35.0706 -41.3494 0
      vertex -35.0706 -41.3494 3
    endloop
  endfacet
  facet normal 0.941566 -0.33683 0
    outer loop
      vertex -35.0706 -41.3494 0
      vertex -35.1268 -41.5065 3
      vertex -35.1268 -41.5065 0
    endloop
  endfacet
  facet normal 0.970072 -0.242818 0
    outer loop
      vertex -35.1673 -41.6683 3
      vertex -35.1268 -41.5065 0
      vertex -35.1268 -41.5065 3
    endloop
  endfacet
  facet normal 0.970072 -0.242818 0
    outer loop
      vertex -35.1268 -41.5065 0
      vertex -35.1673 -41.6683 3
      vertex -35.1673 -41.6683 0
    endloop
  endfacet
  facet normal 0.857652 -0.514231 0
    outer loop
      vertex -34.9993 -41.1986 3
      vertex -34.9135 -41.0555 0
      vertex -34.9135 -41.0555 3
    endloop
  endfacet
  facet normal 0.857652 -0.514231 0
    outer loop
      vertex -34.9135 -41.0555 0
      vertex -34.9993 -41.1986 3
      vertex -34.9993 -41.1986 0
    endloop
  endfacet
  facet normal 0.803154 -0.595772 0
    outer loop
      vertex -34.9135 -41.0555 3
      vertex -34.8141 -40.9215 0
      vertex -34.8141 -40.9215 3
    endloop
  endfacet
  facet normal 0.803154 -0.595772 0
    outer loop
      vertex -34.8141 -40.9215 0
      vertex -34.9135 -41.0555 3
      vertex -34.9135 -41.0555 0
    endloop
  endfacet
  facet normal 0.242818 -0.970072 0
    outer loop
      vertex -33.9935 -40.3732 0
      vertex -33.8317 -40.3327 3
      vertex -33.9935 -40.3732 3
    endloop
  endfacet
  facet normal 0.242818 -0.970072 0
    outer loop
      vertex -33.8317 -40.3327 3
      vertex -33.9935 -40.3732 0
      vertex -33.8317 -40.3327 0
    endloop
  endfacet
  facet normal 0.0491602 -0.998791 0
    outer loop
      vertex -33.6666 -40.3082 0
      vertex -33.5 -40.3 3
      vertex -33.6666 -40.3082 3
    endloop
  endfacet
  facet normal 0.0491602 -0.998791 0
    outer loop
      vertex -33.5 -40.3 3
      vertex -33.6666 -40.3082 0
      vertex -33.5 -40.3 0
    endloop
  endfacet
  facet normal 0.514231 -0.857652 0
    outer loop
      vertex -34.4445 -40.5865 0
      vertex -34.3014 -40.5007 3
      vertex -34.4445 -40.5865 3
    endloop
  endfacet
  facet normal 0.514231 -0.857652 0
    outer loop
      vertex -34.3014 -40.5007 3
      vertex -34.4445 -40.5865 0
      vertex -34.3014 -40.5007 0
    endloop
  endfacet
  facet normal 0.595772 -0.803154 0
    outer loop
      vertex -34.5785 -40.6859 0
      vertex -34.4445 -40.5865 3
      vertex -34.5785 -40.6859 3
    endloop
  endfacet
  facet normal 0.595772 -0.803154 0
    outer loop
      vertex -34.4445 -40.5865 3
      vertex -34.5785 -40.6859 0
      vertex -34.4445 -40.5865 0
    endloop
  endfacet
  facet normal 0.427442 -0.904043 0
    outer loop
      vertex -34.3014 -40.5007 0
      vertex -34.1506 -40.4294 3
      vertex -34.3014 -40.5007 3
    endloop
  endfacet
  facet normal 0.427442 -0.904043 0
    outer loop
      vertex -34.1506 -40.4294 3
      vertex -34.3014 -40.5007 0
      vertex -34.1506 -40.4294 0
    endloop
  endfacet
  facet normal 0.671478 -0.741024 0
    outer loop
      vertex -34.7021 -40.7979 0
      vertex -34.5785 -40.6859 3
      vertex -34.7021 -40.7979 3
    endloop
  endfacet
  facet normal 0.671478 -0.741024 0
    outer loop
      vertex -34.5785 -40.6859 3
      vertex -34.7021 -40.7979 0
      vertex -34.5785 -40.6859 0
    endloop
  endfacet
  facet normal -0.998791 -0.0491602 0
    outer loop
      vertex -31.8 -42 0
      vertex -31.8082 -41.8334 3
      vertex -31.8082 -41.8334 0
    endloop
  endfacet
  facet normal -0.998791 -0.0491602 0
    outer loop
      vertex -31.8082 -41.8334 3
      vertex -31.8 -42 0
      vertex -31.8 -42 3
    endloop
  endfacet
  facet normal -0.0491602 0.998791 0
    outer loop
      vertex -33.3334 -43.6918 0
      vertex -33.5 -43.7 3
      vertex -33.3334 -43.6918 3
    endloop
  endfacet
  facet normal -0.0491602 0.998791 0
    outer loop
      vertex -33.5 -43.7 3
      vertex -33.3334 -43.6918 0
      vertex -33.5 -43.7 0
    endloop
  endfacet
  facet normal -0.970072 0.242818 0
    outer loop
      vertex -31.8732 -42.4935 0
      vertex -31.8327 -42.3317 3
      vertex -31.8327 -42.3317 0
    endloop
  endfacet
  facet normal -0.970072 0.242818 0
    outer loop
      vertex -31.8327 -42.3317 3
      vertex -31.8732 -42.4935 0
      vertex -31.8732 -42.4935 3
    endloop
  endfacet
  facet normal -0.803154 0.595772 0
    outer loop
      vertex -32.1859 -43.0785 0
      vertex -32.0865 -42.9445 3
      vertex -32.0865 -42.9445 0
    endloop
  endfacet
  facet normal -0.803154 0.595772 0
    outer loop
      vertex -32.0865 -42.9445 3
      vertex -32.1859 -43.0785 0
      vertex -32.1859 -43.0785 3
    endloop
  endfacet
  facet normal -0.904043 0.427442 0
    outer loop
      vertex -32.0007 -42.8014 0
      vertex -31.9294 -42.6506 3
      vertex -31.9294 -42.6506 0
    endloop
  endfacet
  facet normal -0.904043 0.427442 0
    outer loop
      vertex -31.9294 -42.6506 3
      vertex -32.0007 -42.8014 0
      vertex -32.0007 -42.8014 3
    endloop
  endfacet
  facet normal -0.146788 0.989168 0
    outer loop
      vertex -33.1683 -43.6673 0
      vertex -33.3334 -43.6918 3
      vertex -33.1683 -43.6673 3
    endloop
  endfacet
  facet normal -0.146788 0.989168 0
    outer loop
      vertex -33.3334 -43.6918 3
      vertex -33.1683 -43.6673 0
      vertex -33.3334 -43.6918 0
    endloop
  endfacet
  facet normal -0.741024 0.671478 0
    outer loop
      vertex -32.2979 -43.2021 0
      vertex -32.1859 -43.0785 3
      vertex -32.1859 -43.0785 0
    endloop
  endfacet
  facet normal -0.741024 0.671478 0
    outer loop
      vertex -32.1859 -43.0785 3
      vertex -32.2979 -43.2021 0
      vertex -32.2979 -43.2021 3
    endloop
  endfacet
  facet normal -0.671478 0.741024 0
    outer loop
      vertex -32.2979 -43.2021 0
      vertex -32.4215 -43.3141 3
      vertex -32.2979 -43.2021 3
    endloop
  endfacet
  facet normal -0.671478 0.741024 0
    outer loop
      vertex -32.4215 -43.3141 3
      vertex -32.2979 -43.2021 0
      vertex -32.4215 -43.3141 0
    endloop
  endfacet
  facet normal -0.514231 0.857652 0
    outer loop
      vertex -32.5555 -43.4135 0
      vertex -32.6986 -43.4993 3
      vertex -32.5555 -43.4135 3
    endloop
  endfacet
  facet normal -0.514231 0.857652 0
    outer loop
      vertex -32.6986 -43.4993 3
      vertex -32.5555 -43.4135 0
      vertex -32.6986 -43.4993 0
    endloop
  endfacet
  facet normal 0.0491602 0.998791 -0
    outer loop
      vertex -33.5 -43.7 0
      vertex -33.6666 -43.6918 3
      vertex -33.5 -43.7 3
    endloop
  endfacet
  facet normal 0.0491602 0.998791 0
    outer loop
      vertex -33.6666 -43.6918 3
      vertex -33.5 -43.7 0
      vertex -33.6666 -43.6918 0
    endloop
  endfacet
  facet normal 0.33683 0.941566 -0
    outer loop
      vertex -33.9935 -43.6268 0
      vertex -34.1506 -43.5706 3
      vertex -33.9935 -43.6268 3
    endloop
  endfacet
  facet normal 0.33683 0.941566 0
    outer loop
      vertex -34.1506 -43.5706 3
      vertex -33.9935 -43.6268 0
      vertex -34.1506 -43.5706 0
    endloop
  endfacet
  facet normal 0.514231 0.857652 -0
    outer loop
      vertex -34.3014 -43.4993 0
      vertex -34.4445 -43.4135 3
      vertex -34.3014 -43.4993 3
    endloop
  endfacet
  facet normal 0.514231 0.857652 0
    outer loop
      vertex -34.4445 -43.4135 3
      vertex -34.3014 -43.4993 0
      vertex -34.4445 -43.4135 0
    endloop
  endfacet
  facet normal 0.970072 0.242818 0
    outer loop
      vertex -35.1268 -42.4935 3
      vertex -35.1673 -42.3317 0
      vertex -35.1673 -42.3317 3
    endloop
  endfacet
  facet normal 0.970072 0.242818 0
    outer loop
      vertex -35.1673 -42.3317 0
      vertex -35.1268 -42.4935 3
      vertex -35.1268 -42.4935 0
    endloop
  endfacet
  facet normal 0.998791 0.0491602 0
    outer loop
      vertex -35.1918 -42.1666 3
      vertex -35.2 -42 0
      vertex -35.2 -42 3
    endloop
  endfacet
  facet normal 0.998791 0.0491602 0
    outer loop
      vertex -35.2 -42 0
      vertex -35.1918 -42.1666 3
      vertex -35.1918 -42.1666 0
    endloop
  endfacet
  facet normal 0.803154 0.595772 0
    outer loop
      vertex -34.8141 -43.0785 3
      vertex -34.9135 -42.9445 0
      vertex -34.9135 -42.9445 3
    endloop
  endfacet
  facet normal 0.803154 0.595772 0
    outer loop
      vertex -34.9135 -42.9445 0
      vertex -34.8141 -43.0785 3
      vertex -34.8141 -43.0785 0
    endloop
  endfacet
  facet normal 0.904043 0.427442 0
    outer loop
      vertex -34.9993 -42.8014 3
      vertex -35.0706 -42.6506 0
      vertex -35.0706 -42.6506 3
    endloop
  endfacet
  facet normal 0.904043 0.427442 0
    outer loop
      vertex -35.0706 -42.6506 0
      vertex -34.9993 -42.8014 3
      vertex -34.9993 -42.8014 0
    endloop
  endfacet
  facet normal 0.741024 0.671478 0
    outer loop
      vertex -34.7021 -43.2021 3
      vertex -34.8141 -43.0785 0
      vertex -34.8141 -43.0785 3
    endloop
  endfacet
  facet normal 0.741024 0.671478 0
    outer loop
      vertex -34.8141 -43.0785 0
      vertex -34.7021 -43.2021 3
      vertex -34.7021 -43.2021 0
    endloop
  endfacet
  facet normal -0.989168 -0.146788 0
    outer loop
      vertex -31.8082 -41.8334 0
      vertex -31.8327 -41.6683 3
      vertex -31.8327 -41.6683 0
    endloop
  endfacet
  facet normal -0.989168 -0.146788 0
    outer loop
      vertex -31.8327 -41.6683 3
      vertex -31.8082 -41.8334 0
      vertex -31.8082 -41.8334 3
    endloop
  endfacet
  facet normal -0.146788 -0.989168 0
    outer loop
      vertex -33.3334 -40.3082 0
      vertex -33.1683 -40.3327 3
      vertex -33.3334 -40.3082 3
    endloop
  endfacet
  facet normal -0.146788 -0.989168 -0
    outer loop
      vertex -33.1683 -40.3327 3
      vertex -33.3334 -40.3082 0
      vertex -33.1683 -40.3327 0
    endloop
  endfacet
  facet normal 0.989168 -0.146788 0
    outer loop
      vertex -35.1918 -41.8334 3
      vertex -35.1673 -41.6683 0
      vertex -35.1673 -41.6683 3
    endloop
  endfacet
  facet normal 0.989168 -0.146788 0
    outer loop
      vertex -35.1673 -41.6683 0
      vertex -35.1918 -41.8334 3
      vertex -35.1918 -41.8334 0
    endloop
  endfacet
  facet normal -0.989168 0.146788 0
    outer loop
      vertex -31.8327 -42.3317 0
      vertex -31.8082 -42.1666 3
      vertex -31.8082 -42.1666 0
    endloop
  endfacet
  facet normal -0.989168 0.146788 0
    outer loop
      vertex -31.8082 -42.1666 3
      vertex -31.8327 -42.3317 0
      vertex -31.8327 -42.3317 3
    endloop
  endfacet
  facet normal -0.857652 0.514231 0
    outer loop
      vertex -32.0865 -42.9445 0
      vertex -32.0007 -42.8014 3
      vertex -32.0007 -42.8014 0
    endloop
  endfacet
  facet normal -0.857652 0.514231 0
    outer loop
      vertex -32.0007 -42.8014 3
      vertex -32.0865 -42.9445 0
      vertex -32.0865 -42.9445 3
    endloop
  endfacet
  facet normal -0.427442 0.904043 0
    outer loop
      vertex -32.6986 -43.4993 0
      vertex -32.8494 -43.5706 3
      vertex -32.6986 -43.4993 3
    endloop
  endfacet
  facet normal -0.427442 0.904043 0
    outer loop
      vertex -32.8494 -43.5706 3
      vertex -32.6986 -43.4993 0
      vertex -32.8494 -43.5706 0
    endloop
  endfacet
  facet normal -0.242818 0.970072 0
    outer loop
      vertex -33.0065 -43.6268 0
      vertex -33.1683 -43.6673 3
      vertex -33.0065 -43.6268 3
    endloop
  endfacet
  facet normal -0.242818 0.970072 0
    outer loop
      vertex -33.1683 -43.6673 3
      vertex -33.0065 -43.6268 0
      vertex -33.1683 -43.6673 0
    endloop
  endfacet
  facet normal -0.595772 0.803154 0
    outer loop
      vertex -32.4215 -43.3141 0
      vertex -32.5555 -43.4135 3
      vertex -32.4215 -43.3141 3
    endloop
  endfacet
  facet normal -0.595772 0.803154 0
    outer loop
      vertex -32.5555 -43.4135 3
      vertex -32.4215 -43.3141 0
      vertex -32.5555 -43.4135 0
    endloop
  endfacet
  facet normal 0.242818 0.970072 -0
    outer loop
      vertex -33.8317 -43.6673 0
      vertex -33.9935 -43.6268 3
      vertex -33.8317 -43.6673 3
    endloop
  endfacet
  facet normal 0.242818 0.970072 0
    outer loop
      vertex -33.9935 -43.6268 3
      vertex -33.8317 -43.6673 0
      vertex -33.9935 -43.6268 0
    endloop
  endfacet
  facet normal 0.427442 0.904043 -0
    outer loop
      vertex -34.1506 -43.5706 0
      vertex -34.3014 -43.4993 3
      vertex -34.1506 -43.5706 3
    endloop
  endfacet
  facet normal 0.427442 0.904043 0
    outer loop
      vertex -34.3014 -43.4993 3
      vertex -34.1506 -43.5706 0
      vertex -34.3014 -43.4993 0
    endloop
  endfacet
  facet normal 0.595772 0.803154 -0
    outer loop
      vertex -34.4445 -43.4135 0
      vertex -34.5785 -43.3141 3
      vertex -34.4445 -43.4135 3
    endloop
  endfacet
  facet normal 0.595772 0.803154 0
    outer loop
      vertex -34.5785 -43.3141 3
      vertex -34.4445 -43.4135 0
      vertex -34.5785 -43.3141 0
    endloop
  endfacet
  facet normal 0.941566 0.33683 0
    outer loop
      vertex -35.0706 -42.6506 3
      vertex -35.1268 -42.4935 0
      vertex -35.1268 -42.4935 3
    endloop
  endfacet
  facet normal 0.941566 0.33683 0
    outer loop
      vertex -35.1268 -42.4935 0
      vertex -35.0706 -42.6506 3
      vertex -35.0706 -42.6506 0
    endloop
  endfacet
  facet normal 0.857652 0.514231 0
    outer loop
      vertex -34.9135 -42.9445 3
      vertex -34.9993 -42.8014 0
      vertex -34.9993 -42.8014 3
    endloop
  endfacet
  facet normal 0.857652 0.514231 0
    outer loop
      vertex -34.9993 -42.8014 0
      vertex -34.9135 -42.9445 3
      vertex -34.9135 -42.9445 0
    endloop
  endfacet
  facet normal -0.33683 0.941566 0
    outer loop
      vertex -32.8494 -43.5706 0
      vertex -33.0065 -43.6268 3
      vertex -32.8494 -43.5706 3
    endloop
  endfacet
  facet normal -0.33683 0.941566 0
    outer loop
      vertex -33.0065 -43.6268 3
      vertex -32.8494 -43.5706 0
      vertex -33.0065 -43.6268 0
    endloop
  endfacet
  facet normal -0.595772 -0.803154 0
    outer loop
      vertex 34.4445 -40.5865 0
      vertex 34.5785 -40.6859 3
      vertex 34.4445 -40.5865 3
    endloop
  endfacet
  facet normal -0.595772 -0.803154 -0
    outer loop
      vertex 34.5785 -40.6859 3
      vertex 34.4445 -40.5865 0
      vertex 34.5785 -40.6859 0
    endloop
  endfacet
  facet normal 0.33683 -0.941566 0
    outer loop
      vertex 32.8494 -40.4294 0
      vertex 33.0065 -40.3732 3
      vertex 32.8494 -40.4294 3
    endloop
  endfacet
  facet normal 0.33683 -0.941566 0
    outer loop
      vertex 33.0065 -40.3732 3
      vertex 32.8494 -40.4294 0
      vertex 33.0065 -40.3732 0
    endloop
  endfacet
  facet normal 0.904043 -0.427442 0
    outer loop
      vertex 31.9294 -41.3494 3
      vertex 32.0007 -41.1986 0
      vertex 32.0007 -41.1986 3
    endloop
  endfacet
  facet normal 0.904043 -0.427442 0
    outer loop
      vertex 32.0007 -41.1986 0
      vertex 31.9294 -41.3494 3
      vertex 31.9294 -41.3494 0
    endloop
  endfacet
  facet normal -0.998791 0.0491602 0
    outer loop
      vertex 35.1918 -42.1666 0
      vertex 35.2 -42 3
      vertex 35.2 -42 0
    endloop
  endfacet
  facet normal -0.998791 0.0491602 0
    outer loop
      vertex 35.2 -42 3
      vertex 35.1918 -42.1666 0
      vertex 35.1918 -42.1666 3
    endloop
  endfacet
  facet normal -0.904043 -0.427442 0
    outer loop
      vertex 35.0706 -41.3494 0
      vertex 34.9993 -41.1986 3
      vertex 34.9993 -41.1986 0
    endloop
  endfacet
  facet normal -0.904043 -0.427442 0
    outer loop
      vertex 34.9993 -41.1986 3
      vertex 35.0706 -41.3494 0
      vertex 35.0706 -41.3494 3
    endloop
  endfacet
  facet normal -0.857652 -0.514231 0
    outer loop
      vertex 34.9993 -41.1986 0
      vertex 34.9135 -41.0555 3
      vertex 34.9135 -41.0555 0
    endloop
  endfacet
  facet normal -0.857652 -0.514231 0
    outer loop
      vertex 34.9135 -41.0555 3
      vertex 34.9993 -41.1986 0
      vertex 34.9993 -41.1986 3
    endloop
  endfacet
  facet normal -0.427442 -0.904043 0
    outer loop
      vertex 34.1506 -40.4294 0
      vertex 34.3014 -40.5007 3
      vertex 34.1506 -40.4294 3
    endloop
  endfacet
  facet normal -0.427442 -0.904043 -0
    outer loop
      vertex 34.3014 -40.5007 3
      vertex 34.1506 -40.4294 0
      vertex 34.3014 -40.5007 0
    endloop
  endfacet
  facet normal -0.146788 -0.989168 0
    outer loop
      vertex 33.6666 -40.3082 0
      vertex 33.8317 -40.3327 3
      vertex 33.6666 -40.3082 3
    endloop
  endfacet
  facet normal -0.146788 -0.989168 -0
    outer loop
      vertex 33.8317 -40.3327 3
      vertex 33.6666 -40.3082 0
      vertex 33.8317 -40.3327 0
    endloop
  endfacet
  facet normal 0.989168 -0.146788 0
    outer loop
      vertex 31.8082 -41.8334 3
      vertex 31.8327 -41.6683 0
      vertex 31.8327 -41.6683 3
    endloop
  endfacet
  facet normal 0.989168 -0.146788 0
    outer loop
      vertex 31.8327 -41.6683 0
      vertex 31.8082 -41.8334 3
      vertex 31.8082 -41.8334 0
    endloop
  endfacet
  facet normal 0.741024 -0.671478 0
    outer loop
      vertex 32.1859 -40.9215 3
      vertex 32.2979 -40.7979 0
      vertex 32.2979 -40.7979 3
    endloop
  endfacet
  facet normal 0.741024 -0.671478 0
    outer loop
      vertex 32.2979 -40.7979 0
      vertex 32.1859 -40.9215 3
      vertex 32.1859 -40.9215 0
    endloop
  endfacet
  facet normal 0.146788 -0.989168 0
    outer loop
      vertex 33.1683 -40.3327 0
      vertex 33.3334 -40.3082 3
      vertex 33.1683 -40.3327 3
    endloop
  endfacet
  facet normal 0.146788 -0.989168 0
    outer loop
      vertex 33.3334 -40.3082 3
      vertex 33.1683 -40.3327 0
      vertex 33.3334 -40.3082 0
    endloop
  endfacet
  facet normal -0.941566 0.33683 0
    outer loop
      vertex 35.0706 -42.6506 0
      vertex 35.1268 -42.4935 3
      vertex 35.1268 -42.4935 0
    endloop
  endfacet
  facet normal -0.941566 0.33683 0
    outer loop
      vertex 35.1268 -42.4935 3
      vertex 35.0706 -42.6506 0
      vertex 35.0706 -42.6506 3
    endloop
  endfacet
  facet normal 0.146788 0.989168 -0
    outer loop
      vertex 33.3334 -43.6918 0
      vertex 33.1683 -43.6673 3
      vertex 33.3334 -43.6918 3
    endloop
  endfacet
  facet normal 0.146788 0.989168 0
    outer loop
      vertex 33.1683 -43.6673 3
      vertex 33.3334 -43.6918 0
      vertex 33.1683 -43.6673 0
    endloop
  endfacet
  facet normal 0.671478 0.741024 -0
    outer loop
      vertex 32.4215 -43.3141 0
      vertex 32.2979 -43.2021 3
      vertex 32.4215 -43.3141 3
    endloop
  endfacet
  facet normal 0.671478 0.741024 0
    outer loop
      vertex 32.2979 -43.2021 3
      vertex 32.4215 -43.3141 0
      vertex 32.2979 -43.2021 0
    endloop
  endfacet
  facet normal -0.989168 -0.146788 0
    outer loop
      vertex 35.1918 -41.8334 0
      vertex 35.1673 -41.6683 3
      vertex 35.1673 -41.6683 0
    endloop
  endfacet
  facet normal -0.989168 -0.146788 0
    outer loop
      vertex 35.1673 -41.6683 3
      vertex 35.1918 -41.8334 0
      vertex 35.1918 -41.8334 3
    endloop
  endfacet
  facet normal -0.970072 -0.242818 0
    outer loop
      vertex 35.1673 -41.6683 0
      vertex 35.1268 -41.5065 3
      vertex 35.1268 -41.5065 0
    endloop
  endfacet
  facet normal -0.970072 -0.242818 0
    outer loop
      vertex 35.1268 -41.5065 3
      vertex 35.1673 -41.6683 0
      vertex 35.1673 -41.6683 3
    endloop
  endfacet
  facet normal -0.941566 -0.33683 0
    outer loop
      vertex 35.1268 -41.5065 0
      vertex 35.0706 -41.3494 3
      vertex 35.0706 -41.3494 0
    endloop
  endfacet
  facet normal -0.941566 -0.33683 0
    outer loop
      vertex 35.0706 -41.3494 3
      vertex 35.1268 -41.5065 0
      vertex 35.1268 -41.5065 3
    endloop
  endfacet
  facet normal -0.741024 -0.671478 0
    outer loop
      vertex 34.8141 -40.9215 0
      vertex 34.7021 -40.7979 3
      vertex 34.7021 -40.7979 0
    endloop
  endfacet
  facet normal -0.741024 -0.671478 0
    outer loop
      vertex 34.7021 -40.7979 3
      vertex 34.8141 -40.9215 0
      vertex 34.8141 -40.9215 3
    endloop
  endfacet
  facet normal -0.803154 -0.595772 0
    outer loop
      vertex 34.9135 -41.0555 0
      vertex 34.8141 -40.9215 3
      vertex 34.8141 -40.9215 0
    endloop
  endfacet
  facet normal -0.803154 -0.595772 0
    outer loop
      vertex 34.8141 -40.9215 3
      vertex 34.9135 -41.0555 0
      vertex 34.9135 -41.0555 3
    endloop
  endfacet
  facet normal -0.671478 -0.741024 0
    outer loop
      vertex 34.5785 -40.6859 0
      vertex 34.7021 -40.7979 3
      vertex 34.5785 -40.6859 3
    endloop
  endfacet
  facet normal -0.671478 -0.741024 -0
    outer loop
      vertex 34.7021 -40.7979 3
      vertex 34.5785 -40.6859 0
      vertex 34.7021 -40.7979 0
    endloop
  endfacet
  facet normal -0.514231 -0.857652 0
    outer loop
      vertex 34.3014 -40.5007 0
      vertex 34.4445 -40.5865 3
      vertex 34.3014 -40.5007 3
    endloop
  endfacet
  facet normal -0.514231 -0.857652 -0
    outer loop
      vertex 34.4445 -40.5865 3
      vertex 34.3014 -40.5007 0
      vertex 34.4445 -40.5865 0
    endloop
  endfacet
  facet normal -0.0491602 -0.998791 0
    outer loop
      vertex 33.5 -40.3 0
      vertex 33.6666 -40.3082 3
      vertex 33.5 -40.3 3
    endloop
  endfacet
  facet normal -0.0491602 -0.998791 -0
    outer loop
      vertex 33.6666 -40.3082 3
      vertex 33.5 -40.3 0
      vertex 33.6666 -40.3082 0
    endloop
  endfacet
  facet normal -0.33683 -0.941566 0
    outer loop
      vertex 33.9935 -40.3732 0
      vertex 34.1506 -40.4294 3
      vertex 33.9935 -40.3732 3
    endloop
  endfacet
  facet normal -0.33683 -0.941566 -0
    outer loop
      vertex 34.1506 -40.4294 3
      vertex 33.9935 -40.3732 0
      vertex 34.1506 -40.4294 0
    endloop
  endfacet
  facet normal -0.242818 -0.970072 0
    outer loop
      vertex 33.8317 -40.3327 0
      vertex 33.9935 -40.3732 3
      vertex 33.8317 -40.3327 3
    endloop
  endfacet
  facet normal -0.242818 -0.970072 -0
    outer loop
      vertex 33.9935 -40.3732 3
      vertex 33.8317 -40.3327 0
      vertex 33.9935 -40.3732 0
    endloop
  endfacet
  facet normal 0.998791 -0.0491602 0
    outer loop
      vertex 31.8 -42 3
      vertex 31.8082 -41.8334 0
      vertex 31.8082 -41.8334 3
    endloop
  endfacet
  facet normal 0.998791 -0.0491602 0
    outer loop
      vertex 31.8082 -41.8334 0
      vertex 31.8 -42 3
      vertex 31.8 -42 0
    endloop
  endfacet
  facet normal 0.941566 -0.33683 0
    outer loop
      vertex 31.8732 -41.5065 3
      vertex 31.9294 -41.3494 0
      vertex 31.9294 -41.3494 3
    endloop
  endfacet
  facet normal 0.941566 -0.33683 0
    outer loop
      vertex 31.9294 -41.3494 0
      vertex 31.8732 -41.5065 3
      vertex 31.8732 -41.5065 0
    endloop
  endfacet
  facet normal 0.970072 -0.242818 0
    outer loop
      vertex 31.8327 -41.6683 3
      vertex 31.8732 -41.5065 0
      vertex 31.8732 -41.5065 3
    endloop
  endfacet
  facet normal 0.970072 -0.242818 0
    outer loop
      vertex 31.8732 -41.5065 0
      vertex 31.8327 -41.6683 3
      vertex 31.8327 -41.6683 0
    endloop
  endfacet
  facet normal 0.857652 -0.514231 0
    outer loop
      vertex 32.0007 -41.1986 3
      vertex 32.0865 -41.0555 0
      vertex 32.0865 -41.0555 3
    endloop
  endfacet
  facet normal 0.857652 -0.514231 0
    outer loop
      vertex 32.0865 -41.0555 0
      vertex 32.0007 -41.1986 3
      vertex 32.0007 -41.1986 0
    endloop
  endfacet
  facet normal 0.803154 -0.595772 0
    outer loop
      vertex 32.0865 -41.0555 3
      vertex 32.1859 -40.9215 0
      vertex 32.1859 -40.9215 3
    endloop
  endfacet
  facet normal 0.803154 -0.595772 0
    outer loop
      vertex 32.1859 -40.9215 0
      vertex 32.0865 -41.0555 3
      vertex 32.0865 -41.0555 0
    endloop
  endfacet
  facet normal 0.242818 -0.970072 0
    outer loop
      vertex 33.0065 -40.3732 0
      vertex 33.1683 -40.3327 3
      vertex 33.0065 -40.3732 3
    endloop
  endfacet
  facet normal 0.242818 -0.970072 0
    outer loop
      vertex 33.1683 -40.3327 3
      vertex 33.0065 -40.3732 0
      vertex 33.1683 -40.3327 0
    endloop
  endfacet
  facet normal 0.0491602 -0.998791 0
    outer loop
      vertex 33.3334 -40.3082 0
      vertex 33.5 -40.3 3
      vertex 33.3334 -40.3082 3
    endloop
  endfacet
  facet normal 0.0491602 -0.998791 0
    outer loop
      vertex 33.5 -40.3 3
      vertex 33.3334 -40.3082 0
      vertex 33.5 -40.3 0
    endloop
  endfacet
  facet normal 0.514231 -0.857652 0
    outer loop
      vertex 32.5555 -40.5865 0
      vertex 32.6986 -40.5007 3
      vertex 32.5555 -40.5865 3
    endloop
  endfacet
  facet normal 0.514231 -0.857652 0
    outer loop
      vertex 32.6986 -40.5007 3
      vertex 32.5555 -40.5865 0
      vertex 32.6986 -40.5007 0
    endloop
  endfacet
  facet normal 0.595772 -0.803154 0
    outer loop
      vertex 32.4215 -40.6859 0
      vertex 32.5555 -40.5865 3
      vertex 32.4215 -40.6859 3
    endloop
  endfacet
  facet normal 0.595772 -0.803154 0
    outer loop
      vertex 32.5555 -40.5865 3
      vertex 32.4215 -40.6859 0
      vertex 32.5555 -40.5865 0
    endloop
  endfacet
  facet normal 0.427442 -0.904043 0
    outer loop
      vertex 32.6986 -40.5007 0
      vertex 32.8494 -40.4294 3
      vertex 32.6986 -40.5007 3
    endloop
  endfacet
  facet normal 0.427442 -0.904043 0
    outer loop
      vertex 32.8494 -40.4294 3
      vertex 32.6986 -40.5007 0
      vertex 32.8494 -40.4294 0
    endloop
  endfacet
  facet normal 0.671478 -0.741024 0
    outer loop
      vertex 32.2979 -40.7979 0
      vertex 32.4215 -40.6859 3
      vertex 32.2979 -40.7979 3
    endloop
  endfacet
  facet normal 0.671478 -0.741024 0
    outer loop
      vertex 32.4215 -40.6859 3
      vertex 32.2979 -40.7979 0
      vertex 32.4215 -40.6859 0
    endloop
  endfacet
  facet normal -0.998791 -0.0491602 0
    outer loop
      vertex 35.2 -42 0
      vertex 35.1918 -41.8334 3
      vertex 35.1918 -41.8334 0
    endloop
  endfacet
  facet normal -0.998791 -0.0491602 0
    outer loop
      vertex 35.1918 -41.8334 3
      vertex 35.2 -42 0
      vertex 35.2 -42 3
    endloop
  endfacet
  facet normal -0.0491602 0.998791 0
    outer loop
      vertex 33.6666 -43.6918 0
      vertex 33.5 -43.7 3
      vertex 33.6666 -43.6918 3
    endloop
  endfacet
  facet normal -0.0491602 0.998791 0
    outer loop
      vertex 33.5 -43.7 3
      vertex 33.6666 -43.6918 0
      vertex 33.5 -43.7 0
    endloop
  endfacet
  facet normal -0.970072 0.242818 0
    outer loop
      vertex 35.1268 -42.4935 0
      vertex 35.1673 -42.3317 3
      vertex 35.1673 -42.3317 0
    endloop
  endfacet
  facet normal -0.970072 0.242818 0
    outer loop
      vertex 35.1673 -42.3317 3
      vertex 35.1268 -42.4935 0
      vertex 35.1268 -42.4935 3
    endloop
  endfacet
  facet normal -0.904043 0.427442 0
    outer loop
      vertex 34.9993 -42.8014 0
      vertex 35.0706 -42.6506 3
      vertex 35.0706 -42.6506 0
    endloop
  endfacet
  facet normal -0.904043 0.427442 0
    outer loop
      vertex 35.0706 -42.6506 3
      vertex 34.9993 -42.8014 0
      vertex 34.9993 -42.8014 3
    endloop
  endfacet
  facet normal -0.741024 0.671478 0
    outer loop
      vertex 34.7021 -43.2021 0
      vertex 34.8141 -43.0785 3
      vertex 34.8141 -43.0785 0
    endloop
  endfacet
  facet normal -0.741024 0.671478 0
    outer loop
      vertex 34.8141 -43.0785 3
      vertex 34.7021 -43.2021 0
      vertex 34.7021 -43.2021 3
    endloop
  endfacet
  facet normal -0.671478 0.741024 0
    outer loop
      vertex 34.7021 -43.2021 0
      vertex 34.5785 -43.3141 3
      vertex 34.7021 -43.2021 3
    endloop
  endfacet
  facet normal -0.671478 0.741024 0
    outer loop
      vertex 34.5785 -43.3141 3
      vertex 34.7021 -43.2021 0
      vertex 34.5785 -43.3141 0
    endloop
  endfacet
  facet normal -0.514231 0.857652 0
    outer loop
      vertex 34.4445 -43.4135 0
      vertex 34.3014 -43.4993 3
      vertex 34.4445 -43.4135 3
    endloop
  endfacet
  facet normal -0.514231 0.857652 0
    outer loop
      vertex 34.3014 -43.4993 3
      vertex 34.4445 -43.4135 0
      vertex 34.3014 -43.4993 0
    endloop
  endfacet
  facet normal 0.33683 0.941566 -0
    outer loop
      vertex 33.0065 -43.6268 0
      vertex 32.8494 -43.5706 3
      vertex 33.0065 -43.6268 3
    endloop
  endfacet
  facet normal 0.33683 0.941566 0
    outer loop
      vertex 32.8494 -43.5706 3
      vertex 33.0065 -43.6268 0
      vertex 32.8494 -43.5706 0
    endloop
  endfacet
  facet normal 0.514231 0.857652 -0
    outer loop
      vertex 32.6986 -43.4993 0
      vertex 32.5555 -43.4135 3
      vertex 32.6986 -43.4993 3
    endloop
  endfacet
  facet normal 0.514231 0.857652 0
    outer loop
      vertex 32.5555 -43.4135 3
      vertex 32.6986 -43.4993 0
      vertex 32.5555 -43.4135 0
    endloop
  endfacet
  facet normal 0.970072 0.242818 0
    outer loop
      vertex 31.8732 -42.4935 3
      vertex 31.8327 -42.3317 0
      vertex 31.8327 -42.3317 3
    endloop
  endfacet
  facet normal 0.970072 0.242818 0
    outer loop
      vertex 31.8327 -42.3317 0
      vertex 31.8732 -42.4935 3
      vertex 31.8732 -42.4935 0
    endloop
  endfacet
  facet normal 0.998791 0.0491602 0
    outer loop
      vertex 31.8082 -42.1666 3
      vertex 31.8 -42 0
      vertex 31.8 -42 3
    endloop
  endfacet
  facet normal 0.998791 0.0491602 0
    outer loop
      vertex 31.8 -42 0
      vertex 31.8082 -42.1666 3
      vertex 31.8082 -42.1666 0
    endloop
  endfacet
  facet normal 0.803154 0.595772 0
    outer loop
      vertex 32.1859 -43.0785 3
      vertex 32.0865 -42.9445 0
      vertex 32.0865 -42.9445 3
    endloop
  endfacet
  facet normal 0.803154 0.595772 0
    outer loop
      vertex 32.0865 -42.9445 0
      vertex 32.1859 -43.0785 3
      vertex 32.1859 -43.0785 0
    endloop
  endfacet
  facet normal 0.904043 0.427442 0
    outer loop
      vertex 32.0007 -42.8014 3
      vertex 31.9294 -42.6506 0
      vertex 31.9294 -42.6506 3
    endloop
  endfacet
  facet normal 0.904043 0.427442 0
    outer loop
      vertex 31.9294 -42.6506 0
      vertex 32.0007 -42.8014 3
      vertex 32.0007 -42.8014 0
    endloop
  endfacet
  facet normal -0.989168 0.146788 0
    outer loop
      vertex 35.1673 -42.3317 0
      vertex 35.1918 -42.1666 3
      vertex 35.1918 -42.1666 0
    endloop
  endfacet
  facet normal -0.989168 0.146788 0
    outer loop
      vertex 35.1918 -42.1666 3
      vertex 35.1673 -42.3317 0
      vertex 35.1673 -42.3317 3
    endloop
  endfacet
  facet normal -0.146788 0.989168 0
    outer loop
      vertex 33.8317 -43.6673 0
      vertex 33.6666 -43.6918 3
      vertex 33.8317 -43.6673 3
    endloop
  endfacet
  facet normal -0.146788 0.989168 0
    outer loop
      vertex 33.6666 -43.6918 3
      vertex 33.8317 -43.6673 0
      vertex 33.6666 -43.6918 0
    endloop
  endfacet
  facet normal -0.427442 0.904043 0
    outer loop
      vertex 34.3014 -43.4993 0
      vertex 34.1506 -43.5706 3
      vertex 34.3014 -43.4993 3
    endloop
  endfacet
  facet normal -0.427442 0.904043 0
    outer loop
      vertex 34.1506 -43.5706 3
      vertex 34.3014 -43.4993 0
      vertex 34.1506 -43.5706 0
    endloop
  endfacet
  facet normal -0.242818 0.970072 0
    outer loop
      vertex 33.9935 -43.6268 0
      vertex 33.8317 -43.6673 3
      vertex 33.9935 -43.6268 3
    endloop
  endfacet
  facet normal -0.242818 0.970072 0
    outer loop
      vertex 33.8317 -43.6673 3
      vertex 33.9935 -43.6268 0
      vertex 33.8317 -43.6673 0
    endloop
  endfacet
  facet normal -0.595772 0.803154 0
    outer loop
      vertex 34.5785 -43.3141 0
      vertex 34.4445 -43.4135 3
      vertex 34.5785 -43.3141 3
    endloop
  endfacet
  facet normal -0.595772 0.803154 0
    outer loop
      vertex 34.4445 -43.4135 3
      vertex 34.5785 -43.3141 0
      vertex 34.4445 -43.4135 0
    endloop
  endfacet
  facet normal 0.0491602 0.998791 -0
    outer loop
      vertex 33.5 -43.7 0
      vertex 33.3334 -43.6918 3
      vertex 33.5 -43.7 3
    endloop
  endfacet
  facet normal 0.0491602 0.998791 0
    outer loop
      vertex 33.3334 -43.6918 3
      vertex 33.5 -43.7 0
      vertex 33.3334 -43.6918 0
    endloop
  endfacet
  facet normal 0.242818 0.970072 -0
    outer loop
      vertex 33.1683 -43.6673 0
      vertex 33.0065 -43.6268 3
      vertex 33.1683 -43.6673 3
    endloop
  endfacet
  facet normal 0.242818 0.970072 0
    outer loop
      vertex 33.0065 -43.6268 3
      vertex 33.1683 -43.6673 0
      vertex 33.0065 -43.6268 0
    endloop
  endfacet
  facet normal 0.427442 0.904043 -0
    outer loop
      vertex 32.8494 -43.5706 0
      vertex 32.6986 -43.4993 3
      vertex 32.8494 -43.5706 3
    endloop
  endfacet
  facet normal 0.427442 0.904043 0
    outer loop
      vertex 32.6986 -43.4993 3
      vertex 32.8494 -43.5706 0
      vertex 32.6986 -43.4993 0
    endloop
  endfacet
  facet normal 0.595772 0.803154 -0
    outer loop
      vertex 32.5555 -43.4135 0
      vertex 32.4215 -43.3141 3
      vertex 32.5555 -43.4135 3
    endloop
  endfacet
  facet normal 0.595772 0.803154 0
    outer loop
      vertex 32.4215 -43.3141 3
      vertex 32.5555 -43.4135 0
      vertex 32.4215 -43.3141 0
    endloop
  endfacet
  facet normal 0.941566 0.33683 0
    outer loop
      vertex 31.9294 -42.6506 3
      vertex 31.8732 -42.4935 0
      vertex 31.8732 -42.4935 3
    endloop
  endfacet
  facet normal 0.941566 0.33683 0
    outer loop
      vertex 31.8732 -42.4935 0
      vertex 31.9294 -42.6506 3
      vertex 31.9294 -42.6506 0
    endloop
  endfacet
  facet normal 0.989168 0.146788 0
    outer loop
      vertex 31.8327 -42.3317 3
      vertex 31.8082 -42.1666 0
      vertex 31.8082 -42.1666 3
    endloop
  endfacet
  facet normal 0.989168 0.146788 0
    outer loop
      vertex 31.8082 -42.1666 0
      vertex 31.8327 -42.3317 3
      vertex 31.8327 -42.3317 0
    endloop
  endfacet
  facet normal 0.857652 0.514231 0
    outer loop
      vertex 32.0865 -42.9445 3
      vertex 32.0007 -42.8014 0
      vertex 32.0007 -42.8014 3
    endloop
  endfacet
  facet normal 0.857652 0.514231 0
    outer loop
      vertex 32.0007 -42.8014 0
      vertex 32.0865 -42.9445 3
      vertex 32.0865 -42.9445 0
    endloop
  endfacet
  facet normal 0.741024 0.671478 0
    outer loop
      vertex 32.2979 -43.2021 3
      vertex 32.1859 -43.0785 0
      vertex 32.1859 -43.0785 3
    endloop
  endfacet
  facet normal 0.741024 0.671478 0
    outer loop
      vertex 32.1859 -43.0785 0
      vertex 32.2979 -43.2021 3
      vertex 32.2979 -43.2021 0
    endloop
  endfacet
  facet normal -0.857652 0.514231 0
    outer loop
      vertex 34.9135 -42.9445 0
      vertex 34.9993 -42.8014 3
      vertex 34.9993 -42.8014 0
    endloop
  endfacet
  facet normal -0.857652 0.514231 0
    outer loop
      vertex 34.9993 -42.8014 3
      vertex 34.9135 -42.9445 0
      vertex 34.9135 -42.9445 3
    endloop
  endfacet
  facet normal -0.803154 0.595772 0
    outer loop
      vertex 34.8141 -43.0785 0
      vertex 34.9135 -42.9445 3
      vertex 34.9135 -42.9445 0
    endloop
  endfacet
  facet normal -0.803154 0.595772 0
    outer loop
      vertex 34.9135 -42.9445 3
      vertex 34.8141 -43.0785 0
      vertex 34.8141 -43.0785 3
    endloop
  endfacet
  facet normal -0.33683 0.941566 0
    outer loop
      vertex 34.1506 -43.5706 0
      vertex 33.9935 -43.6268 3
      vertex 34.1506 -43.5706 3
    endloop
  endfacet
  facet normal -0.33683 0.941566 0
    outer loop
      vertex 33.9935 -43.6268 3
      vertex 34.1506 -43.5706 0
      vertex 33.9935 -43.6268 0
    endloop
  endfacet
  facet normal -0.595772 -0.803154 0
    outer loop
      vertex -32.5555 -14.5865 0
      vertex -32.4215 -14.6859 3
      vertex -32.5555 -14.5865 3
    endloop
  endfacet
  facet normal -0.595772 -0.803154 -0
    outer loop
      vertex -32.4215 -14.6859 3
      vertex -32.5555 -14.5865 0
      vertex -32.4215 -14.6859 0
    endloop
  endfacet
  facet normal 0.33683 -0.941566 0
    outer loop
      vertex -34.1506 -14.4294 0
      vertex -33.9935 -14.3732 3
      vertex -34.1506 -14.4294 3
    endloop
  endfacet
  facet normal 0.33683 -0.941566 0
    outer loop
      vertex -33.9935 -14.3732 3
      vertex -34.1506 -14.4294 0
      vertex -33.9935 -14.3732 0
    endloop
  endfacet
  facet normal 0.904043 -0.427442 0
    outer loop
      vertex -35.0706 -15.3494 3
      vertex -34.9993 -15.1986 0
      vertex -34.9993 -15.1986 3
    endloop
  endfacet
  facet normal 0.904043 -0.427442 0
    outer loop
      vertex -34.9993 -15.1986 0
      vertex -35.0706 -15.3494 3
      vertex -35.0706 -15.3494 0
    endloop
  endfacet
  facet normal -0.998791 0.0491602 0
    outer loop
      vertex -31.8082 -16.1666 0
      vertex -31.8 -16 3
      vertex -31.8 -16 0
    endloop
  endfacet
  facet normal -0.998791 0.0491602 0
    outer loop
      vertex -31.8 -16 3
      vertex -31.8082 -16.1666 0
      vertex -31.8082 -16.1666 3
    endloop
  endfacet
  facet normal -0.904043 -0.427442 0
    outer loop
      vertex -31.9294 -15.3494 0
      vertex -32.0007 -15.1986 3
      vertex -32.0007 -15.1986 0
    endloop
  endfacet
  facet normal -0.904043 -0.427442 0
    outer loop
      vertex -32.0007 -15.1986 3
      vertex -31.9294 -15.3494 0
      vertex -31.9294 -15.3494 3
    endloop
  endfacet
  facet normal -0.857652 -0.514231 0
    outer loop
      vertex -32.0007 -15.1986 0
      vertex -32.0865 -15.0555 3
      vertex -32.0865 -15.0555 0
    endloop
  endfacet
  facet normal -0.857652 -0.514231 0
    outer loop
      vertex -32.0865 -15.0555 3
      vertex -32.0007 -15.1986 0
      vertex -32.0007 -15.1986 3
    endloop
  endfacet
  facet normal -0.427442 -0.904043 0
    outer loop
      vertex -32.8494 -14.4294 0
      vertex -32.6986 -14.5007 3
      vertex -32.8494 -14.4294 3
    endloop
  endfacet
  facet normal -0.427442 -0.904043 -0
    outer loop
      vertex -32.6986 -14.5007 3
      vertex -32.8494 -14.4294 0
      vertex -32.6986 -14.5007 0
    endloop
  endfacet
  facet normal -0.146788 -0.989168 0
    outer loop
      vertex -33.3334 -14.3082 0
      vertex -33.1683 -14.3327 3
      vertex -33.3334 -14.3082 3
    endloop
  endfacet
  facet normal -0.146788 -0.989168 -0
    outer loop
      vertex -33.1683 -14.3327 3
      vertex -33.3334 -14.3082 0
      vertex -33.1683 -14.3327 0
    endloop
  endfacet
  facet normal 0.989168 -0.146788 0
    outer loop
      vertex -35.1918 -15.8334 3
      vertex -35.1673 -15.6683 0
      vertex -35.1673 -15.6683 3
    endloop
  endfacet
  facet normal 0.989168 -0.146788 0
    outer loop
      vertex -35.1673 -15.6683 0
      vertex -35.1918 -15.8334 3
      vertex -35.1918 -15.8334 0
    endloop
  endfacet
  facet normal 0.741024 -0.671478 0
    outer loop
      vertex -34.8141 -14.9215 3
      vertex -34.7021 -14.7979 0
      vertex -34.7021 -14.7979 3
    endloop
  endfacet
  facet normal 0.741024 -0.671478 0
    outer loop
      vertex -34.7021 -14.7979 0
      vertex -34.8141 -14.9215 3
      vertex -34.8141 -14.9215 0
    endloop
  endfacet
  facet normal 0.146788 -0.989168 0
    outer loop
      vertex -33.8317 -14.3327 0
      vertex -33.6666 -14.3082 3
      vertex -33.8317 -14.3327 3
    endloop
  endfacet
  facet normal 0.146788 -0.989168 0
    outer loop
      vertex -33.6666 -14.3082 3
      vertex -33.8317 -14.3327 0
      vertex -33.6666 -14.3082 0
    endloop
  endfacet
  facet normal -0.941566 0.33683 0
    outer loop
      vertex -31.9294 -16.6506 0
      vertex -31.8732 -16.4935 3
      vertex -31.8732 -16.4935 0
    endloop
  endfacet
  facet normal -0.941566 0.33683 0
    outer loop
      vertex -31.8732 -16.4935 3
      vertex -31.9294 -16.6506 0
      vertex -31.9294 -16.6506 3
    endloop
  endfacet
  facet normal 0.146788 0.989168 -0
    outer loop
      vertex -33.6666 -17.6918 0
      vertex -33.8317 -17.6673 3
      vertex -33.6666 -17.6918 3
    endloop
  endfacet
  facet normal 0.146788 0.989168 0
    outer loop
      vertex -33.8317 -17.6673 3
      vertex -33.6666 -17.6918 0
      vertex -33.8317 -17.6673 0
    endloop
  endfacet
  facet normal 0.671478 0.741024 -0
    outer loop
      vertex -34.5785 -17.3141 0
      vertex -34.7021 -17.2021 3
      vertex -34.5785 -17.3141 3
    endloop
  endfacet
  facet normal 0.671478 0.741024 0
    outer loop
      vertex -34.7021 -17.2021 3
      vertex -34.5785 -17.3141 0
      vertex -34.7021 -17.2021 0
    endloop
  endfacet
  facet normal -0.989168 -0.146788 0
    outer loop
      vertex -31.8082 -15.8334 0
      vertex -31.8327 -15.6683 3
      vertex -31.8327 -15.6683 0
    endloop
  endfacet
  facet normal -0.989168 -0.146788 0
    outer loop
      vertex -31.8327 -15.6683 3
      vertex -31.8082 -15.8334 0
      vertex -31.8082 -15.8334 3
    endloop
  endfacet
  facet normal -0.970072 -0.242818 0
    outer loop
      vertex -31.8327 -15.6683 0
      vertex -31.8732 -15.5065 3
      vertex -31.8732 -15.5065 0
    endloop
  endfacet
  facet normal -0.970072 -0.242818 0
    outer loop
      vertex -31.8732 -15.5065 3
      vertex -31.8327 -15.6683 0
      vertex -31.8327 -15.6683 3
    endloop
  endfacet
  facet normal -0.941566 -0.33683 0
    outer loop
      vertex -31.8732 -15.5065 0
      vertex -31.9294 -15.3494 3
      vertex -31.9294 -15.3494 0
    endloop
  endfacet
  facet normal -0.941566 -0.33683 0
    outer loop
      vertex -31.9294 -15.3494 3
      vertex -31.8732 -15.5065 0
      vertex -31.8732 -15.5065 3
    endloop
  endfacet
  facet normal -0.741024 -0.671478 0
    outer loop
      vertex -32.1859 -14.9215 0
      vertex -32.2979 -14.7979 3
      vertex -32.2979 -14.7979 0
    endloop
  endfacet
  facet normal -0.741024 -0.671478 0
    outer loop
      vertex -32.2979 -14.7979 3
      vertex -32.1859 -14.9215 0
      vertex -32.1859 -14.9215 3
    endloop
  endfacet
  facet normal -0.803154 -0.595772 0
    outer loop
      vertex -32.0865 -15.0555 0
      vertex -32.1859 -14.9215 3
      vertex -32.1859 -14.9215 0
    endloop
  endfacet
  facet normal -0.803154 -0.595772 0
    outer loop
      vertex -32.1859 -14.9215 3
      vertex -32.0865 -15.0555 0
      vertex -32.0865 -15.0555 3
    endloop
  endfacet
  facet normal -0.671478 -0.741024 0
    outer loop
      vertex -32.4215 -14.6859 0
      vertex -32.2979 -14.7979 3
      vertex -32.4215 -14.6859 3
    endloop
  endfacet
  facet normal -0.671478 -0.741024 -0
    outer loop
      vertex -32.2979 -14.7979 3
      vertex -32.4215 -14.6859 0
      vertex -32.2979 -14.7979 0
    endloop
  endfacet
  facet normal -0.514231 -0.857652 0
    outer loop
      vertex -32.6986 -14.5007 0
      vertex -32.5555 -14.5865 3
      vertex -32.6986 -14.5007 3
    endloop
  endfacet
  facet normal -0.514231 -0.857652 -0
    outer loop
      vertex -32.5555 -14.5865 3
      vertex -32.6986 -14.5007 0
      vertex -32.5555 -14.5865 0
    endloop
  endfacet
  facet normal -0.0491602 -0.998791 0
    outer loop
      vertex -33.5 -14.3 0
      vertex -33.3334 -14.3082 3
      vertex -33.5 -14.3 3
    endloop
  endfacet
  facet normal -0.0491602 -0.998791 -0
    outer loop
      vertex -33.3334 -14.3082 3
      vertex -33.5 -14.3 0
      vertex -33.3334 -14.3082 0
    endloop
  endfacet
  facet normal -0.33683 -0.941566 0
    outer loop
      vertex -33.0065 -14.3732 0
      vertex -32.8494 -14.4294 3
      vertex -33.0065 -14.3732 3
    endloop
  endfacet
  facet normal -0.33683 -0.941566 -0
    outer loop
      vertex -32.8494 -14.4294 3
      vertex -33.0065 -14.3732 0
      vertex -32.8494 -14.4294 0
    endloop
  endfacet
  facet normal -0.242818 -0.970072 0
    outer loop
      vertex -33.1683 -14.3327 0
      vertex -33.0065 -14.3732 3
      vertex -33.1683 -14.3327 3
    endloop
  endfacet
  facet normal -0.242818 -0.970072 -0
    outer loop
      vertex -33.0065 -14.3732 3
      vertex -33.1683 -14.3327 0
      vertex -33.0065 -14.3732 0
    endloop
  endfacet
  facet normal 0.998791 -0.0491602 0
    outer loop
      vertex -35.2 -16 3
      vertex -35.1918 -15.8334 0
      vertex -35.1918 -15.8334 3
    endloop
  endfacet
  facet normal 0.998791 -0.0491602 0
    outer loop
      vertex -35.1918 -15.8334 0
      vertex -35.2 -16 3
      vertex -35.2 -16 0
    endloop
  endfacet
  facet normal 0.941566 -0.33683 0
    outer loop
      vertex -35.1268 -15.5065 3
      vertex -35.0706 -15.3494 0
      vertex -35.0706 -15.3494 3
    endloop
  endfacet
  facet normal 0.941566 -0.33683 0
    outer loop
      vertex -35.0706 -15.3494 0
      vertex -35.1268 -15.5065 3
      vertex -35.1268 -15.5065 0
    endloop
  endfacet
  facet normal 0.970072 -0.242818 0
    outer loop
      vertex -35.1673 -15.6683 3
      vertex -35.1268 -15.5065 0
      vertex -35.1268 -15.5065 3
    endloop
  endfacet
  facet normal 0.970072 -0.242818 0
    outer loop
      vertex -35.1268 -15.5065 0
      vertex -35.1673 -15.6683 3
      vertex -35.1673 -15.6683 0
    endloop
  endfacet
  facet normal 0.857652 -0.514231 0
    outer loop
      vertex -34.9993 -15.1986 3
      vertex -34.9135 -15.0555 0
      vertex -34.9135 -15.0555 3
    endloop
  endfacet
  facet normal 0.857652 -0.514231 0
    outer loop
      vertex -34.9135 -15.0555 0
      vertex -34.9993 -15.1986 3
      vertex -34.9993 -15.1986 0
    endloop
  endfacet
  facet normal 0.803154 -0.595772 0
    outer loop
      vertex -34.9135 -15.0555 3
      vertex -34.8141 -14.9215 0
      vertex -34.8141 -14.9215 3
    endloop
  endfacet
  facet normal 0.803154 -0.595772 0
    outer loop
      vertex -34.8141 -14.9215 0
      vertex -34.9135 -15.0555 3
      vertex -34.9135 -15.0555 0
    endloop
  endfacet
  facet normal 0.242818 -0.970072 0
    outer loop
      vertex -33.9935 -14.3732 0
      vertex -33.8317 -14.3327 3
      vertex -33.9935 -14.3732 3
    endloop
  endfacet
  facet normal 0.242818 -0.970072 0
    outer loop
      vertex -33.8317 -14.3327 3
      vertex -33.9935 -14.3732 0
      vertex -33.8317 -14.3327 0
    endloop
  endfacet
  facet normal 0.0491602 -0.998791 0
    outer loop
      vertex -33.6666 -14.3082 0
      vertex -33.5 -14.3 3
      vertex -33.6666 -14.3082 3
    endloop
  endfacet
  facet normal 0.0491602 -0.998791 0
    outer loop
      vertex -33.5 -14.3 3
      vertex -33.6666 -14.3082 0
      vertex -33.5 -14.3 0
    endloop
  endfacet
  facet normal 0.514231 -0.857652 0
    outer loop
      vertex -34.4445 -14.5865 0
      vertex -34.3014 -14.5007 3
      vertex -34.4445 -14.5865 3
    endloop
  endfacet
  facet normal 0.514231 -0.857652 0
    outer loop
      vertex -34.3014 -14.5007 3
      vertex -34.4445 -14.5865 0
      vertex -34.3014 -14.5007 0
    endloop
  endfacet
  facet normal 0.595772 -0.803154 0
    outer loop
      vertex -34.5785 -14.6859 0
      vertex -34.4445 -14.5865 3
      vertex -34.5785 -14.6859 3
    endloop
  endfacet
  facet normal 0.595772 -0.803154 0
    outer loop
      vertex -34.4445 -14.5865 3
      vertex -34.5785 -14.6859 0
      vertex -34.4445 -14.5865 0
    endloop
  endfacet
  facet normal 0.427442 -0.904043 0
    outer loop
      vertex -34.3014 -14.5007 0
      vertex -34.1506 -14.4294 3
      vertex -34.3014 -14.5007 3
    endloop
  endfacet
  facet normal 0.427442 -0.904043 0
    outer loop
      vertex -34.1506 -14.4294 3
      vertex -34.3014 -14.5007 0
      vertex -34.1506 -14.4294 0
    endloop
  endfacet
  facet normal 0.671478 -0.741024 0
    outer loop
      vertex -34.7021 -14.7979 0
      vertex -34.5785 -14.6859 3
      vertex -34.7021 -14.7979 3
    endloop
  endfacet
  facet normal 0.671478 -0.741024 0
    outer loop
      vertex -34.5785 -14.6859 3
      vertex -34.7021 -14.7979 0
      vertex -34.5785 -14.6859 0
    endloop
  endfacet
  facet normal -0.998791 -0.0491602 0
    outer loop
      vertex -31.8 -16 0
      vertex -31.8082 -15.8334 3
      vertex -31.8082 -15.8334 0
    endloop
  endfacet
  facet normal -0.998791 -0.0491602 0
    outer loop
      vertex -31.8082 -15.8334 3
      vertex -31.8 -16 0
      vertex -31.8 -16 3
    endloop
  endfacet
  facet normal -0.0491602 0.998791 0
    outer loop
      vertex -33.3334 -17.6918 0
      vertex -33.5 -17.7 3
      vertex -33.3334 -17.6918 3
    endloop
  endfacet
  facet normal -0.0491602 0.998791 0
    outer loop
      vertex -33.5 -17.7 3
      vertex -33.3334 -17.6918 0
      vertex -33.5 -17.7 0
    endloop
  endfacet
  facet normal -0.970072 0.242818 0
    outer loop
      vertex -31.8732 -16.4935 0
      vertex -31.8327 -16.3317 3
      vertex -31.8327 -16.3317 0
    endloop
  endfacet
  facet normal -0.970072 0.242818 0
    outer loop
      vertex -31.8327 -16.3317 3
      vertex -31.8732 -16.4935 0
      vertex -31.8732 -16.4935 3
    endloop
  endfacet
  facet normal -0.803154 0.595772 0
    outer loop
      vertex -32.1859 -17.0785 0
      vertex -32.0865 -16.9445 3
      vertex -32.0865 -16.9445 0
    endloop
  endfacet
  facet normal -0.803154 0.595772 0
    outer loop
      vertex -32.0865 -16.9445 3
      vertex -32.1859 -17.0785 0
      vertex -32.1859 -17.0785 3
    endloop
  endfacet
  facet normal -0.904043 0.427442 0
    outer loop
      vertex -32.0007 -16.8014 0
      vertex -31.9294 -16.6506 3
      vertex -31.9294 -16.6506 0
    endloop
  endfacet
  facet normal -0.904043 0.427442 0
    outer loop
      vertex -31.9294 -16.6506 3
      vertex -32.0007 -16.8014 0
      vertex -32.0007 -16.8014 3
    endloop
  endfacet
  facet normal -0.741024 0.671478 0
    outer loop
      vertex -32.2979 -17.2021 0
      vertex -32.1859 -17.0785 3
      vertex -32.1859 -17.0785 0
    endloop
  endfacet
  facet normal -0.741024 0.671478 0
    outer loop
      vertex -32.1859 -17.0785 3
      vertex -32.2979 -17.2021 0
      vertex -32.2979 -17.2021 3
    endloop
  endfacet
  facet normal -0.671478 0.741024 0
    outer loop
      vertex -32.2979 -17.2021 0
      vertex -32.4215 -17.3141 3
      vertex -32.2979 -17.2021 3
    endloop
  endfacet
  facet normal -0.671478 0.741024 0
    outer loop
      vertex -32.4215 -17.3141 3
      vertex -32.2979 -17.2021 0
      vertex -32.4215 -17.3141 0
    endloop
  endfacet
  facet normal -0.514231 0.857652 0
    outer loop
      vertex -32.5555 -17.4135 0
      vertex -32.6986 -17.4993 3
      vertex -32.5555 -17.4135 3
    endloop
  endfacet
  facet normal -0.514231 0.857652 0
    outer loop
      vertex -32.6986 -17.4993 3
      vertex -32.5555 -17.4135 0
      vertex -32.6986 -17.4993 0
    endloop
  endfacet
  facet normal 0.0491602 0.998791 -0
    outer loop
      vertex -33.5 -17.7 0
      vertex -33.6666 -17.6918 3
      vertex -33.5 -17.7 3
    endloop
  endfacet
  facet normal 0.0491602 0.998791 0
    outer loop
      vertex -33.6666 -17.6918 3
      vertex -33.5 -17.7 0
      vertex -33.6666 -17.6918 0
    endloop
  endfacet
  facet normal 0.33683 0.941566 -0
    outer loop
      vertex -33.9935 -17.6268 0
      vertex -34.1506 -17.5706 3
      vertex -33.9935 -17.6268 3
    endloop
  endfacet
  facet normal 0.33683 0.941566 0
    outer loop
      vertex -34.1506 -17.5706 3
      vertex -33.9935 -17.6268 0
      vertex -34.1506 -17.5706 0
    endloop
  endfacet
  facet normal 0.514231 0.857652 -0
    outer loop
      vertex -34.3014 -17.4993 0
      vertex -34.4445 -17.4135 3
      vertex -34.3014 -17.4993 3
    endloop
  endfacet
  facet normal 0.514231 0.857652 0
    outer loop
      vertex -34.4445 -17.4135 3
      vertex -34.3014 -17.4993 0
      vertex -34.4445 -17.4135 0
    endloop
  endfacet
  facet normal 0.970072 0.242818 0
    outer loop
      vertex -35.1268 -16.4935 3
      vertex -35.1673 -16.3317 0
      vertex -35.1673 -16.3317 3
    endloop
  endfacet
  facet normal 0.970072 0.242818 0
    outer loop
      vertex -35.1673 -16.3317 0
      vertex -35.1268 -16.4935 3
      vertex -35.1268 -16.4935 0
    endloop
  endfacet
  facet normal 0.998791 0.0491602 0
    outer loop
      vertex -35.1918 -16.1666 3
      vertex -35.2 -16 0
      vertex -35.2 -16 3
    endloop
  endfacet
  facet normal 0.998791 0.0491602 0
    outer loop
      vertex -35.2 -16 0
      vertex -35.1918 -16.1666 3
      vertex -35.1918 -16.1666 0
    endloop
  endfacet
  facet normal 0.803154 0.595772 0
    outer loop
      vertex -34.8141 -17.0785 3
      vertex -34.9135 -16.9445 0
      vertex -34.9135 -16.9445 3
    endloop
  endfacet
  facet normal 0.803154 0.595772 0
    outer loop
      vertex -34.9135 -16.9445 0
      vertex -34.8141 -17.0785 3
      vertex -34.8141 -17.0785 0
    endloop
  endfacet
  facet normal 0.904043 0.427442 0
    outer loop
      vertex -34.9993 -16.8014 3
      vertex -35.0706 -16.6506 0
      vertex -35.0706 -16.6506 3
    endloop
  endfacet
  facet normal 0.904043 0.427442 0
    outer loop
      vertex -35.0706 -16.6506 0
      vertex -34.9993 -16.8014 3
      vertex -34.9993 -16.8014 0
    endloop
  endfacet
  facet normal 0.741024 0.671478 0
    outer loop
      vertex -34.7021 -17.2021 3
      vertex -34.8141 -17.0785 0
      vertex -34.8141 -17.0785 3
    endloop
  endfacet
  facet normal 0.741024 0.671478 0
    outer loop
      vertex -34.8141 -17.0785 0
      vertex -34.7021 -17.2021 3
      vertex -34.7021 -17.2021 0
    endloop
  endfacet
  facet normal -0.989168 0.146788 0
    outer loop
      vertex -31.8327 -16.3317 0
      vertex -31.8082 -16.1666 3
      vertex -31.8082 -16.1666 0
    endloop
  endfacet
  facet normal -0.989168 0.146788 0
    outer loop
      vertex -31.8082 -16.1666 3
      vertex -31.8327 -16.3317 0
      vertex -31.8327 -16.3317 3
    endloop
  endfacet
  facet normal -0.146788 0.989168 0
    outer loop
      vertex -33.1683 -17.6673 0
      vertex -33.3334 -17.6918 3
      vertex -33.1683 -17.6673 3
    endloop
  endfacet
  facet normal -0.146788 0.989168 0
    outer loop
      vertex -33.3334 -17.6918 3
      vertex -33.1683 -17.6673 0
      vertex -33.3334 -17.6918 0
    endloop
  endfacet
  facet normal -0.427442 0.904043 0
    outer loop
      vertex -32.6986 -17.4993 0
      vertex -32.8494 -17.5706 3
      vertex -32.6986 -17.4993 3
    endloop
  endfacet
  facet normal -0.427442 0.904043 0
    outer loop
      vertex -32.8494 -17.5706 3
      vertex -32.6986 -17.4993 0
      vertex -32.8494 -17.5706 0
    endloop
  endfacet
  facet normal -0.242818 0.970072 0
    outer loop
      vertex -33.0065 -17.6268 0
      vertex -33.1683 -17.6673 3
      vertex -33.0065 -17.6268 3
    endloop
  endfacet
  facet normal -0.242818 0.970072 0
    outer loop
      vertex -33.1683 -17.6673 3
      vertex -33.0065 -17.6268 0
      vertex -33.1683 -17.6673 0
    endloop
  endfacet
  facet normal -0.595772 0.803154 0
    outer loop
      vertex -32.4215 -17.3141 0
      vertex -32.5555 -17.4135 3
      vertex -32.4215 -17.3141 3
    endloop
  endfacet
  facet normal -0.595772 0.803154 0
    outer loop
      vertex -32.5555 -17.4135 3
      vertex -32.4215 -17.3141 0
      vertex -32.5555 -17.4135 0
    endloop
  endfacet
  facet normal 0.242818 0.970072 -0
    outer loop
      vertex -33.8317 -17.6673 0
      vertex -33.9935 -17.6268 3
      vertex -33.8317 -17.6673 3
    endloop
  endfacet
  facet normal 0.242818 0.970072 0
    outer loop
      vertex -33.9935 -17.6268 3
      vertex -33.8317 -17.6673 0
      vertex -33.9935 -17.6268 0
    endloop
  endfacet
  facet normal 0.427442 0.904043 -0
    outer loop
      vertex -34.1506 -17.5706 0
      vertex -34.3014 -17.4993 3
      vertex -34.1506 -17.5706 3
    endloop
  endfacet
  facet normal 0.427442 0.904043 0
    outer loop
      vertex -34.3014 -17.4993 3
      vertex -34.1506 -17.5706 0
      vertex -34.3014 -17.4993 0
    endloop
  endfacet
  facet normal 0.595772 0.803154 -0
    outer loop
      vertex -34.4445 -17.4135 0
      vertex -34.5785 -17.3141 3
      vertex -34.4445 -17.4135 3
    endloop
  endfacet
  facet normal 0.595772 0.803154 0
    outer loop
      vertex -34.5785 -17.3141 3
      vertex -34.4445 -17.4135 0
      vertex -34.5785 -17.3141 0
    endloop
  endfacet
  facet normal 0.941566 0.33683 0
    outer loop
      vertex -35.0706 -16.6506 3
      vertex -35.1268 -16.4935 0
      vertex -35.1268 -16.4935 3
    endloop
  endfacet
  facet normal 0.941566 0.33683 0
    outer loop
      vertex -35.1268 -16.4935 0
      vertex -35.0706 -16.6506 3
      vertex -35.0706 -16.6506 0
    endloop
  endfacet
  facet normal 0.989168 0.146788 0
    outer loop
      vertex -35.1673 -16.3317 3
      vertex -35.1918 -16.1666 0
      vertex -35.1918 -16.1666 3
    endloop
  endfacet
  facet normal 0.989168 0.146788 0
    outer loop
      vertex -35.1918 -16.1666 0
      vertex -35.1673 -16.3317 3
      vertex -35.1673 -16.3317 0
    endloop
  endfacet
  facet normal 0.857652 0.514231 0
    outer loop
      vertex -34.9135 -16.9445 3
      vertex -34.9993 -16.8014 0
      vertex -34.9993 -16.8014 3
    endloop
  endfacet
  facet normal 0.857652 0.514231 0
    outer loop
      vertex -34.9993 -16.8014 0
      vertex -34.9135 -16.9445 3
      vertex -34.9135 -16.9445 0
    endloop
  endfacet
  facet normal -0.857652 0.514231 0
    outer loop
      vertex -32.0865 -16.9445 0
      vertex -32.0007 -16.8014 3
      vertex -32.0007 -16.8014 0
    endloop
  endfacet
  facet normal -0.857652 0.514231 0
    outer loop
      vertex -32.0007 -16.8014 3
      vertex -32.0865 -16.9445 0
      vertex -32.0865 -16.9445 3
    endloop
  endfacet
  facet normal -0.33683 0.941566 0
    outer loop
      vertex -32.8494 -17.5706 0
      vertex -33.0065 -17.6268 3
      vertex -32.8494 -17.5706 3
    endloop
  endfacet
  facet normal -0.33683 0.941566 0
    outer loop
      vertex -33.0065 -17.6268 3
      vertex -32.8494 -17.5706 0
      vertex -33.0065 -17.6268 0
    endloop
  endfacet
  facet normal -0.595772 -0.803154 0
    outer loop
      vertex 34.4445 -14.5865 0
      vertex 34.5785 -14.6859 3
      vertex 34.4445 -14.5865 3
    endloop
  endfacet
  facet normal -0.595772 -0.803154 -0
    outer loop
      vertex 34.5785 -14.6859 3
      vertex 34.4445 -14.5865 0
      vertex 34.5785 -14.6859 0
    endloop
  endfacet
  facet normal 0.33683 -0.941566 0
    outer loop
      vertex 32.8494 -14.4294 0
      vertex 33.0065 -14.3732 3
      vertex 32.8494 -14.4294 3
    endloop
  endfacet
  facet normal 0.33683 -0.941566 0
    outer loop
      vertex 33.0065 -14.3732 3
      vertex 32.8494 -14.4294 0
      vertex 33.0065 -14.3732 0
    endloop
  endfacet
  facet normal 0.904043 -0.427442 0
    outer loop
      vertex 31.9294 -15.3494 3
      vertex 32.0007 -15.1986 0
      vertex 32.0007 -15.1986 3
    endloop
  endfacet
  facet normal 0.904043 -0.427442 0
    outer loop
      vertex 32.0007 -15.1986 0
      vertex 31.9294 -15.3494 3
      vertex 31.9294 -15.3494 0
    endloop
  endfacet
  facet normal -0.998791 0.0491602 0
    outer loop
      vertex 35.1918 -16.1666 0
      vertex 35.2 -16 3
      vertex 35.2 -16 0
    endloop
  endfacet
  facet normal -0.998791 0.0491602 0
    outer loop
      vertex 35.2 -16 3
      vertex 35.1918 -16.1666 0
      vertex 35.1918 -16.1666 3
    endloop
  endfacet
  facet normal -0.904043 -0.427442 0
    outer loop
      vertex 35.0706 -15.3494 0
      vertex 34.9993 -15.1986 3
      vertex 34.9993 -15.1986 0
    endloop
  endfacet
  facet normal -0.904043 -0.427442 0
    outer loop
      vertex 34.9993 -15.1986 3
      vertex 35.0706 -15.3494 0
      vertex 35.0706 -15.3494 3
    endloop
  endfacet
  facet normal -0.857652 -0.514231 0
    outer loop
      vertex 34.9993 -15.1986 0
      vertex 34.9135 -15.0555 3
      vertex 34.9135 -15.0555 0
    endloop
  endfacet
  facet normal -0.857652 -0.514231 0
    outer loop
      vertex 34.9135 -15.0555 3
      vertex 34.9993 -15.1986 0
      vertex 34.9993 -15.1986 3
    endloop
  endfacet
  facet normal -0.427442 -0.904043 0
    outer loop
      vertex 34.1506 -14.4294 0
      vertex 34.3014 -14.5007 3
      vertex 34.1506 -14.4294 3
    endloop
  endfacet
  facet normal -0.427442 -0.904043 -0
    outer loop
      vertex 34.3014 -14.5007 3
      vertex 34.1506 -14.4294 0
      vertex 34.3014 -14.5007 0
    endloop
  endfacet
  facet normal -0.146788 -0.989168 0
    outer loop
      vertex 33.6666 -14.3082 0
      vertex 33.8317 -14.3327 3
      vertex 33.6666 -14.3082 3
    endloop
  endfacet
  facet normal -0.146788 -0.989168 -0
    outer loop
      vertex 33.8317 -14.3327 3
      vertex 33.6666 -14.3082 0
      vertex 33.8317 -14.3327 0
    endloop
  endfacet
  facet normal 0.989168 -0.146788 0
    outer loop
      vertex 31.8082 -15.8334 3
      vertex 31.8327 -15.6683 0
      vertex 31.8327 -15.6683 3
    endloop
  endfacet
  facet normal 0.989168 -0.146788 0
    outer loop
      vertex 31.8327 -15.6683 0
      vertex 31.8082 -15.8334 3
      vertex 31.8082 -15.8334 0
    endloop
  endfacet
  facet normal 0.741024 -0.671478 0
    outer loop
      vertex 32.1859 -14.9215 3
      vertex 32.2979 -14.7979 0
      vertex 32.2979 -14.7979 3
    endloop
  endfacet
  facet normal 0.741024 -0.671478 0
    outer loop
      vertex 32.2979 -14.7979 0
      vertex 32.1859 -14.9215 3
      vertex 32.1859 -14.9215 0
    endloop
  endfacet
  facet normal 0.146788 -0.989168 0
    outer loop
      vertex 33.1683 -14.3327 0
      vertex 33.3334 -14.3082 3
      vertex 33.1683 -14.3327 3
    endloop
  endfacet
  facet normal 0.146788 -0.989168 0
    outer loop
      vertex 33.3334 -14.3082 3
      vertex 33.1683 -14.3327 0
      vertex 33.3334 -14.3082 0
    endloop
  endfacet
  facet normal -0.941566 0.33683 0
    outer loop
      vertex 35.0706 -16.6506 0
      vertex 35.1268 -16.4935 3
      vertex 35.1268 -16.4935 0
    endloop
  endfacet
  facet normal -0.941566 0.33683 0
    outer loop
      vertex 35.1268 -16.4935 3
      vertex 35.0706 -16.6506 0
      vertex 35.0706 -16.6506 3
    endloop
  endfacet
  facet normal 0.146788 0.989168 -0
    outer loop
      vertex 33.3334 -17.6918 0
      vertex 33.1683 -17.6673 3
      vertex 33.3334 -17.6918 3
    endloop
  endfacet
  facet normal 0.146788 0.989168 0
    outer loop
      vertex 33.1683 -17.6673 3
      vertex 33.3334 -17.6918 0
      vertex 33.1683 -17.6673 0
    endloop
  endfacet
  facet normal 0.671478 0.741024 -0
    outer loop
      vertex 32.4215 -17.3141 0
      vertex 32.2979 -17.2021 3
      vertex 32.4215 -17.3141 3
    endloop
  endfacet
  facet normal 0.671478 0.741024 0
    outer loop
      vertex 32.2979 -17.2021 3
      vertex 32.4215 -17.3141 0
      vertex 32.2979 -17.2021 0
    endloop
  endfacet
  facet normal -0.989168 -0.146788 0
    outer loop
      vertex 35.1918 -15.8334 0
      vertex 35.1673 -15.6683 3
      vertex 35.1673 -15.6683 0
    endloop
  endfacet
  facet normal -0.989168 -0.146788 0
    outer loop
      vertex 35.1673 -15.6683 3
      vertex 35.1918 -15.8334 0
      vertex 35.1918 -15.8334 3
    endloop
  endfacet
  facet normal -0.970072 -0.242818 0
    outer loop
      vertex 35.1673 -15.6683 0
      vertex 35.1268 -15.5065 3
      vertex 35.1268 -15.5065 0
    endloop
  endfacet
  facet normal -0.970072 -0.242818 0
    outer loop
      vertex 35.1268 -15.5065 3
      vertex 35.1673 -15.6683 0
      vertex 35.1673 -15.6683 3
    endloop
  endfacet
  facet normal -0.941566 -0.33683 0
    outer loop
      vertex 35.1268 -15.5065 0
      vertex 35.0706 -15.3494 3
      vertex 35.0706 -15.3494 0
    endloop
  endfacet
  facet normal -0.941566 -0.33683 0
    outer loop
      vertex 35.0706 -15.3494 3
      vertex 35.1268 -15.5065 0
      vertex 35.1268 -15.5065 3
    endloop
  endfacet
  facet normal -0.741024 -0.671478 0
    outer loop
      vertex 34.8141 -14.9215 0
      vertex 34.7021 -14.7979 3
      vertex 34.7021 -14.7979 0
    endloop
  endfacet
  facet normal -0.741024 -0.671478 0
    outer loop
      vertex 34.7021 -14.7979 3
      vertex 34.8141 -14.9215 0
      vertex 34.8141 -14.9215 3
    endloop
  endfacet
  facet normal -0.803154 -0.595772 0
    outer loop
      vertex 34.9135 -15.0555 0
      vertex 34.8141 -14.9215 3
      vertex 34.8141 -14.9215 0
    endloop
  endfacet
  facet normal -0.803154 -0.595772 0
    outer loop
      vertex 34.8141 -14.9215 3
      vertex 34.9135 -15.0555 0
      vertex 34.9135 -15.0555 3
    endloop
  endfacet
  facet normal -0.671478 -0.741024 0
    outer loop
      vertex 34.5785 -14.6859 0
      vertex 34.7021 -14.7979 3
      vertex 34.5785 -14.6859 3
    endloop
  endfacet
  facet normal -0.671478 -0.741024 -0
    outer loop
      vertex 34.7021 -14.7979 3
      vertex 34.5785 -14.6859 0
      vertex 34.7021 -14.7979 0
    endloop
  endfacet
  facet normal -0.514231 -0.857652 0
    outer loop
      vertex 34.3014 -14.5007 0
      vertex 34.4445 -14.5865 3
      vertex 34.3014 -14.5007 3
    endloop
  endfacet
  facet normal -0.514231 -0.857652 -0
    outer loop
      vertex 34.4445 -14.5865 3
      vertex 34.3014 -14.5007 0
      vertex 34.4445 -14.5865 0
    endloop
  endfacet
  facet normal -0.0491602 -0.998791 0
    outer loop
      vertex 33.5 -14.3 0
      vertex 33.6666 -14.3082 3
      vertex 33.5 -14.3 3
    endloop
  endfacet
  facet normal -0.0491602 -0.998791 -0
    outer loop
      vertex 33.6666 -14.3082 3
      vertex 33.5 -14.3 0
      vertex 33.6666 -14.3082 0
    endloop
  endfacet
  facet normal -0.33683 -0.941566 0
    outer loop
      vertex 33.9935 -14.3732 0
      vertex 34.1506 -14.4294 3
      vertex 33.9935 -14.3732 3
    endloop
  endfacet
  facet normal -0.33683 -0.941566 -0
    outer loop
      vertex 34.1506 -14.4294 3
      vertex 33.9935 -14.3732 0
      vertex 34.1506 -14.4294 0
    endloop
  endfacet
  facet normal -0.242818 -0.970072 0
    outer loop
      vertex 33.8317 -14.3327 0
      vertex 33.9935 -14.3732 3
      vertex 33.8317 -14.3327 3
    endloop
  endfacet
  facet normal -0.242818 -0.970072 -0
    outer loop
      vertex 33.9935 -14.3732 3
      vertex 33.8317 -14.3327 0
      vertex 33.9935 -14.3732 0
    endloop
  endfacet
  facet normal 0.998791 -0.0491602 0
    outer loop
      vertex 31.8 -16 3
      vertex 31.8082 -15.8334 0
      vertex 31.8082 -15.8334 3
    endloop
  endfacet
  facet normal 0.998791 -0.0491602 0
    outer loop
      vertex 31.8082 -15.8334 0
      vertex 31.8 -16 3
      vertex 31.8 -16 0
    endloop
  endfacet
  facet normal 0.941566 -0.33683 0
    outer loop
      vertex 31.8732 -15.5065 3
      vertex 31.9294 -15.3494 0
      vertex 31.9294 -15.3494 3
    endloop
  endfacet
  facet normal 0.941566 -0.33683 0
    outer loop
      vertex 31.9294 -15.3494 0
      vertex 31.8732 -15.5065 3
      vertex 31.8732 -15.5065 0
    endloop
  endfacet
  facet normal 0.970072 -0.242818 0
    outer loop
      vertex 31.8327 -15.6683 3
      vertex 31.8732 -15.5065 0
      vertex 31.8732 -15.5065 3
    endloop
  endfacet
  facet normal 0.970072 -0.242818 0
    outer loop
      vertex 31.8732 -15.5065 0
      vertex 31.8327 -15.6683 3
      vertex 31.8327 -15.6683 0
    endloop
  endfacet
  facet normal 0.857652 -0.514231 0
    outer loop
      vertex 32.0007 -15.1986 3
      vertex 32.0865 -15.0555 0
      vertex 32.0865 -15.0555 3
    endloop
  endfacet
  facet normal 0.857652 -0.514231 0
    outer loop
      vertex 32.0865 -15.0555 0
      vertex 32.0007 -15.1986 3
      vertex 32.0007 -15.1986 0
    endloop
  endfacet
  facet normal 0.803154 -0.595772 0
    outer loop
      vertex 32.0865 -15.0555 3
      vertex 32.1859 -14.9215 0
      vertex 32.1859 -14.9215 3
    endloop
  endfacet
  facet normal 0.803154 -0.595772 0
    outer loop
      vertex 32.1859 -14.9215 0
      vertex 32.0865 -15.0555 3
      vertex 32.0865 -15.0555 0
    endloop
  endfacet
  facet normal 0.242818 -0.970072 0
    outer loop
      vertex 33.0065 -14.3732 0
      vertex 33.1683 -14.3327 3
      vertex 33.0065 -14.3732 3
    endloop
  endfacet
  facet normal 0.242818 -0.970072 0
    outer loop
      vertex 33.1683 -14.3327 3
      vertex 33.0065 -14.3732 0
      vertex 33.1683 -14.3327 0
    endloop
  endfacet
  facet normal 0.0491602 -0.998791 0
    outer loop
      vertex 33.3334 -14.3082 0
      vertex 33.5 -14.3 3
      vertex 33.3334 -14.3082 3
    endloop
  endfacet
  facet normal 0.0491602 -0.998791 0
    outer loop
      vertex 33.5 -14.3 3
      vertex 33.3334 -14.3082 0
      vertex 33.5 -14.3 0
    endloop
  endfacet
  facet normal 0.514231 -0.857652 0
    outer loop
      vertex 32.5555 -14.5865 0
      vertex 32.6986 -14.5007 3
      vertex 32.5555 -14.5865 3
    endloop
  endfacet
  facet normal 0.514231 -0.857652 0
    outer loop
      vertex 32.6986 -14.5007 3
      vertex 32.5555 -14.5865 0
      vertex 32.6986 -14.5007 0
    endloop
  endfacet
  facet normal 0.595772 -0.803154 0
    outer loop
      vertex 32.4215 -14.6859 0
      vertex 32.5555 -14.5865 3
      vertex 32.4215 -14.6859 3
    endloop
  endfacet
  facet normal 0.595772 -0.803154 0
    outer loop
      vertex 32.5555 -14.5865 3
      vertex 32.4215 -14.6859 0
      vertex 32.5555 -14.5865 0
    endloop
  endfacet
  facet normal 0.427442 -0.904043 0
    outer loop
      vertex 32.6986 -14.5007 0
      vertex 32.8494 -14.4294 3
      vertex 32.6986 -14.5007 3
    endloop
  endfacet
  facet normal 0.427442 -0.904043 0
    outer loop
      vertex 32.8494 -14.4294 3
      vertex 32.6986 -14.5007 0
      vertex 32.8494 -14.4294 0
    endloop
  endfacet
  facet normal 0.671478 -0.741024 0
    outer loop
      vertex 32.2979 -14.7979 0
      vertex 32.4215 -14.6859 3
      vertex 32.2979 -14.7979 3
    endloop
  endfacet
  facet normal 0.671478 -0.741024 0
    outer loop
      vertex 32.4215 -14.6859 3
      vertex 32.2979 -14.7979 0
      vertex 32.4215 -14.6859 0
    endloop
  endfacet
  facet normal -0.998791 -0.0491602 0
    outer loop
      vertex 35.2 -16 0
      vertex 35.1918 -15.8334 3
      vertex 35.1918 -15.8334 0
    endloop
  endfacet
  facet normal -0.998791 -0.0491602 0
    outer loop
      vertex 35.1918 -15.8334 3
      vertex 35.2 -16 0
      vertex 35.2 -16 3
    endloop
  endfacet
  facet normal -0.0491602 0.998791 0
    outer loop
      vertex 33.6666 -17.6918 0
      vertex 33.5 -17.7 3
      vertex 33.6666 -17.6918 3
    endloop
  endfacet
  facet normal -0.0491602 0.998791 0
    outer loop
      vertex 33.5 -17.7 3
      vertex 33.6666 -17.6918 0
      vertex 33.5 -17.7 0
    endloop
  endfacet
  facet normal -0.970072 0.242818 0
    outer loop
      vertex 35.1268 -16.4935 0
      vertex 35.1673 -16.3317 3
      vertex 35.1673 -16.3317 0
    endloop
  endfacet
  facet normal -0.970072 0.242818 0
    outer loop
      vertex 35.1673 -16.3317 3
      vertex 35.1268 -16.4935 0
      vertex 35.1268 -16.4935 3
    endloop
  endfacet
  facet normal -0.803154 0.595772 0
    outer loop
      vertex 34.8141 -17.0785 0
      vertex 34.9135 -16.9445 3
      vertex 34.9135 -16.9445 0
    endloop
  endfacet
  facet normal -0.803154 0.595772 0
    outer loop
      vertex 34.9135 -16.9445 3
      vertex 34.8141 -17.0785 0
      vertex 34.8141 -17.0785 3
    endloop
  endfacet
  facet normal -0.904043 0.427442 0
    outer loop
      vertex 34.9993 -16.8014 0
      vertex 35.0706 -16.6506 3
      vertex 35.0706 -16.6506 0
    endloop
  endfacet
  facet normal -0.904043 0.427442 0
    outer loop
      vertex 35.0706 -16.6506 3
      vertex 34.9993 -16.8014 0
      vertex 34.9993 -16.8014 3
    endloop
  endfacet
  facet normal -0.741024 0.671478 0
    outer loop
      vertex 34.7021 -17.2021 0
      vertex 34.8141 -17.0785 3
      vertex 34.8141 -17.0785 0
    endloop
  endfacet
  facet normal -0.741024 0.671478 0
    outer loop
      vertex 34.8141 -17.0785 3
      vertex 34.7021 -17.2021 0
      vertex 34.7021 -17.2021 3
    endloop
  endfacet
  facet normal -0.671478 0.741024 0
    outer loop
      vertex 34.7021 -17.2021 0
      vertex 34.5785 -17.3141 3
      vertex 34.7021 -17.2021 3
    endloop
  endfacet
  facet normal -0.671478 0.741024 0
    outer loop
      vertex 34.5785 -17.3141 3
      vertex 34.7021 -17.2021 0
      vertex 34.5785 -17.3141 0
    endloop
  endfacet
  facet normal -0.514231 0.857652 0
    outer loop
      vertex 34.4445 -17.4135 0
      vertex 34.3014 -17.4993 3
      vertex 34.4445 -17.4135 3
    endloop
  endfacet
  facet normal -0.514231 0.857652 0
    outer loop
      vertex 34.3014 -17.4993 3
      vertex 34.4445 -17.4135 0
      vertex 34.3014 -17.4993 0
    endloop
  endfacet
  facet normal 0.33683 0.941566 -0
    outer loop
      vertex 33.0065 -17.6268 0
      vertex 32.8494 -17.5706 3
      vertex 33.0065 -17.6268 3
    endloop
  endfacet
  facet normal 0.33683 0.941566 0
    outer loop
      vertex 32.8494 -17.5706 3
      vertex 33.0065 -17.6268 0
      vertex 32.8494 -17.5706 0
    endloop
  endfacet
  facet normal 0.514231 0.857652 -0
    outer loop
      vertex 32.6986 -17.4993 0
      vertex 32.5555 -17.4135 3
      vertex 32.6986 -17.4993 3
    endloop
  endfacet
  facet normal 0.514231 0.857652 0
    outer loop
      vertex 32.5555 -17.4135 3
      vertex 32.6986 -17.4993 0
      vertex 32.5555 -17.4135 0
    endloop
  endfacet
  facet normal 0.970072 0.242818 0
    outer loop
      vertex 31.8732 -16.4935 3
      vertex 31.8327 -16.3317 0
      vertex 31.8327 -16.3317 3
    endloop
  endfacet
  facet normal 0.970072 0.242818 0
    outer loop
      vertex 31.8327 -16.3317 0
      vertex 31.8732 -16.4935 3
      vertex 31.8732 -16.4935 0
    endloop
  endfacet
  facet normal 0.998791 0.0491602 0
    outer loop
      vertex 31.8082 -16.1666 3
      vertex 31.8 -16 0
      vertex 31.8 -16 3
    endloop
  endfacet
  facet normal 0.998791 0.0491602 0
    outer loop
      vertex 31.8 -16 0
      vertex 31.8082 -16.1666 3
      vertex 31.8082 -16.1666 0
    endloop
  endfacet
  facet normal 0.803154 0.595772 0
    outer loop
      vertex 32.1859 -17.0785 3
      vertex 32.0865 -16.9445 0
      vertex 32.0865 -16.9445 3
    endloop
  endfacet
  facet normal 0.803154 0.595772 0
    outer loop
      vertex 32.0865 -16.9445 0
      vertex 32.1859 -17.0785 3
      vertex 32.1859 -17.0785 0
    endloop
  endfacet
  facet normal 0.904043 0.427442 0
    outer loop
      vertex 32.0007 -16.8014 3
      vertex 31.9294 -16.6506 0
      vertex 31.9294 -16.6506 3
    endloop
  endfacet
  facet normal 0.904043 0.427442 0
    outer loop
      vertex 31.9294 -16.6506 0
      vertex 32.0007 -16.8014 3
      vertex 32.0007 -16.8014 0
    endloop
  endfacet
  facet normal 0.741024 0.671478 0
    outer loop
      vertex 32.2979 -17.2021 3
      vertex 32.1859 -17.0785 0
      vertex 32.1859 -17.0785 3
    endloop
  endfacet
  facet normal 0.741024 0.671478 0
    outer loop
      vertex 32.1859 -17.0785 0
      vertex 32.2979 -17.2021 3
      vertex 32.2979 -17.2021 0
    endloop
  endfacet
  facet normal -0.989168 0.146788 0
    outer loop
      vertex 35.1673 -16.3317 0
      vertex 35.1918 -16.1666 3
      vertex 35.1918 -16.1666 0
    endloop
  endfacet
  facet normal -0.989168 0.146788 0
    outer loop
      vertex 35.1918 -16.1666 3
      vertex 35.1673 -16.3317 0
      vertex 35.1673 -16.3317 3
    endloop
  endfacet
  facet normal -0.146788 0.989168 0
    outer loop
      vertex 33.8317 -17.6673 0
      vertex 33.6666 -17.6918 3
      vertex 33.8317 -17.6673 3
    endloop
  endfacet
  facet normal -0.146788 0.989168 0
    outer loop
      vertex 33.6666 -17.6918 3
      vertex 33.8317 -17.6673 0
      vertex 33.6666 -17.6918 0
    endloop
  endfacet
  facet normal -0.427442 0.904043 0
    outer loop
      vertex 34.3014 -17.4993 0
      vertex 34.1506 -17.5706 3
      vertex 34.3014 -17.4993 3
    endloop
  endfacet
  facet normal -0.427442 0.904043 0
    outer loop
      vertex 34.1506 -17.5706 3
      vertex 34.3014 -17.4993 0
      vertex 34.1506 -17.5706 0
    endloop
  endfacet
  facet normal -0.242818 0.970072 0
    outer loop
      vertex 33.9935 -17.6268 0
      vertex 33.8317 -17.6673 3
      vertex 33.9935 -17.6268 3
    endloop
  endfacet
  facet normal -0.242818 0.970072 0
    outer loop
      vertex 33.8317 -17.6673 3
      vertex 33.9935 -17.6268 0
      vertex 33.8317 -17.6673 0
    endloop
  endfacet
  facet normal -0.595772 0.803154 0
    outer loop
      vertex 34.5785 -17.3141 0
      vertex 34.4445 -17.4135 3
      vertex 34.5785 -17.3141 3
    endloop
  endfacet
  facet normal -0.595772 0.803154 0
    outer loop
      vertex 34.4445 -17.4135 3
      vertex 34.5785 -17.3141 0
      vertex 34.4445 -17.4135 0
    endloop
  endfacet
  facet normal 0.0491602 0.998791 -0
    outer loop
      vertex 33.5 -17.7 0
      vertex 33.3334 -17.6918 3
      vertex 33.5 -17.7 3
    endloop
  endfacet
  facet normal 0.0491602 0.998791 0
    outer loop
      vertex 33.3334 -17.6918 3
      vertex 33.5 -17.7 0
      vertex 33.3334 -17.6918 0
    endloop
  endfacet
  facet normal 0.242818 0.970072 -0
    outer loop
      vertex 33.1683 -17.6673 0
      vertex 33.0065 -17.6268 3
      vertex 33.1683 -17.6673 3
    endloop
  endfacet
  facet normal 0.242818 0.970072 0
    outer loop
      vertex 33.0065 -17.6268 3
      vertex 33.1683 -17.6673 0
      vertex 33.0065 -17.6268 0
    endloop
  endfacet
  facet normal 0.427442 0.904043 -0
    outer loop
      vertex 32.8494 -17.5706 0
      vertex 32.6986 -17.4993 3
      vertex 32.8494 -17.5706 3
    endloop
  endfacet
  facet normal 0.427442 0.904043 0
    outer loop
      vertex 32.6986 -17.4993 3
      vertex 32.8494 -17.5706 0
      vertex 32.6986 -17.4993 0
    endloop
  endfacet
  facet normal 0.595772 0.803154 -0
    outer loop
      vertex 32.5555 -17.4135 0
      vertex 32.4215 -17.3141 3
      vertex 32.5555 -17.4135 3
    endloop
  endfacet
  facet normal 0.595772 0.803154 0
    outer loop
      vertex 32.4215 -17.3141 3
      vertex 32.5555 -17.4135 0
      vertex 32.4215 -17.3141 0
    endloop
  endfacet
  facet normal 0.941566 0.33683 0
    outer loop
      vertex 31.9294 -16.6506 3
      vertex 31.8732 -16.4935 0
      vertex 31.8732 -16.4935 3
    endloop
  endfacet
  facet normal 0.941566 0.33683 0
    outer loop
      vertex 31.8732 -16.4935 0
      vertex 31.9294 -16.6506 3
      vertex 31.9294 -16.6506 0
    endloop
  endfacet
  facet normal 0.989168 0.146788 0
    outer loop
      vertex 31.8327 -16.3317 3
      vertex 31.8082 -16.1666 0
      vertex 31.8082 -16.1666 3
    endloop
  endfacet
  facet normal 0.989168 0.146788 0
    outer loop
      vertex 31.8082 -16.1666 0
      vertex 31.8327 -16.3317 3
      vertex 31.8327 -16.3317 0
    endloop
  endfacet
  facet normal 0.857652 0.514231 0
    outer loop
      vertex 32.0865 -16.9445 3
      vertex 32.0007 -16.8014 0
      vertex 32.0007 -16.8014 3
    endloop
  endfacet
  facet normal 0.857652 0.514231 0
    outer loop
      vertex 32.0007 -16.8014 0
      vertex 32.0865 -16.9445 3
      vertex 32.0865 -16.9445 0
    endloop
  endfacet
  facet normal -0.857652 0.514231 0
    outer loop
      vertex 34.9135 -16.9445 0
      vertex 34.9993 -16.8014 3
      vertex 34.9993 -16.8014 0
    endloop
  endfacet
  facet normal -0.857652 0.514231 0
    outer loop
      vertex 34.9993 -16.8014 3
      vertex 34.9135 -16.9445 0
      vertex 34.9135 -16.9445 3
    endloop
  endfacet
  facet normal -0.33683 0.941566 0
    outer loop
      vertex 34.1506 -17.5706 0
      vertex 33.9935 -17.6268 3
      vertex 34.1506 -17.5706 3
    endloop
  endfacet
  facet normal -0.33683 0.941566 0
    outer loop
      vertex 33.9935 -17.6268 3
      vertex 34.1506 -17.5706 0
      vertex 33.9935 -17.6268 0
    endloop
  endfacet
  facet normal 0 -0.0491004 0.998794
    outer loop
      vertex 14 -31.8334 8.80819
      vertex 16.4 -32 8.8
      vertex 16.4 -31.8334 8.80819
    endloop
  endfacet
  facet normal 0 -0.0491004 0.998794
    outer loop
      vertex 16.4 -32 8.8
      vertex 14 -31.8334 8.80819
      vertex 14 -32 8.8
    endloop
  endfacet
  facet normal 0 -0.0491602 -0.998791
    outer loop
      vertex 14 -32 12.2
      vertex 16.4 -31.8334 12.1918
      vertex 16.4 -32 12.2
    endloop
  endfacet
  facet normal -0 -0.0491602 -0.998791
    outer loop
      vertex 16.4 -31.8334 12.1918
      vertex 14 -32 12.2
      vertex 14 -31.8334 12.1918
    endloop
  endfacet
  facet normal 0 0.998791 -0.0491602
    outer loop
      vertex 16.4 -33.7 10.5
      vertex 14 -33.6918 10.6666
      vertex 16.4 -33.6918 10.6666
    endloop
  endfacet
  facet normal 0 0.998791 -0.0491602
    outer loop
      vertex 14 -33.6918 10.6666
      vertex 16.4 -33.7 10.5
      vertex 14 -33.7 10.5
    endloop
  endfacet
  facet normal 0 -0.741024 -0.671478
    outer loop
      vertex 14 -30.6859 11.5785
      vertex 16.4 -30.7979 11.7021
      vertex 14 -30.7979 11.7021
    endloop
  endfacet
  facet normal 0 -0.741024 -0.671478
    outer loop
      vertex 16.4 -30.7979 11.7021
      vertex 14 -30.6859 11.5785
      vertex 16.4 -30.6859 11.5785
    endloop
  endfacet
  facet normal 0 -0.941566 -0.33683
    outer loop
      vertex 14 -30.3732 10.9935
      vertex 16.4 -30.4294 11.1506
      vertex 14 -30.4294 11.1506
    endloop
  endfacet
  facet normal 0 -0.941566 -0.33683
    outer loop
      vertex 16.4 -30.4294 11.1506
      vertex 14 -30.3732 10.9935
      vertex 16.4 -30.3732 10.9935
    endloop
  endfacet
  facet normal 0 0.595772 -0.803154
    outer loop
      vertex 14 -33.0785 11.8141
      vertex 16.4 -32.9445 11.9135
      vertex 16.4 -33.0785 11.8141
    endloop
  endfacet
  facet normal 0 0.595772 -0.803154
    outer loop
      vertex 16.4 -32.9445 11.9135
      vertex 14 -33.0785 11.8141
      vertex 14 -32.9445 11.9135
    endloop
  endfacet
  facet normal 0 -0.33683 0.941566
    outer loop
      vertex 14 -31.3494 8.9294
      vertex 16.4 -31.5065 8.8732
      vertex 16.4 -31.3494 8.9294
    endloop
  endfacet
  facet normal 0 -0.33683 0.941566
    outer loop
      vertex 16.4 -31.5065 8.8732
      vertex 14 -31.3494 8.9294
      vertex 14 -31.5065 8.8732
    endloop
  endfacet
  facet normal 0 -0.741051 0.671448
    outer loop
      vertex 14 -30.7979 9.29792
      vertex 16.4 -30.6859 9.42153
      vertex 14 -30.6859 9.42153
    endloop
  endfacet
  facet normal 0 -0.741051 0.671448
    outer loop
      vertex 16.4 -30.6859 9.42153
      vertex 14 -30.7979 9.29792
      vertex 16.4 -30.7979 9.29792
    endloop
  endfacet
  facet normal 0 -0.998791 0.0491602
    outer loop
      vertex 14 -30.3082 10.3334
      vertex 16.4 -30.3 10.5
      vertex 14 -30.3 10.5
    endloop
  endfacet
  facet normal 0 -0.998791 0.0491602
    outer loop
      vertex 16.4 -30.3 10.5
      vertex 14 -30.3082 10.3334
      vertex 16.4 -30.3082 10.3334
    endloop
  endfacet
  facet normal 0 -0.803154 0.595772
    outer loop
      vertex 14 -30.6859 9.42153
      vertex 16.4 -30.5865 9.55553
      vertex 14 -30.5865 9.55553
    endloop
  endfacet
  facet normal 0 -0.803154 0.595772
    outer loop
      vertex 16.4 -30.5865 9.55553
      vertex 14 -30.6859 9.42153
      vertex 16.4 -30.6859 9.42153
    endloop
  endfacet
  facet normal 0 -0.514231 -0.857652
    outer loop
      vertex 14 -31.1986 11.9993
      vertex 16.4 -31.0555 11.9135
      vertex 16.4 -31.1986 11.9993
    endloop
  endfacet
  facet normal -0 -0.514231 -0.857652
    outer loop
      vertex 16.4 -31.0555 11.9135
      vertex 14 -31.1986 11.9993
      vertex 14 -31.0555 11.9135
    endloop
  endfacet
  facet normal 0 -0.595772 -0.803154
    outer loop
      vertex 14 -31.0555 11.9135
      vertex 16.4 -30.9215 11.8141
      vertex 16.4 -31.0555 11.9135
    endloop
  endfacet
  facet normal -0 -0.595772 -0.803154
    outer loop
      vertex 16.4 -30.9215 11.8141
      vertex 14 -31.0555 11.9135
      vertex 14 -30.9215 11.8141
    endloop
  endfacet
  facet normal -0 0.427589 0.903973
    outer loop
      vertex 14 -32.6506 8.9294
      vertex 16.4 -32.8014 9.00073
      vertex 16.4 -32.6506 8.9294
    endloop
  endfacet
  facet normal 0 0.427589 0.903973
    outer loop
      vertex 16.4 -32.8014 9.00073
      vertex 14 -32.6506 8.9294
      vertex 14 -32.8014 9.00073
    endloop
  endfacet
  facet normal 0 0.970072 0.242818
    outer loop
      vertex 16.4 -33.6268 10.0065
      vertex 14 -33.6673 10.1683
      vertex 16.4 -33.6673 10.1683
    endloop
  endfacet
  facet normal 0 0.970072 0.242818
    outer loop
      vertex 14 -33.6673 10.1683
      vertex 16.4 -33.6268 10.0065
      vertex 14 -33.6268 10.0065
    endloop
  endfacet
  facet normal -0 0.67161 0.740905
    outer loop
      vertex 14 -33.0785 9.18588
      vertex 16.4 -33.2021 9.29792
      vertex 16.4 -33.0785 9.18588
    endloop
  endfacet
  facet normal 0 0.67161 0.740905
    outer loop
      vertex 16.4 -33.2021 9.29792
      vertex 14 -33.0785 9.18588
      vertex 14 -33.2021 9.29792
    endloop
  endfacet
  facet normal -0 0.243043 0.970015
    outer loop
      vertex 14 -32.3317 8.83266
      vertex 16.4 -32.4935 8.8732
      vertex 16.4 -32.3317 8.83266
    endloop
  endfacet
  facet normal 0 0.243043 0.970015
    outer loop
      vertex 16.4 -32.4935 8.8732
      vertex 14 -32.3317 8.83266
      vertex 14 -32.4935 8.8732
    endloop
  endfacet
  facet normal 0 0.941566 -0.33683
    outer loop
      vertex 16.4 -33.6268 10.9935
      vertex 14 -33.5706 11.1506
      vertex 16.4 -33.5706 11.1506
    endloop
  endfacet
  facet normal 0 0.941566 -0.33683
    outer loop
      vertex 14 -33.5706 11.1506
      vertex 16.4 -33.6268 10.9935
      vertex 14 -33.6268 10.9935
    endloop
  endfacet
  facet normal 0 0.857652 -0.514231
    outer loop
      vertex 16.4 -33.4993 11.3014
      vertex 14 -33.4135 11.4445
      vertex 16.4 -33.4135 11.4445
    endloop
  endfacet
  facet normal 0 0.857652 -0.514231
    outer loop
      vertex 14 -33.4135 11.4445
      vertex 16.4 -33.4993 11.3014
      vertex 14 -33.4993 11.3014
    endloop
  endfacet
  facet normal 0 0.146788 -0.989168
    outer loop
      vertex 14 -32.3317 12.1673
      vertex 16.4 -32.1666 12.1918
      vertex 16.4 -32.3317 12.1673
    endloop
  endfacet
  facet normal 0 0.146788 -0.989168
    outer loop
      vertex 16.4 -32.1666 12.1918
      vertex 14 -32.3317 12.1673
      vertex 14 -32.1666 12.1918
    endloop
  endfacet
  facet normal 0 0.514231 -0.857652
    outer loop
      vertex 14 -32.9445 11.9135
      vertex 16.4 -32.8014 11.9993
      vertex 16.4 -32.9445 11.9135
    endloop
  endfacet
  facet normal 0 0.514231 -0.857652
    outer loop
      vertex 16.4 -32.8014 11.9993
      vertex 14 -32.9445 11.9135
      vertex 14 -32.8014 11.9993
    endloop
  endfacet
  facet normal 0 -0.146612 0.989194
    outer loop
      vertex 14 -31.6683 8.83266
      vertex 16.4 -31.8334 8.80819
      vertex 16.4 -31.6683 8.83266
    endloop
  endfacet
  facet normal 0 -0.146612 0.989194
    outer loop
      vertex 16.4 -31.8334 8.80819
      vertex 14 -31.6683 8.83266
      vertex 14 -31.8334 8.80819
    endloop
  endfacet
  facet normal 0 -0.243043 0.970015
    outer loop
      vertex 14 -31.5065 8.8732
      vertex 16.4 -31.6683 8.83266
      vertex 16.4 -31.5065 8.8732
    endloop
  endfacet
  facet normal 0 -0.243043 0.970015
    outer loop
      vertex 16.4 -31.6683 8.83266
      vertex 14 -31.5065 8.8732
      vertex 14 -31.6683 8.83266
    endloop
  endfacet
  facet normal 0 -0.514099 0.857731
    outer loop
      vertex 14 -31.0555 9.0865
      vertex 16.4 -31.1986 9.00073
      vertex 16.4 -31.0555 9.0865
    endloop
  endfacet
  facet normal 0 -0.514099 0.857731
    outer loop
      vertex 16.4 -31.1986 9.00073
      vertex 14 -31.0555 9.0865
      vertex 14 -31.1986 9.00073
    endloop
  endfacet
  facet normal 0 -0.67161 0.740905
    outer loop
      vertex 14 -30.7979 9.29792
      vertex 16.4 -30.9215 9.18588
      vertex 16.4 -30.7979 9.29792
    endloop
  endfacet
  facet normal 0 -0.67161 0.740905
    outer loop
      vertex 16.4 -30.9215 9.18588
      vertex 14 -30.7979 9.29792
      vertex 14 -30.9215 9.18588
    endloop
  endfacet
  facet normal 0 -0.595695 0.803211
    outer loop
      vertex 14 -30.9215 9.18588
      vertex 16.4 -31.0555 9.0865
      vertex 16.4 -30.9215 9.18588
    endloop
  endfacet
  facet normal 0 -0.595695 0.803211
    outer loop
      vertex 16.4 -31.0555 9.0865
      vertex 14 -30.9215 9.18588
      vertex 14 -31.0555 9.0865
    endloop
  endfacet
  facet normal 0 -0.970072 0.242818
    outer loop
      vertex 14 -30.3732 10.0065
      vertex 16.4 -30.3327 10.1683
      vertex 14 -30.3327 10.1683
    endloop
  endfacet
  facet normal 0 -0.970072 0.242818
    outer loop
      vertex 16.4 -30.3327 10.1683
      vertex 14 -30.3732 10.0065
      vertex 16.4 -30.3732 10.0065
    endloop
  endfacet
  facet normal 0 -0.941538 0.336906
    outer loop
      vertex 14 -30.4294 9.84944
      vertex 16.4 -30.3732 10.0065
      vertex 14 -30.3732 10.0065
    endloop
  endfacet
  facet normal 0 -0.941538 0.336906
    outer loop
      vertex 16.4 -30.3732 10.0065
      vertex 14 -30.4294 9.84944
      vertex 16.4 -30.4294 9.84944
    endloop
  endfacet
  facet normal 0 -0.989168 0.146788
    outer loop
      vertex 14 -30.3327 10.1683
      vertex 16.4 -30.3082 10.3334
      vertex 14 -30.3082 10.3334
    endloop
  endfacet
  facet normal 0 -0.989168 0.146788
    outer loop
      vertex 16.4 -30.3082 10.3334
      vertex 14 -30.3327 10.1683
      vertex 16.4 -30.3327 10.1683
    endloop
  endfacet
  facet normal 0 -0.904065 0.427396
    outer loop
      vertex 14 -30.5007 9.69862
      vertex 16.4 -30.4294 9.84944
      vertex 14 -30.4294 9.84944
    endloop
  endfacet
  facet normal 0 -0.904065 0.427396
    outer loop
      vertex 16.4 -30.4294 9.84944
      vertex 14 -30.5007 9.69862
      vertex 16.4 -30.5007 9.69862
    endloop
  endfacet
  facet normal 0 -0.857636 0.514258
    outer loop
      vertex 14 -30.5865 9.55553
      vertex 16.4 -30.5007 9.69862
      vertex 14 -30.5007 9.69862
    endloop
  endfacet
  facet normal 0 -0.857636 0.514258
    outer loop
      vertex 16.4 -30.5007 9.69862
      vertex 14 -30.5865 9.55553
      vertex 16.4 -30.5865 9.55553
    endloop
  endfacet
  facet normal 0 -0.427442 -0.904043
    outer loop
      vertex 14 -31.3494 12.0706
      vertex 16.4 -31.1986 11.9993
      vertex 16.4 -31.3494 12.0706
    endloop
  endfacet
  facet normal -0 -0.427442 -0.904043
    outer loop
      vertex 16.4 -31.1986 11.9993
      vertex 14 -31.3494 12.0706
      vertex 14 -31.1986 11.9993
    endloop
  endfacet
  facet normal 0 -0.242818 -0.970072
    outer loop
      vertex 14 -31.6683 12.1673
      vertex 16.4 -31.5065 12.1268
      vertex 16.4 -31.6683 12.1673
    endloop
  endfacet
  facet normal -0 -0.242818 -0.970072
    outer loop
      vertex 16.4 -31.5065 12.1268
      vertex 14 -31.6683 12.1673
      vertex 14 -31.5065 12.1268
    endloop
  endfacet
  facet normal 0 -0.857652 -0.514231
    outer loop
      vertex 14 -30.5007 11.3014
      vertex 16.4 -30.5865 11.4445
      vertex 14 -30.5865 11.4445
    endloop
  endfacet
  facet normal 0 -0.857652 -0.514231
    outer loop
      vertex 16.4 -30.5865 11.4445
      vertex 14 -30.5007 11.3014
      vertex 16.4 -30.5007 11.3014
    endloop
  endfacet
  facet normal 0 -0.998791 -0.0491602
    outer loop
      vertex 14 -30.3 10.5
      vertex 16.4 -30.3082 10.6666
      vertex 14 -30.3082 10.6666
    endloop
  endfacet
  facet normal 0 -0.998791 -0.0491602
    outer loop
      vertex 16.4 -30.3082 10.6666
      vertex 14 -30.3 10.5
      vertex 16.4 -30.3 10.5
    endloop
  endfacet
  facet normal 0 -0.989168 -0.146788
    outer loop
      vertex 14 -30.3082 10.6666
      vertex 16.4 -30.3327 10.8317
      vertex 14 -30.3327 10.8317
    endloop
  endfacet
  facet normal 0 -0.989168 -0.146788
    outer loop
      vertex 16.4 -30.3327 10.8317
      vertex 14 -30.3082 10.6666
      vertex 16.4 -30.3082 10.6666
    endloop
  endfacet
  facet normal 0 0.998791 0.0491602
    outer loop
      vertex 16.4 -33.6918 10.3334
      vertex 14 -33.7 10.5
      vertex 16.4 -33.7 10.5
    endloop
  endfacet
  facet normal 0 0.998791 0.0491602
    outer loop
      vertex 14 -33.7 10.5
      vertex 16.4 -33.6918 10.3334
      vertex 14 -33.6918 10.3334
    endloop
  endfacet
  facet normal 0 0.989168 0.146788
    outer loop
      vertex 16.4 -33.6673 10.1683
      vertex 14 -33.6918 10.3334
      vertex 16.4 -33.6918 10.3334
    endloop
  endfacet
  facet normal 0 0.989168 0.146788
    outer loop
      vertex 14 -33.6918 10.3334
      vertex 16.4 -33.6673 10.1683
      vertex 14 -33.6673 10.1683
    endloop
  endfacet
  facet normal 0 0.857636 0.514258
    outer loop
      vertex 16.4 -33.4135 9.55553
      vertex 14 -33.4993 9.69862
      vertex 16.4 -33.4993 9.69862
    endloop
  endfacet
  facet normal 0 0.857636 0.514258
    outer loop
      vertex 14 -33.4993 9.69862
      vertex 16.4 -33.4135 9.55553
      vertex 14 -33.4135 9.55553
    endloop
  endfacet
  facet normal 0 0.741051 0.671448
    outer loop
      vertex 16.4 -33.2021 9.29792
      vertex 14 -33.3141 9.42153
      vertex 16.4 -33.3141 9.42153
    endloop
  endfacet
  facet normal 0 0.741051 0.671448
    outer loop
      vertex 14 -33.3141 9.42153
      vertex 16.4 -33.2021 9.29792
      vertex 14 -33.2021 9.29792
    endloop
  endfacet
  facet normal 0 0.803154 0.595772
    outer loop
      vertex 16.4 -33.3141 9.42153
      vertex 14 -33.4135 9.55553
      vertex 16.4 -33.4135 9.55553
    endloop
  endfacet
  facet normal 0 0.803154 0.595772
    outer loop
      vertex 14 -33.4135 9.55553
      vertex 16.4 -33.3141 9.42153
      vertex 14 -33.3141 9.42153
    endloop
  endfacet
  facet normal -0 0.595695 0.803211
    outer loop
      vertex 14 -32.9445 9.0865
      vertex 16.4 -33.0785 9.18588
      vertex 16.4 -32.9445 9.0865
    endloop
  endfacet
  facet normal 0 0.595695 0.803211
    outer loop
      vertex 16.4 -33.0785 9.18588
      vertex 14 -32.9445 9.0865
      vertex 14 -33.0785 9.18588
    endloop
  endfacet
  facet normal -0 0.514099 0.857731
    outer loop
      vertex 14 -32.8014 9.00073
      vertex 16.4 -32.9445 9.0865
      vertex 16.4 -32.8014 9.00073
    endloop
  endfacet
  facet normal 0 0.514099 0.857731
    outer loop
      vertex 16.4 -32.9445 9.0865
      vertex 14 -32.8014 9.00073
      vertex 14 -32.9445 9.0865
    endloop
  endfacet
  facet normal 0 0.741024 -0.671478
    outer loop
      vertex 16.4 -33.3141 11.5785
      vertex 14 -33.2021 11.7021
      vertex 16.4 -33.2021 11.7021
    endloop
  endfacet
  facet normal 0 0.741024 -0.671478
    outer loop
      vertex 14 -33.2021 11.7021
      vertex 16.4 -33.3141 11.5785
      vertex 14 -33.3141 11.5785
    endloop
  endfacet
  facet normal 0 0.904043 -0.427442
    outer loop
      vertex 16.4 -33.5706 11.1506
      vertex 14 -33.4993 11.3014
      vertex 16.4 -33.4993 11.3014
    endloop
  endfacet
  facet normal 0 0.904043 -0.427442
    outer loop
      vertex 14 -33.4993 11.3014
      vertex 16.4 -33.5706 11.1506
      vertex 14 -33.5706 11.1506
    endloop
  endfacet
  facet normal 0 0.970072 -0.242818
    outer loop
      vertex 16.4 -33.6673 10.8317
      vertex 14 -33.6268 10.9935
      vertex 16.4 -33.6268 10.9935
    endloop
  endfacet
  facet normal 0 0.970072 -0.242818
    outer loop
      vertex 14 -33.6268 10.9935
      vertex 16.4 -33.6673 10.8317
      vertex 14 -33.6673 10.8317
    endloop
  endfacet
  facet normal 0 0.803154 -0.595772
    outer loop
      vertex 16.4 -33.4135 11.4445
      vertex 14 -33.3141 11.5785
      vertex 16.4 -33.3141 11.5785
    endloop
  endfacet
  facet normal 0 0.803154 -0.595772
    outer loop
      vertex 14 -33.3141 11.5785
      vertex 16.4 -33.4135 11.4445
      vertex 14 -33.4135 11.4445
    endloop
  endfacet
  facet normal 0 0.671478 -0.741024
    outer loop
      vertex 14 -33.2021 11.7021
      vertex 16.4 -33.0785 11.8141
      vertex 16.4 -33.2021 11.7021
    endloop
  endfacet
  facet normal 0 0.671478 -0.741024
    outer loop
      vertex 16.4 -33.0785 11.8141
      vertex 14 -33.2021 11.7021
      vertex 14 -33.0785 11.8141
    endloop
  endfacet
  facet normal 0 0.427442 -0.904043
    outer loop
      vertex 14 -32.8014 11.9993
      vertex 16.4 -32.6506 12.0706
      vertex 16.4 -32.8014 11.9993
    endloop
  endfacet
  facet normal 0 0.427442 -0.904043
    outer loop
      vertex 16.4 -32.6506 12.0706
      vertex 14 -32.8014 11.9993
      vertex 14 -32.6506 12.0706
    endloop
  endfacet
  facet normal 0 0.242818 -0.970072
    outer loop
      vertex 14 -32.4935 12.1268
      vertex 16.4 -32.3317 12.1673
      vertex 16.4 -32.4935 12.1268
    endloop
  endfacet
  facet normal 0 0.242818 -0.970072
    outer loop
      vertex 16.4 -32.3317 12.1673
      vertex 14 -32.4935 12.1268
      vertex 14 -32.3317 12.1673
    endloop
  endfacet
  facet normal 0 0.0491602 -0.998791
    outer loop
      vertex 14 -32.1666 12.1918
      vertex 16.4 -32 12.2
      vertex 16.4 -32.1666 12.1918
    endloop
  endfacet
  facet normal 0 0.0491602 -0.998791
    outer loop
      vertex 16.4 -32 12.2
      vertex 14 -32.1666 12.1918
      vertex 14 -32 12.2
    endloop
  endfacet
  facet normal 0 0.33683 -0.941566
    outer loop
      vertex 14 -32.6506 12.0706
      vertex 16.4 -32.4935 12.1268
      vertex 16.4 -32.6506 12.0706
    endloop
  endfacet
  facet normal 0 0.33683 -0.941566
    outer loop
      vertex 16.4 -32.4935 12.1268
      vertex 14 -32.6506 12.0706
      vertex 14 -32.4935 12.1268
    endloop
  endfacet
  facet normal 0 -0.427589 0.903973
    outer loop
      vertex 14 -31.1986 9.00073
      vertex 16.4 -31.3494 8.9294
      vertex 16.4 -31.1986 9.00073
    endloop
  endfacet
  facet normal 0 -0.427589 0.903973
    outer loop
      vertex 16.4 -31.3494 8.9294
      vertex 14 -31.1986 9.00073
      vertex 14 -31.3494 8.9294
    endloop
  endfacet
  facet normal 0 -0.671478 -0.741024
    outer loop
      vertex 14 -30.9215 11.8141
      vertex 16.4 -30.7979 11.7021
      vertex 16.4 -30.9215 11.8141
    endloop
  endfacet
  facet normal -0 -0.671478 -0.741024
    outer loop
      vertex 16.4 -30.7979 11.7021
      vertex 14 -30.9215 11.8141
      vertex 14 -30.7979 11.7021
    endloop
  endfacet
  facet normal 0 -0.146788 -0.989168
    outer loop
      vertex 14 -31.8334 12.1918
      vertex 16.4 -31.6683 12.1673
      vertex 16.4 -31.8334 12.1918
    endloop
  endfacet
  facet normal -0 -0.146788 -0.989168
    outer loop
      vertex 16.4 -31.6683 12.1673
      vertex 14 -31.8334 12.1918
      vertex 14 -31.6683 12.1673
    endloop
  endfacet
  facet normal 0 -0.33683 -0.941566
    outer loop
      vertex 14 -31.5065 12.1268
      vertex 16.4 -31.3494 12.0706
      vertex 16.4 -31.5065 12.1268
    endloop
  endfacet
  facet normal -0 -0.33683 -0.941566
    outer loop
      vertex 16.4 -31.3494 12.0706
      vertex 14 -31.5065 12.1268
      vertex 14 -31.3494 12.0706
    endloop
  endfacet
  facet normal 0 -0.803154 -0.595772
    outer loop
      vertex 14 -30.5865 11.4445
      vertex 16.4 -30.6859 11.5785
      vertex 14 -30.6859 11.5785
    endloop
  endfacet
  facet normal 0 -0.803154 -0.595772
    outer loop
      vertex 16.4 -30.6859 11.5785
      vertex 14 -30.5865 11.4445
      vertex 16.4 -30.5865 11.4445
    endloop
  endfacet
  facet normal 0 -0.904043 -0.427442
    outer loop
      vertex 14 -30.4294 11.1506
      vertex 16.4 -30.5007 11.3014
      vertex 14 -30.5007 11.3014
    endloop
  endfacet
  facet normal 0 -0.904043 -0.427442
    outer loop
      vertex 16.4 -30.5007 11.3014
      vertex 14 -30.4294 11.1506
      vertex 16.4 -30.4294 11.1506
    endloop
  endfacet
  facet normal 0 -0.970072 -0.242818
    outer loop
      vertex 14 -30.3327 10.8317
      vertex 16.4 -30.3732 10.9935
      vertex 14 -30.3732 10.9935
    endloop
  endfacet
  facet normal 0 -0.970072 -0.242818
    outer loop
      vertex 16.4 -30.3732 10.9935
      vertex 14 -30.3327 10.8317
      vertex 16.4 -30.3327 10.8317
    endloop
  endfacet
  facet normal 0 0.904065 0.427396
    outer loop
      vertex 16.4 -33.4993 9.69862
      vertex 14 -33.5706 9.84944
      vertex 16.4 -33.5706 9.84944
    endloop
  endfacet
  facet normal 0 0.904065 0.427396
    outer loop
      vertex 14 -33.5706 9.84944
      vertex 16.4 -33.4993 9.69862
      vertex 14 -33.4993 9.69862
    endloop
  endfacet
  facet normal -0 0.33683 0.941566
    outer loop
      vertex 14 -32.4935 8.8732
      vertex 16.4 -32.6506 8.9294
      vertex 16.4 -32.4935 8.8732
    endloop
  endfacet
  facet normal 0 0.33683 0.941566
    outer loop
      vertex 16.4 -32.6506 8.9294
      vertex 14 -32.4935 8.8732
      vertex 14 -32.6506 8.9294
    endloop
  endfacet
  facet normal -0 0.146612 0.989194
    outer loop
      vertex 14 -32.1666 8.80819
      vertex 16.4 -32.3317 8.83266
      vertex 16.4 -32.1666 8.80819
    endloop
  endfacet
  facet normal 0 0.146612 0.989194
    outer loop
      vertex 16.4 -32.3317 8.83266
      vertex 14 -32.1666 8.80819
      vertex 14 -32.3317 8.83266
    endloop
  endfacet
  facet normal -0 0.0491004 0.998794
    outer loop
      vertex 14 -32 8.8
      vertex 16.4 -32.1666 8.80819
      vertex 16.4 -32 8.8
    endloop
  endfacet
  facet normal 0 0.0491004 0.998794
    outer loop
      vertex 16.4 -32.1666 8.80819
      vertex 14 -32 8.8
      vertex 14 -32.1666 8.80819
    endloop
  endfacet
  facet normal 0 0.989168 -0.146788
    outer loop
      vertex 16.4 -33.6918 10.6666
      vertex 14 -33.6673 10.8317
      vertex 16.4 -33.6673 10.8317
    endloop
  endfacet
  facet normal 0 0.989168 -0.146788
    outer loop
      vertex 14 -33.6673 10.8317
      vertex 16.4 -33.6918 10.6666
      vertex 14 -33.6918 10.6666
    endloop
  endfacet
  facet normal 0 0.941538 0.336906
    outer loop
      vertex 16.4 -33.5706 9.84944
      vertex 14 -33.6268 10.0065
      vertex 16.4 -33.6268 10.0065
    endloop
  endfacet
  facet normal 0 0.941538 0.336906
    outer loop
      vertex 14 -33.6268 10.0065
      vertex 16.4 -33.5706 9.84944
      vertex 14 -33.5706 9.84944
    endloop
  endfacet
  facet normal 0 -0.803154 0.595772
    outer loop
      vertex 14 -16.6859 9.42153
      vertex 16.4 -16.5865 9.55553
      vertex 14 -16.5865 9.55553
    endloop
  endfacet
  facet normal 0 -0.803154 0.595772
    outer loop
      vertex 16.4 -16.5865 9.55553
      vertex 14 -16.6859 9.42153
      vertex 16.4 -16.6859 9.42153
    endloop
  endfacet
  facet normal 0 -0.941566 -0.33683
    outer loop
      vertex 14 -16.3732 10.9935
      vertex 16.4 -16.4294 11.1506
      vertex 14 -16.4294 11.1506
    endloop
  endfacet
  facet normal 0 -0.941566 -0.33683
    outer loop
      vertex 16.4 -16.4294 11.1506
      vertex 14 -16.3732 10.9935
      vertex 16.4 -16.3732 10.9935
    endloop
  endfacet
  facet normal 0 -0.427442 -0.904043
    outer loop
      vertex 14 -17.3494 12.0706
      vertex 16.4 -17.1986 11.9993
      vertex 16.4 -17.3494 12.0706
    endloop
  endfacet
  facet normal -0 -0.427442 -0.904043
    outer loop
      vertex 16.4 -17.1986 11.9993
      vertex 14 -17.3494 12.0706
      vertex 14 -17.1986 11.9993
    endloop
  endfacet
  facet normal 0 0.427442 -0.904043
    outer loop
      vertex 14 -18.8014 11.9993
      vertex 16.4 -18.6506 12.0706
      vertex 16.4 -18.8014 11.9993
    endloop
  endfacet
  facet normal 0 0.427442 -0.904043
    outer loop
      vertex 16.4 -18.6506 12.0706
      vertex 14 -18.8014 11.9993
      vertex 14 -18.6506 12.0706
    endloop
  endfacet
  facet normal 0 -0.33683 0.941566
    outer loop
      vertex 14 -17.3494 8.9294
      vertex 16.4 -17.5065 8.8732
      vertex 16.4 -17.3494 8.9294
    endloop
  endfacet
  facet normal 0 -0.33683 0.941566
    outer loop
      vertex 16.4 -17.5065 8.8732
      vertex 14 -17.3494 8.9294
      vertex 14 -17.5065 8.8732
    endloop
  endfacet
  facet normal 0 -0.67161 0.740905
    outer loop
      vertex 14 -16.7979 9.29792
      vertex 16.4 -16.9215 9.18588
      vertex 16.4 -16.7979 9.29792
    endloop
  endfacet
  facet normal 0 -0.67161 0.740905
    outer loop
      vertex 16.4 -16.9215 9.18588
      vertex 14 -16.7979 9.29792
      vertex 14 -16.9215 9.18588
    endloop
  endfacet
  facet normal 0 -0.998791 0.0491602
    outer loop
      vertex 14 -16.3082 10.3334
      vertex 16.4 -16.3 10.5
      vertex 14 -16.3 10.5
    endloop
  endfacet
  facet normal 0 -0.998791 0.0491602
    outer loop
      vertex 16.4 -16.3 10.5
      vertex 14 -16.3082 10.3334
      vertex 16.4 -16.3082 10.3334
    endloop
  endfacet
  facet normal 0 -0.803154 -0.595772
    outer loop
      vertex 14 -16.5865 11.4445
      vertex 16.4 -16.6859 11.5785
      vertex 14 -16.6859 11.5785
    endloop
  endfacet
  facet normal 0 -0.803154 -0.595772
    outer loop
      vertex 16.4 -16.6859 11.5785
      vertex 14 -16.5865 11.4445
      vertex 16.4 -16.5865 11.4445
    endloop
  endfacet
  facet normal -0 0.595695 0.803211
    outer loop
      vertex 14 -18.9445 9.0865
      vertex 16.4 -19.0785 9.18588
      vertex 16.4 -18.9445 9.0865
    endloop
  endfacet
  facet normal 0 0.595695 0.803211
    outer loop
      vertex 16.4 -19.0785 9.18588
      vertex 14 -18.9445 9.0865
      vertex 14 -19.0785 9.18588
    endloop
  endfacet
  facet normal 0 0.970072 0.242818
    outer loop
      vertex 16.4 -19.6268 10.0065
      vertex 14 -19.6673 10.1683
      vertex 16.4 -19.6673 10.1683
    endloop
  endfacet
  facet normal 0 0.970072 0.242818
    outer loop
      vertex 14 -19.6673 10.1683
      vertex 16.4 -19.6268 10.0065
      vertex 14 -19.6268 10.0065
    endloop
  endfacet
  facet normal -0 0.67161 0.740905
    outer loop
      vertex 14 -19.0785 9.18588
      vertex 16.4 -19.2021 9.29792
      vertex 16.4 -19.0785 9.18588
    endloop
  endfacet
  facet normal 0 0.67161 0.740905
    outer loop
      vertex 16.4 -19.2021 9.29792
      vertex 14 -19.0785 9.18588
      vertex 14 -19.2021 9.29792
    endloop
  endfacet
  facet normal 0 0.857652 -0.514231
    outer loop
      vertex 16.4 -19.4993 11.3014
      vertex 14 -19.4135 11.4445
      vertex 16.4 -19.4135 11.4445
    endloop
  endfacet
  facet normal 0 0.857652 -0.514231
    outer loop
      vertex 14 -19.4135 11.4445
      vertex 16.4 -19.4993 11.3014
      vertex 14 -19.4993 11.3014
    endloop
  endfacet
  facet normal 0 0.803154 -0.595772
    outer loop
      vertex 16.4 -19.4135 11.4445
      vertex 14 -19.3141 11.5785
      vertex 16.4 -19.3141 11.5785
    endloop
  endfacet
  facet normal 0 0.803154 -0.595772
    outer loop
      vertex 14 -19.3141 11.5785
      vertex 16.4 -19.4135 11.4445
      vertex 14 -19.4135 11.4445
    endloop
  endfacet
  facet normal 0 0.146788 -0.989168
    outer loop
      vertex 14 -18.3317 12.1673
      vertex 16.4 -18.1666 12.1918
      vertex 16.4 -18.3317 12.1673
    endloop
  endfacet
  facet normal 0 0.146788 -0.989168
    outer loop
      vertex 16.4 -18.1666 12.1918
      vertex 14 -18.3317 12.1673
      vertex 14 -18.1666 12.1918
    endloop
  endfacet
  facet normal 0 -0.146612 0.989194
    outer loop
      vertex 14 -17.6683 8.83266
      vertex 16.4 -17.8334 8.80819
      vertex 16.4 -17.6683 8.83266
    endloop
  endfacet
  facet normal 0 -0.146612 0.989194
    outer loop
      vertex 16.4 -17.8334 8.80819
      vertex 14 -17.6683 8.83266
      vertex 14 -17.8334 8.80819
    endloop
  endfacet
  facet normal 0 -0.243043 0.970015
    outer loop
      vertex 14 -17.5065 8.8732
      vertex 16.4 -17.6683 8.83266
      vertex 16.4 -17.5065 8.8732
    endloop
  endfacet
  facet normal 0 -0.243043 0.970015
    outer loop
      vertex 16.4 -17.6683 8.83266
      vertex 14 -17.5065 8.8732
      vertex 14 -17.6683 8.83266
    endloop
  endfacet
  facet normal 0 -0.514099 0.857731
    outer loop
      vertex 14 -17.0555 9.0865
      vertex 16.4 -17.1986 9.00073
      vertex 16.4 -17.0555 9.0865
    endloop
  endfacet
  facet normal 0 -0.514099 0.857731
    outer loop
      vertex 16.4 -17.1986 9.00073
      vertex 14 -17.0555 9.0865
      vertex 14 -17.1986 9.00073
    endloop
  endfacet
  facet normal 0 -0.904065 0.427396
    outer loop
      vertex 14 -16.5007 9.69862
      vertex 16.4 -16.4294 9.84944
      vertex 14 -16.4294 9.84944
    endloop
  endfacet
  facet normal 0 -0.904065 0.427396
    outer loop
      vertex 16.4 -16.4294 9.84944
      vertex 14 -16.5007 9.69862
      vertex 16.4 -16.5007 9.69862
    endloop
  endfacet
  facet normal 0 -0.970072 0.242818
    outer loop
      vertex 14 -16.3732 10.0065
      vertex 16.4 -16.3327 10.1683
      vertex 14 -16.3327 10.1683
    endloop
  endfacet
  facet normal 0 -0.970072 0.242818
    outer loop
      vertex 16.4 -16.3327 10.1683
      vertex 14 -16.3732 10.0065
      vertex 16.4 -16.3732 10.0065
    endloop
  endfacet
  facet normal 0 -0.857636 0.514258
    outer loop
      vertex 14 -16.5865 9.55553
      vertex 16.4 -16.5007 9.69862
      vertex 14 -16.5007 9.69862
    endloop
  endfacet
  facet normal 0 -0.857636 0.514258
    outer loop
      vertex 16.4 -16.5007 9.69862
      vertex 14 -16.5865 9.55553
      vertex 16.4 -16.5865 9.55553
    endloop
  endfacet
  facet normal 0 -0.941538 0.336906
    outer loop
      vertex 14 -16.4294 9.84944
      vertex 16.4 -16.3732 10.0065
      vertex 14 -16.3732 10.0065
    endloop
  endfacet
  facet normal 0 -0.941538 0.336906
    outer loop
      vertex 16.4 -16.3732 10.0065
      vertex 14 -16.4294 9.84944
      vertex 16.4 -16.4294 9.84944
    endloop
  endfacet
  facet normal 0 -0.989168 0.146788
    outer loop
      vertex 14 -16.3327 10.1683
      vertex 16.4 -16.3082 10.3334
      vertex 14 -16.3082 10.3334
    endloop
  endfacet
  facet normal 0 -0.989168 0.146788
    outer loop
      vertex 16.4 -16.3082 10.3334
      vertex 14 -16.3327 10.1683
      vertex 16.4 -16.3327 10.1683
    endloop
  endfacet
  facet normal 0 -0.0491602 -0.998791
    outer loop
      vertex 14 -18 12.2
      vertex 16.4 -17.8334 12.1918
      vertex 16.4 -18 12.2
    endloop
  endfacet
  facet normal -0 -0.0491602 -0.998791
    outer loop
      vertex 16.4 -17.8334 12.1918
      vertex 14 -18 12.2
      vertex 14 -17.8334 12.1918
    endloop
  endfacet
  facet normal 0 -0.242818 -0.970072
    outer loop
      vertex 14 -17.6683 12.1673
      vertex 16.4 -17.5065 12.1268
      vertex 16.4 -17.6683 12.1673
    endloop
  endfacet
  facet normal -0 -0.242818 -0.970072
    outer loop
      vertex 16.4 -17.5065 12.1268
      vertex 14 -17.6683 12.1673
      vertex 14 -17.5065 12.1268
    endloop
  endfacet
  facet normal 0 -0.146788 -0.989168
    outer loop
      vertex 14 -17.8334 12.1918
      vertex 16.4 -17.6683 12.1673
      vertex 16.4 -17.8334 12.1918
    endloop
  endfacet
  facet normal -0 -0.146788 -0.989168
    outer loop
      vertex 16.4 -17.6683 12.1673
      vertex 14 -17.8334 12.1918
      vertex 14 -17.6683 12.1673
    endloop
  endfacet
  facet normal 0 -0.671478 -0.741024
    outer loop
      vertex 14 -16.9215 11.8141
      vertex 16.4 -16.7979 11.7021
      vertex 16.4 -16.9215 11.8141
    endloop
  endfacet
  facet normal -0 -0.671478 -0.741024
    outer loop
      vertex 16.4 -16.7979 11.7021
      vertex 14 -16.9215 11.8141
      vertex 14 -16.7979 11.7021
    endloop
  endfacet
  facet normal 0 -0.595772 -0.803154
    outer loop
      vertex 14 -17.0555 11.9135
      vertex 16.4 -16.9215 11.8141
      vertex 16.4 -17.0555 11.9135
    endloop
  endfacet
  facet normal -0 -0.595772 -0.803154
    outer loop
      vertex 16.4 -16.9215 11.8141
      vertex 14 -17.0555 11.9135
      vertex 14 -16.9215 11.8141
    endloop
  endfacet
  facet normal 0 -0.998791 -0.0491602
    outer loop
      vertex 14 -16.3 10.5
      vertex 16.4 -16.3082 10.6666
      vertex 14 -16.3082 10.6666
    endloop
  endfacet
  facet normal 0 -0.998791 -0.0491602
    outer loop
      vertex 16.4 -16.3082 10.6666
      vertex 14 -16.3 10.5
      vertex 16.4 -16.3 10.5
    endloop
  endfacet
  facet normal 0 -0.989168 -0.146788
    outer loop
      vertex 14 -16.3082 10.6666
      vertex 16.4 -16.3327 10.8317
      vertex 14 -16.3327 10.8317
    endloop
  endfacet
  facet normal 0 -0.989168 -0.146788
    outer loop
      vertex 16.4 -16.3327 10.8317
      vertex 14 -16.3082 10.6666
      vertex 16.4 -16.3082 10.6666
    endloop
  endfacet
  facet normal 0 -0.904043 -0.427442
    outer loop
      vertex 14 -16.4294 11.1506
      vertex 16.4 -16.5007 11.3014
      vertex 14 -16.5007 11.3014
    endloop
  endfacet
  facet normal 0 -0.904043 -0.427442
    outer loop
      vertex 16.4 -16.5007 11.3014
      vertex 14 -16.4294 11.1506
      vertex 16.4 -16.4294 11.1506
    endloop
  endfacet
  facet normal 0 -0.857652 -0.514231
    outer loop
      vertex 14 -16.5007 11.3014
      vertex 16.4 -16.5865 11.4445
      vertex 14 -16.5865 11.4445
    endloop
  endfacet
  facet normal 0 -0.857652 -0.514231
    outer loop
      vertex 16.4 -16.5865 11.4445
      vertex 14 -16.5007 11.3014
      vertex 16.4 -16.5007 11.3014
    endloop
  endfacet
  facet normal 0 -0.741024 -0.671478
    outer loop
      vertex 14 -16.6859 11.5785
      vertex 16.4 -16.7979 11.7021
      vertex 14 -16.7979 11.7021
    endloop
  endfacet
  facet normal 0 -0.741024 -0.671478
    outer loop
      vertex 16.4 -16.7979 11.7021
      vertex 14 -16.6859 11.5785
      vertex 16.4 -16.6859 11.5785
    endloop
  endfacet
  facet normal 0 -0.0491004 0.998794
    outer loop
      vertex 14 -17.8334 8.80819
      vertex 16.4 -18 8.8
      vertex 16.4 -17.8334 8.80819
    endloop
  endfacet
  facet normal 0 -0.0491004 0.998794
    outer loop
      vertex 16.4 -18 8.8
      vertex 14 -17.8334 8.80819
      vertex 14 -18 8.8
    endloop
  endfacet
  facet normal 0 0.998791 0.0491602
    outer loop
      vertex 16.4 -19.6918 10.3334
      vertex 14 -19.7 10.5
      vertex 16.4 -19.7 10.5
    endloop
  endfacet
  facet normal 0 0.998791 0.0491602
    outer loop
      vertex 14 -19.7 10.5
      vertex 16.4 -19.6918 10.3334
      vertex 14 -19.6918 10.3334
    endloop
  endfacet
  facet normal 0 0.989168 0.146788
    outer loop
      vertex 16.4 -19.6673 10.1683
      vertex 14 -19.6918 10.3334
      vertex 16.4 -19.6918 10.3334
    endloop
  endfacet
  facet normal 0 0.989168 0.146788
    outer loop
      vertex 14 -19.6918 10.3334
      vertex 16.4 -19.6673 10.1683
      vertex 14 -19.6673 10.1683
    endloop
  endfacet
  facet normal 0 0.857636 0.514258
    outer loop
      vertex 16.4 -19.4135 9.55553
      vertex 14 -19.4993 9.69862
      vertex 16.4 -19.4993 9.69862
    endloop
  endfacet
  facet normal 0 0.857636 0.514258
    outer loop
      vertex 14 -19.4993 9.69862
      vertex 16.4 -19.4135 9.55553
      vertex 14 -19.4135 9.55553
    endloop
  endfacet
  facet normal 0 0.741051 0.671448
    outer loop
      vertex 16.4 -19.2021 9.29792
      vertex 14 -19.3141 9.42153
      vertex 16.4 -19.3141 9.42153
    endloop
  endfacet
  facet normal 0 0.741051 0.671448
    outer loop
      vertex 14 -19.3141 9.42153
      vertex 16.4 -19.2021 9.29792
      vertex 14 -19.2021 9.29792
    endloop
  endfacet
  facet normal 0 0.803154 0.595772
    outer loop
      vertex 16.4 -19.3141 9.42153
      vertex 14 -19.4135 9.55553
      vertex 16.4 -19.4135 9.55553
    endloop
  endfacet
  facet normal 0 0.803154 0.595772
    outer loop
      vertex 14 -19.4135 9.55553
      vertex 16.4 -19.3141 9.42153
      vertex 14 -19.3141 9.42153
    endloop
  endfacet
  facet normal 0 0.998791 -0.0491602
    outer loop
      vertex 16.4 -19.7 10.5
      vertex 14 -19.6918 10.6666
      vertex 16.4 -19.6918 10.6666
    endloop
  endfacet
  facet normal 0 0.998791 -0.0491602
    outer loop
      vertex 14 -19.6918 10.6666
      vertex 16.4 -19.7 10.5
      vertex 14 -19.7 10.5
    endloop
  endfacet
  facet normal 0 0.970072 -0.242818
    outer loop
      vertex 16.4 -19.6673 10.8317
      vertex 14 -19.6268 10.9935
      vertex 16.4 -19.6268 10.9935
    endloop
  endfacet
  facet normal 0 0.970072 -0.242818
    outer loop
      vertex 14 -19.6268 10.9935
      vertex 16.4 -19.6673 10.8317
      vertex 14 -19.6673 10.8317
    endloop
  endfacet
  facet normal 0 0.904043 -0.427442
    outer loop
      vertex 16.4 -19.5706 11.1506
      vertex 14 -19.4993 11.3014
      vertex 16.4 -19.4993 11.3014
    endloop
  endfacet
  facet normal 0 0.904043 -0.427442
    outer loop
      vertex 14 -19.4993 11.3014
      vertex 16.4 -19.5706 11.1506
      vertex 14 -19.5706 11.1506
    endloop
  endfacet
  facet normal 0 0.741024 -0.671478
    outer loop
      vertex 16.4 -19.3141 11.5785
      vertex 14 -19.2021 11.7021
      vertex 16.4 -19.2021 11.7021
    endloop
  endfacet
  facet normal 0 0.741024 -0.671478
    outer loop
      vertex 14 -19.2021 11.7021
      vertex 16.4 -19.3141 11.5785
      vertex 14 -19.3141 11.5785
    endloop
  endfacet
  facet normal 0 0.242818 -0.970072
    outer loop
      vertex 14 -18.4935 12.1268
      vertex 16.4 -18.3317 12.1673
      vertex 16.4 -18.4935 12.1268
    endloop
  endfacet
  facet normal 0 0.242818 -0.970072
    outer loop
      vertex 16.4 -18.3317 12.1673
      vertex 14 -18.4935 12.1268
      vertex 14 -18.3317 12.1673
    endloop
  endfacet
  facet normal 0 0.0491602 -0.998791
    outer loop
      vertex 14 -18.1666 12.1918
      vertex 16.4 -18 12.2
      vertex 16.4 -18.1666 12.1918
    endloop
  endfacet
  facet normal 0 0.0491602 -0.998791
    outer loop
      vertex 16.4 -18 12.2
      vertex 14 -18.1666 12.1918
      vertex 14 -18 12.2
    endloop
  endfacet
  facet normal 0 0.33683 -0.941566
    outer loop
      vertex 14 -18.6506 12.0706
      vertex 16.4 -18.4935 12.1268
      vertex 16.4 -18.6506 12.0706
    endloop
  endfacet
  facet normal 0 0.33683 -0.941566
    outer loop
      vertex 16.4 -18.4935 12.1268
      vertex 14 -18.6506 12.0706
      vertex 14 -18.4935 12.1268
    endloop
  endfacet
  facet normal 0 0.514231 -0.857652
    outer loop
      vertex 14 -18.9445 11.9135
      vertex 16.4 -18.8014 11.9993
      vertex 16.4 -18.9445 11.9135
    endloop
  endfacet
  facet normal 0 0.514231 -0.857652
    outer loop
      vertex 16.4 -18.8014 11.9993
      vertex 14 -18.9445 11.9135
      vertex 14 -18.8014 11.9993
    endloop
  endfacet
  facet normal 0 0.671478 -0.741024
    outer loop
      vertex 14 -19.2021 11.7021
      vertex 16.4 -19.0785 11.8141
      vertex 16.4 -19.2021 11.7021
    endloop
  endfacet
  facet normal 0 0.671478 -0.741024
    outer loop
      vertex 16.4 -19.0785 11.8141
      vertex 14 -19.2021 11.7021
      vertex 14 -19.0785 11.8141
    endloop
  endfacet
  facet normal 0 0.595772 -0.803154
    outer loop
      vertex 14 -19.0785 11.8141
      vertex 16.4 -18.9445 11.9135
      vertex 16.4 -19.0785 11.8141
    endloop
  endfacet
  facet normal 0 0.595772 -0.803154
    outer loop
      vertex 16.4 -18.9445 11.9135
      vertex 14 -19.0785 11.8141
      vertex 14 -18.9445 11.9135
    endloop
  endfacet
  facet normal 0 -0.427589 0.903973
    outer loop
      vertex 14 -17.1986 9.00073
      vertex 16.4 -17.3494 8.9294
      vertex 16.4 -17.1986 9.00073
    endloop
  endfacet
  facet normal 0 -0.427589 0.903973
    outer loop
      vertex 16.4 -17.3494 8.9294
      vertex 14 -17.1986 9.00073
      vertex 14 -17.3494 8.9294
    endloop
  endfacet
  facet normal 0 -0.595695 0.803211
    outer loop
      vertex 14 -16.9215 9.18588
      vertex 16.4 -17.0555 9.0865
      vertex 16.4 -16.9215 9.18588
    endloop
  endfacet
  facet normal 0 -0.595695 0.803211
    outer loop
      vertex 16.4 -17.0555 9.0865
      vertex 14 -16.9215 9.18588
      vertex 14 -17.0555 9.0865
    endloop
  endfacet
  facet normal 0 -0.741051 0.671448
    outer loop
      vertex 14 -16.7979 9.29792
      vertex 16.4 -16.6859 9.42153
      vertex 14 -16.6859 9.42153
    endloop
  endfacet
  facet normal 0 -0.741051 0.671448
    outer loop
      vertex 16.4 -16.6859 9.42153
      vertex 14 -16.7979 9.29792
      vertex 16.4 -16.7979 9.29792
    endloop
  endfacet
  facet normal 0 -0.33683 -0.941566
    outer loop
      vertex 14 -17.5065 12.1268
      vertex 16.4 -17.3494 12.0706
      vertex 16.4 -17.5065 12.1268
    endloop
  endfacet
  facet normal -0 -0.33683 -0.941566
    outer loop
      vertex 16.4 -17.3494 12.0706
      vertex 14 -17.5065 12.1268
      vertex 14 -17.3494 12.0706
    endloop
  endfacet
  facet normal 0 -0.514231 -0.857652
    outer loop
      vertex 14 -17.1986 11.9993
      vertex 16.4 -17.0555 11.9135
      vertex 16.4 -17.1986 11.9993
    endloop
  endfacet
  facet normal -0 -0.514231 -0.857652
    outer loop
      vertex 16.4 -17.0555 11.9135
      vertex 14 -17.1986 11.9993
      vertex 14 -17.0555 11.9135
    endloop
  endfacet
  facet normal 0 -0.970072 -0.242818
    outer loop
      vertex 14 -16.3327 10.8317
      vertex 16.4 -16.3732 10.9935
      vertex 14 -16.3732 10.9935
    endloop
  endfacet
  facet normal 0 -0.970072 -0.242818
    outer loop
      vertex 16.4 -16.3732 10.9935
      vertex 14 -16.3327 10.8317
      vertex 16.4 -16.3327 10.8317
    endloop
  endfacet
  facet normal -0 0.146612 0.989194
    outer loop
      vertex 14 -18.1666 8.80819
      vertex 16.4 -18.3317 8.83266
      vertex 16.4 -18.1666 8.80819
    endloop
  endfacet
  facet normal 0 0.146612 0.989194
    outer loop
      vertex 16.4 -18.3317 8.83266
      vertex 14 -18.1666 8.80819
      vertex 14 -18.3317 8.83266
    endloop
  endfacet
  facet normal -0 0.0491004 0.998794
    outer loop
      vertex 14 -18 8.8
      vertex 16.4 -18.1666 8.80819
      vertex 16.4 -18 8.8
    endloop
  endfacet
  facet normal 0 0.0491004 0.998794
    outer loop
      vertex 16.4 -18.1666 8.80819
      vertex 14 -18 8.8
      vertex 14 -18.1666 8.80819
    endloop
  endfacet
  facet normal -0 0.243043 0.970015
    outer loop
      vertex 14 -18.3317 8.83266
      vertex 16.4 -18.4935 8.8732
      vertex 16.4 -18.3317 8.83266
    endloop
  endfacet
  facet normal 0 0.243043 0.970015
    outer loop
      vertex 16.4 -18.4935 8.8732
      vertex 14 -18.3317 8.83266
      vertex 14 -18.4935 8.8732
    endloop
  endfacet
  facet normal -0 0.33683 0.941566
    outer loop
      vertex 14 -18.4935 8.8732
      vertex 16.4 -18.6506 8.9294
      vertex 16.4 -18.4935 8.8732
    endloop
  endfacet
  facet normal 0 0.33683 0.941566
    outer loop
      vertex 16.4 -18.6506 8.9294
      vertex 14 -18.4935 8.8732
      vertex 14 -18.6506 8.9294
    endloop
  endfacet
  facet normal -0 0.427589 0.903973
    outer loop
      vertex 14 -18.6506 8.9294
      vertex 16.4 -18.8014 9.00073
      vertex 16.4 -18.6506 8.9294
    endloop
  endfacet
  facet normal 0 0.427589 0.903973
    outer loop
      vertex 16.4 -18.8014 9.00073
      vertex 14 -18.6506 8.9294
      vertex 14 -18.8014 9.00073
    endloop
  endfacet
  facet normal 0 0.904065 0.427396
    outer loop
      vertex 16.4 -19.4993 9.69862
      vertex 14 -19.5706 9.84944
      vertex 16.4 -19.5706 9.84944
    endloop
  endfacet
  facet normal 0 0.904065 0.427396
    outer loop
      vertex 14 -19.5706 9.84944
      vertex 16.4 -19.4993 9.69862
      vertex 14 -19.4993 9.69862
    endloop
  endfacet
  facet normal 0 0.989168 -0.146788
    outer loop
      vertex 16.4 -19.6918 10.6666
      vertex 14 -19.6673 10.8317
      vertex 16.4 -19.6673 10.8317
    endloop
  endfacet
  facet normal 0 0.989168 -0.146788
    outer loop
      vertex 14 -19.6673 10.8317
      vertex 16.4 -19.6918 10.6666
      vertex 14 -19.6918 10.6666
    endloop
  endfacet
  facet normal 0 0.941566 -0.33683
    outer loop
      vertex 16.4 -19.6268 10.9935
      vertex 14 -19.5706 11.1506
      vertex 16.4 -19.5706 11.1506
    endloop
  endfacet
  facet normal 0 0.941566 -0.33683
    outer loop
      vertex 14 -19.5706 11.1506
      vertex 16.4 -19.6268 10.9935
      vertex 14 -19.6268 10.9935
    endloop
  endfacet
  facet normal -0 0.514099 0.857731
    outer loop
      vertex 14 -18.8014 9.00073
      vertex 16.4 -18.9445 9.0865
      vertex 16.4 -18.8014 9.00073
    endloop
  endfacet
  facet normal 0 0.514099 0.857731
    outer loop
      vertex 16.4 -18.9445 9.0865
      vertex 14 -18.8014 9.00073
      vertex 14 -18.9445 9.0865
    endloop
  endfacet
  facet normal 0 0.941538 0.336906
    outer loop
      vertex 16.4 -19.5706 9.84944
      vertex 14 -19.6268 10.0065
      vertex 16.4 -19.6268 10.0065
    endloop
  endfacet
  facet normal 0 0.941538 0.336906
    outer loop
      vertex 14 -19.6268 10.0065
      vertex 16.4 -19.5706 9.84944
      vertex 14 -19.5706 9.84944
    endloop
  endfacet
  facet normal 1 -0 0
    outer loop
      vertex -10.55 -45.9 6.00781
      vertex -10.55 -39 3.4
      vertex -10.55 -39 6.54688
    endloop
  endfacet
  facet normal 1 0 0
    outer loop
      vertex -10.55 -39 3.4
      vertex -10.55 -45.9 6.00781
      vertex -10.55 -45.9 3.4
    endloop
  endfacet
  facet normal -1 0 0
    outer loop
      vertex 10.55 -45.9 6.00781
      vertex 10.55 -39 3.4
      vertex 10.55 -45.9 3.4
    endloop
  endfacet
  facet normal -1 0 0
    outer loop
      vertex 10.55 -39 3.4
      vertex 10.55 -45.9 6.00781
      vertex 10.55 -39 6.54688
    endloop
  endfacet
  facet normal 0 -1 0
    outer loop
      vertex -10.55 -39 3.4
      vertex 10.55 -39 6.54688
      vertex -10.55 -39 6.54688
    endloop
  endfacet
  facet normal 0 -1 -0
    outer loop
      vertex 10.55 -39 6.54688
      vertex -10.55 -39 3.4
      vertex 10.55 -39 3.4
    endloop
  endfacet
  facet normal -0 0 1
    outer loop
      vertex -10.55 -39 3.4
      vertex 10.55 -45.9 3.4
      vertex 10.55 -39 3.4
    endloop
  endfacet
  facet normal 0 0 1
    outer loop
      vertex 10.55 -45.9 3.4
      vertex -10.55 -39 3.4
      vertex -10.55 -45.9 3.4
    endloop
  endfacet
  facet normal 0 1 -0
    outer loop
      vertex 10.55 -45.9 3.4
      vertex -10.55 -45.9 6.00781
      vertex 10.55 -45.9 6.00781
    endloop
  endfacet
  facet normal 0 1 0
    outer loop
      vertex -10.55 -45.9 6.00781
      vertex 10.55 -45.9 3.4
      vertex -10.55 -45.9 3.4
    endloop
  endfacet
  facet normal 0 -0.803154 0.595772
    outer loop
      vertex -16.8 -44.1859 1.42153
      vertex -13.6 -44.0865 1.55553
      vertex -16.8 -44.0865 1.55553
    endloop
  endfacet
  facet normal 0 -0.803154 0.595772
    outer loop
      vertex -13.6 -44.0865 1.55553
      vertex -16.8 -44.1859 1.42153
      vertex -13.6 -44.1859 1.42153
    endloop
  endfacet
  facet normal 0 -0.943044 -0.332669
    outer loop
      vertex -16.8 -43.8755 3
      vertex -16.8 -43.8732 2.99348
      vertex -16.4 -43.8755 3
    endloop
  endfacet
  facet normal 0 -0.941487 -0.337049
    outer loop
      vertex -16.4 -43.8755 3
      vertex -13.6 -43.9294 3.15056
      vertex -16.4 -43.9294 3.15056
    endloop
  endfacet
  facet normal -1.10034e-05 -0.941552 -0.336868
    outer loop
      vertex -16.4 -43.8755 3
      vertex -13.6 -43.8732 2.99348
      vertex -13.6 -43.9294 3.15056
    endloop
  endfacet
  facet normal -0 -0.943044 -0.332669
    outer loop
      vertex -13.6 -43.8732 2.99348
      vertex -16.4 -43.8755 3
      vertex -16.8 -43.8732 2.99348
    endloop
  endfacet
  facet normal 0 -0.42754 -0.903996
    outer loop
      vertex -16.4 -44.8494 4.07059
      vertex -13.6 -44.6986 3.99927
      vertex -13.6 -44.8494 4.07059
    endloop
  endfacet
  facet normal -0 -0.42754 -0.903996
    outer loop
      vertex -13.6 -44.6986 3.99927
      vertex -16.4 -44.8494 4.07059
      vertex -16.4 -44.6986 3.99927
    endloop
  endfacet
  facet normal -0 0.0490824 0.998795
    outer loop
      vertex -16.4 -45.5 0.799999
      vertex -13.6 -45.6666 0.808186
      vertex -13.6 -45.5 0.799999
    endloop
  endfacet
  facet normal 0 0.0490824 0.998795
    outer loop
      vertex -13.6 -45.6666 0.808186
      vertex -16.4 -45.5 0.799999
      vertex -16.4 -45.6666 0.808186
    endloop
  endfacet
  facet normal 0 0.336859 -0.941555
    outer loop
      vertex -14 -46.1506 4.07059
      vertex -16.4 -46.1506 4.07059
      vertex -14 -46 4.12447
    endloop
  endfacet
  facet normal 0 0.337437 -0.941348
    outer loop
      vertex -14 -46 4.12447
      vertex -13.6 -45.9935 4.1268
      vertex -13.6 -46 4.12447
    endloop
  endfacet
  facet normal 0 0.337437 -0.941348
    outer loop
      vertex -14 -46 4.12447
      vertex -16.4 -45.9935 4.1268
      vertex -13.6 -45.9935 4.1268
    endloop
  endfacet
  facet normal -1.69311e-06 0.336883 -0.941546
    outer loop
      vertex -16.4 -45.9935 4.1268
      vertex -14 -46 4.12447
      vertex -16.4 -46.1506 4.07059
    endloop
  endfacet
  facet normal 0 0.904054 -0.427419
    outer loop
      vertex -14 -47.0706 3.15056
      vertex -16.4 -46.9993 3.30137
      vertex -14 -46.9993 3.30137
    endloop
  endfacet
  facet normal 0 0.904054 -0.427419
    outer loop
      vertex -16.4 -46.9993 3.30137
      vertex -14 -47.0706 3.15056
      vertex -16.4 -47.0706 3.15056
    endloop
  endfacet
  facet normal 0 -0.514099 0.857731
    outer loop
      vertex -16.8 -44.5555 1.0865
      vertex -13.6 -44.6986 1.00073
      vertex -13.6 -44.5555 1.0865
    endloop
  endfacet
  facet normal 0 -0.514099 0.857731
    outer loop
      vertex -13.6 -44.6986 1.00073
      vertex -16.8 -44.5555 1.0865
      vertex -16.8 -44.6986 1.00073
    endloop
  endfacet
  facet normal 0 -0.989158 0.146857
    outer loop
      vertex -16.8 -43.8327 2.16835
      vertex -13.6 -43.8082 2.33337
      vertex -16.8 -43.8082 2.33337
    endloop
  endfacet
  facet normal 0 -0.989158 0.146857
    outer loop
      vertex -13.6 -43.8082 2.33337
      vertex -16.8 -43.8327 2.16835
      vertex -13.6 -43.8327 2.16835
    endloop
  endfacet
  facet normal 0 -0.14667 -0.989185
    outer loop
      vertex -16.4 -45.3334 4.19181
      vertex -13.6 -45.1683 4.16733
      vertex -13.6 -45.3334 4.19181
    endloop
  endfacet
  facet normal -0 -0.14667 -0.989185
    outer loop
      vertex -13.6 -45.1683 4.16733
      vertex -16.4 -45.3334 4.19181
      vertex -16.4 -45.1683 4.16733
    endloop
  endfacet
  facet normal 0 -0.67161 -0.740905
    outer loop
      vertex -16.4 -44.4215 3.81412
      vertex -13.6 -44.2979 3.70208
      vertex -13.6 -44.4215 3.81412
    endloop
  endfacet
  facet normal -0 -0.67161 -0.740905
    outer loop
      vertex -13.6 -44.2979 3.70208
      vertex -16.4 -44.4215 3.81412
      vertex -16.4 -44.2979 3.70208
    endloop
  endfacet
  facet normal 0 -0.989158 -0.146857
    outer loop
      vertex -16.8 -43.8082 2.66663
      vertex -13.6 -43.8327 2.83165
      vertex -16.8 -43.8327 2.83165
    endloop
  endfacet
  facet normal 0 -0.989158 -0.146857
    outer loop
      vertex -13.6 -43.8327 2.83165
      vertex -16.8 -43.8082 2.66663
      vertex -13.6 -43.8082 2.66663
    endloop
  endfacet
  facet normal 0 0.337694 0.941256
    outer loop
      vertex -13.6 -45.9935 0.873201
      vertex -14 -46 0.875533
      vertex -13.6 -46 0.875533
    endloop
  endfacet
  facet normal -0 0.337694 0.941256
    outer loop
      vertex -16.4 -45.9935 0.873201
      vertex -14 -46 0.875533
      vertex -13.6 -45.9935 0.873201
    endloop
  endfacet
  facet normal -2.70327e-06 0.336809 0.941573
    outer loop
      vertex -16.4 -45.9935 0.873201
      vertex -14 -46.1506 0.929404
      vertex -14 -46 0.875533
    endloop
  endfacet
  facet normal 0 0.336846 0.94156
    outer loop
      vertex -14 -46.1506 0.929404
      vertex -16.4 -45.9935 0.873201
      vertex -16.4 -46.1506 0.929404
    endloop
  endfacet
  facet normal 0 0.989158 -0.146857
    outer loop
      vertex -14 -47.1918 2.66663
      vertex -16.4 -47.1673 2.83165
      vertex -14 -47.1673 2.83165
    endloop
  endfacet
  facet normal 0 0.989158 -0.146857
    outer loop
      vertex -16.4 -47.1673 2.83165
      vertex -14 -47.1918 2.66663
      vertex -16.4 -47.1918 2.66663
    endloop
  endfacet
  facet normal 0 0.741051 -0.671448
    outer loop
      vertex -14 -46.8141 3.57847
      vertex -16.4 -46.7021 3.70208
      vertex -14 -46.7021 3.70208
    endloop
  endfacet
  facet normal 0 0.741051 -0.671448
    outer loop
      vertex -16.4 -46.7021 3.70208
      vertex -14 -46.8141 3.57847
      vertex -16.4 -46.8141 3.57847
    endloop
  endfacet
  facet normal 0 0.14667 -0.989185
    outer loop
      vertex -16.4 -45.8317 4.16733
      vertex -13.6 -45.6666 4.19181
      vertex -13.6 -45.8317 4.16733
    endloop
  endfacet
  facet normal 0 0.14667 -0.989185
    outer loop
      vertex -13.6 -45.6666 4.19181
      vertex -16.4 -45.8317 4.16733
      vertex -16.4 -45.6666 4.19181
    endloop
  endfacet
  facet normal 5.3709e-07 -0.146659 0.989187
    outer loop
      vertex -13.6 -45.1683 0.832664
      vertex -16.4 -45.2215 0.824778
      vertex -13.6 -45.3334 0.808186
    endloop
  endfacet
  facet normal 0 -0.146631 0.989191
    outer loop
      vertex -16.8 -45.1683 0.832664
      vertex -16.4 -45.2215 0.824778
      vertex -13.6 -45.1683 0.832664
    endloop
  endfacet
  facet normal -5.53766e-06 -0.146672 0.989185
    outer loop
      vertex -16.4 -45.2215 0.824778
      vertex -16.8 -45.1683 0.832664
      vertex -16.8 -45.2686 0.817792
    endloop
  endfacet
  facet normal 0 -0.146672 0.989185
    outer loop
      vertex -13.6 -45.3334 0.808186
      vertex -16.4 -45.2215 0.824778
      vertex -16.4 -45.3334 0.808186
    endloop
  endfacet
  facet normal 0 -0.336846 0.94156
    outer loop
      vertex -16.8 -44.8494 0.929404
      vertex -13.6 -45.0065 0.873201
      vertex -13.6 -44.8494 0.929404
    endloop
  endfacet
  facet normal 0 -0.336846 0.94156
    outer loop
      vertex -13.6 -45.0065 0.873201
      vertex -16.8 -44.8494 0.929404
      vertex -16.8 -45.0065 0.873201
    endloop
  endfacet
  facet normal 0 -0.67161 0.740905
    outer loop
      vertex -16.8 -44.2979 1.29792
      vertex -13.6 -44.4215 1.18588
      vertex -13.6 -44.2979 1.29792
    endloop
  endfacet
  facet normal 0 -0.67161 0.740905
    outer loop
      vertex -13.6 -44.4215 1.18588
      vertex -16.8 -44.2979 1.29792
      vertex -16.8 -44.4215 1.18588
    endloop
  endfacet
  facet normal 0 -0.904065 0.427396
    outer loop
      vertex -16.8 -44.0007 1.69862
      vertex -13.6 -43.9294 1.84944
      vertex -16.8 -43.9294 1.84944
    endloop
  endfacet
  facet normal 0 -0.904065 0.427396
    outer loop
      vertex -13.6 -43.9294 1.84944
      vertex -16.8 -44.0007 1.69862
      vertex -13.6 -44.0007 1.69862
    endloop
  endfacet
  facet normal 0 -0.941552 0.336868
    outer loop
      vertex -16.8 -43.9294 1.84944
      vertex -13.6 -43.8732 2.00652
      vertex -16.8 -43.8732 2.00652
    endloop
  endfacet
  facet normal 0 -0.941552 0.336868
    outer loop
      vertex -13.6 -43.8732 2.00652
      vertex -16.8 -43.9294 1.84944
      vertex -13.6 -43.9294 1.84944
    endloop
  endfacet
  facet normal 0 -0.0491004 -0.998794
    outer loop
      vertex -16.4 -45.5 4.2
      vertex -13.6 -45.3334 4.19181
      vertex -13.6 -45.5 4.2
    endloop
  endfacet
  facet normal -0 -0.0491004 -0.998794
    outer loop
      vertex -13.6 -45.3334 4.19181
      vertex -16.4 -45.5 4.2
      vertex -16.4 -45.3334 4.19181
    endloop
  endfacet
  facet normal 0 -0.336883 -0.941546
    outer loop
      vertex -16.4 -45.0065 4.1268
      vertex -13.6 -44.8494 4.07059
      vertex -13.6 -45.0065 4.1268
    endloop
  endfacet
  facet normal -0 -0.336883 -0.941546
    outer loop
      vertex -13.6 -44.8494 4.07059
      vertex -16.4 -45.0065 4.1268
      vertex -16.4 -44.8494 4.07059
    endloop
  endfacet
  facet normal 0 -0.242987 -0.97003
    outer loop
      vertex -16.4 -45.1683 4.16733
      vertex -13.6 -45.0065 4.1268
      vertex -13.6 -45.1683 4.16733
    endloop
  endfacet
  facet normal -0 -0.242987 -0.97003
    outer loop
      vertex -13.6 -45.0065 4.1268
      vertex -16.4 -45.1683 4.16733
      vertex -16.4 -45.0065 4.1268
    endloop
  endfacet
  facet normal 0 -0.514099 -0.857731
    outer loop
      vertex -16.4 -44.6986 3.99927
      vertex -13.6 -44.5555 3.9135
      vertex -13.6 -44.6986 3.99927
    endloop
  endfacet
  facet normal -0 -0.514099 -0.857731
    outer loop
      vertex -13.6 -44.5555 3.9135
      vertex -16.4 -44.6986 3.99927
      vertex -16.4 -44.5555 3.9135
    endloop
  endfacet
  facet normal 0 -0.595695 -0.803211
    outer loop
      vertex -16.4 -44.5555 3.9135
      vertex -13.6 -44.4215 3.81412
      vertex -13.6 -44.5555 3.9135
    endloop
  endfacet
  facet normal -0 -0.595695 -0.803211
    outer loop
      vertex -13.6 -44.4215 3.81412
      vertex -16.4 -44.5555 3.9135
      vertex -16.4 -44.4215 3.81412
    endloop
  endfacet
  facet normal 0 -0.970083 -0.242775
    outer loop
      vertex -16.8 -43.8327 2.83165
      vertex -13.6 -43.8732 2.99348
      vertex -16.8 -43.8732 2.99348
    endloop
  endfacet
  facet normal 0 -0.970083 -0.242775
    outer loop
      vertex -13.6 -43.8732 2.99348
      vertex -16.8 -43.8327 2.83165
      vertex -13.6 -43.8327 2.83165
    endloop
  endfacet
  facet normal 0 -0.998791 -0.0491513
    outer loop
      vertex -16.8 -43.8 2.5
      vertex -13.6 -43.8082 2.66663
      vertex -16.8 -43.8082 2.66663
    endloop
  endfacet
  facet normal 0 -0.998791 -0.0491513
    outer loop
      vertex -13.6 -43.8082 2.66663
      vertex -16.8 -43.8 2.5
      vertex -13.6 -43.8 2.5
    endloop
  endfacet
  facet normal 0 -0.857652 -0.514231
    outer loop
      vertex -16.4 -44.0007 3.30137
      vertex -13.6 -44.0865 3.44447
      vertex -16.4 -44.0865 3.44447
    endloop
  endfacet
  facet normal 0 -0.857652 -0.514231
    outer loop
      vertex -13.6 -44.0865 3.44447
      vertex -16.4 -44.0007 3.30137
      vertex -13.6 -44.0007 3.30137
    endloop
  endfacet
  facet normal 0 -0.803154 -0.595772
    outer loop
      vertex -16.4 -44.0865 3.44447
      vertex -13.6 -44.1859 3.57847
      vertex -16.4 -44.1859 3.57847
    endloop
  endfacet
  facet normal 0 -0.803154 -0.595772
    outer loop
      vertex -13.6 -44.1859 3.57847
      vertex -16.4 -44.0865 3.44447
      vertex -13.6 -44.0865 3.44447
    endloop
  endfacet
  facet normal 0 -0.904054 -0.427419
    outer loop
      vertex -16.4 -43.9294 3.15056
      vertex -13.6 -44.0007 3.30137
      vertex -16.4 -44.0007 3.30137
    endloop
  endfacet
  facet normal 0 -0.904054 -0.427419
    outer loop
      vertex -13.6 -44.0007 3.30137
      vertex -16.4 -43.9294 3.15056
      vertex -13.6 -43.9294 3.15056
    endloop
  endfacet
  facet normal 0 -0.741051 -0.671448
    outer loop
      vertex -16.4 -44.1859 3.57847
      vertex -13.6 -44.2979 3.70208
      vertex -16.4 -44.2979 3.70208
    endloop
  endfacet
  facet normal 0 -0.741051 -0.671448
    outer loop
      vertex -13.6 -44.2979 3.70208
      vertex -16.4 -44.1859 3.57847
      vertex -13.6 -44.1859 3.57847
    endloop
  endfacet
  facet normal 0 -0.0490824 0.998795
    outer loop
      vertex -16.4 -45.3334 0.808186
      vertex -13.6 -45.5 0.799999
      vertex -13.6 -45.3334 0.808186
    endloop
  endfacet
  facet normal 0 -0.0490824 0.998795
    outer loop
      vertex -13.6 -45.5 0.799999
      vertex -16.4 -45.3334 0.808186
      vertex -16.4 -45.5 0.799999
    endloop
  endfacet
  facet normal 0 0.998791 0.0491513
    outer loop
      vertex -14 -47.1918 2.33337
      vertex -16.4 -47.2 2.5
      vertex -14 -47.2 2.5
    endloop
  endfacet
  facet normal 0 0.998791 0.0491513
    outer loop
      vertex -16.4 -47.2 2.5
      vertex -14 -47.1918 2.33337
      vertex -16.4 -47.1918 2.33337
    endloop
  endfacet
  facet normal 1 0 0
    outer loop
      vertex -16.8 -45.2686 3
      vertex -16.8 -43.8 2.5
      vertex -16.8 -43.8082 2.66663
    endloop
  endfacet
  facet normal 1 0 0
    outer loop
      vertex -16.8 -45.2686 3
      vertex -16.8 -43.8082 2.66663
      vertex -16.8 -43.8327 2.83165
    endloop
  endfacet
  facet normal 1 0 0
    outer loop
      vertex -16.8 -43.8 2.5
      vertex -16.8 -45.2686 3
      vertex -16.8 -43.8082 2.33337
    endloop
  endfacet
  facet normal 1 0 0
    outer loop
      vertex -16.8 -45.2686 3
      vertex -16.8 -43.8327 2.83165
      vertex -16.8 -43.8732 2.99348
    endloop
  endfacet
  facet normal 1 0 0
    outer loop
      vertex -16.8 -43.8082 2.33337
      vertex -16.8 -45.2686 3
      vertex -16.8 -43.8327 2.16835
    endloop
  endfacet
  facet normal 1 -0 0
    outer loop
      vertex -16.8 -45.2686 3
      vertex -16.8 -43.8732 2.99348
      vertex -16.8 -43.8755 3
    endloop
  endfacet
  facet normal 1 0 0
    outer loop
      vertex -16.8 -43.8327 2.16835
      vertex -16.8 -45.2686 3
      vertex -16.8 -43.8732 2.00652
    endloop
  endfacet
  facet normal 1 0 0
    outer loop
      vertex -16.8 -43.8732 2.00652
      vertex -16.8 -45.2686 3
      vertex -16.8 -43.9294 1.84944
    endloop
  endfacet
  facet normal 1 0 0
    outer loop
      vertex -16.8 -43.9294 1.84944
      vertex -16.8 -45.2686 3
      vertex -16.8 -44.0007 1.69862
    endloop
  endfacet
  facet normal 1 0 0
    outer loop
      vertex -16.8 -44.0007 1.69862
      vertex -16.8 -45.2686 3
      vertex -16.8 -44.0865 1.55553
    endloop
  endfacet
  facet normal 1 0 0
    outer loop
      vertex -16.8 -44.0865 1.55553
      vertex -16.8 -45.2686 3
      vertex -16.8 -44.1859 1.42153
    endloop
  endfacet
  facet normal 1 0 0
    outer loop
      vertex -16.8 -44.1859 1.42153
      vertex -16.8 -45.2686 3
      vertex -16.8 -44.2979 1.29792
    endloop
  endfacet
  facet normal 1 0 0
    outer loop
      vertex -16.8 -44.2979 1.29792
      vertex -16.8 -45.2686 3
      vertex -16.8 -44.4215 1.18588
    endloop
  endfacet
  facet normal 1 0 0
    outer loop
      vertex -16.8 -44.4215 1.18588
      vertex -16.8 -45.2686 3
      vertex -16.8 -44.5555 1.0865
    endloop
  endfacet
  facet normal 1 0 0
    outer loop
      vertex -16.8 -44.5555 1.0865
      vertex -16.8 -45.2686 3
      vertex -16.8 -44.6986 1.00073
    endloop
  endfacet
  facet normal 1 0 0
    outer loop
      vertex -16.8 -44.6986 1.00073
      vertex -16.8 -45.2686 3
      vertex -16.8 -44.8494 0.929404
    endloop
  endfacet
  facet normal 1 0 0
    outer loop
      vertex -16.8 -44.8494 0.929404
      vertex -16.8 -45.2686 3
      vertex -16.8 -45.0065 0.873201
    endloop
  endfacet
  facet normal 1 0 0
    outer loop
      vertex -16.8 -45.0065 0.873201
      vertex -16.8 -45.2686 3
      vertex -16.8 -45.1683 0.832664
    endloop
  endfacet
  facet normal 1 0 0
    outer loop
      vertex -16.8 -45.1683 0.832664
      vertex -16.8 -45.2686 3
      vertex -16.8 -45.2686 0.817792
    endloop
  endfacet
  facet normal -0 0.243026 0.97002
    outer loop
      vertex -16.4 -45.8317 0.832664
      vertex -13.6 -45.9935 0.873201
      vertex -13.6 -45.8317 0.832664
    endloop
  endfacet
  facet normal 0 0.243026 0.97002
    outer loop
      vertex -13.6 -45.9935 0.873201
      vertex -16.4 -45.8317 0.832664
      vertex -16.4 -45.9935 0.873201
    endloop
  endfacet
  facet normal -0 0.427569 0.903983
    outer loop
      vertex -16.4 -46.1506 0.929404
      vertex -14 -46.3014 1.00073
      vertex -14 -46.1506 0.929404
    endloop
  endfacet
  facet normal 0 0.427569 0.903983
    outer loop
      vertex -14 -46.3014 1.00073
      vertex -16.4 -46.1506 0.929404
      vertex -16.4 -46.3014 1.00073
    endloop
  endfacet
  facet normal -0 0.67161 0.740905
    outer loop
      vertex -16.4 -46.5785 1.18588
      vertex -14 -46.7021 1.29792
      vertex -14 -46.5785 1.18588
    endloop
  endfacet
  facet normal 0 0.67161 0.740905
    outer loop
      vertex -14 -46.7021 1.29792
      vertex -16.4 -46.5785 1.18588
      vertex -16.4 -46.7021 1.29792
    endloop
  endfacet
  facet normal 0 0.741051 0.671448
    outer loop
      vertex -14 -46.7021 1.29792
      vertex -16.4 -46.8141 1.42153
      vertex -14 -46.8141 1.42153
    endloop
  endfacet
  facet normal 0 0.741051 0.671448
    outer loop
      vertex -16.4 -46.8141 1.42153
      vertex -14 -46.7021 1.29792
      vertex -16.4 -46.7021 1.29792
    endloop
  endfacet
  facet normal 0 0.857636 0.514258
    outer loop
      vertex -14 -46.9135 1.55553
      vertex -16.4 -46.9993 1.69862
      vertex -14 -46.9993 1.69862
    endloop
  endfacet
  facet normal 0 0.857636 0.514258
    outer loop
      vertex -16.4 -46.9993 1.69862
      vertex -14 -46.9135 1.55553
      vertex -16.4 -46.9135 1.55553
    endloop
  endfacet
  facet normal 0 0.998791 -0.0491513
    outer loop
      vertex -14 -47.2 2.5
      vertex -16.4 -47.1918 2.66663
      vertex -14 -47.1918 2.66663
    endloop
  endfacet
  facet normal 0 0.998791 -0.0491513
    outer loop
      vertex -16.4 -47.1918 2.66663
      vertex -14 -47.2 2.5
      vertex -16.4 -47.2 2.5
    endloop
  endfacet
  facet normal -1 0 0
    outer loop
      vertex -13.6 -43.8082 2.33337
      vertex -13.6 -43.8082 2.66663
      vertex -13.6 -43.8 2.5
    endloop
  endfacet
  facet normal -1 0 0
    outer loop
      vertex -13.6 -43.8327 2.16835
      vertex -13.6 -43.8082 2.66663
      vertex -13.6 -43.8082 2.33337
    endloop
  endfacet
  facet normal -1 0 0
    outer loop
      vertex -13.6 -43.8327 2.16835
      vertex -13.6 -43.8327 2.83165
      vertex -13.6 -43.8082 2.66663
    endloop
  endfacet
  facet normal -1 0 0
    outer loop
      vertex -13.6 -43.8732 2.00652
      vertex -13.6 -43.8327 2.83165
      vertex -13.6 -43.8327 2.16835
    endloop
  endfacet
  facet normal -1 0 0
    outer loop
      vertex -13.6 -43.8732 2.00652
      vertex -13.6 -43.8732 2.99348
      vertex -13.6 -43.8327 2.83165
    endloop
  endfacet
  facet normal -1 0 0
    outer loop
      vertex -13.6 -43.9294 1.84944
      vertex -13.6 -43.8732 2.99348
      vertex -13.6 -43.8732 2.00652
    endloop
  endfacet
  facet normal -1 0 0
    outer loop
      vertex -13.6 -43.9294 1.84944
      vertex -13.6 -43.9294 3.15056
      vertex -13.6 -43.8732 2.99348
    endloop
  endfacet
  facet normal -1 0 0
    outer loop
      vertex -13.6 -44.0007 1.69862
      vertex -13.6 -43.9294 3.15056
      vertex -13.6 -43.9294 1.84944
    endloop
  endfacet
  facet normal -1 0 0
    outer loop
      vertex -13.6 -44.0007 1.69862
      vertex -13.6 -44.0007 3.30137
      vertex -13.6 -43.9294 3.15056
    endloop
  endfacet
  facet normal -1 0 0
    outer loop
      vertex -13.6 -44.0865 1.55553
      vertex -13.6 -44.0007 3.30137
      vertex -13.6 -44.0007 1.69862
    endloop
  endfacet
  facet normal -1 0 0
    outer loop
      vertex -13.6 -44.0865 1.55553
      vertex -13.6 -44.0865 3.44447
      vertex -13.6 -44.0007 3.30137
    endloop
  endfacet
  facet normal -1 0 0
    outer loop
      vertex -13.6 -44.1859 1.42153
      vertex -13.6 -44.0865 3.44447
      vertex -13.6 -44.0865 1.55553
    endloop
  endfacet
  facet normal -1 0 0
    outer loop
      vertex -13.6 -44.1859 1.42153
      vertex -13.6 -44.1859 3.57847
      vertex -13.6 -44.0865 3.44447
    endloop
  endfacet
  facet normal -1 0 0
    outer loop
      vertex -13.6 -44.2979 1.29792
      vertex -13.6 -44.1859 3.57847
      vertex -13.6 -44.1859 1.42153
    endloop
  endfacet
  facet normal -1 0 0
    outer loop
      vertex -13.6 -44.2979 1.29792
      vertex -13.6 -44.2979 3.70208
      vertex -13.6 -44.1859 3.57847
    endloop
  endfacet
  facet normal -1 0 0
    outer loop
      vertex -13.6 -44.4215 1.18588
      vertex -13.6 -44.2979 3.70208
      vertex -13.6 -44.2979 1.29792
    endloop
  endfacet
  facet normal -1 0 0
    outer loop
      vertex -13.6 -44.4215 1.18588
      vertex -13.6 -44.4215 3.81412
      vertex -13.6 -44.2979 3.70208
    endloop
  endfacet
  facet normal -1 0 0
    outer loop
      vertex -13.6 -44.5555 1.0865
      vertex -13.6 -44.4215 3.81412
      vertex -13.6 -44.4215 1.18588
    endloop
  endfacet
  facet normal -1 0 0
    outer loop
      vertex -13.6 -44.5555 1.0865
      vertex -13.6 -44.5555 3.9135
      vertex -13.6 -44.4215 3.81412
    endloop
  endfacet
  facet normal -1 0 0
    outer loop
      vertex -13.6 -44.6986 1.00073
      vertex -13.6 -44.5555 3.9135
      vertex -13.6 -44.5555 1.0865
    endloop
  endfacet
  facet normal -1 0 0
    outer loop
      vertex -13.6 -44.6986 1.00073
      vertex -13.6 -44.6986 3.99927
      vertex -13.6 -44.5555 3.9135
    endloop
  endfacet
  facet normal -1 0 0
    outer loop
      vertex -13.6 -44.8494 0.929404
      vertex -13.6 -44.6986 3.99927
      vertex -13.6 -44.6986 1.00073
    endloop
  endfacet
  facet normal -1 0 0
    outer loop
      vertex -13.6 -44.8494 0.929404
      vertex -13.6 -44.8494 4.07059
      vertex -13.6 -44.6986 3.99927
    endloop
  endfacet
  facet normal -1 0 0
    outer loop
      vertex -13.6 -45.0065 0.873201
      vertex -13.6 -44.8494 4.07059
      vertex -13.6 -44.8494 0.929404
    endloop
  endfacet
  facet normal -1 0 0
    outer loop
      vertex -13.6 -45.0065 0.873201
      vertex -13.6 -45.0065 4.1268
      vertex -13.6 -44.8494 4.07059
    endloop
  endfacet
  facet normal -1 0 0
    outer loop
      vertex -13.6 -45.1683 0.832664
      vertex -13.6 -45.0065 4.1268
      vertex -13.6 -45.0065 0.873201
    endloop
  endfacet
  facet normal -1 0 0
    outer loop
      vertex -13.6 -45.1683 0.832664
      vertex -13.6 -45.1683 4.16733
      vertex -13.6 -45.0065 4.1268
    endloop
  endfacet
  facet normal -1 0 0
    outer loop
      vertex -13.6 -45.3334 0.808186
      vertex -13.6 -45.1683 4.16733
      vertex -13.6 -45.1683 0.832664
    endloop
  endfacet
  facet normal -1 0 0
    outer loop
      vertex -13.6 -45.3334 0.808186
      vertex -13.6 -45.3334 4.19181
      vertex -13.6 -45.1683 4.16733
    endloop
  endfacet
  facet normal -1 0 0
    outer loop
      vertex -13.6 -45.5 0.799999
      vertex -13.6 -45.3334 4.19181
      vertex -13.6 -45.3334 0.808186
    endloop
  endfacet
  facet normal -1 0 0
    outer loop
      vertex -13.6 -45.5 0.799999
      vertex -13.6 -45.5 4.2
      vertex -13.6 -45.3334 4.19181
    endloop
  endfacet
  facet normal -1 0 0
    outer loop
      vertex -13.6 -45.6666 0.808186
      vertex -13.6 -45.5 4.2
      vertex -13.6 -45.5 0.799999
    endloop
  endfacet
  facet normal -1 0 0
    outer loop
      vertex -13.6 -45.6666 0.808186
      vertex -13.6 -45.6666 4.19181
      vertex -13.6 -45.5 4.2
    endloop
  endfacet
  facet normal -1 0 0
    outer loop
      vertex -13.6 -45.8317 0.832664
      vertex -13.6 -45.6666 4.19181
      vertex -13.6 -45.6666 0.808186
    endloop
  endfacet
  facet normal -1 0 0
    outer loop
      vertex -13.6 -45.8317 0.832664
      vertex -13.6 -45.8317 4.16733
      vertex -13.6 -45.6666 4.19181
    endloop
  endfacet
  facet normal -1 0 0
    outer loop
      vertex -13.6 -46 0.875533
      vertex -13.6 -45.8317 0.832664
      vertex -13.6 -45.9935 0.873201
    endloop
  endfacet
  facet normal -1 0 0
    outer loop
      vertex -13.6 -45.8317 0.832664
      vertex -13.6 -46 0.875533
      vertex -13.6 -45.8317 4.16733
    endloop
  endfacet
  facet normal -1 0 0
    outer loop
      vertex -13.6 -46 4.12447
      vertex -13.6 -45.8317 4.16733
      vertex -13.6 -46 0.875533
    endloop
  endfacet
  facet normal -1 0 0
    outer loop
      vertex -13.6 -45.8317 4.16733
      vertex -13.6 -46 4.12447
      vertex -13.6 -45.9935 4.1268
    endloop
  endfacet
  facet normal 0 0.941552 -0.336868
    outer loop
      vertex -14 -47.1268 2.99348
      vertex -16.4 -47.0706 3.15056
      vertex -14 -47.0706 3.15056
    endloop
  endfacet
  facet normal 0 0.941552 -0.336868
    outer loop
      vertex -16.4 -47.0706 3.15056
      vertex -14 -47.1268 2.99348
      vertex -16.4 -47.1268 2.99348
    endloop
  endfacet
  facet normal 0 0.970083 -0.242775
    outer loop
      vertex -14 -47.1673 2.83165
      vertex -16.4 -47.1268 2.99348
      vertex -14 -47.1268 2.99348
    endloop
  endfacet
  facet normal 0 0.970083 -0.242775
    outer loop
      vertex -16.4 -47.1268 2.99348
      vertex -14 -47.1673 2.83165
      vertex -16.4 -47.1673 2.83165
    endloop
  endfacet
  facet normal 0 0.857652 -0.514231
    outer loop
      vertex -14 -46.9993 3.30137
      vertex -16.4 -46.9135 3.44447
      vertex -14 -46.9135 3.44447
    endloop
  endfacet
  facet normal 0 0.857652 -0.514231
    outer loop
      vertex -16.4 -46.9135 3.44447
      vertex -14 -46.9993 3.30137
      vertex -16.4 -46.9993 3.30137
    endloop
  endfacet
  facet normal 0 0.803154 -0.595772
    outer loop
      vertex -14 -46.9135 3.44447
      vertex -16.4 -46.8141 3.57847
      vertex -14 -46.8141 3.57847
    endloop
  endfacet
  facet normal 0 0.803154 -0.595772
    outer loop
      vertex -16.4 -46.8141 3.57847
      vertex -14 -46.9135 3.44447
      vertex -16.4 -46.9135 3.44447
    endloop
  endfacet
  facet normal 0 0.242987 -0.97003
    outer loop
      vertex -16.4 -45.9935 4.1268
      vertex -13.6 -45.8317 4.16733
      vertex -13.6 -45.9935 4.1268
    endloop
  endfacet
  facet normal 0 0.242987 -0.97003
    outer loop
      vertex -13.6 -45.8317 4.16733
      vertex -16.4 -45.9935 4.1268
      vertex -16.4 -45.8317 4.16733
    endloop
  endfacet
  facet normal 0 0.0491004 -0.998794
    outer loop
      vertex -16.4 -45.6666 4.19181
      vertex -13.6 -45.5 4.2
      vertex -13.6 -45.6666 4.19181
    endloop
  endfacet
  facet normal 0 0.0491004 -0.998794
    outer loop
      vertex -13.6 -45.5 4.2
      vertex -16.4 -45.6666 4.19181
      vertex -16.4 -45.5 4.2
    endloop
  endfacet
  facet normal 0 0.514099 -0.857731
    outer loop
      vertex -16.4 -46.4445 3.9135
      vertex -14 -46.3014 3.99927
      vertex -14 -46.4445 3.9135
    endloop
  endfacet
  facet normal 0 0.514099 -0.857731
    outer loop
      vertex -14 -46.3014 3.99927
      vertex -16.4 -46.4445 3.9135
      vertex -16.4 -46.3014 3.99927
    endloop
  endfacet
  facet normal 0 0.595695 -0.803211
    outer loop
      vertex -16.4 -46.5785 3.81412
      vertex -14 -46.4445 3.9135
      vertex -14 -46.5785 3.81412
    endloop
  endfacet
  facet normal 0 0.595695 -0.803211
    outer loop
      vertex -14 -46.4445 3.9135
      vertex -16.4 -46.5785 3.81412
      vertex -16.4 -46.4445 3.9135
    endloop
  endfacet
  facet normal 0 0.42754 -0.903996
    outer loop
      vertex -16.4 -46.3014 3.99927
      vertex -14 -46.1506 4.07059
      vertex -14 -46.3014 3.99927
    endloop
  endfacet
  facet normal 0 0.42754 -0.903996
    outer loop
      vertex -14 -46.1506 4.07059
      vertex -16.4 -46.3014 3.99927
      vertex -16.4 -46.1506 4.07059
    endloop
  endfacet
  facet normal 0 0.67161 -0.740905
    outer loop
      vertex -16.4 -46.7021 3.70208
      vertex -14 -46.5785 3.81412
      vertex -14 -46.7021 3.70208
    endloop
  endfacet
  facet normal 0 0.67161 -0.740905
    outer loop
      vertex -14 -46.5785 3.81412
      vertex -16.4 -46.7021 3.70208
      vertex -16.4 -46.5785 3.81412
    endloop
  endfacet
  facet normal 0 -0.243026 0.97002
    outer loop
      vertex -16.8 -45.0065 0.873201
      vertex -13.6 -45.1683 0.832664
      vertex -13.6 -45.0065 0.873201
    endloop
  endfacet
  facet normal 0 -0.243026 0.97002
    outer loop
      vertex -13.6 -45.1683 0.832664
      vertex -16.8 -45.0065 0.873201
      vertex -16.8 -45.1683 0.832664
    endloop
  endfacet
  facet normal 0 -0.427569 0.903983
    outer loop
      vertex -16.8 -44.6986 1.00073
      vertex -13.6 -44.8494 0.929404
      vertex -13.6 -44.6986 1.00073
    endloop
  endfacet
  facet normal 0 -0.427569 0.903983
    outer loop
      vertex -13.6 -44.8494 0.929404
      vertex -16.8 -44.6986 1.00073
      vertex -16.8 -44.8494 0.929404
    endloop
  endfacet
  facet normal 0 -0.595695 0.803211
    outer loop
      vertex -16.8 -44.4215 1.18588
      vertex -13.6 -44.5555 1.0865
      vertex -13.6 -44.4215 1.18588
    endloop
  endfacet
  facet normal 0 -0.595695 0.803211
    outer loop
      vertex -13.6 -44.5555 1.0865
      vertex -16.8 -44.4215 1.18588
      vertex -16.8 -44.5555 1.0865
    endloop
  endfacet
  facet normal 0 -0.741051 0.671448
    outer loop
      vertex -16.8 -44.2979 1.29792
      vertex -13.6 -44.1859 1.42153
      vertex -16.8 -44.1859 1.42153
    endloop
  endfacet
  facet normal 0 -0.741051 0.671448
    outer loop
      vertex -13.6 -44.1859 1.42153
      vertex -16.8 -44.2979 1.29792
      vertex -13.6 -44.2979 1.29792
    endloop
  endfacet
  facet normal 0 -0.857636 0.514258
    outer loop
      vertex -16.8 -44.0865 1.55553
      vertex -13.6 -44.0007 1.69862
      vertex -16.8 -44.0007 1.69862
    endloop
  endfacet
  facet normal 0 -0.857636 0.514258
    outer loop
      vertex -13.6 -44.0007 1.69862
      vertex -16.8 -44.0865 1.55553
      vertex -13.6 -44.0865 1.55553
    endloop
  endfacet
  facet normal 0 -0.998791 0.0491513
    outer loop
      vertex -16.8 -43.8082 2.33337
      vertex -13.6 -43.8 2.5
      vertex -16.8 -43.8 2.5
    endloop
  endfacet
  facet normal 0 -0.998791 0.0491513
    outer loop
      vertex -13.6 -43.8 2.5
      vertex -16.8 -43.8082 2.33337
      vertex -13.6 -43.8082 2.33337
    endloop
  endfacet
  facet normal 0 -0.970083 0.242775
    outer loop
      vertex -16.8 -43.8732 2.00652
      vertex -13.6 -43.8327 2.16835
      vertex -16.8 -43.8327 2.16835
    endloop
  endfacet
  facet normal 0 -0.970083 0.242775
    outer loop
      vertex -13.6 -43.8327 2.16835
      vertex -16.8 -43.8732 2.00652
      vertex -13.6 -43.8732 2.00652
    endloop
  endfacet
  facet normal -0 0.146659 0.989187
    outer loop
      vertex -16.4 -45.6666 0.808186
      vertex -13.6 -45.8317 0.832664
      vertex -13.6 -45.6666 0.808186
    endloop
  endfacet
  facet normal 0 0.146659 0.989187
    outer loop
      vertex -13.6 -45.8317 0.832664
      vertex -16.4 -45.6666 0.808186
      vertex -16.4 -45.8317 0.832664
    endloop
  endfacet
  facet normal 0 0.989158 0.146857
    outer loop
      vertex -14 -47.1673 2.16835
      vertex -16.4 -47.1918 2.33337
      vertex -14 -47.1918 2.33337
    endloop
  endfacet
  facet normal 0 0.989158 0.146857
    outer loop
      vertex -16.4 -47.1918 2.33337
      vertex -14 -47.1673 2.16835
      vertex -16.4 -47.1673 2.16835
    endloop
  endfacet
  facet normal 0 0.904065 0.427396
    outer loop
      vertex -14 -46.9993 1.69862
      vertex -16.4 -47.0706 1.84944
      vertex -14 -47.0706 1.84944
    endloop
  endfacet
  facet normal 0 0.904065 0.427396
    outer loop
      vertex -16.4 -47.0706 1.84944
      vertex -14 -46.9993 1.69862
      vertex -16.4 -46.9993 1.69862
    endloop
  endfacet
  facet normal 0 0.970083 0.242775
    outer loop
      vertex -14 -47.1268 2.00652
      vertex -16.4 -47.1673 2.16835
      vertex -14 -47.1673 2.16835
    endloop
  endfacet
  facet normal 0 0.970083 0.242775
    outer loop
      vertex -16.4 -47.1673 2.16835
      vertex -14 -47.1268 2.00652
      vertex -16.4 -47.1268 2.00652
    endloop
  endfacet
  facet normal 0 0.803154 0.595772
    outer loop
      vertex -14 -46.8141 1.42153
      vertex -16.4 -46.9135 1.55553
      vertex -14 -46.9135 1.55553
    endloop
  endfacet
  facet normal 0 0.803154 0.595772
    outer loop
      vertex -16.4 -46.9135 1.55553
      vertex -14 -46.8141 1.42153
      vertex -16.4 -46.8141 1.42153
    endloop
  endfacet
  facet normal -0 0.514099 0.857731
    outer loop
      vertex -16.4 -46.3014 1.00073
      vertex -14 -46.4445 1.0865
      vertex -14 -46.3014 1.00073
    endloop
  endfacet
  facet normal 0 0.514099 0.857731
    outer loop
      vertex -14 -46.4445 1.0865
      vertex -16.4 -46.3014 1.00073
      vertex -16.4 -46.4445 1.0865
    endloop
  endfacet
  facet normal -0 0.595695 0.803211
    outer loop
      vertex -16.4 -46.4445 1.0865
      vertex -14 -46.5785 1.18588
      vertex -14 -46.4445 1.0865
    endloop
  endfacet
  facet normal 0 0.595695 0.803211
    outer loop
      vertex -14 -46.5785 1.18588
      vertex -16.4 -46.4445 1.0865
      vertex -16.4 -46.5785 1.18588
    endloop
  endfacet
  facet normal 0 0.941552 0.336868
    outer loop
      vertex -14 -47.0706 1.84944
      vertex -16.4 -47.1268 2.00652
      vertex -14 -47.1268 2.00652
    endloop
  endfacet
  facet normal 0 0.941552 0.336868
    outer loop
      vertex -16.4 -47.1268 2.00652
      vertex -14 -47.0706 1.84944
      vertex -16.4 -47.0706 1.84944
    endloop
  endfacet
  facet normal 0 -0.514102 0.857729
    outer loop
      vertex 13.6 -44.2222 0.58762
      vertex 16.8 -44.4158 0.471581
      vertex 16.8 -44.2222 0.58762
    endloop
  endfacet
  facet normal 0 -0.514102 0.857729
    outer loop
      vertex 16.8 -44.4158 0.471581
      vertex 13.6 -44.2222 0.58762
      vertex 13.6 -44.4158 0.471581
    endloop
  endfacet
  facet normal 0 -0.903996 -0.427542
    outer loop
      vertex 13.6 -43.3751 3.38017
      vertex 16.4 -43.4716 3.58421
      vertex 13.6 -43.4716 3.58421
    endloop
  endfacet
  facet normal 0 -0.903996 -0.427542
    outer loop
      vertex 16.4 -43.4716 3.58421
      vertex 13.6 -43.3751 3.38017
      vertex 16.4 -43.3751 3.38017
    endloop
  endfacet
  facet normal 0 -0.42761 -0.903963
    outer loop
      vertex 13.6 -44.6198 4.62492
      vertex 16.4 -44.4158 4.52842
      vertex 16.4 -44.6198 4.62492
    endloop
  endfacet
  facet normal -0 -0.42761 -0.903963
    outer loop
      vertex 16.4 -44.4158 4.52842
      vertex 13.6 -44.6198 4.62492
      vertex 13.6 -44.4158 4.52842
    endloop
  endfacet
  facet normal -0 0.0490757 0.998795
    outer loop
      vertex 13.6 -45.5 0.2
      vertex 13.9 -45.7254 0.211075
      vertex 13.9 -45.5 0.2
    endloop
  endfacet
  facet normal 0 0.0490757 0.998795
    outer loop
      vertex 13.9 -45.7254 0.211075
      vertex 13.6 -45.5 0.2
      vertex 13.6 -45.7254 0.211075
    endloop
  endfacet
  facet normal 0 -0.99879 0.0491775
    outer loop
      vertex 13.6 -43.2111 2.27456
      vertex 16.8 -43.2 2.5
      vertex 13.6 -43.2 2.5
    endloop
  endfacet
  facet normal 0 -0.99879 0.0491775
    outer loop
      vertex 16.8 -43.2 2.5
      vertex 13.6 -43.2111 2.27456
      vertex 16.8 -43.2111 2.27456
    endloop
  endfacet
  facet normal 0 -0.146672 -0.989185
    outer loop
      vertex 13.6 -45.2746 4.78892
      vertex 16.4 -45.0513 4.75581
      vertex 16.4 -45.2746 4.78892
    endloop
  endfacet
  facet normal -0 -0.146672 -0.989185
    outer loop
      vertex 16.4 -45.0513 4.75581
      vertex 13.6 -45.2746 4.78892
      vertex 13.6 -45.0513 4.75581
    endloop
  endfacet
  facet normal 0 -0.595696 -0.80321
    outer loop
      vertex 13.6 -44.2222 4.41238
      vertex 16.4 -44.0409 4.27792
      vertex 16.4 -44.2222 4.41238
    endloop
  endfacet
  facet normal -0 -0.595696 -0.80321
    outer loop
      vertex 16.4 -44.0409 4.27792
      vertex 13.6 -44.2222 4.41238
      vertex 13.6 -44.0409 4.27792
    endloop
  endfacet
  facet normal 0 -0.970023 -0.243012
    outer loop
      vertex 13.6 -43.299 3.16765
      vertex 16.4 -43.257 3
      vertex 16.4 -43.299 3.16765
    endloop
  endfacet
  facet normal 1.30708e-05 -0.970075 -0.242807
    outer loop
      vertex 13.6 -43.2442 2.94871
      vertex 16.4 -43.257 3
      vertex 13.6 -43.299 3.16765
    endloop
  endfacet
  facet normal -0 -0.970243 -0.242135
    outer loop
      vertex 16.8 -43.2442 2.94871
      vertex 16.4 -43.257 3
      vertex 13.6 -43.2442 2.94871
    endloop
  endfacet
  facet normal 0 -0.970243 -0.242135
    outer loop
      vertex 16.4 -43.257 3
      vertex 16.8 -43.2442 2.94871
      vertex 16.8 -43.257 3
    endloop
  endfacet
  facet normal -4.60902e-07 -0.146742 0.989175
    outer loop
      vertex 16.8 -45.0513 0.244193
      vertex 16.4 -45.2215 0.218944
      vertex 16.8 -45.2686 0.211957
    endloop
  endfacet
  facet normal 0 -0.146743 0.989175
    outer loop
      vertex 13.6 -45.0513 0.244193
      vertex 16.4 -45.2215 0.218944
      vertex 16.8 -45.0513 0.244193
    endloop
  endfacet
  facet normal 2.24355e-06 -0.146707 0.98918
    outer loop
      vertex 13.6 -45.2746 0.211075
      vertex 16.4 -45.2215 0.218944
      vertex 13.6 -45.0513 0.244193
    endloop
  endfacet
  facet normal 0 -0.146591 0.989197
    outer loop
      vertex 16.4 -45.2215 0.218944
      vertex 13.6 -45.2746 0.211075
      vertex 16.4 -45.2746 0.211075
    endloop
  endfacet
  facet normal 0 -0.336911 0.941537
    outer loop
      vertex 13.6 -44.6198 0.375076
      vertex 16.8 -44.8323 0.299037
      vertex 16.8 -44.6198 0.375076
    endloop
  endfacet
  facet normal 0 -0.336911 0.941537
    outer loop
      vertex 16.8 -44.8323 0.299037
      vertex 13.6 -44.6198 0.375076
      vertex 13.6 -44.8323 0.299037
    endloop
  endfacet
  facet normal 0 -0.671651 0.740868
    outer loop
      vertex 13.6 -43.8737 0.873654
      vertex 16.8 -44.0409 0.722075
      vertex 16.8 -43.8737 0.873654
    endloop
  endfacet
  facet normal 0 -0.671651 0.740868
    outer loop
      vertex 16.8 -44.0409 0.722075
      vertex 13.6 -43.8737 0.873654
      vertex 13.6 -44.0409 0.722075
    endloop
  endfacet
  facet normal 0 -0.740894 0.671622
    outer loop
      vertex 13.6 -43.8737 0.873654
      vertex 16.8 -43.7221 1.04089
      vertex 13.6 -43.7221 1.04089
    endloop
  endfacet
  facet normal 0 -0.740894 0.671622
    outer loop
      vertex 16.8 -43.7221 1.04089
      vertex 13.6 -43.8737 0.873654
      vertex 16.8 -43.8737 0.873654
    endloop
  endfacet
  facet normal 0 -0.99879 -0.0491775
    outer loop
      vertex 13.6 -43.2 2.5
      vertex 16.8 -43.2111 2.72544
      vertex 13.6 -43.2111 2.72544
    endloop
  endfacet
  facet normal 0 -0.99879 -0.0491775
    outer loop
      vertex 16.8 -43.2111 2.72544
      vertex 13.6 -43.2 2.5
      vertex 16.8 -43.2 2.5
    endloop
  endfacet
  facet normal 0 -0.970075 0.242807
    outer loop
      vertex 13.6 -43.299 1.83235
      vertex 16.8 -43.2442 2.05129
      vertex 13.6 -43.2442 2.05129
    endloop
  endfacet
  facet normal 0 -0.970075 0.242807
    outer loop
      vertex 16.8 -43.2442 2.05129
      vertex 13.6 -43.299 1.83235
      vertex 16.8 -43.299 1.83235
    endloop
  endfacet
  facet normal 0 -0.903996 0.427542
    outer loop
      vertex 13.6 -43.4716 1.41579
      vertex 16.8 -43.3751 1.61983
      vertex 13.6 -43.3751 1.61983
    endloop
  endfacet
  facet normal 0 -0.903996 0.427542
    outer loop
      vertex 16.8 -43.3751 1.61983
      vertex 13.6 -43.4716 1.41579
      vertex 16.8 -43.4716 1.41579
    endloop
  endfacet
  facet normal 0 -0.803125 0.59581
    outer loop
      vertex 13.6 -43.7221 1.04089
      vertex 16.8 -43.5876 1.22219
      vertex 13.6 -43.5876 1.22219
    endloop
  endfacet
  facet normal 0 -0.803125 0.59581
    outer loop
      vertex 16.8 -43.5876 1.22219
      vertex 13.6 -43.7221 1.04089
      vertex 16.8 -43.7221 1.04089
    endloop
  endfacet
  facet normal 0 -0.0490978 -0.998794
    outer loop
      vertex 13.9 -45.5 4.8
      vertex 16.4 -45.2746 4.78892
      vertex 16.4 -45.5 4.8
    endloop
  endfacet
  facet normal 0 -0.0490978 -0.998794
    outer loop
      vertex 13.6 -45.2746 4.78892
      vertex 13.9 -45.5 4.8
      vertex 13.6 -45.5 4.8
    endloop
  endfacet
  facet normal 0 -0.0490978 -0.998794
    outer loop
      vertex 13.9 -45.5 4.8
      vertex 13.6 -45.2746 4.78892
      vertex 16.4 -45.2746 4.78892
    endloop
  endfacet
  facet normal 0 -0.336915 -0.941535
    outer loop
      vertex 13.6 -44.8323 4.70096
      vertex 16.4 -44.6198 4.62492
      vertex 16.4 -44.8323 4.70096
    endloop
  endfacet
  facet normal -0 -0.336915 -0.941535
    outer loop
      vertex 16.4 -44.6198 4.62492
      vertex 13.6 -44.8323 4.70096
      vertex 13.6 -44.6198 4.62492
    endloop
  endfacet
  facet normal 0 -0.242952 -0.970038
    outer loop
      vertex 13.6 -45.0513 4.75581
      vertex 16.4 -44.8323 4.70096
      vertex 16.4 -45.0513 4.75581
    endloop
  endfacet
  facet normal -0 -0.242952 -0.970038
    outer loop
      vertex 16.4 -44.8323 4.70096
      vertex 13.6 -45.0513 4.75581
      vertex 13.6 -44.8323 4.70096
    endloop
  endfacet
  facet normal 0 -0.514105 -0.857727
    outer loop
      vertex 13.6 -44.4158 4.52842
      vertex 16.4 -44.2222 4.41238
      vertex 16.4 -44.4158 4.52842
    endloop
  endfacet
  facet normal -0 -0.514105 -0.857727
    outer loop
      vertex 16.4 -44.2222 4.41238
      vertex 13.6 -44.4158 4.52842
      vertex 13.6 -44.2222 4.41238
    endloop
  endfacet
  facet normal 0 -0.941461 -0.337122
    outer loop
      vertex 13.6 -43.299 3.16765
      vertex 16.4 -43.3751 3.38017
      vertex 13.6 -43.3751 3.38017
    endloop
  endfacet
  facet normal 0 -0.941461 -0.337122
    outer loop
      vertex 16.4 -43.3751 3.38017
      vertex 13.6 -43.299 3.16765
      vertex 16.4 -43.299 3.16765
    endloop
  endfacet
  facet normal 0 -0.989189 -0.146648
    outer loop
      vertex 13.6 -43.2111 2.72544
      vertex 16.8 -43.2442 2.94871
      vertex 13.6 -43.2442 2.94871
    endloop
  endfacet
  facet normal 0 -0.989189 -0.146648
    outer loop
      vertex 16.8 -43.2442 2.94871
      vertex 13.6 -43.2111 2.72544
      vertex 16.8 -43.2111 2.72544
    endloop
  endfacet
  facet normal 0 -0.80311 -0.595831
    outer loop
      vertex 13.6 -43.5876 3.77781
      vertex 16.4 -43.7221 3.9591
      vertex 13.6 -43.7221 3.9591
    endloop
  endfacet
  facet normal 0 -0.80311 -0.595831
    outer loop
      vertex 16.4 -43.7221 3.9591
      vertex 13.6 -43.5876 3.77781
      vertex 16.4 -43.5876 3.77781
    endloop
  endfacet
  facet normal 0 -0.740902 -0.671614
    outer loop
      vertex 13.6 -43.7221 3.9591
      vertex 16.4 -43.8737 4.12634
      vertex 13.6 -43.8737 4.12634
    endloop
  endfacet
  facet normal 0 -0.740902 -0.671614
    outer loop
      vertex 16.4 -43.8737 4.12634
      vertex 13.6 -43.7221 3.9591
      vertex 16.4 -43.7221 3.9591
    endloop
  endfacet
  facet normal 0 -0.857806 -0.513974
    outer loop
      vertex 13.6 -43.4716 3.58421
      vertex 16.4 -43.5876 3.77781
      vertex 13.6 -43.5876 3.77781
    endloop
  endfacet
  facet normal 0 -0.857806 -0.513974
    outer loop
      vertex 16.4 -43.5876 3.77781
      vertex 13.6 -43.4716 3.58421
      vertex 16.4 -43.4716 3.58421
    endloop
  endfacet
  facet normal 0 -0.671653 -0.740866
    outer loop
      vertex 13.6 -44.0409 4.27792
      vertex 16.4 -43.8737 4.12634
      vertex 16.4 -44.0409 4.27792
    endloop
  endfacet
  facet normal -0 -0.671653 -0.740866
    outer loop
      vertex 16.4 -43.8737 4.12634
      vertex 13.6 -44.0409 4.27792
      vertex 13.6 -43.8737 4.12634
    endloop
  endfacet
  facet normal 0 -0.0490757 0.998795
    outer loop
      vertex 16.4 -45.2746 0.211075
      vertex 13.9 -45.5 0.2
      vertex 16.4 -45.5 0.2
    endloop
  endfacet
  facet normal 0 -0.0490757 0.998795
    outer loop
      vertex 13.6 -45.2746 0.211075
      vertex 13.9 -45.5 0.2
      vertex 16.4 -45.2746 0.211075
    endloop
  endfacet
  facet normal 0 -0.0490757 0.998795
    outer loop
      vertex 13.9 -45.5 0.2
      vertex 13.6 -45.2746 0.211075
      vertex 13.6 -45.5 0.2
    endloop
  endfacet
  facet normal -0 0.242945 0.97004
    outer loop
      vertex 13.6 -45.9487 0.244193
      vertex 13.9 -46 0.257041
      vertex 13.9 -45.9487 0.244193
    endloop
  endfacet
  facet normal 0 0.242945 0.97004
    outer loop
      vertex 13.9 -46 0.257041
      vertex 13.6 -45.9487 0.244193
      vertex 13.6 -46 0.257041
    endloop
  endfacet
  facet normal 0 -0.427628 0.903955
    outer loop
      vertex 13.6 -44.4158 0.471581
      vertex 16.8 -44.6198 0.375076
      vertex 16.8 -44.4158 0.471581
    endloop
  endfacet
  facet normal 0 -0.427628 0.903955
    outer loop
      vertex 16.8 -44.6198 0.375076
      vertex 13.6 -44.4158 0.471581
      vertex 13.6 -44.6198 0.375076
    endloop
  endfacet
  facet normal 0 -0.242927 0.970044
    outer loop
      vertex 13.6 -44.8323 0.299037
      vertex 16.8 -45.0513 0.244193
      vertex 16.8 -44.8323 0.299037
    endloop
  endfacet
  facet normal 0 -0.242927 0.970044
    outer loop
      vertex 16.8 -45.0513 0.244193
      vertex 13.6 -44.8323 0.299037
      vertex 13.6 -45.0513 0.244193
    endloop
  endfacet
  facet normal 0 -0.595681 0.803221
    outer loop
      vertex 13.6 -44.0409 0.722075
      vertex 16.8 -44.2222 0.58762
      vertex 16.8 -44.0409 0.722075
    endloop
  endfacet
  facet normal 0 -0.595681 0.803221
    outer loop
      vertex 16.8 -44.2222 0.58762
      vertex 13.6 -44.0409 0.722075
      vertex 13.6 -44.2222 0.58762
    endloop
  endfacet
  facet normal 0 -0.989189 0.146648
    outer loop
      vertex 13.6 -43.2442 2.05129
      vertex 16.8 -43.2111 2.27456
      vertex 13.6 -43.2111 2.27456
    endloop
  endfacet
  facet normal 0 -0.989189 0.146648
    outer loop
      vertex 16.8 -43.2111 2.27456
      vertex 13.6 -43.2442 2.05129
      vertex 16.8 -43.2442 2.05129
    endloop
  endfacet
  facet normal 0 -0.941461 0.337122
    outer loop
      vertex 13.6 -43.3751 1.61983
      vertex 16.8 -43.299 1.83235
      vertex 13.6 -43.299 1.83235
    endloop
  endfacet
  facet normal 0 -0.941461 0.337122
    outer loop
      vertex 16.8 -43.299 1.83235
      vertex 13.6 -43.3751 1.61983
      vertex 16.8 -43.3751 1.61983
    endloop
  endfacet
  facet normal 0 -0.857806 0.513974
    outer loop
      vertex 13.6 -43.5876 1.22219
      vertex 16.8 -43.4716 1.41579
      vertex 13.6 -43.4716 1.41579
    endloop
  endfacet
  facet normal 0 -0.857806 0.513974
    outer loop
      vertex 16.8 -43.4716 1.41579
      vertex 13.6 -43.5876 1.22219
      vertex 16.8 -43.5876 1.22219
    endloop
  endfacet
  facet normal -0 0.146707 0.98918
    outer loop
      vertex 13.6 -45.7254 0.211075
      vertex 13.9 -45.9487 0.244193
      vertex 13.9 -45.7254 0.211075
    endloop
  endfacet
  facet normal 0 0.146707 0.98918
    outer loop
      vertex 13.9 -45.9487 0.244193
      vertex 13.6 -45.7254 0.211075
      vertex 13.6 -45.9487 0.244193
    endloop
  endfacet
  facet normal 0 0.242981 -0.970031
    outer loop
      vertex 13.6 -46 4.74296
      vertex 13.9 -45.9487 4.75581
      vertex 13.9 -46 4.74296
    endloop
  endfacet
  facet normal 0 0.242981 -0.970031
    outer loop
      vertex 13.9 -45.9487 4.75581
      vertex 13.6 -46 4.74296
      vertex 13.6 -45.9487 4.75581
    endloop
  endfacet
  facet normal -1 0 0
    outer loop
      vertex 16.8 -45.2686 3
      vertex 16.8 -43.2 2.5
      vertex 16.8 -43.2111 2.27456
    endloop
  endfacet
  facet normal -1 0 0
    outer loop
      vertex 16.8 -45.2686 3
      vertex 16.8 -43.2111 2.27456
      vertex 16.8 -43.2442 2.05129
    endloop
  endfacet
  facet normal -1 0 0
    outer loop
      vertex 16.8 -43.2 2.5
      vertex 16.8 -45.2686 3
      vertex 16.8 -43.2111 2.72544
    endloop
  endfacet
  facet normal -1 0 0
    outer loop
      vertex 16.8 -43.2111 2.72544
      vertex 16.8 -45.2686 3
      vertex 16.8 -43.2442 2.94871
    endloop
  endfacet
  facet normal -1 0 0
    outer loop
      vertex 16.8 -45.2686 3
      vertex 16.8 -43.2442 2.05129
      vertex 16.8 -43.299 1.83235
    endloop
  endfacet
  facet normal -1 0 0
    outer loop
      vertex 16.8 -45.2686 3
      vertex 16.8 -43.299 1.83235
      vertex 16.8 -43.3751 1.61983
    endloop
  endfacet
  facet normal -1 0 0
    outer loop
      vertex 16.8 -45.2686 3
      vertex 16.8 -43.3751 1.61983
      vertex 16.8 -43.4716 1.41579
    endloop
  endfacet
  facet normal -1 0 0
    outer loop
      vertex 16.8 -45.2686 3
      vertex 16.8 -43.4716 1.41579
      vertex 16.8 -43.5876 1.22219
    endloop
  endfacet
  facet normal -1 0 0
    outer loop
      vertex 16.8 -45.2686 3
      vertex 16.8 -43.5876 1.22219
      vertex 16.8 -43.7221 1.04089
    endloop
  endfacet
  facet normal -1 0 0
    outer loop
      vertex 16.8 -45.2686 3
      vertex 16.8 -43.7221 1.04089
      vertex 16.8 -43.8737 0.873654
    endloop
  endfacet
  facet normal -1 0 0
    outer loop
      vertex 16.8 -45.2686 3
      vertex 16.8 -43.8737 0.873654
      vertex 16.8 -44.0409 0.722075
    endloop
  endfacet
  facet normal -1 0 0
    outer loop
      vertex 16.8 -45.2686 3
      vertex 16.8 -44.0409 0.722075
      vertex 16.8 -44.2222 0.58762
    endloop
  endfacet
  facet normal -1 0 0
    outer loop
      vertex 16.8 -45.2686 3
      vertex 16.8 -44.2222 0.58762
      vertex 16.8 -44.4158 0.471581
    endloop
  endfacet
  facet normal -1 0 0
    outer loop
      vertex 16.8 -45.2686 3
      vertex 16.8 -44.4158 0.471581
      vertex 16.8 -44.6198 0.375076
    endloop
  endfacet
  facet normal -1 0 0
    outer loop
      vertex 16.8 -45.2686 3
      vertex 16.8 -44.6198 0.375076
      vertex 16.8 -44.8323 0.299037
    endloop
  endfacet
  facet normal -1 0 0
    outer loop
      vertex 16.8 -45.2686 3
      vertex 16.8 -44.8323 0.299037
      vertex 16.8 -45.0513 0.244193
    endloop
  endfacet
  facet normal -1 0 0
    outer loop
      vertex 16.8 -45.2686 3
      vertex 16.8 -45.0513 0.244193
      vertex 16.8 -45.2686 0.211957
    endloop
  endfacet
  facet normal -1 0 0
    outer loop
      vertex 16.8 -43.2442 2.94871
      vertex 16.8 -45.2686 3
      vertex 16.8 -43.257 3
    endloop
  endfacet
  facet normal 1 0 0
    outer loop
      vertex 13.6 -43.2111 2.72544
      vertex 13.6 -43.2111 2.27456
      vertex 13.6 -43.2 2.5
    endloop
  endfacet
  facet normal 1 0 0
    outer loop
      vertex 13.6 -43.2442 2.94871
      vertex 13.6 -43.2111 2.27456
      vertex 13.6 -43.2111 2.72544
    endloop
  endfacet
  facet normal 1 0 0
    outer loop
      vertex 13.6 -43.2442 2.94871
      vertex 13.6 -43.2442 2.05129
      vertex 13.6 -43.2111 2.27456
    endloop
  endfacet
  facet normal 1 0 0
    outer loop
      vertex 13.6 -43.299 3.16765
      vertex 13.6 -43.2442 2.05129
      vertex 13.6 -43.2442 2.94871
    endloop
  endfacet
  facet normal 1 0 0
    outer loop
      vertex 13.6 -43.299 3.16765
      vertex 13.6 -43.299 1.83235
      vertex 13.6 -43.2442 2.05129
    endloop
  endfacet
  facet normal 1 0 0
    outer loop
      vertex 13.6 -43.3751 3.38017
      vertex 13.6 -43.299 1.83235
      vertex 13.6 -43.299 3.16765
    endloop
  endfacet
  facet normal 1 0 0
    outer loop
      vertex 13.6 -43.3751 3.38017
      vertex 13.6 -43.3751 1.61983
      vertex 13.6 -43.299 1.83235
    endloop
  endfacet
  facet normal 1 0 0
    outer loop
      vertex 13.6 -43.4716 3.58421
      vertex 13.6 -43.3751 1.61983
      vertex 13.6 -43.3751 3.38017
    endloop
  endfacet
  facet normal 1 0 0
    outer loop
      vertex 13.6 -43.4716 3.58421
      vertex 13.6 -43.4716 1.41579
      vertex 13.6 -43.3751 1.61983
    endloop
  endfacet
  facet normal 1 0 0
    outer loop
      vertex 13.6 -43.5876 3.77781
      vertex 13.6 -43.4716 1.41579
      vertex 13.6 -43.4716 3.58421
    endloop
  endfacet
  facet normal 1 0 0
    outer loop
      vertex 13.6 -43.5876 3.77781
      vertex 13.6 -43.5876 1.22219
      vertex 13.6 -43.4716 1.41579
    endloop
  endfacet
  facet normal 1 0 0
    outer loop
      vertex 13.6 -43.7221 3.9591
      vertex 13.6 -43.5876 1.22219
      vertex 13.6 -43.5876 3.77781
    endloop
  endfacet
  facet normal 1 0 0
    outer loop
      vertex 13.6 -43.7221 3.9591
      vertex 13.6 -43.7221 1.04089
      vertex 13.6 -43.5876 1.22219
    endloop
  endfacet
  facet normal 1 0 0
    outer loop
      vertex 13.6 -43.8737 4.12634
      vertex 13.6 -43.7221 1.04089
      vertex 13.6 -43.7221 3.9591
    endloop
  endfacet
  facet normal 1 0 0
    outer loop
      vertex 13.6 -43.8737 4.12634
      vertex 13.6 -43.8737 0.873654
      vertex 13.6 -43.7221 1.04089
    endloop
  endfacet
  facet normal 1 0 0
    outer loop
      vertex 13.6 -44.0409 4.27792
      vertex 13.6 -43.8737 0.873654
      vertex 13.6 -43.8737 4.12634
    endloop
  endfacet
  facet normal 1 0 0
    outer loop
      vertex 13.6 -44.0409 4.27792
      vertex 13.6 -44.0409 0.722075
      vertex 13.6 -43.8737 0.873654
    endloop
  endfacet
  facet normal 1 0 0
    outer loop
      vertex 13.6 -44.2222 4.41238
      vertex 13.6 -44.0409 0.722075
      vertex 13.6 -44.0409 4.27792
    endloop
  endfacet
  facet normal 1 0 0
    outer loop
      vertex 13.6 -44.2222 4.41238
      vertex 13.6 -44.2222 0.58762
      vertex 13.6 -44.0409 0.722075
    endloop
  endfacet
  facet normal 1 0 0
    outer loop
      vertex 13.6 -44.4158 4.52842
      vertex 13.6 -44.2222 0.58762
      vertex 13.6 -44.2222 4.41238
    endloop
  endfacet
  facet normal 1 0 0
    outer loop
      vertex 13.6 -44.4158 4.52842
      vertex 13.6 -44.4158 0.471581
      vertex 13.6 -44.2222 0.58762
    endloop
  endfacet
  facet normal 1 0 0
    outer loop
      vertex 13.6 -44.6198 4.62492
      vertex 13.6 -44.4158 0.471581
      vertex 13.6 -44.4158 4.52842
    endloop
  endfacet
  facet normal 1 0 0
    outer loop
      vertex 13.6 -44.6198 4.62492
      vertex 13.6 -44.6198 0.375076
      vertex 13.6 -44.4158 0.471581
    endloop
  endfacet
  facet normal 1 0 0
    outer loop
      vertex 13.6 -44.8323 4.70096
      vertex 13.6 -44.6198 0.375076
      vertex 13.6 -44.6198 4.62492
    endloop
  endfacet
  facet normal 1 0 0
    outer loop
      vertex 13.6 -44.8323 4.70096
      vertex 13.6 -44.8323 0.299037
      vertex 13.6 -44.6198 0.375076
    endloop
  endfacet
  facet normal 1 0 0
    outer loop
      vertex 13.6 -45.0513 4.75581
      vertex 13.6 -44.8323 0.299037
      vertex 13.6 -44.8323 4.70096
    endloop
  endfacet
  facet normal 1 0 0
    outer loop
      vertex 13.6 -45.0513 4.75581
      vertex 13.6 -45.0513 0.244193
      vertex 13.6 -44.8323 0.299037
    endloop
  endfacet
  facet normal 1 0 0
    outer loop
      vertex 13.6 -45.2746 4.78892
      vertex 13.6 -45.0513 0.244193
      vertex 13.6 -45.0513 4.75581
    endloop
  endfacet
  facet normal 1 0 0
    outer loop
      vertex 13.6 -45.2746 4.78892
      vertex 13.6 -45.2746 0.211075
      vertex 13.6 -45.0513 0.244193
    endloop
  endfacet
  facet normal 1 0 0
    outer loop
      vertex 13.6 -45.5 4.8
      vertex 13.6 -45.2746 0.211075
      vertex 13.6 -45.2746 4.78892
    endloop
  endfacet
  facet normal 1 0 0
    outer loop
      vertex 13.6 -45.5 4.8
      vertex 13.6 -45.5 0.2
      vertex 13.6 -45.2746 0.211075
    endloop
  endfacet
  facet normal 1 -0 0
    outer loop
      vertex 13.6 -45.7254 4.78892
      vertex 13.6 -45.5 0.2
      vertex 13.6 -45.5 4.8
    endloop
  endfacet
  facet normal 1 0 0
    outer loop
      vertex 13.6 -45.7254 4.78892
      vertex 13.6 -45.7254 0.211075
      vertex 13.6 -45.5 0.2
    endloop
  endfacet
  facet normal 1 0 0
    outer loop
      vertex 13.6 -46 4.74296
      vertex 13.6 -45.7254 4.78892
      vertex 13.6 -45.9487 4.75581
    endloop
  endfacet
  facet normal 1 0 0
    outer loop
      vertex 13.6 -45.7254 4.78892
      vertex 13.6 -46 4.74296
      vertex 13.6 -45.7254 0.211075
    endloop
  endfacet
  facet normal 1 -0 0
    outer loop
      vertex 13.6 -46 0.257041
      vertex 13.6 -45.7254 0.211075
      vertex 13.6 -46 4.74296
    endloop
  endfacet
  facet normal 1 0 0
    outer loop
      vertex 13.6 -45.7254 0.211075
      vertex 13.6 -46 0.257041
      vertex 13.6 -45.9487 0.244193
    endloop
  endfacet
  facet normal 0 0.146672 -0.989185
    outer loop
      vertex 13.6 -45.9487 4.75581
      vertex 13.9 -45.7254 4.78892
      vertex 13.9 -45.9487 4.75581
    endloop
  endfacet
  facet normal 0 0.146672 -0.989185
    outer loop
      vertex 13.9 -45.7254 4.78892
      vertex 13.6 -45.9487 4.75581
      vertex 13.6 -45.7254 4.78892
    endloop
  endfacet
  facet normal 0 0.0490978 -0.998794
    outer loop
      vertex 13.6 -45.7254 4.78892
      vertex 13.9 -45.5 4.8
      vertex 13.9 -45.7254 4.78892
    endloop
  endfacet
  facet normal 0 0.0490978 -0.998794
    outer loop
      vertex 13.9 -45.5 4.8
      vertex 13.6 -45.7254 4.78892
      vertex 13.6 -45.5 4.8
    endloop
  endfacet
  facet normal 1 -0 0
    outer loop
      vertex 13.9 -46 4.8
      vertex 13.9 -45.7254 4.78892
      vertex 13.9 -45.5 4.8
    endloop
  endfacet
  facet normal 1 0 0
    outer loop
      vertex 13.9 -46 4.8
      vertex 13.9 -45.9487 4.75581
      vertex 13.9 -45.7254 4.78892
    endloop
  endfacet
  facet normal 1 0 0
    outer loop
      vertex 13.9 -45.9487 4.75581
      vertex 13.9 -46 4.8
      vertex 13.9 -46 4.74296
    endloop
  endfacet
  facet normal 1 0 0
    outer loop
      vertex 13.9 -45.7254 0.211075
      vertex 13.9 -46 0.2
      vertex 13.9 -45.5 0.2
    endloop
  endfacet
  facet normal 1 0 0
    outer loop
      vertex 13.9 -45.9487 0.244193
      vertex 13.9 -46 0.2
      vertex 13.9 -45.7254 0.211075
    endloop
  endfacet
  facet normal 1 0 0
    outer loop
      vertex 13.9 -46 0.2
      vertex 13.9 -45.9487 0.244193
      vertex 13.9 -46 0.257041
    endloop
  endfacet
  facet normal 0 0 -1
    outer loop
      vertex 14 -46 4.8
      vertex 16.4 -48.7682 4.8
      vertex 14 -48.7682 4.8
    endloop
  endfacet
  facet normal 0 0 -1
    outer loop
      vertex 16.4 -48.7682 4.8
      vertex 14 -46 4.8
      vertex 16.4 -45.5 4.8
    endloop
  endfacet
  facet normal 0 0 -1
    outer loop
      vertex 13.9 -45.5 4.8
      vertex 14 -46 4.8
      vertex 13.9 -46 4.8
    endloop
  endfacet
  facet normal 0 0 -1
    outer loop
      vertex 14 -46 4.8
      vertex 13.9 -45.5 4.8
      vertex 16.4 -45.5 4.8
    endloop
  endfacet
  facet normal 0 0 1
    outer loop
      vertex 16.4 -45.5 0.2
      vertex 14 -46 0.2
      vertex 16.4 -48.7682 0.2
    endloop
  endfacet
  facet normal -0 0 1
    outer loop
      vertex 13.9 -45.5 0.2
      vertex 14 -46 0.2
      vertex 16.4 -45.5 0.2
    endloop
  endfacet
  facet normal 0 0 1
    outer loop
      vertex 14 -46 0.2
      vertex 13.9 -45.5 0.2
      vertex 13.9 -46 0.2
    endloop
  endfacet
  facet normal 0 0 1
    outer loop
      vertex 16.4 -48.7682 0.2
      vertex 14 -46 0.2
      vertex 14 -48.7682 0.2
    endloop
  endfacet
endsolid OpenSCAD_Model
