solid OpenSCAD_Model
  facet normal -0.998796 -0.0490529 0
    outer loop
      vertex 1.45 0 0
      vertex 1.44302 0.142124 2.5
      vertex 1.44302 0.142124 0
    endloop
  endfacet
  facet normal -0.998796 -0.0490529 0
    outer loop
      vertex 1.44302 0.142124 2.5
      vertex 1.45 0 0
      vertex 1.45 0 2.5
    endloop
  endfacet
  facet normal 0.998796 -0.0490529 0
    outer loop
      vertex -1.45 0 2.5
      vertex -1.44302 0.142124 0
      vertex -1.44302 0.142124 2.5
    endloop
  endfacet
  facet normal 0.998796 -0.0490529 0
    outer loop
      vertex -1.44302 0.142124 0
      vertex -1.45 0 2.5
      vertex -1.45 0 0
    endloop
  endfacet
  facet normal -0.0490529 -0.998796 0
    outer loop
      vertex 0 1.45 0
      vertex 0.142124 1.44302 2.5
      vertex 0 1.45 2.5
    endloop
  endfacet
  facet normal -0.0490529 -0.998796 -0
    outer loop
      vertex 0.142124 1.44302 2.5
      vertex 0 1.45 0
      vertex 0.142124 1.44302 0
    endloop
  endfacet
  facet normal -0.740941 -0.67157 0
    outer loop
      vertex 1.12086 0.919869 0
      vertex 1.0253 1.0253 2.5
      vertex 1.0253 1.0253 0
    endloop
  endfacet
  facet normal -0.740941 -0.67157 0
    outer loop
      vertex 1.0253 1.0253 2.5
      vertex 1.12086 0.919869 0
      vertex 1.12086 0.919869 2.5
    endloop
  endfacet
  facet normal 0.67157 -0.740941 0
    outer loop
      vertex -1.0253 1.0253 0
      vertex -0.919869 1.12086 2.5
      vertex -1.0253 1.0253 2.5
    endloop
  endfacet
  facet normal 0.67157 -0.740941 0
    outer loop
      vertex -0.919869 1.12086 2.5
      vertex -1.0253 1.0253 0
      vertex -0.919869 1.12086 0
    endloop
  endfacet
  facet normal 0.336902 -0.94154 0
    outer loop
      vertex -0.554891 1.33962 0
      vertex -0.420913 1.38756 2.5
      vertex -0.554891 1.33962 2.5
    endloop
  endfacet
  facet normal 0.336902 -0.94154 0
    outer loop
      vertex -0.420913 1.38756 2.5
      vertex -0.554891 1.33962 0
      vertex -0.420913 1.38756 0
    endloop
  endfacet
  facet normal -0.904015 -0.427501 0
    outer loop
      vertex 1.33962 0.554891 0
      vertex 1.27879 0.683525 2.5
      vertex 1.27879 0.683525 0
    endloop
  endfacet
  facet normal -0.904015 -0.427501 0
    outer loop
      vertex 1.27879 0.683525 2.5
      vertex 1.33962 0.554891 0
      vertex 1.33962 0.554891 2.5
    endloop
  endfacet
  facet normal -0.427501 -0.904015 0
    outer loop
      vertex 0.554891 1.33962 0
      vertex 0.683525 1.27879 2.5
      vertex 0.554891 1.33962 2.5
    endloop
  endfacet
  facet normal -0.427501 -0.904015 -0
    outer loop
      vertex 0.683525 1.27879 2.5
      vertex 0.554891 1.33962 0
      vertex 0.683525 1.27879 0
    endloop
  endfacet
  facet normal -0.59572 -0.803192 0
    outer loop
      vertex 0.805576 1.20563 0
      vertex 0.919869 1.12086 2.5
      vertex 0.805576 1.20563 2.5
    endloop
  endfacet
  facet normal -0.59572 -0.803192 -0
    outer loop
      vertex 0.919869 1.12086 2.5
      vertex 0.805576 1.20563 0
      vertex 0.919869 1.12086 0
    endloop
  endfacet
  facet normal 0.904015 -0.427501 0
    outer loop
      vertex -1.33962 0.554891 2.5
      vertex -1.27879 0.683525 0
      vertex -1.27879 0.683525 2.5
    endloop
  endfacet
  facet normal 0.904015 -0.427501 0
    outer loop
      vertex -1.27879 0.683525 0
      vertex -1.33962 0.554891 2.5
      vertex -1.33962 0.554891 0
    endloop
  endfacet
  facet normal 0.146735 -0.989176 0
    outer loop
      vertex -0.282881 1.42214 0
      vertex -0.142124 1.44302 2.5
      vertex -0.282881 1.42214 2.5
    endloop
  endfacet
  facet normal 0.146735 -0.989176 0
    outer loop
      vertex -0.142124 1.44302 2.5
      vertex -0.282881 1.42214 0
      vertex -0.142124 1.44302 0
    endloop
  endfacet
  facet normal -0.970023 0.243012 0
    outer loop
      vertex 1.38756 -0.420913 0
      vertex 1.42214 -0.282881 2.5
      vertex 1.42214 -0.282881 0
    endloop
  endfacet
  facet normal -0.970023 0.243012 0
    outer loop
      vertex 1.42214 -0.282881 2.5
      vertex 1.38756 -0.420913 0
      vertex 1.38756 -0.420913 2.5
    endloop
  endfacet
  facet normal -0.970023 -0.243012 0
    outer loop
      vertex 1.42214 0.282881 0
      vertex 1.38756 0.420913 2.5
      vertex 1.38756 0.420913 0
    endloop
  endfacet
  facet normal -0.970023 -0.243012 0
    outer loop
      vertex 1.38756 0.420913 2.5
      vertex 1.42214 0.282881 0
      vertex 1.42214 0.282881 2.5
    endloop
  endfacet
  facet normal -0.989176 -0.146735 0
    outer loop
      vertex 1.44302 0.142124 0
      vertex 1.42214 0.282881 2.5
      vertex 1.42214 0.282881 0
    endloop
  endfacet
  facet normal -0.989176 -0.146735 0
    outer loop
      vertex 1.42214 0.282881 2.5
      vertex 1.44302 0.142124 0
      vertex 1.44302 0.142124 2.5
    endloop
  endfacet
  facet normal -0.94154 -0.336902 0
    outer loop
      vertex 1.38756 0.420913 0
      vertex 1.33962 0.554891 2.5
      vertex 1.33962 0.554891 0
    endloop
  endfacet
  facet normal -0.94154 -0.336902 0
    outer loop
      vertex 1.33962 0.554891 2.5
      vertex 1.38756 0.420913 0
      vertex 1.38756 0.420913 2.5
    endloop
  endfacet
  facet normal -0.803192 -0.59572 0
    outer loop
      vertex 1.20563 0.805576 0
      vertex 1.12086 0.919869 2.5
      vertex 1.12086 0.919869 0
    endloop
  endfacet
  facet normal -0.803192 -0.59572 0
    outer loop
      vertex 1.12086 0.919869 2.5
      vertex 1.20563 0.805576 0
      vertex 1.20563 0.805576 2.5
    endloop
  endfacet
  facet normal -0.857712 -0.514131 0
    outer loop
      vertex 1.27879 0.683525 0
      vertex 1.20563 0.805576 2.5
      vertex 1.20563 0.805576 0
    endloop
  endfacet
  facet normal -0.857712 -0.514131 0
    outer loop
      vertex 1.20563 0.805576 2.5
      vertex 1.27879 0.683525 0
      vertex 1.27879 0.683525 2.5
    endloop
  endfacet
  facet normal -0.243012 -0.970023 0
    outer loop
      vertex 0.282881 1.42214 0
      vertex 0.420913 1.38756 2.5
      vertex 0.282881 1.42214 2.5
    endloop
  endfacet
  facet normal -0.243012 -0.970023 -0
    outer loop
      vertex 0.420913 1.38756 2.5
      vertex 0.282881 1.42214 0
      vertex 0.420913 1.38756 0
    endloop
  endfacet
  facet normal -0.336902 -0.94154 0
    outer loop
      vertex 0.420913 1.38756 0
      vertex 0.554891 1.33962 2.5
      vertex 0.420913 1.38756 2.5
    endloop
  endfacet
  facet normal -0.336902 -0.94154 -0
    outer loop
      vertex 0.554891 1.33962 2.5
      vertex 0.420913 1.38756 0
      vertex 0.554891 1.33962 0
    endloop
  endfacet
  facet normal -0.146735 -0.989176 0
    outer loop
      vertex 0.142124 1.44302 0
      vertex 0.282881 1.42214 2.5
      vertex 0.142124 1.44302 2.5
    endloop
  endfacet
  facet normal -0.146735 -0.989176 -0
    outer loop
      vertex 0.282881 1.42214 2.5
      vertex 0.142124 1.44302 0
      vertex 0.282881 1.42214 0
    endloop
  endfacet
  facet normal -0.514131 -0.857712 0
    outer loop
      vertex 0.683525 1.27879 0
      vertex 0.805576 1.20563 2.5
      vertex 0.683525 1.27879 2.5
    endloop
  endfacet
  facet normal -0.514131 -0.857712 -0
    outer loop
      vertex 0.805576 1.20563 2.5
      vertex 0.683525 1.27879 0
      vertex 0.805576 1.20563 0
    endloop
  endfacet
  facet normal -0.67157 -0.740941 0
    outer loop
      vertex 0.919869 1.12086 0
      vertex 1.0253 1.0253 2.5
      vertex 0.919869 1.12086 2.5
    endloop
  endfacet
  facet normal -0.67157 -0.740941 -0
    outer loop
      vertex 1.0253 1.0253 2.5
      vertex 0.919869 1.12086 0
      vertex 1.0253 1.0253 0
    endloop
  endfacet
  facet normal 0.970023 -0.243012 0
    outer loop
      vertex -1.42214 0.282881 2.5
      vertex -1.38756 0.420913 0
      vertex -1.38756 0.420913 2.5
    endloop
  endfacet
  facet normal 0.970023 -0.243012 0
    outer loop
      vertex -1.38756 0.420913 0
      vertex -1.42214 0.282881 2.5
      vertex -1.42214 0.282881 0
    endloop
  endfacet
  facet normal 0.803192 -0.59572 0
    outer loop
      vertex -1.20563 0.805576 2.5
      vertex -1.12086 0.919869 0
      vertex -1.12086 0.919869 2.5
    endloop
  endfacet
  facet normal 0.803192 -0.59572 0
    outer loop
      vertex -1.12086 0.919869 0
      vertex -1.20563 0.805576 2.5
      vertex -1.20563 0.805576 0
    endloop
  endfacet
  facet normal 0.740941 -0.67157 0
    outer loop
      vertex -1.12086 0.919869 2.5
      vertex -1.0253 1.0253 0
      vertex -1.0253 1.0253 2.5
    endloop
  endfacet
  facet normal 0.740941 -0.67157 0
    outer loop
      vertex -1.0253 1.0253 0
      vertex -1.12086 0.919869 2.5
      vertex -1.12086 0.919869 0
    endloop
  endfacet
  facet normal 0.857712 -0.514131 0
    outer loop
      vertex -1.27879 0.683525 2.5
      vertex -1.20563 0.805576 0
      vertex -1.20563 0.805576 2.5
    endloop
  endfacet
  facet normal 0.857712 -0.514131 0
    outer loop
      vertex -1.20563 0.805576 0
      vertex -1.27879 0.683525 2.5
      vertex -1.27879 0.683525 0
    endloop
  endfacet
  facet normal 0.94154 -0.336902 0
    outer loop
      vertex -1.38756 0.420913 2.5
      vertex -1.33962 0.554891 0
      vertex -1.33962 0.554891 2.5
    endloop
  endfacet
  facet normal 0.94154 -0.336902 0
    outer loop
      vertex -1.33962 0.554891 0
      vertex -1.38756 0.420913 2.5
      vertex -1.38756 0.420913 0
    endloop
  endfacet
  facet normal 0.989176 -0.146735 0
    outer loop
      vertex -1.44302 0.142124 2.5
      vertex -1.42214 0.282881 0
      vertex -1.42214 0.282881 2.5
    endloop
  endfacet
  facet normal 0.989176 -0.146735 0
    outer loop
      vertex -1.42214 0.282881 0
      vertex -1.44302 0.142124 2.5
      vertex -1.44302 0.142124 0
    endloop
  endfacet
  facet normal 0.514131 -0.857712 0
    outer loop
      vertex -0.805576 1.20563 0
      vertex -0.683525 1.27879 2.5
      vertex -0.805576 1.20563 2.5
    endloop
  endfacet
  facet normal 0.514131 -0.857712 0
    outer loop
      vertex -0.683525 1.27879 2.5
      vertex -0.805576 1.20563 0
      vertex -0.683525 1.27879 0
    endloop
  endfacet
  facet normal 0.427501 -0.904015 0
    outer loop
      vertex -0.683525 1.27879 0
      vertex -0.554891 1.33962 2.5
      vertex -0.683525 1.27879 2.5
    endloop
  endfacet
  facet normal 0.427501 -0.904015 0
    outer loop
      vertex -0.554891 1.33962 2.5
      vertex -0.683525 1.27879 0
      vertex -0.554891 1.33962 0
    endloop
  endfacet
  facet normal 0.59572 -0.803192 0
    outer loop
      vertex -0.919869 1.12086 0
      vertex -0.805576 1.20563 2.5
      vertex -0.919869 1.12086 2.5
    endloop
  endfacet
  facet normal 0.59572 -0.803192 0
    outer loop
      vertex -0.805576 1.20563 2.5
      vertex -0.919869 1.12086 0
      vertex -0.805576 1.20563 0
    endloop
  endfacet
  facet normal 0.243012 -0.970023 0
    outer loop
      vertex -0.420913 1.38756 0
      vertex -0.282881 1.42214 2.5
      vertex -0.420913 1.38756 2.5
    endloop
  endfacet
  facet normal 0.243012 -0.970023 0
    outer loop
      vertex -0.282881 1.42214 2.5
      vertex -0.420913 1.38756 0
      vertex -0.282881 1.42214 0
    endloop
  endfacet
  facet normal 0.0490529 -0.998796 0
    outer loop
      vertex -0.142124 1.44302 0
      vertex 0 1.45 2.5
      vertex -0.142124 1.44302 2.5
    endloop
  endfacet
  facet normal 0.0490529 -0.998796 0
    outer loop
      vertex 0 1.45 2.5
      vertex -0.142124 1.44302 0
      vertex 0 1.45 0
    endloop
  endfacet
  facet normal -0.998796 0.0490529 0
    outer loop
      vertex 1.44302 -0.142124 0
      vertex 1.45 0 2.5
      vertex 1.45 0 0
    endloop
  endfacet
  facet normal -0.998796 0.0490529 0
    outer loop
      vertex 1.45 0 2.5
      vertex 1.44302 -0.142124 0
      vertex 1.44302 -0.142124 2.5
    endloop
  endfacet
  facet normal -0.0490529 0.998796 0
    outer loop
      vertex 0.142124 -1.44302 0
      vertex 0 -1.45 2.5
      vertex 0.142124 -1.44302 2.5
    endloop
  endfacet
  facet normal -0.0490529 0.998796 0
    outer loop
      vertex 0 -1.45 2.5
      vertex 0.142124 -1.44302 0
      vertex 0 -1.45 0
    endloop
  endfacet
  facet normal -0.243012 0.970023 0
    outer loop
      vertex 0.420913 -1.38756 0
      vertex 0.282881 -1.42214 2.5
      vertex 0.420913 -1.38756 2.5
    endloop
  endfacet
  facet normal -0.243012 0.970023 0
    outer loop
      vertex 0.282881 -1.42214 2.5
      vertex 0.420913 -1.38756 0
      vertex 0.282881 -1.42214 0
    endloop
  endfacet
  facet normal -0.59572 0.803192 0
    outer loop
      vertex 0.919869 -1.12086 0
      vertex 0.805576 -1.20563 2.5
      vertex 0.919869 -1.12086 2.5
    endloop
  endfacet
  facet normal -0.59572 0.803192 0
    outer loop
      vertex 0.805576 -1.20563 2.5
      vertex 0.919869 -1.12086 0
      vertex 0.805576 -1.20563 0
    endloop
  endfacet
  facet normal -0.427501 0.904015 0
    outer loop
      vertex 0.683525 -1.27879 0
      vertex 0.554891 -1.33962 2.5
      vertex 0.683525 -1.27879 2.5
    endloop
  endfacet
  facet normal -0.427501 0.904015 0
    outer loop
      vertex 0.554891 -1.33962 2.5
      vertex 0.683525 -1.27879 0
      vertex 0.554891 -1.33962 0
    endloop
  endfacet
  facet normal -0.740941 0.67157 0
    outer loop
      vertex 1.0253 -1.0253 0
      vertex 1.12086 -0.919869 2.5
      vertex 1.12086 -0.919869 0
    endloop
  endfacet
  facet normal -0.740941 0.67157 0
    outer loop
      vertex 1.12086 -0.919869 2.5
      vertex 1.0253 -1.0253 0
      vertex 1.0253 -1.0253 2.5
    endloop
  endfacet
  facet normal 0.67157 0.740941 -0
    outer loop
      vertex -0.919869 -1.12086 0
      vertex -1.0253 -1.0253 2.5
      vertex -0.919869 -1.12086 2.5
    endloop
  endfacet
  facet normal 0.67157 0.740941 0
    outer loop
      vertex -1.0253 -1.0253 2.5
      vertex -0.919869 -1.12086 0
      vertex -1.0253 -1.0253 0
    endloop
  endfacet
  facet normal 0.514131 0.857712 -0
    outer loop
      vertex -0.683525 -1.27879 0
      vertex -0.805576 -1.20563 2.5
      vertex -0.683525 -1.27879 2.5
    endloop
  endfacet
  facet normal 0.514131 0.857712 0
    outer loop
      vertex -0.805576 -1.20563 2.5
      vertex -0.683525 -1.27879 0
      vertex -0.805576 -1.20563 0
    endloop
  endfacet
  facet normal 0.336902 0.94154 -0
    outer loop
      vertex -0.420913 -1.38756 0
      vertex -0.554891 -1.33962 2.5
      vertex -0.420913 -1.38756 2.5
    endloop
  endfacet
  facet normal 0.336902 0.94154 0
    outer loop
      vertex -0.554891 -1.33962 2.5
      vertex -0.420913 -1.38756 0
      vertex -0.554891 -1.33962 0
    endloop
  endfacet
  facet normal 0.146735 0.989176 -0
    outer loop
      vertex -0.142124 -1.44302 0
      vertex -0.282881 -1.42214 2.5
      vertex -0.142124 -1.44302 2.5
    endloop
  endfacet
  facet normal 0.146735 0.989176 0
    outer loop
      vertex -0.282881 -1.42214 2.5
      vertex -0.142124 -1.44302 0
      vertex -0.282881 -1.42214 0
    endloop
  endfacet
  facet normal 0.904015 0.427501 0
    outer loop
      vertex -1.27879 -0.683525 2.5
      vertex -1.33962 -0.554891 0
      vertex -1.33962 -0.554891 2.5
    endloop
  endfacet
  facet normal 0.904015 0.427501 0
    outer loop
      vertex -1.33962 -0.554891 0
      vertex -1.27879 -0.683525 2.5
      vertex -1.27879 -0.683525 0
    endloop
  endfacet
  facet normal 0.803192 0.59572 0
    outer loop
      vertex -1.12086 -0.919869 2.5
      vertex -1.20563 -0.805576 0
      vertex -1.20563 -0.805576 2.5
    endloop
  endfacet
  facet normal 0.803192 0.59572 0
    outer loop
      vertex -1.20563 -0.805576 0
      vertex -1.12086 -0.919869 2.5
      vertex -1.12086 -0.919869 0
    endloop
  endfacet
  facet normal 0.970023 0.243012 0
    outer loop
      vertex -1.38756 -0.420913 2.5
      vertex -1.42214 -0.282881 0
      vertex -1.42214 -0.282881 2.5
    endloop
  endfacet
  facet normal 0.970023 0.243012 0
    outer loop
      vertex -1.42214 -0.282881 0
      vertex -1.38756 -0.420913 2.5
      vertex -1.38756 -0.420913 0
    endloop
  endfacet
  facet normal 0.998796 0.0490529 0
    outer loop
      vertex -1.44302 -0.142124 2.5
      vertex -1.45 0 0
      vertex -1.45 0 2.5
    endloop
  endfacet
  facet normal 0.998796 0.0490529 0
    outer loop
      vertex -1.45 0 0
      vertex -1.44302 -0.142124 2.5
      vertex -1.44302 -0.142124 0
    endloop
  endfacet
  facet normal -0.146735 0.989176 0
    outer loop
      vertex 0.282881 -1.42214 0
      vertex 0.142124 -1.44302 2.5
      vertex 0.282881 -1.42214 2.5
    endloop
  endfacet
  facet normal -0.146735 0.989176 0
    outer loop
      vertex 0.142124 -1.44302 2.5
      vertex 0.282881 -1.42214 0
      vertex 0.142124 -1.44302 0
    endloop
  endfacet
  facet normal -0.336902 0.94154 0
    outer loop
      vertex 0.554891 -1.33962 0
      vertex 0.420913 -1.38756 2.5
      vertex 0.554891 -1.33962 2.5
    endloop
  endfacet
  facet normal -0.336902 0.94154 0
    outer loop
      vertex 0.420913 -1.38756 2.5
      vertex 0.554891 -1.33962 0
      vertex 0.420913 -1.38756 0
    endloop
  endfacet
  facet normal -0.67157 0.740941 0
    outer loop
      vertex 1.0253 -1.0253 0
      vertex 0.919869 -1.12086 2.5
      vertex 1.0253 -1.0253 2.5
    endloop
  endfacet
  facet normal -0.67157 0.740941 0
    outer loop
      vertex 0.919869 -1.12086 2.5
      vertex 1.0253 -1.0253 0
      vertex 0.919869 -1.12086 0
    endloop
  endfacet
  facet normal -0.514131 0.857712 0
    outer loop
      vertex 0.805576 -1.20563 0
      vertex 0.683525 -1.27879 2.5
      vertex 0.805576 -1.20563 2.5
    endloop
  endfacet
  facet normal -0.514131 0.857712 0
    outer loop
      vertex 0.683525 -1.27879 2.5
      vertex 0.805576 -1.20563 0
      vertex 0.683525 -1.27879 0
    endloop
  endfacet
  facet normal 0.59572 0.803192 -0
    outer loop
      vertex -0.805576 -1.20563 0
      vertex -0.919869 -1.12086 2.5
      vertex -0.805576 -1.20563 2.5
    endloop
  endfacet
  facet normal 0.59572 0.803192 0
    outer loop
      vertex -0.919869 -1.12086 2.5
      vertex -0.805576 -1.20563 0
      vertex -0.919869 -1.12086 0
    endloop
  endfacet
  facet normal 0.427501 0.904015 -0
    outer loop
      vertex -0.554891 -1.33962 0
      vertex -0.683525 -1.27879 2.5
      vertex -0.554891 -1.33962 2.5
    endloop
  endfacet
  facet normal 0.427501 0.904015 0
    outer loop
      vertex -0.683525 -1.27879 2.5
      vertex -0.554891 -1.33962 0
      vertex -0.683525 -1.27879 0
    endloop
  endfacet
  facet normal 0.243012 0.970023 -0
    outer loop
      vertex -0.282881 -1.42214 0
      vertex -0.420913 -1.38756 2.5
      vertex -0.282881 -1.42214 2.5
    endloop
  endfacet
  facet normal 0.243012 0.970023 0
    outer loop
      vertex -0.420913 -1.38756 2.5
      vertex -0.282881 -1.42214 0
      vertex -0.420913 -1.38756 0
    endloop
  endfacet
  facet normal 0.0490529 0.998796 -0
    outer loop
      vertex 0 -1.45 0
      vertex -0.142124 -1.44302 2.5
      vertex 0 -1.45 2.5
    endloop
  endfacet
  facet normal 0.0490529 0.998796 0
    outer loop
      vertex -0.142124 -1.44302 2.5
      vertex 0 -1.45 0
      vertex -0.142124 -1.44302 0
    endloop
  endfacet
  facet normal 0.857712 0.514131 0
    outer loop
      vertex -1.20563 -0.805576 2.5
      vertex -1.27879 -0.683525 0
      vertex -1.27879 -0.683525 2.5
    endloop
  endfacet
  facet normal 0.857712 0.514131 0
    outer loop
      vertex -1.27879 -0.683525 0
      vertex -1.20563 -0.805576 2.5
      vertex -1.20563 -0.805576 0
    endloop
  endfacet
  facet normal 0.740941 0.67157 0
    outer loop
      vertex -1.0253 -1.0253 2.5
      vertex -1.12086 -0.919869 0
      vertex -1.12086 -0.919869 2.5
    endloop
  endfacet
  facet normal 0.740941 0.67157 0
    outer loop
      vertex -1.12086 -0.919869 0
      vertex -1.0253 -1.0253 2.5
      vertex -1.0253 -1.0253 0
    endloop
  endfacet
  facet normal 0.94154 0.336902 0
    outer loop
      vertex -1.33962 -0.554891 2.5
      vertex -1.38756 -0.420913 0
      vertex -1.38756 -0.420913 2.5
    endloop
  endfacet
  facet normal 0.94154 0.336902 0
    outer loop
      vertex -1.38756 -0.420913 0
      vertex -1.33962 -0.554891 2.5
      vertex -1.33962 -0.554891 0
    endloop
  endfacet
  facet normal 0.989176 0.146735 0
    outer loop
      vertex -1.42214 -0.282881 2.5
      vertex -1.44302 -0.142124 0
      vertex -1.44302 -0.142124 2.5
    endloop
  endfacet
  facet normal 0.989176 0.146735 0
    outer loop
      vertex -1.44302 -0.142124 0
      vertex -1.42214 -0.282881 2.5
      vertex -1.42214 -0.282881 0
    endloop
  endfacet
  facet normal -0.803192 0.59572 0
    outer loop
      vertex 1.12086 -0.919869 0
      vertex 1.20563 -0.805576 2.5
      vertex 1.20563 -0.805576 0
    endloop
  endfacet
  facet normal -0.803192 0.59572 0
    outer loop
      vertex 1.20563 -0.805576 2.5
      vertex 1.12086 -0.919869 0
      vertex 1.12086 -0.919869 2.5
    endloop
  endfacet
  facet normal -0.904015 0.427501 0
    outer loop
      vertex 1.27879 -0.683525 0
      vertex 1.33962 -0.554891 2.5
      vertex 1.33962 -0.554891 0
    endloop
  endfacet
  facet normal -0.904015 0.427501 0
    outer loop
      vertex 1.33962 -0.554891 2.5
      vertex 1.27879 -0.683525 0
      vertex 1.27879 -0.683525 2.5
    endloop
  endfacet
  facet normal -0.989176 0.146735 0
    outer loop
      vertex 1.42214 -0.282881 0
      vertex 1.44302 -0.142124 2.5
      vertex 1.44302 -0.142124 0
    endloop
  endfacet
  facet normal -0.989176 0.146735 0
    outer loop
      vertex 1.44302 -0.142124 2.5
      vertex 1.42214 -0.282881 0
      vertex 1.42214 -0.282881 2.5
    endloop
  endfacet
  facet normal -0.857712 0.514131 0
    outer loop
      vertex 1.20563 -0.805576 0
      vertex 1.27879 -0.683525 2.5
      vertex 1.27879 -0.683525 0
    endloop
  endfacet
  facet normal -0.857712 0.514131 0
    outer loop
      vertex 1.27879 -0.683525 2.5
      vertex 1.20563 -0.805576 0
      vertex 1.20563 -0.805576 2.5
    endloop
  endfacet
  facet normal -0.94154 0.336902 0
    outer loop
      vertex 1.33962 -0.554891 0
      vertex 1.38756 -0.420913 2.5
      vertex 1.38756 -0.420913 0
    endloop
  endfacet
  facet normal -0.94154 0.336902 0
    outer loop
      vertex 1.38756 -0.420913 2.5
      vertex 1.33962 -0.554891 0
      vertex 1.33962 -0.554891 2.5
    endloop
  endfacet
  facet normal -0.671574 -0.740938 0
    outer loop
      vertex 8.91987 1.12086 0
      vertex 9.0253 1.0253 2.5
      vertex 8.91987 1.12086 2.5
    endloop
  endfacet
  facet normal -0.671574 -0.740938 -0
    outer loop
      vertex 9.0253 1.0253 2.5
      vertex 8.91987 1.12086 0
      vertex 9.0253 1.0253 0
    endloop
  endfacet
  facet normal -0.998796 0.0490529 0
    outer loop
      vertex 9.44302 -0.142124 0
      vertex 9.45 0 2.5
      vertex 9.45 0 0
    endloop
  endfacet
  facet normal -0.998796 0.0490529 0
    outer loop
      vertex 9.45 0 2.5
      vertex 9.44302 -0.142124 0
      vertex 9.44302 -0.142124 2.5
    endloop
  endfacet
  facet normal 0.336897 -0.941541 0
    outer loop
      vertex 7.44511 1.33962 0
      vertex 7.57909 1.38756 2.5
      vertex 7.44511 1.33962 2.5
    endloop
  endfacet
  facet normal 0.336897 -0.941541 0
    outer loop
      vertex 7.57909 1.38756 2.5
      vertex 7.44511 1.33962 0
      vertex 7.57909 1.38756 0
    endloop
  endfacet
  facet normal 0.903988 -0.427559 0
    outer loop
      vertex 6.66037 0.554891 2.5
      vertex 6.72121 0.683525 0
      vertex 6.72121 0.683525 2.5
    endloop
  endfacet
  facet normal 0.903988 -0.427559 0
    outer loop
      vertex 6.72121 0.683525 0
      vertex 6.66037 0.554891 2.5
      vertex 6.66037 0.554891 0
    endloop
  endfacet
  facet normal -0.904015 -0.427501 0
    outer loop
      vertex 9.33962 0.554891 0
      vertex 9.27879 0.683525 2.5
      vertex 9.27879 0.683525 0
    endloop
  endfacet
  facet normal -0.904015 -0.427501 0
    outer loop
      vertex 9.27879 0.683525 2.5
      vertex 9.33962 0.554891 0
      vertex 9.33962 0.554891 2.5
    endloop
  endfacet
  facet normal -0.857712 -0.514131 0
    outer loop
      vertex 9.27879 0.683525 0
      vertex 9.20563 0.805576 2.5
      vertex 9.20563 0.805576 0
    endloop
  endfacet
  facet normal -0.857712 -0.514131 0
    outer loop
      vertex 9.20563 0.805576 2.5
      vertex 9.27879 0.683525 0
      vertex 9.27879 0.683525 2.5
    endloop
  endfacet
  facet normal -0.740941 -0.67157 0
    outer loop
      vertex 9.12086 0.919869 0
      vertex 9.0253 1.0253 2.5
      vertex 9.0253 1.0253 0
    endloop
  endfacet
  facet normal -0.740941 -0.67157 0
    outer loop
      vertex 9.0253 1.0253 2.5
      vertex 9.12086 0.919869 0
      vertex 9.12086 0.919869 2.5
    endloop
  endfacet
  facet normal -0.427485 -0.904022 0
    outer loop
      vertex 8.55489 1.33962 0
      vertex 8.68353 1.27879 2.5
      vertex 8.55489 1.33962 2.5
    endloop
  endfacet
  facet normal -0.427485 -0.904022 -0
    outer loop
      vertex 8.68353 1.27879 2.5
      vertex 8.55489 1.33962 0
      vertex 8.68353 1.27879 0
    endloop
  endfacet
  facet normal 0.740941 -0.67157 0
    outer loop
      vertex 6.87913 0.919869 2.5
      vertex 6.97469 1.0253 0
      vertex 6.97469 1.0253 2.5
    endloop
  endfacet
  facet normal 0.740941 -0.67157 0
    outer loop
      vertex 6.97469 1.0253 0
      vertex 6.87913 0.919869 2.5
      vertex 6.87913 0.919869 0
    endloop
  endfacet
  facet normal 0.146742 -0.989175 0
    outer loop
      vertex 7.71712 1.42214 0
      vertex 7.85787 1.44302 2.5
      vertex 7.71712 1.42214 2.5
    endloop
  endfacet
  facet normal 0.146742 -0.989175 0
    outer loop
      vertex 7.85787 1.44302 2.5
      vertex 7.71712 1.42214 0
      vertex 7.85787 1.44302 0
    endloop
  endfacet
  facet normal 0.146742 0.989175 -0
    outer loop
      vertex 7.85787 -1.44302 0
      vertex 7.71712 -1.42214 2.5
      vertex 7.85787 -1.44302 2.5
    endloop
  endfacet
  facet normal 0.146742 0.989175 0
    outer loop
      vertex 7.71712 -1.42214 2.5
      vertex 7.85787 -1.44302 0
      vertex 7.71712 -1.42214 0
    endloop
  endfacet
  facet normal 0.671539 0.740969 -0
    outer loop
      vertex 7.08013 -1.12086 0
      vertex 6.97469 -1.0253 2.5
      vertex 7.08013 -1.12086 2.5
    endloop
  endfacet
  facet normal 0.671539 0.740969 0
    outer loop
      vertex 6.97469 -1.0253 2.5
      vertex 7.08013 -1.12086 0
      vertex 6.97469 -1.0253 0
    endloop
  endfacet
  facet normal 0.989176 0.146735 0
    outer loop
      vertex 6.57786 -0.282881 2.5
      vertex 6.55698 -0.142124 0
      vertex 6.55698 -0.142124 2.5
    endloop
  endfacet
  facet normal 0.989176 0.146735 0
    outer loop
      vertex 6.55698 -0.142124 0
      vertex 6.57786 -0.282881 2.5
      vertex 6.57786 -0.282881 0
    endloop
  endfacet
  facet normal 0.740941 0.67157 0
    outer loop
      vertex 6.97469 -1.0253 2.5
      vertex 6.87913 -0.919869 0
      vertex 6.87913 -0.919869 2.5
    endloop
  endfacet
  facet normal 0.740941 0.67157 0
    outer loop
      vertex 6.87913 -0.919869 0
      vertex 6.97469 -1.0253 2.5
      vertex 6.97469 -1.0253 0
    endloop
  endfacet
  facet normal -0.989176 -0.146735 0
    outer loop
      vertex 9.44302 0.142124 0
      vertex 9.42214 0.282881 2.5
      vertex 9.42214 0.282881 0
    endloop
  endfacet
  facet normal -0.989176 -0.146735 0
    outer loop
      vertex 9.42214 0.282881 2.5
      vertex 9.44302 0.142124 0
      vertex 9.44302 0.142124 2.5
    endloop
  endfacet
  facet normal -0.970023 -0.243012 0
    outer loop
      vertex 9.42214 0.282881 0
      vertex 9.38756 0.420913 2.5
      vertex 9.38756 0.420913 0
    endloop
  endfacet
  facet normal -0.970023 -0.243012 0
    outer loop
      vertex 9.38756 0.420913 2.5
      vertex 9.42214 0.282881 0
      vertex 9.42214 0.282881 2.5
    endloop
  endfacet
  facet normal -0.94154 -0.336902 0
    outer loop
      vertex 9.38756 0.420913 0
      vertex 9.33962 0.554891 2.5
      vertex 9.33962 0.554891 0
    endloop
  endfacet
  facet normal -0.94154 -0.336902 0
    outer loop
      vertex 9.33962 0.554891 2.5
      vertex 9.38756 0.420913 0
      vertex 9.38756 0.420913 2.5
    endloop
  endfacet
  facet normal -0.803192 -0.59572 0
    outer loop
      vertex 9.20563 0.805576 0
      vertex 9.12086 0.919869 2.5
      vertex 9.12086 0.919869 0
    endloop
  endfacet
  facet normal -0.803192 -0.59572 0
    outer loop
      vertex 9.12086 0.919869 2.5
      vertex 9.20563 0.805576 0
      vertex 9.20563 0.805576 2.5
    endloop
  endfacet
  facet normal -0.59573 -0.803185 0
    outer loop
      vertex 8.80558 1.20563 0
      vertex 8.91987 1.12086 2.5
      vertex 8.80558 1.20563 2.5
    endloop
  endfacet
  facet normal -0.59573 -0.803185 -0
    outer loop
      vertex 8.91987 1.12086 2.5
      vertex 8.80558 1.20563 0
      vertex 8.91987 1.12086 0
    endloop
  endfacet
  facet normal -0.0490543 -0.998796 0
    outer loop
      vertex 8 1.45 0
      vertex 8.14212 1.44302 2.5
      vertex 8 1.45 2.5
    endloop
  endfacet
  facet normal -0.0490543 -0.998796 -0
    outer loop
      vertex 8.14212 1.44302 2.5
      vertex 8 1.45 0
      vertex 8.14212 1.44302 0
    endloop
  endfacet
  facet normal -0.514134 -0.85771 0
    outer loop
      vertex 8.68353 1.27879 0
      vertex 8.80558 1.20563 2.5
      vertex 8.68353 1.27879 2.5
    endloop
  endfacet
  facet normal -0.514134 -0.85771 -0
    outer loop
      vertex 8.80558 1.20563 2.5
      vertex 8.68353 1.27879 0
      vertex 8.80558 1.20563 0
    endloop
  endfacet
  facet normal -0.336897 -0.941541 0
    outer loop
      vertex 8.42091 1.38756 0
      vertex 8.55489 1.33962 2.5
      vertex 8.42091 1.38756 2.5
    endloop
  endfacet
  facet normal -0.336897 -0.941541 -0
    outer loop
      vertex 8.55489 1.33962 2.5
      vertex 8.42091 1.38756 0
      vertex 8.55489 1.33962 0
    endloop
  endfacet
  facet normal -0.243015 -0.970022 0
    outer loop
      vertex 8.28288 1.42214 0
      vertex 8.42091 1.38756 2.5
      vertex 8.28288 1.42214 2.5
    endloop
  endfacet
  facet normal -0.243015 -0.970022 -0
    outer loop
      vertex 8.42091 1.38756 2.5
      vertex 8.28288 1.42214 0
      vertex 8.42091 1.38756 0
    endloop
  endfacet
  facet normal 0.998796 -0.0490529 0
    outer loop
      vertex 6.55 0 2.5
      vertex 6.55698 0.142124 0
      vertex 6.55698 0.142124 2.5
    endloop
  endfacet
  facet normal 0.998796 -0.0490529 0
    outer loop
      vertex 6.55698 0.142124 0
      vertex 6.55 0 2.5
      vertex 6.55 0 0
    endloop
  endfacet
  facet normal 0.941562 -0.336839 0
    outer loop
      vertex 6.61244 0.420913 2.5
      vertex 6.66037 0.554891 0
      vertex 6.66037 0.554891 2.5
    endloop
  endfacet
  facet normal 0.941562 -0.336839 0
    outer loop
      vertex 6.66037 0.554891 0
      vertex 6.61244 0.420913 2.5
      vertex 6.61244 0.420913 0
    endloop
  endfacet
  facet normal 0.970023 -0.243012 0
    outer loop
      vertex 6.57786 0.282881 2.5
      vertex 6.61244 0.420913 0
      vertex 6.61244 0.420913 2.5
    endloop
  endfacet
  facet normal 0.970023 -0.243012 0
    outer loop
      vertex 6.61244 0.420913 0
      vertex 6.57786 0.282881 2.5
      vertex 6.57786 0.282881 0
    endloop
  endfacet
  facet normal 0.857712 -0.514131 0
    outer loop
      vertex 6.72121 0.683525 2.5
      vertex 6.79437 0.805576 0
      vertex 6.79437 0.805576 2.5
    endloop
  endfacet
  facet normal 0.857712 -0.514131 0
    outer loop
      vertex 6.79437 0.805576 0
      vertex 6.72121 0.683525 2.5
      vertex 6.72121 0.683525 0
    endloop
  endfacet
  facet normal 0.803226 -0.595675 0
    outer loop
      vertex 6.79437 0.805576 2.5
      vertex 6.87913 0.919869 0
      vertex 6.87913 0.919869 2.5
    endloop
  endfacet
  facet normal 0.803226 -0.595675 0
    outer loop
      vertex 6.87913 0.919869 0
      vertex 6.79437 0.805576 2.5
      vertex 6.79437 0.805576 0
    endloop
  endfacet
  facet normal 0.243015 -0.970022 0
    outer loop
      vertex 7.57909 1.38756 0
      vertex 7.71712 1.42214 2.5
      vertex 7.57909 1.38756 2.5
    endloop
  endfacet
  facet normal 0.243015 -0.970022 0
    outer loop
      vertex 7.71712 1.42214 2.5
      vertex 7.57909 1.38756 0
      vertex 7.71712 1.42214 0
    endloop
  endfacet
  facet normal 0.0490509 -0.998796 0
    outer loop
      vertex 7.85787 1.44302 0
      vertex 8 1.45 2.5
      vertex 7.85787 1.44302 2.5
    endloop
  endfacet
  facet normal 0.0490509 -0.998796 0
    outer loop
      vertex 8 1.45 2.5
      vertex 7.85787 1.44302 0
      vertex 8 1.45 0
    endloop
  endfacet
  facet normal 0.514134 -0.85771 0
    outer loop
      vertex 7.19442 1.20563 0
      vertex 7.31647 1.27879 2.5
      vertex 7.19442 1.20563 2.5
    endloop
  endfacet
  facet normal 0.514134 -0.85771 0
    outer loop
      vertex 7.31647 1.27879 2.5
      vertex 7.19442 1.20563 0
      vertex 7.31647 1.27879 0
    endloop
  endfacet
  facet normal 0.59573 -0.803185 0
    outer loop
      vertex 7.08013 1.12086 0
      vertex 7.19442 1.20563 2.5
      vertex 7.08013 1.12086 2.5
    endloop
  endfacet
  facet normal 0.59573 -0.803185 0
    outer loop
      vertex 7.19442 1.20563 2.5
      vertex 7.08013 1.12086 0
      vertex 7.19442 1.20563 0
    endloop
  endfacet
  facet normal 0.427485 -0.904022 0
    outer loop
      vertex 7.31647 1.27879 0
      vertex 7.44511 1.33962 2.5
      vertex 7.31647 1.27879 2.5
    endloop
  endfacet
  facet normal 0.427485 -0.904022 0
    outer loop
      vertex 7.44511 1.33962 2.5
      vertex 7.31647 1.27879 0
      vertex 7.44511 1.33962 0
    endloop
  endfacet
  facet normal 0.671539 -0.740969 0
    outer loop
      vertex 6.97469 1.0253 0
      vertex 7.08013 1.12086 2.5
      vertex 6.97469 1.0253 2.5
    endloop
  endfacet
  facet normal 0.671539 -0.740969 0
    outer loop
      vertex 7.08013 1.12086 2.5
      vertex 6.97469 1.0253 0
      vertex 7.08013 1.12086 0
    endloop
  endfacet
  facet normal -0.998796 -0.0490529 0
    outer loop
      vertex 9.45 0 0
      vertex 9.44302 0.142124 2.5
      vertex 9.44302 0.142124 0
    endloop
  endfacet
  facet normal -0.998796 -0.0490529 0
    outer loop
      vertex 9.44302 0.142124 2.5
      vertex 9.45 0 0
      vertex 9.45 0 2.5
    endloop
  endfacet
  facet normal -0.0490543 0.998796 0
    outer loop
      vertex 8.14212 -1.44302 0
      vertex 8 -1.45 2.5
      vertex 8.14212 -1.44302 2.5
    endloop
  endfacet
  facet normal -0.0490543 0.998796 0
    outer loop
      vertex 8 -1.45 2.5
      vertex 8.14212 -1.44302 0
      vertex 8 -1.45 0
    endloop
  endfacet
  facet normal -0.857712 0.514131 0
    outer loop
      vertex 9.20563 -0.805576 0
      vertex 9.27879 -0.683525 2.5
      vertex 9.27879 -0.683525 0
    endloop
  endfacet
  facet normal -0.857712 0.514131 0
    outer loop
      vertex 9.27879 -0.683525 2.5
      vertex 9.20563 -0.805576 0
      vertex 9.20563 -0.805576 2.5
    endloop
  endfacet
  facet normal -0.904015 0.427501 0
    outer loop
      vertex 9.27879 -0.683525 0
      vertex 9.33962 -0.554891 2.5
      vertex 9.33962 -0.554891 0
    endloop
  endfacet
  facet normal -0.904015 0.427501 0
    outer loop
      vertex 9.33962 -0.554891 2.5
      vertex 9.27879 -0.683525 0
      vertex 9.27879 -0.683525 2.5
    endloop
  endfacet
  facet normal -0.146732 0.989176 0
    outer loop
      vertex 8.28288 -1.42214 0
      vertex 8.14212 -1.44302 2.5
      vertex 8.28288 -1.42214 2.5
    endloop
  endfacet
  facet normal -0.146732 0.989176 0
    outer loop
      vertex 8.14212 -1.44302 2.5
      vertex 8.28288 -1.42214 0
      vertex 8.14212 -1.44302 0
    endloop
  endfacet
  facet normal -0.243015 0.970022 0
    outer loop
      vertex 8.42091 -1.38756 0
      vertex 8.28288 -1.42214 2.5
      vertex 8.42091 -1.38756 2.5
    endloop
  endfacet
  facet normal -0.243015 0.970022 0
    outer loop
      vertex 8.28288 -1.42214 2.5
      vertex 8.42091 -1.38756 0
      vertex 8.28288 -1.42214 0
    endloop
  endfacet
  facet normal -0.671574 0.740938 0
    outer loop
      vertex 9.0253 -1.0253 0
      vertex 8.91987 -1.12086 2.5
      vertex 9.0253 -1.0253 2.5
    endloop
  endfacet
  facet normal -0.671574 0.740938 0
    outer loop
      vertex 8.91987 -1.12086 2.5
      vertex 9.0253 -1.0253 0
      vertex 8.91987 -1.12086 0
    endloop
  endfacet
  facet normal -0.59573 0.803185 0
    outer loop
      vertex 8.91987 -1.12086 0
      vertex 8.80558 -1.20563 2.5
      vertex 8.91987 -1.12086 2.5
    endloop
  endfacet
  facet normal -0.59573 0.803185 0
    outer loop
      vertex 8.80558 -1.20563 2.5
      vertex 8.91987 -1.12086 0
      vertex 8.80558 -1.20563 0
    endloop
  endfacet
  facet normal -0.427485 0.904022 0
    outer loop
      vertex 8.68353 -1.27879 0
      vertex 8.55489 -1.33962 2.5
      vertex 8.68353 -1.27879 2.5
    endloop
  endfacet
  facet normal -0.427485 0.904022 0
    outer loop
      vertex 8.55489 -1.33962 2.5
      vertex 8.68353 -1.27879 0
      vertex 8.55489 -1.33962 0
    endloop
  endfacet
  facet normal 0.0490509 0.998796 -0
    outer loop
      vertex 8 -1.45 0
      vertex 7.85787 -1.44302 2.5
      vertex 8 -1.45 2.5
    endloop
  endfacet
  facet normal 0.0490509 0.998796 0
    outer loop
      vertex 7.85787 -1.44302 2.5
      vertex 8 -1.45 0
      vertex 7.85787 -1.44302 0
    endloop
  endfacet
  facet normal 0.336897 0.941541 -0
    outer loop
      vertex 7.57909 -1.38756 0
      vertex 7.44511 -1.33962 2.5
      vertex 7.57909 -1.38756 2.5
    endloop
  endfacet
  facet normal 0.336897 0.941541 0
    outer loop
      vertex 7.44511 -1.33962 2.5
      vertex 7.57909 -1.38756 0
      vertex 7.44511 -1.33962 0
    endloop
  endfacet
  facet normal 0.514134 0.85771 -0
    outer loop
      vertex 7.31647 -1.27879 0
      vertex 7.19442 -1.20563 2.5
      vertex 7.31647 -1.27879 2.5
    endloop
  endfacet
  facet normal 0.514134 0.85771 0
    outer loop
      vertex 7.19442 -1.20563 2.5
      vertex 7.31647 -1.27879 0
      vertex 7.19442 -1.20563 0
    endloop
  endfacet
  facet normal 0.970023 0.243012 0
    outer loop
      vertex 6.61244 -0.420913 2.5
      vertex 6.57786 -0.282881 0
      vertex 6.57786 -0.282881 2.5
    endloop
  endfacet
  facet normal 0.970023 0.243012 0
    outer loop
      vertex 6.57786 -0.282881 0
      vertex 6.61244 -0.420913 2.5
      vertex 6.61244 -0.420913 0
    endloop
  endfacet
  facet normal 0.998796 0.0490529 0
    outer loop
      vertex 6.55698 -0.142124 2.5
      vertex 6.55 0 0
      vertex 6.55 0 2.5
    endloop
  endfacet
  facet normal 0.998796 0.0490529 0
    outer loop
      vertex 6.55 0 0
      vertex 6.55698 -0.142124 2.5
      vertex 6.55698 -0.142124 0
    endloop
  endfacet
  facet normal 0.803226 0.595675 0
    outer loop
      vertex 6.87913 -0.919869 2.5
      vertex 6.79437 -0.805576 0
      vertex 6.79437 -0.805576 2.5
    endloop
  endfacet
  facet normal 0.803226 0.595675 0
    outer loop
      vertex 6.79437 -0.805576 0
      vertex 6.87913 -0.919869 2.5
      vertex 6.87913 -0.919869 0
    endloop
  endfacet
  facet normal 0.857712 0.514131 0
    outer loop
      vertex 6.79437 -0.805576 2.5
      vertex 6.72121 -0.683525 0
      vertex 6.72121 -0.683525 2.5
    endloop
  endfacet
  facet normal 0.857712 0.514131 0
    outer loop
      vertex 6.72121 -0.683525 0
      vertex 6.79437 -0.805576 2.5
      vertex 6.79437 -0.805576 0
    endloop
  endfacet
  facet normal 0.903988 0.427559 0
    outer loop
      vertex 6.72121 -0.683525 2.5
      vertex 6.66037 -0.554891 0
      vertex 6.66037 -0.554891 2.5
    endloop
  endfacet
  facet normal 0.903988 0.427559 0
    outer loop
      vertex 6.66037 -0.554891 0
      vertex 6.72121 -0.683525 2.5
      vertex 6.72121 -0.683525 0
    endloop
  endfacet
  facet normal -0.146732 -0.989176 0
    outer loop
      vertex 8.14212 1.44302 0
      vertex 8.28288 1.42214 2.5
      vertex 8.14212 1.44302 2.5
    endloop
  endfacet
  facet normal -0.146732 -0.989176 -0
    outer loop
      vertex 8.28288 1.42214 2.5
      vertex 8.14212 1.44302 0
      vertex 8.28288 1.42214 0
    endloop
  endfacet
  facet normal 0.989176 -0.146735 0
    outer loop
      vertex 6.55698 0.142124 2.5
      vertex 6.57786 0.282881 0
      vertex 6.57786 0.282881 2.5
    endloop
  endfacet
  facet normal 0.989176 -0.146735 0
    outer loop
      vertex 6.57786 0.282881 0
      vertex 6.55698 0.142124 2.5
      vertex 6.55698 0.142124 0
    endloop
  endfacet
  facet normal -0.989176 0.146735 0
    outer loop
      vertex 9.42214 -0.282881 0
      vertex 9.44302 -0.142124 2.5
      vertex 9.44302 -0.142124 0
    endloop
  endfacet
  facet normal -0.989176 0.146735 0
    outer loop
      vertex 9.44302 -0.142124 2.5
      vertex 9.42214 -0.282881 0
      vertex 9.42214 -0.282881 2.5
    endloop
  endfacet
  facet normal -0.740941 0.67157 0
    outer loop
      vertex 9.0253 -1.0253 0
      vertex 9.12086 -0.919869 2.5
      vertex 9.12086 -0.919869 0
    endloop
  endfacet
  facet normal -0.740941 0.67157 0
    outer loop
      vertex 9.12086 -0.919869 2.5
      vertex 9.0253 -1.0253 0
      vertex 9.0253 -1.0253 2.5
    endloop
  endfacet
  facet normal -0.803192 0.59572 0
    outer loop
      vertex 9.12086 -0.919869 0
      vertex 9.20563 -0.805576 2.5
      vertex 9.20563 -0.805576 0
    endloop
  endfacet
  facet normal -0.803192 0.59572 0
    outer loop
      vertex 9.20563 -0.805576 2.5
      vertex 9.12086 -0.919869 0
      vertex 9.12086 -0.919869 2.5
    endloop
  endfacet
  facet normal -0.336897 0.941541 0
    outer loop
      vertex 8.55489 -1.33962 0
      vertex 8.42091 -1.38756 2.5
      vertex 8.55489 -1.33962 2.5
    endloop
  endfacet
  facet normal -0.336897 0.941541 0
    outer loop
      vertex 8.42091 -1.38756 2.5
      vertex 8.55489 -1.33962 0
      vertex 8.42091 -1.38756 0
    endloop
  endfacet
  facet normal -0.514134 0.85771 0
    outer loop
      vertex 8.80558 -1.20563 0
      vertex 8.68353 -1.27879 2.5
      vertex 8.80558 -1.20563 2.5
    endloop
  endfacet
  facet normal -0.514134 0.85771 0
    outer loop
      vertex 8.68353 -1.27879 2.5
      vertex 8.80558 -1.20563 0
      vertex 8.68353 -1.27879 0
    endloop
  endfacet
  facet normal 0.243015 0.970022 -0
    outer loop
      vertex 7.71712 -1.42214 0
      vertex 7.57909 -1.38756 2.5
      vertex 7.71712 -1.42214 2.5
    endloop
  endfacet
  facet normal 0.243015 0.970022 0
    outer loop
      vertex 7.57909 -1.38756 2.5
      vertex 7.71712 -1.42214 0
      vertex 7.57909 -1.38756 0
    endloop
  endfacet
  facet normal 0.427485 0.904022 -0
    outer loop
      vertex 7.44511 -1.33962 0
      vertex 7.31647 -1.27879 2.5
      vertex 7.44511 -1.33962 2.5
    endloop
  endfacet
  facet normal 0.427485 0.904022 0
    outer loop
      vertex 7.31647 -1.27879 2.5
      vertex 7.44511 -1.33962 0
      vertex 7.31647 -1.27879 0
    endloop
  endfacet
  facet normal 0.59573 0.803185 -0
    outer loop
      vertex 7.19442 -1.20563 0
      vertex 7.08013 -1.12086 2.5
      vertex 7.19442 -1.20563 2.5
    endloop
  endfacet
  facet normal 0.59573 0.803185 0
    outer loop
      vertex 7.08013 -1.12086 2.5
      vertex 7.19442 -1.20563 0
      vertex 7.08013 -1.12086 0
    endloop
  endfacet
  facet normal 0.941562 0.336839 0
    outer loop
      vertex 6.66037 -0.554891 2.5
      vertex 6.61244 -0.420913 0
      vertex 6.61244 -0.420913 2.5
    endloop
  endfacet
  facet normal 0.941562 0.336839 0
    outer loop
      vertex 6.61244 -0.420913 0
      vertex 6.66037 -0.554891 2.5
      vertex 6.66037 -0.554891 0
    endloop
  endfacet
  facet normal -0.94154 0.336902 0
    outer loop
      vertex 9.33962 -0.554891 0
      vertex 9.38756 -0.420913 2.5
      vertex 9.38756 -0.420913 0
    endloop
  endfacet
  facet normal -0.94154 0.336902 0
    outer loop
      vertex 9.38756 -0.420913 2.5
      vertex 9.33962 -0.554891 0
      vertex 9.33962 -0.554891 2.5
    endloop
  endfacet
  facet normal -0.970023 0.243012 0
    outer loop
      vertex 9.38756 -0.420913 0
      vertex 9.42214 -0.282881 2.5
      vertex 9.42214 -0.282881 0
    endloop
  endfacet
  facet normal -0.970023 0.243012 0
    outer loop
      vertex 9.42214 -0.282881 2.5
      vertex 9.38756 -0.420913 0
      vertex 9.38756 -0.420913 2.5
    endloop
  endfacet
  facet normal 0 0 -1
    outer loop
      vertex 9.45 0 0
      vertex 10.5 0 0
      vertex 10.488 -0.245043 0
    endloop
  endfacet
  facet normal 0 0 -1
    outer loop
      vertex 9.44302 -0.142124 0
      vertex 10.488 -0.245043 0
      vertex 10.452 -0.487725 0
    endloop
  endfacet
  facet normal 0 0 -1
    outer loop
      vertex 10.5 0 0
      vertex 9.45 0 0
      vertex 10.488 0.245043 0
    endloop
  endfacet
  facet normal 0 0 -1
    outer loop
      vertex 9.42214 -0.282881 0
      vertex 10.452 -0.487725 0
      vertex 10.3924 -0.725711 0
    endloop
  endfacet
  facet normal 0 0 -1
    outer loop
      vertex 9.44302 0.142124 0
      vertex 10.488 0.245043 0
      vertex 9.45 0 0
    endloop
  endfacet
  facet normal 0 0 -1
    outer loop
      vertex 9.38756 -0.420913 0
      vertex 10.3924 -0.725711 0
      vertex 10.3097 -0.956708 0
    endloop
  endfacet
  facet normal -0 0 -1
    outer loop
      vertex 10.488 0.245043 0
      vertex 9.44302 0.142124 0
      vertex 10.452 0.487725 0
    endloop
  endfacet
  facet normal 0 0 -1
    outer loop
      vertex 9.33962 -0.554891 0
      vertex 10.3097 -0.956708 0
      vertex 10.2048 -1.17849 0
    endloop
  endfacet
  facet normal 0 0 -1
    outer loop
      vertex 9.42214 0.282881 0
      vertex 10.452 0.487725 0
      vertex 9.44302 0.142124 0
    endloop
  endfacet
  facet normal 0 0 -1
    outer loop
      vertex 9.27879 -0.683525 0
      vertex 10.2048 -1.17849 0
      vertex 10.0787 -1.38893 0
    endloop
  endfacet
  facet normal -0 0 -1
    outer loop
      vertex 10.452 0.487725 0
      vertex 9.42214 0.282881 0
      vertex 10.3924 0.725711 0
    endloop
  endfacet
  facet normal 0 0 -1
    outer loop
      vertex 9.20563 -0.805576 0
      vertex 10.0787 -1.38893 0
      vertex 9.93253 -1.58598 0
    endloop
  endfacet
  facet normal 0 0 -1
    outer loop
      vertex 9.38756 0.420913 0
      vertex 10.3924 0.725711 0
      vertex 9.42214 0.282881 0
    endloop
  endfacet
  facet normal 0 0 -1
    outer loop
      vertex 9.12086 -0.919869 0
      vertex 9.93253 -1.58598 0
      vertex 9.76777 -1.76777 0
    endloop
  endfacet
  facet normal -0 0 -1
    outer loop
      vertex 10.3924 0.725711 0
      vertex 9.38756 0.420913 0
      vertex 10.3097 0.956708 0
    endloop
  endfacet
  facet normal 0 0 -1
    outer loop
      vertex 9.0253 -1.0253 0
      vertex 9.76777 -1.76777 0
      vertex 9.58598 -1.93253 0
    endloop
  endfacet
  facet normal 0 0 -1
    outer loop
      vertex 9.33962 0.554891 0
      vertex 10.3097 0.956708 0
      vertex 9.38756 0.420913 0
    endloop
  endfacet
  facet normal -0 0 -1
    outer loop
      vertex 10.3097 0.956708 0
      vertex 9.33962 0.554891 0
      vertex 10.2048 1.17849 0
    endloop
  endfacet
  facet normal 0 0 -1
    outer loop
      vertex 10.488 -0.245043 0
      vertex 9.44302 -0.142124 0
      vertex 9.45 0 0
    endloop
  endfacet
  facet normal 0 0 -1
    outer loop
      vertex 10.452 -0.487725 0
      vertex 9.42214 -0.282881 0
      vertex 9.44302 -0.142124 0
    endloop
  endfacet
  facet normal 0 0 -1
    outer loop
      vertex 8.91987 -1.12086 0
      vertex 9.58598 -1.93253 0
      vertex 9.38893 -2.07867 0
    endloop
  endfacet
  facet normal 0 0 -1
    outer loop
      vertex 10.3924 -0.725711 0
      vertex 9.38756 -0.420913 0
      vertex 9.42214 -0.282881 0
    endloop
  endfacet
  facet normal 0 0 -1
    outer loop
      vertex 10.3097 -0.956708 0
      vertex 9.33962 -0.554891 0
      vertex 9.38756 -0.420913 0
    endloop
  endfacet
  facet normal 0 0 -1
    outer loop
      vertex 10.2048 -1.17849 0
      vertex 9.27879 -0.683525 0
      vertex 9.33962 -0.554891 0
    endloop
  endfacet
  facet normal 0 0 -1
    outer loop
      vertex 10.0787 -1.38893 0
      vertex 9.20563 -0.805576 0
      vertex 9.27879 -0.683525 0
    endloop
  endfacet
  facet normal 0 0 -1
    outer loop
      vertex 8.80558 -1.20563 0
      vertex 9.38893 -2.07867 0
      vertex 9.17849 -2.2048 0
    endloop
  endfacet
  facet normal 0 0 -1
    outer loop
      vertex 9.93253 -1.58598 0
      vertex 9.12086 -0.919869 0
      vertex 9.20563 -0.805576 0
    endloop
  endfacet
  facet normal 0 0 -1
    outer loop
      vertex 9.76777 -1.76777 0
      vertex 9.0253 -1.0253 0
      vertex 9.12086 -0.919869 0
    endloop
  endfacet
  facet normal 0 0 -1
    outer loop
      vertex 8.68353 -1.27879 0
      vertex 9.17849 -2.2048 0
      vertex 8.95671 -2.3097 0
    endloop
  endfacet
  facet normal 0 0 -1
    outer loop
      vertex 9.58598 -1.93253 0
      vertex 8.91987 -1.12086 0
      vertex 9.0253 -1.0253 0
    endloop
  endfacet
  facet normal 0 0 -1
    outer loop
      vertex 9.38893 -2.07867 0
      vertex 8.80558 -1.20563 0
      vertex 8.91987 -1.12086 0
    endloop
  endfacet
  facet normal 0 0 -1
    outer loop
      vertex 8.55489 -1.33962 0
      vertex 8.95671 -2.3097 0
      vertex 8.72571 -2.39235 0
    endloop
  endfacet
  facet normal 0 0 -1
    outer loop
      vertex 9.17849 -2.2048 0
      vertex 8.68353 -1.27879 0
      vertex 8.80558 -1.20563 0
    endloop
  endfacet
  facet normal 0 0 -1
    outer loop
      vertex 8.95671 -2.3097 0
      vertex 8.55489 -1.33962 0
      vertex 8.68353 -1.27879 0
    endloop
  endfacet
  facet normal 0 0 -1
    outer loop
      vertex 8.42091 -1.38756 0
      vertex 8.72571 -2.39235 0
      vertex 8.48773 -2.45196 0
    endloop
  endfacet
  facet normal 0 0 -1
    outer loop
      vertex 8.72571 -2.39235 0
      vertex 8.42091 -1.38756 0
      vertex 8.55489 -1.33962 0
    endloop
  endfacet
  facet normal 0 0 -1
    outer loop
      vertex 8.48773 -2.45196 0
      vertex 8.28288 -1.42214 0
      vertex 8.42091 -1.38756 0
    endloop
  endfacet
  facet normal 0 0 -1
    outer loop
      vertex 8.24504 -2.48796 0
      vertex 8.28288 -1.42214 0
      vertex 8.48773 -2.45196 0
    endloop
  endfacet
  facet normal 0 0 -1
    outer loop
      vertex 8.24504 -2.48796 0
      vertex 8.14212 -1.44302 0
      vertex 8.28288 -1.42214 0
    endloop
  endfacet
  facet normal 0 0 -1
    outer loop
      vertex 8 -2.5 0
      vertex 8.14212 -1.44302 0
      vertex 8.24504 -2.48796 0
    endloop
  endfacet
  facet normal 0 0 -1
    outer loop
      vertex 8 -2.5 0
      vertex 8 -1.45 0
      vertex 8.14212 -1.44302 0
    endloop
  endfacet
  facet normal 0 0 -1
    outer loop
      vertex 8 -2.5 0
      vertex 7.85787 -1.44302 0
      vertex 8 -1.45 0
    endloop
  endfacet
  facet normal 0 0 -1
    outer loop
      vertex 8 -2.5 0
      vertex 7.71712 -1.42214 0
      vertex 7.85787 -1.44302 0
    endloop
  endfacet
  facet normal 0 0 -1
    outer loop
      vertex 8 -2.5 0
      vertex 7.57909 -1.38756 0
      vertex 7.71712 -1.42214 0
    endloop
  endfacet
  facet normal 0 0 -1
    outer loop
      vertex 8 -2.5 0
      vertex 7.44511 -1.33962 0
      vertex 7.57909 -1.38756 0
    endloop
  endfacet
  facet normal 0 0 -1
    outer loop
      vertex 8 -2.5 0
      vertex 7.31647 -1.27879 0
      vertex 7.44511 -1.33962 0
    endloop
  endfacet
  facet normal 0 0 -1
    outer loop
      vertex 8 -2.5 0
      vertex 7.19442 -1.20563 0
      vertex 7.31647 -1.27879 0
    endloop
  endfacet
  facet normal 0 0 -1
    outer loop
      vertex 8 -2.5 0
      vertex 7.08013 -1.12086 0
      vertex 7.19442 -1.20563 0
    endloop
  endfacet
  facet normal 0 0 -1
    outer loop
      vertex 8 -2.5 0
      vertex 6.97469 -1.0253 0
      vertex 7.08013 -1.12086 0
    endloop
  endfacet
  facet normal 0 0 -1
    outer loop
      vertex 1.0253 -1.0253 0
      vertex 6.97469 -1.0253 0
      vertex 8 -2.5 0
    endloop
  endfacet
  facet normal 0 0 -1
    outer loop
      vertex 6.97469 -1.0253 0
      vertex 1.0253 -1.0253 0
      vertex 6.87913 -0.919869 0
    endloop
  endfacet
  facet normal 0 0 -1
    outer loop
      vertex 6.55698 -0.142124 0
      vertex 1.45 0 0
      vertex 6.55 0 0
    endloop
  endfacet
  facet normal 0 0 -1
    outer loop
      vertex 1.44302 -0.142124 0
      vertex 6.55698 -0.142124 0
      vertex 6.57786 -0.282881 0
    endloop
  endfacet
  facet normal 0 0 -1
    outer loop
      vertex 1.42214 -0.282881 0
      vertex 6.57786 -0.282881 0
      vertex 6.61244 -0.420913 0
    endloop
  endfacet
  facet normal 0 0 -1
    outer loop
      vertex 1.38756 -0.420913 0
      vertex 6.61244 -0.420913 0
      vertex 6.66037 -0.554891 0
    endloop
  endfacet
  facet normal 0 0 -1
    outer loop
      vertex 1.33962 -0.554891 0
      vertex 6.66037 -0.554891 0
      vertex 6.72121 -0.683525 0
    endloop
  endfacet
  facet normal 0 0 -1
    outer loop
      vertex 1.27879 -0.683525 0
      vertex 6.72121 -0.683525 0
      vertex 6.79437 -0.805576 0
    endloop
  endfacet
  facet normal 0 -0 -1
    outer loop
      vertex 1.12086 -0.919869 0
      vertex 6.87913 -0.919869 0
      vertex 1.0253 -1.0253 0
    endloop
  endfacet
  facet normal 0 0 -1
    outer loop
      vertex 6.55698 -0.142124 0
      vertex 1.44302 -0.142124 0
      vertex 1.45 0 0
    endloop
  endfacet
  facet normal 0 0 -1
    outer loop
      vertex 6.57786 -0.282881 0
      vertex 1.42214 -0.282881 0
      vertex 1.44302 -0.142124 0
    endloop
  endfacet
  facet normal 0 0 -1
    outer loop
      vertex 6.61244 -0.420913 0
      vertex 1.38756 -0.420913 0
      vertex 1.42214 -0.282881 0
    endloop
  endfacet
  facet normal 0 0 -1
    outer loop
      vertex 6.66037 -0.554891 0
      vertex 1.33962 -0.554891 0
      vertex 1.38756 -0.420913 0
    endloop
  endfacet
  facet normal 0 0 -1
    outer loop
      vertex 6.72121 -0.683525 0
      vertex 1.27879 -0.683525 0
      vertex 1.33962 -0.554891 0
    endloop
  endfacet
  facet normal 0 0 -1
    outer loop
      vertex 6.79437 -0.805576 0
      vertex 1.20563 -0.805576 0
      vertex 1.27879 -0.683525 0
    endloop
  endfacet
  facet normal -0 0 -1
    outer loop
      vertex 6.79437 -0.805576 0
      vertex 1.12086 -0.919869 0
      vertex 1.20563 -0.805576 0
    endloop
  endfacet
  facet normal 0 0 -1
    outer loop
      vertex 6.87913 -0.919869 0
      vertex 1.12086 -0.919869 0
      vertex 6.79437 -0.805576 0
    endloop
  endfacet
  facet normal 0 0 -1
    outer loop
      vertex 0 -2.5 0
      vertex 1.0253 -1.0253 0
      vertex 8 -2.5 0
    endloop
  endfacet
  facet normal 0 0 -1
    outer loop
      vertex 1.0253 -1.0253 0
      vertex 0 -2.5 0
      vertex 0.919869 -1.12086 0
    endloop
  endfacet
  facet normal 0 0 -1
    outer loop
      vertex 0.919869 -1.12086 0
      vertex 0 -2.5 0
      vertex 0.805576 -1.20563 0
    endloop
  endfacet
  facet normal 0 0 -1
    outer loop
      vertex 0.805576 -1.20563 0
      vertex 0 -2.5 0
      vertex 0.683525 -1.27879 0
    endloop
  endfacet
  facet normal 0 0 -1
    outer loop
      vertex 0.683525 -1.27879 0
      vertex 0 -2.5 0
      vertex 0.554891 -1.33962 0
    endloop
  endfacet
  facet normal 0 0 -1
    outer loop
      vertex 0.554891 -1.33962 0
      vertex 0 -2.5 0
      vertex 0.420913 -1.38756 0
    endloop
  endfacet
  facet normal 0 0 -1
    outer loop
      vertex 0.420913 -1.38756 0
      vertex 0 -2.5 0
      vertex 0.282881 -1.42214 0
    endloop
  endfacet
  facet normal 0 0 -1
    outer loop
      vertex 0.282881 -1.42214 0
      vertex 0 -2.5 0
      vertex 0.142124 -1.44302 0
    endloop
  endfacet
  facet normal 0 0 -1
    outer loop
      vertex 0 -2.5 0
      vertex 0 -1.45 0
      vertex 0.142124 -1.44302 0
    endloop
  endfacet
  facet normal 0 0 -1
    outer loop
      vertex 0 -2.5 0
      vertex -0.142124 -1.44302 0
      vertex 0 -1.45 0
    endloop
  endfacet
  facet normal 0 0 -1
    outer loop
      vertex -0.245043 -2.48796 0
      vertex -0.142124 -1.44302 0
      vertex 0 -2.5 0
    endloop
  endfacet
  facet normal 0 0 -1
    outer loop
      vertex -0.245043 -2.48796 0
      vertex -0.282881 -1.42214 0
      vertex -0.142124 -1.44302 0
    endloop
  endfacet
  facet normal 0 0 -1
    outer loop
      vertex -0.487725 -2.45196 0
      vertex -0.282881 -1.42214 0
      vertex -0.245043 -2.48796 0
    endloop
  endfacet
  facet normal -0 0 -1
    outer loop
      vertex -0.282881 -1.42214 0
      vertex -0.487725 -2.45196 0
      vertex -0.420913 -1.38756 0
    endloop
  endfacet
  facet normal 0 0 -1
    outer loop
      vertex -0.725711 -2.39235 0
      vertex -0.420913 -1.38756 0
      vertex -0.487725 -2.45196 0
    endloop
  endfacet
  facet normal -0 0 -1
    outer loop
      vertex -0.420913 -1.38756 0
      vertex -0.725711 -2.39235 0
      vertex -0.554891 -1.33962 0
    endloop
  endfacet
  facet normal 0 0 -1
    outer loop
      vertex -0.956708 -2.3097 0
      vertex -0.554891 -1.33962 0
      vertex -0.725711 -2.39235 0
    endloop
  endfacet
  facet normal -0 0 -1
    outer loop
      vertex -0.554891 -1.33962 0
      vertex -0.956708 -2.3097 0
      vertex -0.683525 -1.27879 0
    endloop
  endfacet
  facet normal 0 0 -1
    outer loop
      vertex -1.17849 -2.2048 0
      vertex -0.683525 -1.27879 0
      vertex -0.956708 -2.3097 0
    endloop
  endfacet
  facet normal -0 0 -1
    outer loop
      vertex -0.683525 -1.27879 0
      vertex -1.17849 -2.2048 0
      vertex -0.805576 -1.20563 0
    endloop
  endfacet
  facet normal 0 0 -1
    outer loop
      vertex -1.38893 -2.07867 0
      vertex -0.805576 -1.20563 0
      vertex -1.17849 -2.2048 0
    endloop
  endfacet
  facet normal -0 0 -1
    outer loop
      vertex -0.805576 -1.20563 0
      vertex -1.38893 -2.07867 0
      vertex -0.919869 -1.12086 0
    endloop
  endfacet
  facet normal 0 0 -1
    outer loop
      vertex -1.58598 -1.93253 0
      vertex -0.919869 -1.12086 0
      vertex -1.38893 -2.07867 0
    endloop
  endfacet
  facet normal -0 0 -1
    outer loop
      vertex -0.919869 -1.12086 0
      vertex -1.58598 -1.93253 0
      vertex -1.0253 -1.0253 0
    endloop
  endfacet
  facet normal 0 0 -1
    outer loop
      vertex -1.76777 -1.76777 0
      vertex -1.0253 -1.0253 0
      vertex -1.58598 -1.93253 0
    endloop
  endfacet
  facet normal -0 0 -1
    outer loop
      vertex -1.0253 -1.0253 0
      vertex -1.76777 -1.76777 0
      vertex -1.12086 -0.919869 0
    endloop
  endfacet
  facet normal 0 0 -1
    outer loop
      vertex -1.93253 -1.58598 0
      vertex -1.12086 -0.919869 0
      vertex -1.76777 -1.76777 0
    endloop
  endfacet
  facet normal -0 0 -1
    outer loop
      vertex -1.12086 -0.919869 0
      vertex -1.93253 -1.58598 0
      vertex -1.20563 -0.805576 0
    endloop
  endfacet
  facet normal 0 0 -1
    outer loop
      vertex -2.07867 -1.38893 0
      vertex -1.20563 -0.805576 0
      vertex -1.93253 -1.58598 0
    endloop
  endfacet
  facet normal -0 0 -1
    outer loop
      vertex -1.20563 -0.805576 0
      vertex -2.07867 -1.38893 0
      vertex -1.27879 -0.683525 0
    endloop
  endfacet
  facet normal 0 0 -1
    outer loop
      vertex -2.2048 -1.17849 0
      vertex -1.27879 -0.683525 0
      vertex -2.07867 -1.38893 0
    endloop
  endfacet
  facet normal -0 0 -1
    outer loop
      vertex -1.27879 -0.683525 0
      vertex -2.2048 -1.17849 0
      vertex -1.33962 -0.554891 0
    endloop
  endfacet
  facet normal 0 0 -1
    outer loop
      vertex 9.27879 0.683525 0
      vertex 10.2048 1.17849 0
      vertex 9.33962 0.554891 0
    endloop
  endfacet
  facet normal -0 0 -1
    outer loop
      vertex 10.2048 1.17849 0
      vertex 9.27879 0.683525 0
      vertex 10.0787 1.38893 0
    endloop
  endfacet
  facet normal 0 0 -1
    outer loop
      vertex 9.20563 0.805576 0
      vertex 10.0787 1.38893 0
      vertex 9.27879 0.683525 0
    endloop
  endfacet
  facet normal -0 0 -1
    outer loop
      vertex 10.0787 1.38893 0
      vertex 9.20563 0.805576 0
      vertex 9.93253 1.58598 0
    endloop
  endfacet
  facet normal 0 0 -1
    outer loop
      vertex 9.12086 0.919869 0
      vertex 9.93253 1.58598 0
      vertex 9.20563 0.805576 0
    endloop
  endfacet
  facet normal -0 0 -1
    outer loop
      vertex 9.93253 1.58598 0
      vertex 9.12086 0.919869 0
      vertex 9.76777 1.76777 0
    endloop
  endfacet
  facet normal 0 0 -1
    outer loop
      vertex 9.0253 1.0253 0
      vertex 9.76777 1.76777 0
      vertex 9.12086 0.919869 0
    endloop
  endfacet
  facet normal -0 0 -1
    outer loop
      vertex 9.76777 1.76777 0
      vertex 9.0253 1.0253 0
      vertex 9.58598 1.93253 0
    endloop
  endfacet
  facet normal 0 0 -1
    outer loop
      vertex 8.91987 1.12086 0
      vertex 9.58598 1.93253 0
      vertex 9.0253 1.0253 0
    endloop
  endfacet
  facet normal -0 0 -1
    outer loop
      vertex 9.58598 1.93253 0
      vertex 8.91987 1.12086 0
      vertex 9.38893 2.07867 0
    endloop
  endfacet
  facet normal 0 0 -1
    outer loop
      vertex 8.80558 1.20563 0
      vertex 9.38893 2.07867 0
      vertex 8.91987 1.12086 0
    endloop
  endfacet
  facet normal -0 0 -1
    outer loop
      vertex 9.38893 2.07867 0
      vertex 8.80558 1.20563 0
      vertex 9.17849 2.2048 0
    endloop
  endfacet
  facet normal 0 0 -1
    outer loop
      vertex 8.68353 1.27879 0
      vertex 9.17849 2.2048 0
      vertex 8.80558 1.20563 0
    endloop
  endfacet
  facet normal -0 0 -1
    outer loop
      vertex 9.17849 2.2048 0
      vertex 8.68353 1.27879 0
      vertex 8.95671 2.3097 0
    endloop
  endfacet
  facet normal 0 0 -1
    outer loop
      vertex 8.55489 1.33962 0
      vertex 8.95671 2.3097 0
      vertex 8.68353 1.27879 0
    endloop
  endfacet
  facet normal -0 0 -1
    outer loop
      vertex 8.95671 2.3097 0
      vertex 8.55489 1.33962 0
      vertex 8.72571 2.39235 0
    endloop
  endfacet
  facet normal 0 0 -1
    outer loop
      vertex 8.42091 1.38756 0
      vertex 8.72571 2.39235 0
      vertex 8.55489 1.33962 0
    endloop
  endfacet
  facet normal -0 0 -1
    outer loop
      vertex 8.72571 2.39235 0
      vertex 8.42091 1.38756 0
      vertex 8.48773 2.45196 0
    endloop
  endfacet
  facet normal 0 0 -1
    outer loop
      vertex 8.28288 1.42214 0
      vertex 8.48773 2.45196 0
      vertex 8.42091 1.38756 0
    endloop
  endfacet
  facet normal 0 0 -1
    outer loop
      vertex 8.28288 1.42214 0
      vertex 8.24504 2.48796 0
      vertex 8.48773 2.45196 0
    endloop
  endfacet
  facet normal 0 0 -1
    outer loop
      vertex 8.14212 1.44302 0
      vertex 8.24504 2.48796 0
      vertex 8.28288 1.42214 0
    endloop
  endfacet
  facet normal 0 0 -1
    outer loop
      vertex 8 1.45 0
      vertex 8.24504 2.48796 0
      vertex 8.14212 1.44302 0
    endloop
  endfacet
  facet normal 0 0 -1
    outer loop
      vertex 8 1.45 0
      vertex 8 2.5 0
      vertex 8.24504 2.48796 0
    endloop
  endfacet
  facet normal 0 0 -1
    outer loop
      vertex 7.85787 1.44302 0
      vertex 8 2.5 0
      vertex 8 1.45 0
    endloop
  endfacet
  facet normal 0 0 -1
    outer loop
      vertex 7.71712 1.42214 0
      vertex 8 2.5 0
      vertex 7.85787 1.44302 0
    endloop
  endfacet
  facet normal 0 0 -1
    outer loop
      vertex 7.57909 1.38756 0
      vertex 8 2.5 0
      vertex 7.71712 1.42214 0
    endloop
  endfacet
  facet normal 0 0 -1
    outer loop
      vertex 7.44511 1.33962 0
      vertex 8 2.5 0
      vertex 7.57909 1.38756 0
    endloop
  endfacet
  facet normal 0 0 -1
    outer loop
      vertex 7.31647 1.27879 0
      vertex 8 2.5 0
      vertex 7.44511 1.33962 0
    endloop
  endfacet
  facet normal 0 0 -1
    outer loop
      vertex 7.19442 1.20563 0
      vertex 8 2.5 0
      vertex 7.31647 1.27879 0
    endloop
  endfacet
  facet normal 0 0 -1
    outer loop
      vertex 7.08013 1.12086 0
      vertex 8 2.5 0
      vertex 7.19442 1.20563 0
    endloop
  endfacet
  facet normal 0 0 -1
    outer loop
      vertex 6.97469 1.0253 0
      vertex 8 2.5 0
      vertex 7.08013 1.12086 0
    endloop
  endfacet
  facet normal 0 0 -1
    outer loop
      vertex 1.0253 1.0253 0
      vertex 6.97469 1.0253 0
      vertex 6.87913 0.919869 0
    endloop
  endfacet
  facet normal 0 0 -1
    outer loop
      vertex 1.12086 0.919869 0
      vertex 6.87913 0.919869 0
      vertex 6.79437 0.805576 0
    endloop
  endfacet
  facet normal 0 0 -1
    outer loop
      vertex 1.45 0 0
      vertex 6.55698 0.142124 0
      vertex 6.55 0 0
    endloop
  endfacet
  facet normal 0 0 -1
    outer loop
      vertex 1.44302 0.142124 0
      vertex 6.55698 0.142124 0
      vertex 1.45 0 0
    endloop
  endfacet
  facet normal 0 0 -1
    outer loop
      vertex 6.55698 0.142124 0
      vertex 1.44302 0.142124 0
      vertex 6.57786 0.282881 0
    endloop
  endfacet
  facet normal 0 0 -1
    outer loop
      vertex 1.42214 0.282881 0
      vertex 6.57786 0.282881 0
      vertex 1.44302 0.142124 0
    endloop
  endfacet
  facet normal 0 0 -1
    outer loop
      vertex 6.57786 0.282881 0
      vertex 1.42214 0.282881 0
      vertex 6.61244 0.420913 0
    endloop
  endfacet
  facet normal 0 0 -1
    outer loop
      vertex 1.38756 0.420913 0
      vertex 6.61244 0.420913 0
      vertex 1.42214 0.282881 0
    endloop
  endfacet
  facet normal 0 0 -1
    outer loop
      vertex 6.61244 0.420913 0
      vertex 1.38756 0.420913 0
      vertex 6.66037 0.554891 0
    endloop
  endfacet
  facet normal 0 0 -1
    outer loop
      vertex 1.33962 0.554891 0
      vertex 6.66037 0.554891 0
      vertex 1.38756 0.420913 0
    endloop
  endfacet
  facet normal 0 0 -1
    outer loop
      vertex 6.66037 0.554891 0
      vertex 1.33962 0.554891 0
      vertex 6.72121 0.683525 0
    endloop
  endfacet
  facet normal 0 0 -1
    outer loop
      vertex 1.27879 0.683525 0
      vertex 6.72121 0.683525 0
      vertex 1.33962 0.554891 0
    endloop
  endfacet
  facet normal 0 0 -1
    outer loop
      vertex 6.72121 0.683525 0
      vertex 1.27879 0.683525 0
      vertex 6.79437 0.805576 0
    endloop
  endfacet
  facet normal 0 0 -1
    outer loop
      vertex 1.20563 0.805576 0
      vertex 6.79437 0.805576 0
      vertex 1.27879 0.683525 0
    endloop
  endfacet
  facet normal 0 0 -1
    outer loop
      vertex 1.12086 0.919869 0
      vertex 6.79437 0.805576 0
      vertex 1.20563 0.805576 0
    endloop
  endfacet
  facet normal 0 0 -1
    outer loop
      vertex 6.87913 0.919869 0
      vertex 1.12086 0.919869 0
      vertex 1.0253 1.0253 0
    endloop
  endfacet
  facet normal 0 0 -1
    outer loop
      vertex 6.97469 1.0253 0
      vertex 1.0253 1.0253 0
      vertex 8 2.5 0
    endloop
  endfacet
  facet normal 0 0 -1
    outer loop
      vertex 0 2.5 0
      vertex 1.0253 1.0253 0
      vertex 0.919869 1.12086 0
    endloop
  endfacet
  facet normal 0 0 -1
    outer loop
      vertex 0 2.5 0
      vertex 0.919869 1.12086 0
      vertex 0.805576 1.20563 0
    endloop
  endfacet
  facet normal 0 0 -1
    outer loop
      vertex 0 2.5 0
      vertex 0.805576 1.20563 0
      vertex 0.683525 1.27879 0
    endloop
  endfacet
  facet normal 0 0 -1
    outer loop
      vertex 0 2.5 0
      vertex 0.683525 1.27879 0
      vertex 0.554891 1.33962 0
    endloop
  endfacet
  facet normal 0 0 -1
    outer loop
      vertex 0 2.5 0
      vertex 0.554891 1.33962 0
      vertex 0.420913 1.38756 0
    endloop
  endfacet
  facet normal 0 0 -1
    outer loop
      vertex 0 2.5 0
      vertex 0.420913 1.38756 0
      vertex 0.282881 1.42214 0
    endloop
  endfacet
  facet normal 0 0 -1
    outer loop
      vertex 0 2.5 0
      vertex 0.282881 1.42214 0
      vertex 0.142124 1.44302 0
    endloop
  endfacet
  facet normal 0 0 -1
    outer loop
      vertex 0 2.5 0
      vertex 0.142124 1.44302 0
      vertex 0 1.45 0
    endloop
  endfacet
  facet normal 0 0 -1
    outer loop
      vertex 1.0253 1.0253 0
      vertex 0 2.5 0
      vertex 8 2.5 0
    endloop
  endfacet
  facet normal 0 0 -1
    outer loop
      vertex -0.142124 1.44302 0
      vertex 0 2.5 0
      vertex 0 1.45 0
    endloop
  endfacet
  facet normal 0 0 -1
    outer loop
      vertex -0.142124 1.44302 0
      vertex -0.245043 2.48796 0
      vertex 0 2.5 0
    endloop
  endfacet
  facet normal 0 0 -1
    outer loop
      vertex -0.282881 1.42214 0
      vertex -0.245043 2.48796 0
      vertex -0.142124 1.44302 0
    endloop
  endfacet
  facet normal 0 0 -1
    outer loop
      vertex -0.487725 2.45196 0
      vertex -0.282881 1.42214 0
      vertex -0.420913 1.38756 0
    endloop
  endfacet
  facet normal 0 0 -1
    outer loop
      vertex -0.282881 1.42214 0
      vertex -0.487725 2.45196 0
      vertex -0.245043 2.48796 0
    endloop
  endfacet
  facet normal 0 0 -1
    outer loop
      vertex -0.725711 2.39235 0
      vertex -0.420913 1.38756 0
      vertex -0.554891 1.33962 0
    endloop
  endfacet
  facet normal 0 0 -1
    outer loop
      vertex -0.956708 2.3097 0
      vertex -0.554891 1.33962 0
      vertex -0.683525 1.27879 0
    endloop
  endfacet
  facet normal 0 0 -1
    outer loop
      vertex -0.420913 1.38756 0
      vertex -0.725711 2.39235 0
      vertex -0.487725 2.45196 0
    endloop
  endfacet
  facet normal 0 0 -1
    outer loop
      vertex -1.17849 2.2048 0
      vertex -0.683525 1.27879 0
      vertex -0.805576 1.20563 0
    endloop
  endfacet
  facet normal 0 0 -1
    outer loop
      vertex -1.38893 2.07867 0
      vertex -0.805576 1.20563 0
      vertex -0.919869 1.12086 0
    endloop
  endfacet
  facet normal 0 0 -1
    outer loop
      vertex -0.554891 1.33962 0
      vertex -0.956708 2.3097 0
      vertex -0.725711 2.39235 0
    endloop
  endfacet
  facet normal 0 0 -1
    outer loop
      vertex -1.58598 1.93253 0
      vertex -0.919869 1.12086 0
      vertex -1.0253 1.0253 0
    endloop
  endfacet
  facet normal 0 0 -1
    outer loop
      vertex -1.76777 1.76777 0
      vertex -1.0253 1.0253 0
      vertex -1.12086 0.919869 0
    endloop
  endfacet
  facet normal 0 0 -1
    outer loop
      vertex -0.683525 1.27879 0
      vertex -1.17849 2.2048 0
      vertex -0.956708 2.3097 0
    endloop
  endfacet
  facet normal 0 0 -1
    outer loop
      vertex -1.93253 1.58598 0
      vertex -1.12086 0.919869 0
      vertex -1.20563 0.805576 0
    endloop
  endfacet
  facet normal 0 0 -1
    outer loop
      vertex -2.07867 1.38893 0
      vertex -1.20563 0.805576 0
      vertex -1.27879 0.683525 0
    endloop
  endfacet
  facet normal 0 0 -1
    outer loop
      vertex -2.2048 1.17849 0
      vertex -1.27879 0.683525 0
      vertex -1.33962 0.554891 0
    endloop
  endfacet
  facet normal 0 0 -1
    outer loop
      vertex -2.3097 0.956708 0
      vertex -1.33962 0.554891 0
      vertex -1.38756 0.420913 0
    endloop
  endfacet
  facet normal 0 0 -1
    outer loop
      vertex -0.805576 1.20563 0
      vertex -1.38893 2.07867 0
      vertex -1.17849 2.2048 0
    endloop
  endfacet
  facet normal 0 0 -1
    outer loop
      vertex -2.39235 0.725711 0
      vertex -1.38756 0.420913 0
      vertex -1.42214 0.282881 0
    endloop
  endfacet
  facet normal 0 0 -1
    outer loop
      vertex -2.45196 0.487725 0
      vertex -1.42214 0.282881 0
      vertex -1.44302 0.142124 0
    endloop
  endfacet
  facet normal 0 0 -1
    outer loop
      vertex -2.48796 0.245043 0
      vertex -1.44302 0.142124 0
      vertex -1.45 0 0
    endloop
  endfacet
  facet normal 0 0 -1
    outer loop
      vertex -2.3097 -0.956708 0
      vertex -1.33962 -0.554891 0
      vertex -2.2048 -1.17849 0
    endloop
  endfacet
  facet normal 0 0 -1
    outer loop
      vertex -0.919869 1.12086 0
      vertex -1.58598 1.93253 0
      vertex -1.38893 2.07867 0
    endloop
  endfacet
  facet normal -0 0 -1
    outer loop
      vertex -1.33962 -0.554891 0
      vertex -2.3097 -0.956708 0
      vertex -1.38756 -0.420913 0
    endloop
  endfacet
  facet normal 0 0 -1
    outer loop
      vertex -1.0253 1.0253 0
      vertex -1.76777 1.76777 0
      vertex -1.58598 1.93253 0
    endloop
  endfacet
  facet normal 0 0 -1
    outer loop
      vertex -2.39235 -0.725711 0
      vertex -1.38756 -0.420913 0
      vertex -2.3097 -0.956708 0
    endloop
  endfacet
  facet normal 0 0 -1
    outer loop
      vertex -1.12086 0.919869 0
      vertex -1.93253 1.58598 0
      vertex -1.76777 1.76777 0
    endloop
  endfacet
  facet normal -0 0 -1
    outer loop
      vertex -1.38756 -0.420913 0
      vertex -2.39235 -0.725711 0
      vertex -1.42214 -0.282881 0
    endloop
  endfacet
  facet normal 0 0 -1
    outer loop
      vertex -1.20563 0.805576 0
      vertex -2.07867 1.38893 0
      vertex -1.93253 1.58598 0
    endloop
  endfacet
  facet normal 0 0 -1
    outer loop
      vertex -2.45196 -0.487725 0
      vertex -1.42214 -0.282881 0
      vertex -2.39235 -0.725711 0
    endloop
  endfacet
  facet normal 0 0 -1
    outer loop
      vertex -1.27879 0.683525 0
      vertex -2.2048 1.17849 0
      vertex -2.07867 1.38893 0
    endloop
  endfacet
  facet normal -0 0 -1
    outer loop
      vertex -1.42214 -0.282881 0
      vertex -2.45196 -0.487725 0
      vertex -1.44302 -0.142124 0
    endloop
  endfacet
  facet normal 0 0 -1
    outer loop
      vertex -1.33962 0.554891 0
      vertex -2.3097 0.956708 0
      vertex -2.2048 1.17849 0
    endloop
  endfacet
  facet normal 0 0 -1
    outer loop
      vertex -2.48796 -0.245043 0
      vertex -1.44302 -0.142124 0
      vertex -2.45196 -0.487725 0
    endloop
  endfacet
  facet normal 0 0 -1
    outer loop
      vertex -1.38756 0.420913 0
      vertex -2.39235 0.725711 0
      vertex -2.3097 0.956708 0
    endloop
  endfacet
  facet normal -0 0 -1
    outer loop
      vertex -1.44302 -0.142124 0
      vertex -2.48796 -0.245043 0
      vertex -1.45 0 0
    endloop
  endfacet
  facet normal 0 0 -1
    outer loop
      vertex -1.42214 0.282881 0
      vertex -2.45196 0.487725 0
      vertex -2.39235 0.725711 0
    endloop
  endfacet
  facet normal 0 0 -1
    outer loop
      vertex -2.5 0 0
      vertex -1.45 0 0
      vertex -2.48796 -0.245043 0
    endloop
  endfacet
  facet normal 0 0 -1
    outer loop
      vertex -1.44302 0.142124 0
      vertex -2.48796 0.245043 0
      vertex -2.45196 0.487725 0
    endloop
  endfacet
  facet normal 0 0 -1
    outer loop
      vertex -1.45 0 0
      vertex -2.5 0 0
      vertex -2.48796 0.245043 0
    endloop
  endfacet
  facet normal -0.989176 -0.146737 0
    outer loop
      vertex -2.45196 -0.487725 0
      vertex -2.48796 -0.245043 2.5
      vertex -2.48796 -0.245043 0
    endloop
  endfacet
  facet normal -0.989176 -0.146737 0
    outer loop
      vertex -2.48796 -0.245043 2.5
      vertex -2.45196 -0.487725 0
      vertex -2.45196 -0.487725 2.5
    endloop
  endfacet
  facet normal -0.998795 0.049075 0
    outer loop
      vertex -2.5 0 0
      vertex -2.48796 0.245043 2.5
      vertex -2.48796 0.245043 0
    endloop
  endfacet
  facet normal -0.998795 0.049075 0
    outer loop
      vertex -2.48796 0.245043 2.5
      vertex -2.5 0 0
      vertex -2.5 0 2.5
    endloop
  endfacet
  facet normal 0.998803 0.0489124 0
    outer loop
      vertex 10.5 0 2.5
      vertex 10.488 0.245043 0
      vertex 10.488 0.245043 2.5
    endloop
  endfacet
  facet normal 0.998803 0.0489124 0
    outer loop
      vertex 10.488 0.245043 0
      vertex 10.5 0 2.5
      vertex 10.5 0 0
    endloop
  endfacet
  facet normal -0.998795 -0.049075 0
    outer loop
      vertex -2.48796 -0.245043 0
      vertex -2.5 0 2.5
      vertex -2.5 0 0
    endloop
  endfacet
  facet normal -0.998795 -0.049075 0
    outer loop
      vertex -2.5 0 2.5
      vertex -2.48796 -0.245043 0
      vertex -2.48796 -0.245043 2.5
    endloop
  endfacet
  facet normal 0 1 -0
    outer loop
      vertex 8 2.5 0
      vertex 0 2.5 2.5
      vertex 8 2.5 2.5
    endloop
  endfacet
  facet normal 0 1 0
    outer loop
      vertex 0 2.5 2.5
      vertex 8 2.5 0
      vertex 0 2.5 0
    endloop
  endfacet
  facet normal -0.671548 0.740961 0
    outer loop
      vertex -1.58598 1.93253 0
      vertex -1.76777 1.76777 2.5
      vertex -1.58598 1.93253 2.5
    endloop
  endfacet
  facet normal -0.671548 0.740961 0
    outer loop
      vertex -1.76777 1.76777 2.5
      vertex -1.58598 1.93253 0
      vertex -1.76777 1.76777 0
    endloop
  endfacet
  facet normal 0.242977 0.970032 -0
    outer loop
      vertex 8.72571 2.39235 0
      vertex 8.48773 2.45196 2.5
      vertex 8.72571 2.39235 2.5
    endloop
  endfacet
  facet normal 0.242977 0.970032 0
    outer loop
      vertex 8.48773 2.45196 2.5
      vertex 8.72571 2.39235 0
      vertex 8.48773 2.45196 0
    endloop
  endfacet
  facet normal -0.903982 0.427572 0
    outer loop
      vertex -2.3097 0.956708 0
      vertex -2.2048 1.17849 2.5
      vertex -2.2048 1.17849 0
    endloop
  endfacet
  facet normal -0.903982 0.427572 0
    outer loop
      vertex -2.2048 1.17849 2.5
      vertex -2.3097 0.956708 0
      vertex -2.3097 0.956708 2.5
    endloop
  endfacet
  facet normal 0.740961 0.671548 0
    outer loop
      vertex 9.93253 1.58598 2.5
      vertex 9.76777 1.76777 0
      vertex 9.76777 1.76777 2.5
    endloop
  endfacet
  facet normal 0.740961 0.671548 0
    outer loop
      vertex 9.76777 1.76777 0
      vertex 9.93253 1.58598 2.5
      vertex 9.93253 1.58598 0
    endloop
  endfacet
  facet normal 0.0490756 0.998795 -0
    outer loop
      vertex 8.24504 2.48796 0
      vertex 8 2.5 2.5
      vertex 8.24504 2.48796 2.5
    endloop
  endfacet
  facet normal 0.0490756 0.998795 0
    outer loop
      vertex 8 2.5 2.5
      vertex 8.24504 2.48796 0
      vertex 8 2.5 0
    endloop
  endfacet
  facet normal 0.146732 0.989176 -0
    outer loop
      vertex 8.48773 2.45196 0
      vertex 8.24504 2.48796 2.5
      vertex 8.48773 2.45196 2.5
    endloop
  endfacet
  facet normal 0.146732 0.989176 0
    outer loop
      vertex 8.24504 2.48796 2.5
      vertex 8.48773 2.45196 0
      vertex 8.24504 2.48796 0
    endloop
  endfacet
  facet normal -0.336882 0.941547 0
    outer loop
      vertex -0.725711 2.39235 0
      vertex -0.956708 2.3097 2.5
      vertex -0.725711 2.39235 2.5
    endloop
  endfacet
  facet normal -0.336882 0.941547 0
    outer loop
      vertex -0.956708 2.3097 2.5
      vertex -0.725711 2.39235 0
      vertex -0.956708 2.3097 0
    endloop
  endfacet
  facet normal -0.146737 -0.989176 0
    outer loop
      vertex -0.487725 -2.45196 0
      vertex -0.245043 -2.48796 2.5
      vertex -0.487725 -2.45196 2.5
    endloop
  endfacet
  facet normal -0.146737 -0.989176 -0
    outer loop
      vertex -0.245043 -2.48796 2.5
      vertex -0.487725 -2.45196 0
      vertex -0.245043 -2.48796 0
    endloop
  endfacet
  facet normal 0 -1 0
    outer loop
      vertex 0 -2.5 0
      vertex 8 -2.5 2.5
      vertex 0 -2.5 2.5
    endloop
  endfacet
  facet normal 0 -1 -0
    outer loop
      vertex 8 -2.5 2.5
      vertex 0 -2.5 0
      vertex 8 -2.5 0
    endloop
  endfacet
  facet normal -0.970034 0.242971 0
    outer loop
      vertex -2.45196 0.487725 0
      vertex -2.39235 0.725711 2.5
      vertex -2.39235 0.725711 0
    endloop
  endfacet
  facet normal -0.970034 0.242971 0
    outer loop
      vertex -2.39235 0.725711 2.5
      vertex -2.45196 0.487725 0
      vertex -2.45196 0.487725 2.5
    endloop
  endfacet
  facet normal 0.941482 0.337063 0
    outer loop
      vertex 10.3924 0.725711 2.5
      vertex 10.3097 0.956708 0
      vertex 10.3097 0.956708 2.5
    endloop
  endfacet
  facet normal 0.941482 0.337063 0
    outer loop
      vertex 10.3097 0.956708 0
      vertex 10.3924 0.725711 2.5
      vertex 10.3924 0.725711 0
    endloop
  endfacet
  facet normal 0.857788 0.514004 0
    outer loop
      vertex 10.2048 1.17849 2.5
      vertex 10.0787 1.38893 0
      vertex 10.0787 1.38893 2.5
    endloop
  endfacet
  facet normal 0.857788 0.514004 0
    outer loop
      vertex 10.0787 1.38893 0
      vertex 10.2048 1.17849 2.5
      vertex 10.2048 1.17849 0
    endloop
  endfacet
  facet normal 0.514094 0.857734 -0
    outer loop
      vertex 9.38893 2.07867 0
      vertex 9.17849 2.2048 2.5
      vertex 9.38893 2.07867 2.5
    endloop
  endfacet
  facet normal 0.514094 0.857734 0
    outer loop
      vertex 9.17849 2.2048 2.5
      vertex 9.38893 2.07867 0
      vertex 9.17849 2.2048 0
    endloop
  endfacet
  facet normal 0.336879 0.941548 -0
    outer loop
      vertex 8.95671 2.3097 0
      vertex 8.72571 2.39235 2.5
      vertex 8.95671 2.3097 2.5
    endloop
  endfacet
  facet normal 0.336879 0.941548 0
    outer loop
      vertex 8.72571 2.39235 2.5
      vertex 8.95671 2.3097 0
      vertex 8.72571 2.39235 0
    endloop
  endfacet
  facet normal 0.671548 0.740961 -0
    outer loop
      vertex 9.76777 1.76777 0
      vertex 9.58598 1.93253 2.5
      vertex 9.76777 1.76777 2.5
    endloop
  endfacet
  facet normal 0.671548 0.740961 0
    outer loop
      vertex 9.58598 1.93253 2.5
      vertex 9.76777 1.76777 0
      vertex 9.58598 1.93253 0
    endloop
  endfacet
  facet normal -0.146737 0.989176 0
    outer loop
      vertex -0.245043 2.48796 0
      vertex -0.487725 2.45196 2.5
      vertex -0.245043 2.48796 2.5
    endloop
  endfacet
  facet normal -0.146737 0.989176 0
    outer loop
      vertex -0.487725 2.45196 2.5
      vertex -0.245043 2.48796 0
      vertex -0.487725 2.45196 0
    endloop
  endfacet
  facet normal -0.049075 0.998795 0
    outer loop
      vertex 0 2.5 0
      vertex -0.245043 2.48796 2.5
      vertex 0 2.5 2.5
    endloop
  endfacet
  facet normal -0.049075 0.998795 0
    outer loop
      vertex -0.245043 2.48796 2.5
      vertex 0 2.5 0
      vertex -0.245043 2.48796 0
    endloop
  endfacet
  facet normal -0.242971 0.970034 0
    outer loop
      vertex -0.487725 2.45196 0
      vertex -0.725711 2.39235 2.5
      vertex -0.487725 2.45196 2.5
    endloop
  endfacet
  facet normal -0.242971 0.970034 0
    outer loop
      vertex -0.725711 2.39235 2.5
      vertex -0.487725 2.45196 0
      vertex -0.725711 2.39235 0
    endloop
  endfacet
  facet normal -0.514094 0.857734 0
    outer loop
      vertex -1.17849 2.2048 0
      vertex -1.38893 2.07867 2.5
      vertex -1.17849 2.2048 2.5
    endloop
  endfacet
  facet normal -0.514094 0.857734 0
    outer loop
      vertex -1.38893 2.07867 2.5
      vertex -1.17849 2.2048 0
      vertex -1.38893 2.07867 0
    endloop
  endfacet
  facet normal -0.595693 0.803212 0
    outer loop
      vertex -1.38893 2.07867 0
      vertex -1.58598 1.93253 2.5
      vertex -1.38893 2.07867 2.5
    endloop
  endfacet
  facet normal -0.595693 0.803212 0
    outer loop
      vertex -1.58598 1.93253 2.5
      vertex -1.38893 2.07867 0
      vertex -1.58598 1.93253 0
    endloop
  endfacet
  facet normal -0.427572 0.903982 0
    outer loop
      vertex -0.956708 2.3097 0
      vertex -1.17849 2.2048 2.5
      vertex -0.956708 2.3097 2.5
    endloop
  endfacet
  facet normal -0.427572 0.903982 0
    outer loop
      vertex -1.17849 2.2048 2.5
      vertex -0.956708 2.3097 0
      vertex -1.17849 2.2048 0
    endloop
  endfacet
  facet normal -0.803212 0.595693 0
    outer loop
      vertex -2.07867 1.38893 0
      vertex -1.93253 1.58598 2.5
      vertex -1.93253 1.58598 0
    endloop
  endfacet
  facet normal -0.803212 0.595693 0
    outer loop
      vertex -1.93253 1.58598 2.5
      vertex -2.07867 1.38893 0
      vertex -2.07867 1.38893 2.5
    endloop
  endfacet
  facet normal -0.740961 0.671548 0
    outer loop
      vertex -1.93253 1.58598 0
      vertex -1.76777 1.76777 2.5
      vertex -1.76777 1.76777 0
    endloop
  endfacet
  facet normal -0.740961 0.671548 0
    outer loop
      vertex -1.76777 1.76777 2.5
      vertex -1.93253 1.58598 0
      vertex -1.93253 1.58598 2.5
    endloop
  endfacet
  facet normal -0.857734 0.514094 0
    outer loop
      vertex -2.2048 1.17849 0
      vertex -2.07867 1.38893 2.5
      vertex -2.07867 1.38893 0
    endloop
  endfacet
  facet normal -0.857734 0.514094 0
    outer loop
      vertex -2.07867 1.38893 2.5
      vertex -2.2048 1.17849 0
      vertex -2.2048 1.17849 2.5
    endloop
  endfacet
  facet normal -0.941547 0.336882 0
    outer loop
      vertex -2.39235 0.725711 0
      vertex -2.3097 0.956708 2.5
      vertex -2.3097 0.956708 0
    endloop
  endfacet
  facet normal -0.941547 0.336882 0
    outer loop
      vertex -2.3097 0.956708 2.5
      vertex -2.39235 0.725711 0
      vertex -2.39235 0.725711 2.5
    endloop
  endfacet
  facet normal -0.989176 0.146737 0
    outer loop
      vertex -2.48796 0.245043 0
      vertex -2.45196 0.487725 2.5
      vertex -2.45196 0.487725 0
    endloop
  endfacet
  facet normal -0.989176 0.146737 0
    outer loop
      vertex -2.45196 0.487725 2.5
      vertex -2.48796 0.245043 0
      vertex -2.48796 0.245043 2.5
    endloop
  endfacet
  facet normal 0 0 1
    outer loop
      vertex 9.45 0 2.5
      vertex 10.5 0 2.5
      vertex 10.488 0.245043 2.5
    endloop
  endfacet
  facet normal 0 0 1
    outer loop
      vertex 9.44302 0.142124 2.5
      vertex 10.488 0.245043 2.5
      vertex 10.452 0.487725 2.5
    endloop
  endfacet
  facet normal 0 0 1
    outer loop
      vertex 10.5 0 2.5
      vertex 9.45 0 2.5
      vertex 10.488 -0.245043 2.5
    endloop
  endfacet
  facet normal 0 0 1
    outer loop
      vertex 9.42214 0.282881 2.5
      vertex 10.452 0.487725 2.5
      vertex 10.3924 0.725711 2.5
    endloop
  endfacet
  facet normal -0 0 1
    outer loop
      vertex 9.44302 -0.142124 2.5
      vertex 10.488 -0.245043 2.5
      vertex 9.45 0 2.5
    endloop
  endfacet
  facet normal 0 0 1
    outer loop
      vertex 9.38756 0.420913 2.5
      vertex 10.3924 0.725711 2.5
      vertex 10.3097 0.956708 2.5
    endloop
  endfacet
  facet normal 0 0 1
    outer loop
      vertex 10.488 -0.245043 2.5
      vertex 9.44302 -0.142124 2.5
      vertex 10.452 -0.487725 2.5
    endloop
  endfacet
  facet normal 0 0 1
    outer loop
      vertex 9.33962 0.554891 2.5
      vertex 10.3097 0.956708 2.5
      vertex 10.2048 1.17849 2.5
    endloop
  endfacet
  facet normal -0 0 1
    outer loop
      vertex 9.42214 -0.282881 2.5
      vertex 10.452 -0.487725 2.5
      vertex 9.44302 -0.142124 2.5
    endloop
  endfacet
  facet normal 0 0 1
    outer loop
      vertex 9.27879 0.683525 2.5
      vertex 10.2048 1.17849 2.5
      vertex 10.0787 1.38893 2.5
    endloop
  endfacet
  facet normal 0 0 1
    outer loop
      vertex 10.452 -0.487725 2.5
      vertex 9.42214 -0.282881 2.5
      vertex 10.3924 -0.725711 2.5
    endloop
  endfacet
  facet normal 0 0 1
    outer loop
      vertex 9.20563 0.805576 2.5
      vertex 10.0787 1.38893 2.5
      vertex 9.93253 1.58598 2.5
    endloop
  endfacet
  facet normal -0 0 1
    outer loop
      vertex 9.38756 -0.420913 2.5
      vertex 10.3924 -0.725711 2.5
      vertex 9.42214 -0.282881 2.5
    endloop
  endfacet
  facet normal 0 0 1
    outer loop
      vertex 9.12086 0.919869 2.5
      vertex 9.93253 1.58598 2.5
      vertex 9.76777 1.76777 2.5
    endloop
  endfacet
  facet normal 0 0 1
    outer loop
      vertex 10.3924 -0.725711 2.5
      vertex 9.38756 -0.420913 2.5
      vertex 10.3097 -0.956708 2.5
    endloop
  endfacet
  facet normal 0 0 1
    outer loop
      vertex 9.0253 1.0253 2.5
      vertex 9.76777 1.76777 2.5
      vertex 9.58598 1.93253 2.5
    endloop
  endfacet
  facet normal -0 0 1
    outer loop
      vertex 9.33962 -0.554891 2.5
      vertex 10.3097 -0.956708 2.5
      vertex 9.38756 -0.420913 2.5
    endloop
  endfacet
  facet normal 0 0 1
    outer loop
      vertex 10.3097 -0.956708 2.5
      vertex 9.33962 -0.554891 2.5
      vertex 10.2048 -1.17849 2.5
    endloop
  endfacet
  facet normal 0 0 1
    outer loop
      vertex 10.488 0.245043 2.5
      vertex 9.44302 0.142124 2.5
      vertex 9.45 0 2.5
    endloop
  endfacet
  facet normal 0 0 1
    outer loop
      vertex 10.452 0.487725 2.5
      vertex 9.42214 0.282881 2.5
      vertex 9.44302 0.142124 2.5
    endloop
  endfacet
  facet normal 0 0 1
    outer loop
      vertex 8.91987 1.12086 2.5
      vertex 9.58598 1.93253 2.5
      vertex 9.38893 2.07867 2.5
    endloop
  endfacet
  facet normal 0 0 1
    outer loop
      vertex 10.3924 0.725711 2.5
      vertex 9.38756 0.420913 2.5
      vertex 9.42214 0.282881 2.5
    endloop
  endfacet
  facet normal 0 0 1
    outer loop
      vertex 10.3097 0.956708 2.5
      vertex 9.33962 0.554891 2.5
      vertex 9.38756 0.420913 2.5
    endloop
  endfacet
  facet normal 0 0 1
    outer loop
      vertex 10.2048 1.17849 2.5
      vertex 9.27879 0.683525 2.5
      vertex 9.33962 0.554891 2.5
    endloop
  endfacet
  facet normal 0 0 1
    outer loop
      vertex 10.0787 1.38893 2.5
      vertex 9.20563 0.805576 2.5
      vertex 9.27879 0.683525 2.5
    endloop
  endfacet
  facet normal 0 0 1
    outer loop
      vertex 8.80558 1.20563 2.5
      vertex 9.38893 2.07867 2.5
      vertex 9.17849 2.2048 2.5
    endloop
  endfacet
  facet normal 0 0 1
    outer loop
      vertex 9.93253 1.58598 2.5
      vertex 9.12086 0.919869 2.5
      vertex 9.20563 0.805576 2.5
    endloop
  endfacet
  facet normal 0 0 1
    outer loop
      vertex 9.76777 1.76777 2.5
      vertex 9.0253 1.0253 2.5
      vertex 9.12086 0.919869 2.5
    endloop
  endfacet
  facet normal 0 0 1
    outer loop
      vertex 8.68353 1.27879 2.5
      vertex 9.17849 2.2048 2.5
      vertex 8.95671 2.3097 2.5
    endloop
  endfacet
  facet normal 0 0 1
    outer loop
      vertex 9.58598 1.93253 2.5
      vertex 8.91987 1.12086 2.5
      vertex 9.0253 1.0253 2.5
    endloop
  endfacet
  facet normal 0 0 1
    outer loop
      vertex 9.38893 2.07867 2.5
      vertex 8.80558 1.20563 2.5
      vertex 8.91987 1.12086 2.5
    endloop
  endfacet
  facet normal 0 0 1
    outer loop
      vertex 8.55489 1.33962 2.5
      vertex 8.95671 2.3097 2.5
      vertex 8.72571 2.39235 2.5
    endloop
  endfacet
  facet normal 0 0 1
    outer loop
      vertex 9.17849 2.2048 2.5
      vertex 8.68353 1.27879 2.5
      vertex 8.80558 1.20563 2.5
    endloop
  endfacet
  facet normal 0 0 1
    outer loop
      vertex 8.95671 2.3097 2.5
      vertex 8.55489 1.33962 2.5
      vertex 8.68353 1.27879 2.5
    endloop
  endfacet
  facet normal 0 0 1
    outer loop
      vertex 8.42091 1.38756 2.5
      vertex 8.72571 2.39235 2.5
      vertex 8.48773 2.45196 2.5
    endloop
  endfacet
  facet normal 0 0 1
    outer loop
      vertex 8.72571 2.39235 2.5
      vertex 8.42091 1.38756 2.5
      vertex 8.55489 1.33962 2.5
    endloop
  endfacet
  facet normal 0 0 1
    outer loop
      vertex 8.48773 2.45196 2.5
      vertex 8.28288 1.42214 2.5
      vertex 8.42091 1.38756 2.5
    endloop
  endfacet
  facet normal 0 0 1
    outer loop
      vertex 8.24504 2.48796 2.5
      vertex 8.28288 1.42214 2.5
      vertex 8.48773 2.45196 2.5
    endloop
  endfacet
  facet normal 0 0 1
    outer loop
      vertex 8.24504 2.48796 2.5
      vertex 8.14212 1.44302 2.5
      vertex 8.28288 1.42214 2.5
    endloop
  endfacet
  facet normal 0 0 1
    outer loop
      vertex 8 2.5 2.5
      vertex 8.14212 1.44302 2.5
      vertex 8.24504 2.48796 2.5
    endloop
  endfacet
  facet normal 0 0 1
    outer loop
      vertex 8 2.5 2.5
      vertex 8 1.45 2.5
      vertex 8.14212 1.44302 2.5
    endloop
  endfacet
  facet normal 0 0 1
    outer loop
      vertex 8 2.5 2.5
      vertex 7.85787 1.44302 2.5
      vertex 8 1.45 2.5
    endloop
  endfacet
  facet normal 0 0 1
    outer loop
      vertex 8 2.5 2.5
      vertex 7.71712 1.42214 2.5
      vertex 7.85787 1.44302 2.5
    endloop
  endfacet
  facet normal 0 0 1
    outer loop
      vertex 8 2.5 2.5
      vertex 7.57909 1.38756 2.5
      vertex 7.71712 1.42214 2.5
    endloop
  endfacet
  facet normal 0 0 1
    outer loop
      vertex 8 2.5 2.5
      vertex 7.44511 1.33962 2.5
      vertex 7.57909 1.38756 2.5
    endloop
  endfacet
  facet normal 0 0 1
    outer loop
      vertex 8 2.5 2.5
      vertex 7.31647 1.27879 2.5
      vertex 7.44511 1.33962 2.5
    endloop
  endfacet
  facet normal 0 0 1
    outer loop
      vertex 8 2.5 2.5
      vertex 7.19442 1.20563 2.5
      vertex 7.31647 1.27879 2.5
    endloop
  endfacet
  facet normal 0 0 1
    outer loop
      vertex 8 2.5 2.5
      vertex 7.08013 1.12086 2.5
      vertex 7.19442 1.20563 2.5
    endloop
  endfacet
  facet normal 0 0 1
    outer loop
      vertex 8 2.5 2.5
      vertex 6.97469 1.0253 2.5
      vertex 7.08013 1.12086 2.5
    endloop
  endfacet
  facet normal 0 0 1
    outer loop
      vertex 1.0253 1.0253 2.5
      vertex 6.97469 1.0253 2.5
      vertex 8 2.5 2.5
    endloop
  endfacet
  facet normal 0 0 1
    outer loop
      vertex 6.97469 1.0253 2.5
      vertex 1.0253 1.0253 2.5
      vertex 6.87913 0.919869 2.5
    endloop
  endfacet
  facet normal 0 0 1
    outer loop
      vertex 6.55698 0.142124 2.5
      vertex 1.45 0 2.5
      vertex 6.55 0 2.5
    endloop
  endfacet
  facet normal 0 0 1
    outer loop
      vertex 1.44302 0.142124 2.5
      vertex 6.55698 0.142124 2.5
      vertex 6.57786 0.282881 2.5
    endloop
  endfacet
  facet normal 0 0 1
    outer loop
      vertex 1.42214 0.282881 2.5
      vertex 6.57786 0.282881 2.5
      vertex 6.61244 0.420913 2.5
    endloop
  endfacet
  facet normal 0 0 1
    outer loop
      vertex 1.38756 0.420913 2.5
      vertex 6.61244 0.420913 2.5
      vertex 6.66037 0.554891 2.5
    endloop
  endfacet
  facet normal 0 0 1
    outer loop
      vertex 1.33962 0.554891 2.5
      vertex 6.66037 0.554891 2.5
      vertex 6.72121 0.683525 2.5
    endloop
  endfacet
  facet normal 0 0 1
    outer loop
      vertex 1.27879 0.683525 2.5
      vertex 6.72121 0.683525 2.5
      vertex 6.79437 0.805576 2.5
    endloop
  endfacet
  facet normal 0 -0 1
    outer loop
      vertex 1.12086 0.919869 2.5
      vertex 6.87913 0.919869 2.5
      vertex 1.0253 1.0253 2.5
    endloop
  endfacet
  facet normal 0 0 1
    outer loop
      vertex 6.55698 0.142124 2.5
      vertex 1.44302 0.142124 2.5
      vertex 1.45 0 2.5
    endloop
  endfacet
  facet normal 0 0 1
    outer loop
      vertex 6.57786 0.282881 2.5
      vertex 1.42214 0.282881 2.5
      vertex 1.44302 0.142124 2.5
    endloop
  endfacet
  facet normal 0 0 1
    outer loop
      vertex 6.61244 0.420913 2.5
      vertex 1.38756 0.420913 2.5
      vertex 1.42214 0.282881 2.5
    endloop
  endfacet
  facet normal 0 0 1
    outer loop
      vertex 6.66037 0.554891 2.5
      vertex 1.33962 0.554891 2.5
      vertex 1.38756 0.420913 2.5
    endloop
  endfacet
  facet normal 0 0 1
    outer loop
      vertex 6.72121 0.683525 2.5
      vertex 1.27879 0.683525 2.5
      vertex 1.33962 0.554891 2.5
    endloop
  endfacet
  facet normal 0 0 1
    outer loop
      vertex 6.79437 0.805576 2.5
      vertex 1.20563 0.805576 2.5
      vertex 1.27879 0.683525 2.5
    endloop
  endfacet
  facet normal 0 0 1
    outer loop
      vertex 6.79437 0.805576 2.5
      vertex 1.12086 0.919869 2.5
      vertex 1.20563 0.805576 2.5
    endloop
  endfacet
  facet normal 0 0 1
    outer loop
      vertex 6.87913 0.919869 2.5
      vertex 1.12086 0.919869 2.5
      vertex 6.79437 0.805576 2.5
    endloop
  endfacet
  facet normal -0 0 1
    outer loop
      vertex 0 2.5 2.5
      vertex 1.0253 1.0253 2.5
      vertex 8 2.5 2.5
    endloop
  endfacet
  facet normal 0 0 1
    outer loop
      vertex 1.0253 1.0253 2.5
      vertex 0 2.5 2.5
      vertex 0.919869 1.12086 2.5
    endloop
  endfacet
  facet normal 0 0 1
    outer loop
      vertex 0.919869 1.12086 2.5
      vertex 0 2.5 2.5
      vertex 0.805576 1.20563 2.5
    endloop
  endfacet
  facet normal 0 0 1
    outer loop
      vertex 0.805576 1.20563 2.5
      vertex 0 2.5 2.5
      vertex 0.683525 1.27879 2.5
    endloop
  endfacet
  facet normal 0 0 1
    outer loop
      vertex 0.683525 1.27879 2.5
      vertex 0 2.5 2.5
      vertex 0.554891 1.33962 2.5
    endloop
  endfacet
  facet normal 0 0 1
    outer loop
      vertex 0.554891 1.33962 2.5
      vertex 0 2.5 2.5
      vertex 0.420913 1.38756 2.5
    endloop
  endfacet
  facet normal 0 0 1
    outer loop
      vertex 0.420913 1.38756 2.5
      vertex 0 2.5 2.5
      vertex 0.282881 1.42214 2.5
    endloop
  endfacet
  facet normal 0 0 1
    outer loop
      vertex 0.282881 1.42214 2.5
      vertex 0 2.5 2.5
      vertex 0.142124 1.44302 2.5
    endloop
  endfacet
  facet normal 0 0 1
    outer loop
      vertex 0 2.5 2.5
      vertex 0 1.45 2.5
      vertex 0.142124 1.44302 2.5
    endloop
  endfacet
  facet normal 0 0 1
    outer loop
      vertex 0 2.5 2.5
      vertex -0.142124 1.44302 2.5
      vertex 0 1.45 2.5
    endloop
  endfacet
  facet normal -0 0 1
    outer loop
      vertex -0.245043 2.48796 2.5
      vertex -0.142124 1.44302 2.5
      vertex 0 2.5 2.5
    endloop
  endfacet
  facet normal 0 0 1
    outer loop
      vertex -0.245043 2.48796 2.5
      vertex -0.282881 1.42214 2.5
      vertex -0.142124 1.44302 2.5
    endloop
  endfacet
  facet normal -0 0 1
    outer loop
      vertex -0.487725 2.45196 2.5
      vertex -0.282881 1.42214 2.5
      vertex -0.245043 2.48796 2.5
    endloop
  endfacet
  facet normal 0 0 1
    outer loop
      vertex -0.282881 1.42214 2.5
      vertex -0.487725 2.45196 2.5
      vertex -0.420913 1.38756 2.5
    endloop
  endfacet
  facet normal -0 0 1
    outer loop
      vertex -0.725711 2.39235 2.5
      vertex -0.420913 1.38756 2.5
      vertex -0.487725 2.45196 2.5
    endloop
  endfacet
  facet normal 0 0 1
    outer loop
      vertex -0.420913 1.38756 2.5
      vertex -0.725711 2.39235 2.5
      vertex -0.554891 1.33962 2.5
    endloop
  endfacet
  facet normal -0 0 1
    outer loop
      vertex -0.956708 2.3097 2.5
      vertex -0.554891 1.33962 2.5
      vertex -0.725711 2.39235 2.5
    endloop
  endfacet
  facet normal 0 0 1
    outer loop
      vertex -0.554891 1.33962 2.5
      vertex -0.956708 2.3097 2.5
      vertex -0.683525 1.27879 2.5
    endloop
  endfacet
  facet normal -0 0 1
    outer loop
      vertex -1.17849 2.2048 2.5
      vertex -0.683525 1.27879 2.5
      vertex -0.956708 2.3097 2.5
    endloop
  endfacet
  facet normal 0 0 1
    outer loop
      vertex -0.683525 1.27879 2.5
      vertex -1.17849 2.2048 2.5
      vertex -0.805576 1.20563 2.5
    endloop
  endfacet
  facet normal -0 0 1
    outer loop
      vertex -1.38893 2.07867 2.5
      vertex -0.805576 1.20563 2.5
      vertex -1.17849 2.2048 2.5
    endloop
  endfacet
  facet normal 0 0 1
    outer loop
      vertex -0.805576 1.20563 2.5
      vertex -1.38893 2.07867 2.5
      vertex -0.919869 1.12086 2.5
    endloop
  endfacet
  facet normal -0 0 1
    outer loop
      vertex -1.58598 1.93253 2.5
      vertex -0.919869 1.12086 2.5
      vertex -1.38893 2.07867 2.5
    endloop
  endfacet
  facet normal 0 0 1
    outer loop
      vertex -0.919869 1.12086 2.5
      vertex -1.58598 1.93253 2.5
      vertex -1.0253 1.0253 2.5
    endloop
  endfacet
  facet normal -0 0 1
    outer loop
      vertex -1.76777 1.76777 2.5
      vertex -1.0253 1.0253 2.5
      vertex -1.58598 1.93253 2.5
    endloop
  endfacet
  facet normal 0 0 1
    outer loop
      vertex -1.0253 1.0253 2.5
      vertex -1.76777 1.76777 2.5
      vertex -1.12086 0.919869 2.5
    endloop
  endfacet
  facet normal -0 0 1
    outer loop
      vertex -1.93253 1.58598 2.5
      vertex -1.12086 0.919869 2.5
      vertex -1.76777 1.76777 2.5
    endloop
  endfacet
  facet normal 0 0 1
    outer loop
      vertex -1.12086 0.919869 2.5
      vertex -1.93253 1.58598 2.5
      vertex -1.20563 0.805576 2.5
    endloop
  endfacet
  facet normal -0 0 1
    outer loop
      vertex -2.07867 1.38893 2.5
      vertex -1.20563 0.805576 2.5
      vertex -1.93253 1.58598 2.5
    endloop
  endfacet
  facet normal 0 0 1
    outer loop
      vertex -1.20563 0.805576 2.5
      vertex -2.07867 1.38893 2.5
      vertex -1.27879 0.683525 2.5
    endloop
  endfacet
  facet normal -0 0 1
    outer loop
      vertex -2.2048 1.17849 2.5
      vertex -1.27879 0.683525 2.5
      vertex -2.07867 1.38893 2.5
    endloop
  endfacet
  facet normal 0 0 1
    outer loop
      vertex -1.27879 0.683525 2.5
      vertex -2.2048 1.17849 2.5
      vertex -1.33962 0.554891 2.5
    endloop
  endfacet
  facet normal -0 0 1
    outer loop
      vertex 9.27879 -0.683525 2.5
      vertex 10.2048 -1.17849 2.5
      vertex 9.33962 -0.554891 2.5
    endloop
  endfacet
  facet normal 0 0 1
    outer loop
      vertex 10.2048 -1.17849 2.5
      vertex 9.27879 -0.683525 2.5
      vertex 10.0787 -1.38893 2.5
    endloop
  endfacet
  facet normal -0 0 1
    outer loop
      vertex 9.20563 -0.805576 2.5
      vertex 10.0787 -1.38893 2.5
      vertex 9.27879 -0.683525 2.5
    endloop
  endfacet
  facet normal 0 0 1
    outer loop
      vertex 10.0787 -1.38893 2.5
      vertex 9.20563 -0.805576 2.5
      vertex 9.93253 -1.58598 2.5
    endloop
  endfacet
  facet normal -0 0 1
    outer loop
      vertex 9.12086 -0.919869 2.5
      vertex 9.93253 -1.58598 2.5
      vertex 9.20563 -0.805576 2.5
    endloop
  endfacet
  facet normal 0 0 1
    outer loop
      vertex 9.93253 -1.58598 2.5
      vertex 9.12086 -0.919869 2.5
      vertex 9.76777 -1.76777 2.5
    endloop
  endfacet
  facet normal -0 0 1
    outer loop
      vertex 9.0253 -1.0253 2.5
      vertex 9.76777 -1.76777 2.5
      vertex 9.12086 -0.919869 2.5
    endloop
  endfacet
  facet normal 0 0 1
    outer loop
      vertex 9.76777 -1.76777 2.5
      vertex 9.0253 -1.0253 2.5
      vertex 9.58598 -1.93253 2.5
    endloop
  endfacet
  facet normal -0 0 1
    outer loop
      vertex 8.91987 -1.12086 2.5
      vertex 9.58598 -1.93253 2.5
      vertex 9.0253 -1.0253 2.5
    endloop
  endfacet
  facet normal 0 0 1
    outer loop
      vertex 9.58598 -1.93253 2.5
      vertex 8.91987 -1.12086 2.5
      vertex 9.38893 -2.07867 2.5
    endloop
  endfacet
  facet normal -0 0 1
    outer loop
      vertex 8.80558 -1.20563 2.5
      vertex 9.38893 -2.07867 2.5
      vertex 8.91987 -1.12086 2.5
    endloop
  endfacet
  facet normal 0 0 1
    outer loop
      vertex 9.38893 -2.07867 2.5
      vertex 8.80558 -1.20563 2.5
      vertex 9.17849 -2.2048 2.5
    endloop
  endfacet
  facet normal -0 0 1
    outer loop
      vertex 8.68353 -1.27879 2.5
      vertex 9.17849 -2.2048 2.5
      vertex 8.80558 -1.20563 2.5
    endloop
  endfacet
  facet normal 0 0 1
    outer loop
      vertex 9.17849 -2.2048 2.5
      vertex 8.68353 -1.27879 2.5
      vertex 8.95671 -2.3097 2.5
    endloop
  endfacet
  facet normal -0 0 1
    outer loop
      vertex 8.55489 -1.33962 2.5
      vertex 8.95671 -2.3097 2.5
      vertex 8.68353 -1.27879 2.5
    endloop
  endfacet
  facet normal 0 0 1
    outer loop
      vertex 8.95671 -2.3097 2.5
      vertex 8.55489 -1.33962 2.5
      vertex 8.72571 -2.39235 2.5
    endloop
  endfacet
  facet normal -0 0 1
    outer loop
      vertex 8.42091 -1.38756 2.5
      vertex 8.72571 -2.39235 2.5
      vertex 8.55489 -1.33962 2.5
    endloop
  endfacet
  facet normal 0 0 1
    outer loop
      vertex 8.72571 -2.39235 2.5
      vertex 8.42091 -1.38756 2.5
      vertex 8.48773 -2.45196 2.5
    endloop
  endfacet
  facet normal -0 0 1
    outer loop
      vertex 8.28288 -1.42214 2.5
      vertex 8.48773 -2.45196 2.5
      vertex 8.42091 -1.38756 2.5
    endloop
  endfacet
  facet normal 0 0 1
    outer loop
      vertex 8.28288 -1.42214 2.5
      vertex 8.24504 -2.48796 2.5
      vertex 8.48773 -2.45196 2.5
    endloop
  endfacet
  facet normal -0 0 1
    outer loop
      vertex 8.14212 -1.44302 2.5
      vertex 8.24504 -2.48796 2.5
      vertex 8.28288 -1.42214 2.5
    endloop
  endfacet
  facet normal -0 0 1
    outer loop
      vertex 8 -1.45 2.5
      vertex 8.24504 -2.48796 2.5
      vertex 8.14212 -1.44302 2.5
    endloop
  endfacet
  facet normal 0 0 1
    outer loop
      vertex 8 -1.45 2.5
      vertex 8 -2.5 2.5
      vertex 8.24504 -2.48796 2.5
    endloop
  endfacet
  facet normal 0 0 1
    outer loop
      vertex 7.85787 -1.44302 2.5
      vertex 8 -2.5 2.5
      vertex 8 -1.45 2.5
    endloop
  endfacet
  facet normal 0 0 1
    outer loop
      vertex 7.71712 -1.42214 2.5
      vertex 8 -2.5 2.5
      vertex 7.85787 -1.44302 2.5
    endloop
  endfacet
  facet normal 0 0 1
    outer loop
      vertex 7.57909 -1.38756 2.5
      vertex 8 -2.5 2.5
      vertex 7.71712 -1.42214 2.5
    endloop
  endfacet
  facet normal 0 0 1
    outer loop
      vertex 7.44511 -1.33962 2.5
      vertex 8 -2.5 2.5
      vertex 7.57909 -1.38756 2.5
    endloop
  endfacet
  facet normal 0 0 1
    outer loop
      vertex 7.31647 -1.27879 2.5
      vertex 8 -2.5 2.5
      vertex 7.44511 -1.33962 2.5
    endloop
  endfacet
  facet normal 0 0 1
    outer loop
      vertex 7.19442 -1.20563 2.5
      vertex 8 -2.5 2.5
      vertex 7.31647 -1.27879 2.5
    endloop
  endfacet
  facet normal 0 0 1
    outer loop
      vertex 7.08013 -1.12086 2.5
      vertex 8 -2.5 2.5
      vertex 7.19442 -1.20563 2.5
    endloop
  endfacet
  facet normal 0 0 1
    outer loop
      vertex 6.97469 -1.0253 2.5
      vertex 8 -2.5 2.5
      vertex 7.08013 -1.12086 2.5
    endloop
  endfacet
  facet normal 0 0 1
    outer loop
      vertex 1.0253 -1.0253 2.5
      vertex 6.97469 -1.0253 2.5
      vertex 6.87913 -0.919869 2.5
    endloop
  endfacet
  facet normal 0 0 1
    outer loop
      vertex 1.12086 -0.919869 2.5
      vertex 6.87913 -0.919869 2.5
      vertex 6.79437 -0.805576 2.5
    endloop
  endfacet
  facet normal -0 0 1
    outer loop
      vertex 1.45 0 2.5
      vertex 6.55698 -0.142124 2.5
      vertex 6.55 0 2.5
    endloop
  endfacet
  facet normal 0 0 1
    outer loop
      vertex 1.44302 -0.142124 2.5
      vertex 6.55698 -0.142124 2.5
      vertex 1.45 0 2.5
    endloop
  endfacet
  facet normal 0 0 1
    outer loop
      vertex 6.55698 -0.142124 2.5
      vertex 1.44302 -0.142124 2.5
      vertex 6.57786 -0.282881 2.5
    endloop
  endfacet
  facet normal 0 0 1
    outer loop
      vertex 1.42214 -0.282881 2.5
      vertex 6.57786 -0.282881 2.5
      vertex 1.44302 -0.142124 2.5
    endloop
  endfacet
  facet normal 0 0 1
    outer loop
      vertex 6.57786 -0.282881 2.5
      vertex 1.42214 -0.282881 2.5
      vertex 6.61244 -0.420913 2.5
    endloop
  endfacet
  facet normal 0 0 1
    outer loop
      vertex 1.38756 -0.420913 2.5
      vertex 6.61244 -0.420913 2.5
      vertex 1.42214 -0.282881 2.5
    endloop
  endfacet
  facet normal 0 0 1
    outer loop
      vertex 6.61244 -0.420913 2.5
      vertex 1.38756 -0.420913 2.5
      vertex 6.66037 -0.554891 2.5
    endloop
  endfacet
  facet normal 0 0 1
    outer loop
      vertex 1.33962 -0.554891 2.5
      vertex 6.66037 -0.554891 2.5
      vertex 1.38756 -0.420913 2.5
    endloop
  endfacet
  facet normal 0 0 1
    outer loop
      vertex 6.66037 -0.554891 2.5
      vertex 1.33962 -0.554891 2.5
      vertex 6.72121 -0.683525 2.5
    endloop
  endfacet
  facet normal 0 0 1
    outer loop
      vertex 1.27879 -0.683525 2.5
      vertex 6.72121 -0.683525 2.5
      vertex 1.33962 -0.554891 2.5
    endloop
  endfacet
  facet normal 0 0 1
    outer loop
      vertex 6.72121 -0.683525 2.5
      vertex 1.27879 -0.683525 2.5
      vertex 6.79437 -0.805576 2.5
    endloop
  endfacet
  facet normal 0 0 1
    outer loop
      vertex 1.20563 -0.805576 2.5
      vertex 6.79437 -0.805576 2.5
      vertex 1.27879 -0.683525 2.5
    endloop
  endfacet
  facet normal 0 0 1
    outer loop
      vertex 1.12086 -0.919869 2.5
      vertex 6.79437 -0.805576 2.5
      vertex 1.20563 -0.805576 2.5
    endloop
  endfacet
  facet normal 0 0 1
    outer loop
      vertex 6.87913 -0.919869 2.5
      vertex 1.12086 -0.919869 2.5
      vertex 1.0253 -1.0253 2.5
    endloop
  endfacet
  facet normal 0 0 1
    outer loop
      vertex 6.97469 -1.0253 2.5
      vertex 1.0253 -1.0253 2.5
      vertex 8 -2.5 2.5
    endloop
  endfacet
  facet normal 0 0 1
    outer loop
      vertex 0 -2.5 2.5
      vertex 1.0253 -1.0253 2.5
      vertex 0.919869 -1.12086 2.5
    endloop
  endfacet
  facet normal 0 0 1
    outer loop
      vertex 0 -2.5 2.5
      vertex 0.919869 -1.12086 2.5
      vertex 0.805576 -1.20563 2.5
    endloop
  endfacet
  facet normal 0 0 1
    outer loop
      vertex 0 -2.5 2.5
      vertex 0.805576 -1.20563 2.5
      vertex 0.683525 -1.27879 2.5
    endloop
  endfacet
  facet normal 0 0 1
    outer loop
      vertex 0 -2.5 2.5
      vertex 0.683525 -1.27879 2.5
      vertex 0.554891 -1.33962 2.5
    endloop
  endfacet
  facet normal 0 0 1
    outer loop
      vertex 0 -2.5 2.5
      vertex 0.554891 -1.33962 2.5
      vertex 0.420913 -1.38756 2.5
    endloop
  endfacet
  facet normal 0 0 1
    outer loop
      vertex 0 -2.5 2.5
      vertex 0.420913 -1.38756 2.5
      vertex 0.282881 -1.42214 2.5
    endloop
  endfacet
  facet normal 0 0 1
    outer loop
      vertex 0 -2.5 2.5
      vertex 0.282881 -1.42214 2.5
      vertex 0.142124 -1.44302 2.5
    endloop
  endfacet
  facet normal 0 0 1
    outer loop
      vertex 0 -2.5 2.5
      vertex 0.142124 -1.44302 2.5
      vertex 0 -1.45 2.5
    endloop
  endfacet
  facet normal 0 0 1
    outer loop
      vertex 1.0253 -1.0253 2.5
      vertex 0 -2.5 2.5
      vertex 8 -2.5 2.5
    endloop
  endfacet
  facet normal 0 0 1
    outer loop
      vertex -0.142124 -1.44302 2.5
      vertex 0 -2.5 2.5
      vertex 0 -1.45 2.5
    endloop
  endfacet
  facet normal 0 0 1
    outer loop
      vertex -0.142124 -1.44302 2.5
      vertex -0.245043 -2.48796 2.5
      vertex 0 -2.5 2.5
    endloop
  endfacet
  facet normal 0 0 1
    outer loop
      vertex -0.282881 -1.42214 2.5
      vertex -0.245043 -2.48796 2.5
      vertex -0.142124 -1.44302 2.5
    endloop
  endfacet
  facet normal 0 0 1
    outer loop
      vertex -0.487725 -2.45196 2.5
      vertex -0.282881 -1.42214 2.5
      vertex -0.420913 -1.38756 2.5
    endloop
  endfacet
  facet normal 0 0 1
    outer loop
      vertex -0.282881 -1.42214 2.5
      vertex -0.487725 -2.45196 2.5
      vertex -0.245043 -2.48796 2.5
    endloop
  endfacet
  facet normal 0 0 1
    outer loop
      vertex -0.725711 -2.39235 2.5
      vertex -0.420913 -1.38756 2.5
      vertex -0.554891 -1.33962 2.5
    endloop
  endfacet
  facet normal 0 0 1
    outer loop
      vertex -0.956708 -2.3097 2.5
      vertex -0.554891 -1.33962 2.5
      vertex -0.683525 -1.27879 2.5
    endloop
  endfacet
  facet normal 0 0 1
    outer loop
      vertex -0.420913 -1.38756 2.5
      vertex -0.725711 -2.39235 2.5
      vertex -0.487725 -2.45196 2.5
    endloop
  endfacet
  facet normal 0 0 1
    outer loop
      vertex -1.17849 -2.2048 2.5
      vertex -0.683525 -1.27879 2.5
      vertex -0.805576 -1.20563 2.5
    endloop
  endfacet
  facet normal 0 0 1
    outer loop
      vertex -1.38893 -2.07867 2.5
      vertex -0.805576 -1.20563 2.5
      vertex -0.919869 -1.12086 2.5
    endloop
  endfacet
  facet normal 0 0 1
    outer loop
      vertex -0.554891 -1.33962 2.5
      vertex -0.956708 -2.3097 2.5
      vertex -0.725711 -2.39235 2.5
    endloop
  endfacet
  facet normal 0 0 1
    outer loop
      vertex -1.58598 -1.93253 2.5
      vertex -0.919869 -1.12086 2.5
      vertex -1.0253 -1.0253 2.5
    endloop
  endfacet
  facet normal 0 0 1
    outer loop
      vertex -1.76777 -1.76777 2.5
      vertex -1.0253 -1.0253 2.5
      vertex -1.12086 -0.919869 2.5
    endloop
  endfacet
  facet normal 0 0 1
    outer loop
      vertex -0.683525 -1.27879 2.5
      vertex -1.17849 -2.2048 2.5
      vertex -0.956708 -2.3097 2.5
    endloop
  endfacet
  facet normal 0 0 1
    outer loop
      vertex -1.93253 -1.58598 2.5
      vertex -1.12086 -0.919869 2.5
      vertex -1.20563 -0.805576 2.5
    endloop
  endfacet
  facet normal 0 0 1
    outer loop
      vertex -2.07867 -1.38893 2.5
      vertex -1.20563 -0.805576 2.5
      vertex -1.27879 -0.683525 2.5
    endloop
  endfacet
  facet normal 0 0 1
    outer loop
      vertex -2.2048 -1.17849 2.5
      vertex -1.27879 -0.683525 2.5
      vertex -1.33962 -0.554891 2.5
    endloop
  endfacet
  facet normal 0 0 1
    outer loop
      vertex -2.3097 -0.956708 2.5
      vertex -1.33962 -0.554891 2.5
      vertex -1.38756 -0.420913 2.5
    endloop
  endfacet
  facet normal 0 0 1
    outer loop
      vertex -0.805576 -1.20563 2.5
      vertex -1.38893 -2.07867 2.5
      vertex -1.17849 -2.2048 2.5
    endloop
  endfacet
  facet normal 0 0 1
    outer loop
      vertex -2.39235 -0.725711 2.5
      vertex -1.38756 -0.420913 2.5
      vertex -1.42214 -0.282881 2.5
    endloop
  endfacet
  facet normal 0 0 1
    outer loop
      vertex -2.45196 -0.487725 2.5
      vertex -1.42214 -0.282881 2.5
      vertex -1.44302 -0.142124 2.5
    endloop
  endfacet
  facet normal 0 0 1
    outer loop
      vertex -2.48796 -0.245043 2.5
      vertex -1.44302 -0.142124 2.5
      vertex -1.45 0 2.5
    endloop
  endfacet
  facet normal -0 0 1
    outer loop
      vertex -2.3097 0.956708 2.5
      vertex -1.33962 0.554891 2.5
      vertex -2.2048 1.17849 2.5
    endloop
  endfacet
  facet normal 0 0 1
    outer loop
      vertex -0.919869 -1.12086 2.5
      vertex -1.58598 -1.93253 2.5
      vertex -1.38893 -2.07867 2.5
    endloop
  endfacet
  facet normal 0 0 1
    outer loop
      vertex -1.33962 0.554891 2.5
      vertex -2.3097 0.956708 2.5
      vertex -1.38756 0.420913 2.5
    endloop
  endfacet
  facet normal 0 0 1
    outer loop
      vertex -1.0253 -1.0253 2.5
      vertex -1.76777 -1.76777 2.5
      vertex -1.58598 -1.93253 2.5
    endloop
  endfacet
  facet normal -0 0 1
    outer loop
      vertex -2.39235 0.725711 2.5
      vertex -1.38756 0.420913 2.5
      vertex -2.3097 0.956708 2.5
    endloop
  endfacet
  facet normal 0 0 1
    outer loop
      vertex -1.12086 -0.919869 2.5
      vertex -1.93253 -1.58598 2.5
      vertex -1.76777 -1.76777 2.5
    endloop
  endfacet
  facet normal 0 0 1
    outer loop
      vertex -1.38756 0.420913 2.5
      vertex -2.39235 0.725711 2.5
      vertex -1.42214 0.282881 2.5
    endloop
  endfacet
  facet normal 0 0 1
    outer loop
      vertex -1.20563 -0.805576 2.5
      vertex -2.07867 -1.38893 2.5
      vertex -1.93253 -1.58598 2.5
    endloop
  endfacet
  facet normal -0 0 1
    outer loop
      vertex -2.45196 0.487725 2.5
      vertex -1.42214 0.282881 2.5
      vertex -2.39235 0.725711 2.5
    endloop
  endfacet
  facet normal 0 0 1
    outer loop
      vertex -1.27879 -0.683525 2.5
      vertex -2.2048 -1.17849 2.5
      vertex -2.07867 -1.38893 2.5
    endloop
  endfacet
  facet normal 0 0 1
    outer loop
      vertex -1.42214 0.282881 2.5
      vertex -2.45196 0.487725 2.5
      vertex -1.44302 0.142124 2.5
    endloop
  endfacet
  facet normal 0 0 1
    outer loop
      vertex -1.33962 -0.554891 2.5
      vertex -2.3097 -0.956708 2.5
      vertex -2.2048 -1.17849 2.5
    endloop
  endfacet
  facet normal -0 0 1
    outer loop
      vertex -2.48796 0.245043 2.5
      vertex -1.44302 0.142124 2.5
      vertex -2.45196 0.487725 2.5
    endloop
  endfacet
  facet normal 0 0 1
    outer loop
      vertex -1.38756 -0.420913 2.5
      vertex -2.39235 -0.725711 2.5
      vertex -2.3097 -0.956708 2.5
    endloop
  endfacet
  facet normal 0 0 1
    outer loop
      vertex -1.44302 0.142124 2.5
      vertex -2.48796 0.245043 2.5
      vertex -1.45 0 2.5
    endloop
  endfacet
  facet normal 0 0 1
    outer loop
      vertex -1.42214 -0.282881 2.5
      vertex -2.45196 -0.487725 2.5
      vertex -2.39235 -0.725711 2.5
    endloop
  endfacet
  facet normal 0 0 1
    outer loop
      vertex -2.5 0 2.5
      vertex -1.45 0 2.5
      vertex -2.48796 0.245043 2.5
    endloop
  endfacet
  facet normal 0 0 1
    outer loop
      vertex -1.44302 -0.142124 2.5
      vertex -2.48796 -0.245043 2.5
      vertex -2.45196 -0.487725 2.5
    endloop
  endfacet
  facet normal 0 0 1
    outer loop
      vertex -1.45 0 2.5
      vertex -2.5 0 2.5
      vertex -2.48796 -0.245043 2.5
    endloop
  endfacet
  facet normal 0.146732 -0.989176 0
    outer loop
      vertex 8.24504 -2.48796 0
      vertex 8.48773 -2.45196 2.5
      vertex 8.24504 -2.48796 2.5
    endloop
  endfacet
  facet normal 0.146732 -0.989176 0
    outer loop
      vertex 8.48773 -2.45196 2.5
      vertex 8.24504 -2.48796 0
      vertex 8.48773 -2.45196 0
    endloop
  endfacet
  facet normal 0.336879 -0.941548 0
    outer loop
      vertex 8.72571 -2.39235 0
      vertex 8.95671 -2.3097 2.5
      vertex 8.72571 -2.39235 2.5
    endloop
  endfacet
  facet normal 0.336879 -0.941548 0
    outer loop
      vertex 8.95671 -2.3097 2.5
      vertex 8.72571 -2.39235 0
      vertex 8.95671 -2.3097 0
    endloop
  endfacet
  facet normal 0.671548 -0.740961 0
    outer loop
      vertex 9.58598 -1.93253 0
      vertex 9.76777 -1.76777 2.5
      vertex 9.58598 -1.93253 2.5
    endloop
  endfacet
  facet normal 0.671548 -0.740961 0
    outer loop
      vertex 9.76777 -1.76777 2.5
      vertex 9.58598 -1.93253 0
      vertex 9.76777 -1.76777 0
    endloop
  endfacet
  facet normal 0.514094 -0.857734 0
    outer loop
      vertex 9.17849 -2.2048 0
      vertex 9.38893 -2.07867 2.5
      vertex 9.17849 -2.2048 2.5
    endloop
  endfacet
  facet normal 0.514094 -0.857734 0
    outer loop
      vertex 9.38893 -2.07867 2.5
      vertex 9.17849 -2.2048 0
      vertex 9.38893 -2.07867 0
    endloop
  endfacet
  facet normal 0.803153 -0.595772 0
    outer loop
      vertex 9.93253 -1.58598 2.5
      vertex 10.0787 -1.38893 0
      vertex 10.0787 -1.38893 2.5
    endloop
  endfacet
  facet normal 0.803153 -0.595772 0
    outer loop
      vertex 10.0787 -1.38893 0
      vertex 9.93253 -1.58598 2.5
      vertex 9.93253 -1.58598 0
    endloop
  endfacet
  facet normal 0.903982 -0.427572 0
    outer loop
      vertex 10.2048 -1.17849 2.5
      vertex 10.3097 -0.956708 0
      vertex 10.3097 -0.956708 2.5
    endloop
  endfacet
  facet normal 0.903982 -0.427572 0
    outer loop
      vertex 10.3097 -0.956708 0
      vertex 10.2048 -1.17849 2.5
      vertex 10.2048 -1.17849 0
    endloop
  endfacet
  facet normal 0.970043 -0.242933 0
    outer loop
      vertex 10.3924 -0.725711 2.5
      vertex 10.452 -0.487725 0
      vertex 10.452 -0.487725 2.5
    endloop
  endfacet
  facet normal 0.970043 -0.242933 0
    outer loop
      vertex 10.452 -0.487725 0
      vertex 10.3924 -0.725711 2.5
      vertex 10.3924 -0.725711 0
    endloop
  endfacet
  facet normal 0.998803 -0.0489124 0
    outer loop
      vertex 10.488 -0.245043 2.5
      vertex 10.5 0 0
      vertex 10.5 0 2.5
    endloop
  endfacet
  facet normal 0.998803 -0.0489124 0
    outer loop
      vertex 10.5 0 0
      vertex 10.488 -0.245043 2.5
      vertex 10.488 -0.245043 0
    endloop
  endfacet
  facet normal -0.049075 -0.998795 0
    outer loop
      vertex -0.245043 -2.48796 0
      vertex 0 -2.5 2.5
      vertex -0.245043 -2.48796 2.5
    endloop
  endfacet
  facet normal -0.049075 -0.998795 -0
    outer loop
      vertex 0 -2.5 2.5
      vertex -0.245043 -2.48796 0
      vertex 0 -2.5 0
    endloop
  endfacet
  facet normal 0.0490756 -0.998795 0
    outer loop
      vertex 8 -2.5 0
      vertex 8.24504 -2.48796 2.5
      vertex 8 -2.5 2.5
    endloop
  endfacet
  facet normal 0.0490756 -0.998795 0
    outer loop
      vertex 8.24504 -2.48796 2.5
      vertex 8 -2.5 0
      vertex 8.24504 -2.48796 0
    endloop
  endfacet
  facet normal -0.857734 -0.514094 0
    outer loop
      vertex -2.07867 -1.38893 0
      vertex -2.2048 -1.17849 2.5
      vertex -2.2048 -1.17849 0
    endloop
  endfacet
  facet normal -0.857734 -0.514094 0
    outer loop
      vertex -2.2048 -1.17849 2.5
      vertex -2.07867 -1.38893 0
      vertex -2.07867 -1.38893 2.5
    endloop
  endfacet
  facet normal -0.740961 -0.671548 0
    outer loop
      vertex -1.76777 -1.76777 0
      vertex -1.93253 -1.58598 2.5
      vertex -1.93253 -1.58598 0
    endloop
  endfacet
  facet normal -0.740961 -0.671548 0
    outer loop
      vertex -1.93253 -1.58598 2.5
      vertex -1.76777 -1.76777 0
      vertex -1.76777 -1.76777 2.5
    endloop
  endfacet
  facet normal -0.970034 -0.242971 0
    outer loop
      vertex -2.39235 -0.725711 0
      vertex -2.45196 -0.487725 2.5
      vertex -2.45196 -0.487725 0
    endloop
  endfacet
  facet normal -0.970034 -0.242971 0
    outer loop
      vertex -2.45196 -0.487725 2.5
      vertex -2.39235 -0.725711 0
      vertex -2.39235 -0.725711 2.5
    endloop
  endfacet
  facet normal 0.970043 0.242933 0
    outer loop
      vertex 10.452 0.487725 2.5
      vertex 10.3924 0.725711 0
      vertex 10.3924 0.725711 2.5
    endloop
  endfacet
  facet normal 0.970043 0.242933 0
    outer loop
      vertex 10.3924 0.725711 0
      vertex 10.452 0.487725 2.5
      vertex 10.452 0.487725 0
    endloop
  endfacet
  facet normal 0.989176 0.146737 0
    outer loop
      vertex 10.488 0.245043 2.5
      vertex 10.452 0.487725 0
      vertex 10.452 0.487725 2.5
    endloop
  endfacet
  facet normal 0.989176 0.146737 0
    outer loop
      vertex 10.452 0.487725 0
      vertex 10.488 0.245043 2.5
      vertex 10.488 0.245043 0
    endloop
  endfacet
  facet normal 0.903982 0.427572 0
    outer loop
      vertex 10.3097 0.956708 2.5
      vertex 10.2048 1.17849 0
      vertex 10.2048 1.17849 2.5
    endloop
  endfacet
  facet normal 0.903982 0.427572 0
    outer loop
      vertex 10.2048 1.17849 0
      vertex 10.3097 0.956708 2.5
      vertex 10.3097 0.956708 0
    endloop
  endfacet
  facet normal 0.803153 0.595772 0
    outer loop
      vertex 10.0787 1.38893 2.5
      vertex 9.93253 1.58598 0
      vertex 9.93253 1.58598 2.5
    endloop
  endfacet
  facet normal 0.803153 0.595772 0
    outer loop
      vertex 9.93253 1.58598 0
      vertex 10.0787 1.38893 2.5
      vertex 10.0787 1.38893 0
    endloop
  endfacet
  facet normal 0.595693 0.803212 -0
    outer loop
      vertex 9.58598 1.93253 0
      vertex 9.38893 2.07867 2.5
      vertex 9.58598 1.93253 2.5
    endloop
  endfacet
  facet normal 0.595693 0.803212 0
    outer loop
      vertex 9.38893 2.07867 2.5
      vertex 9.58598 1.93253 0
      vertex 9.38893 2.07867 0
    endloop
  endfacet
  facet normal 0.242977 -0.970032 0
    outer loop
      vertex 8.48773 -2.45196 0
      vertex 8.72571 -2.39235 2.5
      vertex 8.48773 -2.45196 2.5
    endloop
  endfacet
  facet normal 0.242977 -0.970032 0
    outer loop
      vertex 8.72571 -2.39235 2.5
      vertex 8.48773 -2.45196 0
      vertex 8.72571 -2.39235 0
    endloop
  endfacet
  facet normal 0.427575 -0.90398 0
    outer loop
      vertex 8.95671 -2.3097 0
      vertex 9.17849 -2.2048 2.5
      vertex 8.95671 -2.3097 2.5
    endloop
  endfacet
  facet normal 0.427575 -0.90398 0
    outer loop
      vertex 9.17849 -2.2048 2.5
      vertex 8.95671 -2.3097 0
      vertex 9.17849 -2.2048 0
    endloop
  endfacet
  facet normal 0.740961 -0.671548 0
    outer loop
      vertex 9.76777 -1.76777 2.5
      vertex 9.93253 -1.58598 0
      vertex 9.93253 -1.58598 2.5
    endloop
  endfacet
  facet normal 0.740961 -0.671548 0
    outer loop
      vertex 9.93253 -1.58598 0
      vertex 9.76777 -1.76777 2.5
      vertex 9.76777 -1.76777 0
    endloop
  endfacet
  facet normal 0.595693 -0.803212 0
    outer loop
      vertex 9.38893 -2.07867 0
      vertex 9.58598 -1.93253 2.5
      vertex 9.38893 -2.07867 2.5
    endloop
  endfacet
  facet normal 0.595693 -0.803212 0
    outer loop
      vertex 9.58598 -1.93253 2.5
      vertex 9.38893 -2.07867 0
      vertex 9.58598 -1.93253 0
    endloop
  endfacet
  facet normal 0.857788 -0.514004 0
    outer loop
      vertex 10.0787 -1.38893 2.5
      vertex 10.2048 -1.17849 0
      vertex 10.2048 -1.17849 2.5
    endloop
  endfacet
  facet normal 0.857788 -0.514004 0
    outer loop
      vertex 10.2048 -1.17849 0
      vertex 10.0787 -1.38893 2.5
      vertex 10.0787 -1.38893 0
    endloop
  endfacet
  facet normal 0.941482 -0.337063 0
    outer loop
      vertex 10.3097 -0.956708 2.5
      vertex 10.3924 -0.725711 0
      vertex 10.3924 -0.725711 2.5
    endloop
  endfacet
  facet normal 0.941482 -0.337063 0
    outer loop
      vertex 10.3924 -0.725711 0
      vertex 10.3097 -0.956708 2.5
      vertex 10.3097 -0.956708 0
    endloop
  endfacet
  facet normal 0.989176 -0.146737 0
    outer loop
      vertex 10.452 -0.487725 2.5
      vertex 10.488 -0.245043 0
      vertex 10.488 -0.245043 2.5
    endloop
  endfacet
  facet normal 0.989176 -0.146737 0
    outer loop
      vertex 10.488 -0.245043 0
      vertex 10.452 -0.487725 2.5
      vertex 10.452 -0.487725 0
    endloop
  endfacet
  facet normal -0.514094 -0.857734 0
    outer loop
      vertex -1.38893 -2.07867 0
      vertex -1.17849 -2.2048 2.5
      vertex -1.38893 -2.07867 2.5
    endloop
  endfacet
  facet normal -0.514094 -0.857734 -0
    outer loop
      vertex -1.17849 -2.2048 2.5
      vertex -1.38893 -2.07867 0
      vertex -1.17849 -2.2048 0
    endloop
  endfacet
  facet normal -0.671548 -0.740961 0
    outer loop
      vertex -1.76777 -1.76777 0
      vertex -1.58598 -1.93253 2.5
      vertex -1.76777 -1.76777 2.5
    endloop
  endfacet
  facet normal -0.671548 -0.740961 -0
    outer loop
      vertex -1.58598 -1.93253 2.5
      vertex -1.76777 -1.76777 0
      vertex -1.58598 -1.93253 0
    endloop
  endfacet
  facet normal -0.595693 -0.803212 0
    outer loop
      vertex -1.58598 -1.93253 0
      vertex -1.38893 -2.07867 2.5
      vertex -1.58598 -1.93253 2.5
    endloop
  endfacet
  facet normal -0.595693 -0.803212 -0
    outer loop
      vertex -1.38893 -2.07867 2.5
      vertex -1.58598 -1.93253 0
      vertex -1.38893 -2.07867 0
    endloop
  endfacet
  facet normal -0.242971 -0.970034 0
    outer loop
      vertex -0.725711 -2.39235 0
      vertex -0.487725 -2.45196 2.5
      vertex -0.725711 -2.39235 2.5
    endloop
  endfacet
  facet normal -0.242971 -0.970034 -0
    outer loop
      vertex -0.487725 -2.45196 2.5
      vertex -0.725711 -2.39235 0
      vertex -0.487725 -2.45196 0
    endloop
  endfacet
  facet normal -0.427572 -0.903982 0
    outer loop
      vertex -1.17849 -2.2048 0
      vertex -0.956708 -2.3097 2.5
      vertex -1.17849 -2.2048 2.5
    endloop
  endfacet
  facet normal -0.427572 -0.903982 -0
    outer loop
      vertex -0.956708 -2.3097 2.5
      vertex -1.17849 -2.2048 0
      vertex -0.956708 -2.3097 0
    endloop
  endfacet
  facet normal -0.336882 -0.941547 0
    outer loop
      vertex -0.956708 -2.3097 0
      vertex -0.725711 -2.39235 2.5
      vertex -0.956708 -2.3097 2.5
    endloop
  endfacet
  facet normal -0.336882 -0.941547 -0
    outer loop
      vertex -0.725711 -2.39235 2.5
      vertex -0.956708 -2.3097 0
      vertex -0.725711 -2.39235 0
    endloop
  endfacet
  facet normal -0.803212 -0.595693 0
    outer loop
      vertex -1.93253 -1.58598 0
      vertex -2.07867 -1.38893 2.5
      vertex -2.07867 -1.38893 0
    endloop
  endfacet
  facet normal -0.803212 -0.595693 0
    outer loop
      vertex -2.07867 -1.38893 2.5
      vertex -1.93253 -1.58598 0
      vertex -1.93253 -1.58598 2.5
    endloop
  endfacet
  facet normal -0.941547 -0.336882 0
    outer loop
      vertex -2.3097 -0.956708 0
      vertex -2.39235 -0.725711 2.5
      vertex -2.39235 -0.725711 0
    endloop
  endfacet
  facet normal -0.941547 -0.336882 0
    outer loop
      vertex -2.39235 -0.725711 2.5
      vertex -2.3097 -0.956708 0
      vertex -2.3097 -0.956708 2.5
    endloop
  endfacet
  facet normal -0.903982 -0.427572 0
    outer loop
      vertex -2.2048 -1.17849 0
      vertex -2.3097 -0.956708 2.5
      vertex -2.3097 -0.956708 0
    endloop
  endfacet
  facet normal -0.903982 -0.427572 0
    outer loop
      vertex -2.3097 -0.956708 2.5
      vertex -2.2048 -1.17849 0
      vertex -2.2048 -1.17849 2.5
    endloop
  endfacet
  facet normal 0.427575 0.90398 -0
    outer loop
      vertex 9.17849 2.2048 0
      vertex 8.95671 2.3097 2.5
      vertex 9.17849 2.2048 2.5
    endloop
  endfacet
  facet normal 0.427575 0.90398 0
    outer loop
      vertex 8.95671 2.3097 2.5
      vertex 9.17849 2.2048 0
      vertex 8.95671 2.3097 0
    endloop
  endfacet
endsolid OpenSCAD_Model
